Composition,Crystal,Processing,Vicker,Tension0_Compression1,temperature,Yield_EXP,UTS_EXP,Elongation_EXP,Elongation_plastic_EXP,DOI,TITLE,YEAR,SOURCE,ReducedFormula,CONC0,CONC1,CONC2,CONC3,CONC4,CONC5,CONC6,CONC7,CONC8,CONC9,CONC10,CONC11,CONC12,CONC13,CONC14,Sconf,sws,Bulk,Eform,Eform_str,Eform_BOKAS,radius_TC,Hmix_TC,Gmix_TC,Hmix_str_TC,Gmix_str_TC,bcc2hcp_Gmix_TC,bcc2hcp_Gmix_TC2CPA,bcc2hcp,radius,amass,VEC,E_negativity,bcc2hcp_Gmix_TC_diff,volume,Tm_ROM,Exp_Bulk_ROM,Exp_Shear_ROM,Exp_Youngs_ROM,Exp_Poisson_ROM,Exp_Surf_ROM,Cal_Surf_ROM,E_GBR_ROM,DOS_EF_ROM,E_USF_ROM,Exp_Az_ROM,b2h_ROM,D_Surf_GBR_ROM,density,radius_TC_DELTA,volume_DELTA,Exp_Shear_ROM_DELTA,Exp_Youngs_ROM_DELTA,radius_TC_DISTORT,radius_TC_DISTORT_Max,volume_DISTORT,volume_DISTORT_Max,Exp_Shear_DISTORT,Exp_Shear_DISTORT_Max,Exp_Youngs_DISTORT,Exp_Youngs_DISTORT_Max,ShearBurger,ShearBurger_Surf,ShearBurger_D_Surf_GBR,Surf_USF,DOS_VEC,Exp_Poisson_Comp,ElasticEnergy,SH_ratio,temp_ratio,sigma_y0,delta_Eb0,Yield_MC
Al104Fe104Co104Cu104Ni83,MIX,CAST,4.11600000,1,298.15000000,1021.00000000,,12.30000000,,10.1016/j.jmst.2018.12.014,Composition and phase structure dependence of mechanical and magnetic properties for AlCoCuFeNihigh entropy alloys,2019,S5,Al104Fe104Co104Cu104Ni83,0.20800000,0.20800000,0.20800000,0.20800000,0.16600000,0.00000000,0.00000000,0.00000000,0.00000000,0.00000000,0.00000000,0.00000000,0.00000000,0.00000000,0.00000000,0.00013827,2.68824321,139.43308849,0.00702826,-0.00808626,-0.11133982,1.41937136,-0.04346659,-0.03278215,-0.05858111,-0.04789667,-0.03633736,-0.04574471,-0.11191152,1.42255714,52.55180059,6.24849699,1.82246493,-0.01778128,11.97779068,1510.81715431,147.90380762,60.99398798,162.48496994,0.32042084,2.05320240,2.14505411,0.96198998,2.36134381,0.37791182,1.82492456,-0.03059133,1.18306413,7.28551532,0.04292536,0.18325779,0.35421048,0.34695894,0.03097054,0.01030761,0.11632960,0.03873022,0.31499071,0.09509896,0.30974516,0.09423335,15.22719466,7.41631445,12.87097994,5.67607038,0.37790589,1.94299785,0.08508552,4.80589009,0.19734354,3050.27061285,2.18350014,2043.37647442
Al136Cr121(FeNi)121,BCC,CAST,,1,298.15000000,1044.00000000,,27.10000000,,10.1016/j.msea.2016.11.019,Effects of aluminum on microstructure and compressive properties of Al-Cr-Fe-Ni eutectic multi-component alloys,2017,S5,Al136Cr121(FeNi)121,0.27300000,0.24200000,0.24200000,0.24200000,0.00000000,0.00000000,0.00000000,0.00000000,0.00000000,0.00000000,0.00000000,0.00000000,0.00000000,0.00000000,0.00000000,0.00011931,2.71471262,171.94448439,-0.04912120,-0.02700569,-0.13046625,1.43220054,-0.17023247,-0.16800651,-0.14811696,-0.14589100,0.02641104,0.12827184,0.17173483,1.43656416,47.73579910,6.63727455,1.74821643,0.10186080,12.30552390,1641.14332665,144.86573146,73.28456914,186.39278557,0.29180361,2.03706814,2.35419840,1.24759719,1.72599607,0.74869539,1.47476230,0.08873643,1.10660120,6.44159599,0.04415884,0.19143142,0.44248647,0.41430784,0.03248965,0.01220584,0.12442578,0.04605568,0.39302498,0.14383825,0.37472092,0.13856368,18.46091426,9.06249228,16.68253587,3.14440081,0.26004591,1.82407538,0.10542787,1.15018498,0.18167213,3570.74529831,2.66041642,2537.49219469
Al151Cr116(FeNi)116,BCC,CAST,,1,298.15000000,1122.80000000,,24.70000000,,10.1016/j.msea.2016.11.019,Effects of aluminum on microstructure and compressive properties of Al-Cr-Fe-Ni eutectic multi-component alloys,2017,S5,Al151Cr116(FeNi)116,0.30300000,0.23200000,0.23200000,0.23200000,0.00000000,0.00000000,0.00000000,0.00000000,0.00000000,0.00000000,0.00000000,0.00000000,0.00000000,0.00000000,0.00000000,0.00011880,2.72612275,167.96992862,-0.04576640,-0.02555870,-0.13472857,1.43280691,-0.12489791,-0.11891067,-0.10469020,-0.09870296,-0.02536907,0.07119701,-0.00021217,1.44260214,46.87818503,6.48697395,1.74250501,0.09656608,12.32116046,1611.89442886,142.02004008,71.33066132,181.58316633,0.29420842,2.00082565,2.30646293,1.21406012,1.68574417,0.72395591,1.46010270,0.08240034,1.09240281,6.31783922,0.04597439,0.19972365,0.46425800,0.43550793,0.03370129,0.01326912,0.12872114,0.05006769,0.40599158,0.15636831,0.38772721,0.15063426,17.97631840,8.98445019,16.45576001,3.18591628,0.25986603,1.83369772,0.10686806,1.53324161,0.18496869,3703.60139786,2.67649024,2636.19929161
Al166Cr166(FeNi)333,BCC,CAST,,1,298.15000000,,,17.00000000,,10.1016/j.matlet.2016.01.096,A multi-component AlCrFe2Ni2 alloy with excellent mechanical properties,2016,S5,Al166Cr166(FeNi)333,0.16600000,0.16600000,0.33400000,0.33400000,0.00000000,0.00000000,0.00000000,0.00000000,0.00000000,0.00000000,0.00000000,0.00000000,0.00000000,0.00000000,0.00000000,0.00011450,2.67415322,180.81189805,-0.08595231,-0.05167869,-0.11212890,1.41866849,-0.12668481,-0.12353615,-0.09241119,-0.08926253,-0.01059589,0.06552209,0.04884535,1.41510104,51.35428378,7.50300601,1.79182365,0.07611798,11.96000535,1698.69551102,156.37074148,76.17234469,195.18737475,0.29334669,2.17611323,2.40271743,1.32788677,2.09083259,0.73972345,1.67528912,0.06530499,1.07483066,7.13008483,0.03802527,0.16644292,0.34254241,0.31856421,0.02689449,0.00827057,0.10532978,0.03370769,0.31246853,0.09093513,0.29731505,0.08797130,19.00706583,8.73441032,17.68377709,3.24812934,0.27866599,1.83024219,0.10242807,1.53532955,0.17551704,3093.86134122,2.45382883,2149.03441478
Al179Cr99Fe99(Co15Ni16)20,MIX,CAST,2.99292000,1,298.15000000,1129.40000000,,16.70000000,,10.1007/s00339-019-2506-z,Enhancing the mechanical properties of casting eutectic high entropy alloys with Mo addition,2019,S5,Al179Cr99Fe99(Co15Ni16)20,0.18000000,0.09900000,0.09900000,0.30100000,0.32100000,0.00000000,0.00000000,0.00000000,0.00000000,0.00000000,0.00000000,0.00000000,0.00000000,0.00000000,0.00000000,0.00012863,2.66057258,195.61620663,-0.04310072,-0.09502277,-0.11444767,1.40718640,-0.06738893,-0.06327215,-0.11931098,-0.11519420,-0.03753342,-0.01970355,-0.04060648,1.40791448,52.12418336,7.84653962,1.81434303,0.01782987,11.67195218,1650.48473420,158.54764293,71.49147442,188.30491474,0.30526580,2.20784654,2.41826078,1.02265196,2.68873105,0.44896790,1.59319968,-0.00980603,1.39560883,7.41558057,0.04309825,0.18542430,0.33777473,0.31656914,0.03022549,0.00941756,0.11443325,0.03532911,0.30699000,0.09380469,0.29804880,0.09249464,17.69468018,8.01445203,12.67882507,5.38626651,0.34266456,1.87879882,0.09248939,3.15045394,0.18064390,3472.60305813,2.45788752,2413.28087700
Al180Cr100Fe100Co300(Ni103Mo3)3,MIX,CAST,3.50154000,1,298.15000000,1159.70000000,,18.20000000,,10.1007/s00339-019-2506-z,Enhancing the mechanical properties of casting eutectic high entropy alloys with Mo addition,2019,S5,Al180Cr100Fe100Co300(Ni103Mo3)3,0.18000000,0.10000000,0.10000000,0.30100000,0.31000000,0.00900000,0.00000000,0.00000000,0.00000000,0.00000000,0.00000000,0.00000000,0.00000000,0.00000000,0.00000000,0.00013237,2.66786913,196.02964705,-0.02079456,-0.06371698,-0.08958826,1.41168513,-0.04821206,-0.04426542,-0.09113448,-0.08718784,-0.04301029,-0.01909298,-0.05085542,1.41177564,52.42531668,7.79959920,1.81606212,0.02182967,11.78425498,1660.83527054,159.26653307,71.94188377,189.43987976,0.30519038,2.21234469,2.42739479,1.03075651,2.65939579,0.45975451,1.57363311,-0.00464435,1.39663828,7.38734404,0.04339592,0.18432935,0.34414789,0.32318841,0.03097923,0.00939889,0.11622127,0.03523644,0.31038245,0.09460643,0.30133303,0.09328215,17.86308560,8.07427779,12.79005874,5.27976288,0.34096570,1.87848634,0.13557559,4.55979361,0.17951810,3466.22582186,2.48705429,2417.13214845
Al180Cr99Fe99Co300(Ni15Mo)20,MIX,CAST,3.55348000,1,298.15000000,1250.80000000,,14.70000000,,10.1007/s00339-019-2506-z,Enhancing the mechanical properties of casting eutectic high entropy alloys with Mo addition,2019,S5,Al180Cr99Fe99Co300(Ni15Mo)20,0.18000000,0.09900000,0.09900000,0.30100000,0.30100000,0.02000000,0.00000000,0.00000000,0.00000000,0.00000000,0.00000000,0.00000000,0.00000000,0.00000000,0.00000000,0.00013508,2.67367732,196.65246477,-0.00384768,-0.05044187,-0.08783901,1.41334590,-0.03837305,-0.03346734,-0.08496724,-0.08006153,-0.05294367,-0.02540843,-0.08312999,1.41484921,52.84541518,7.76152305,1.81914830,0.02573254,11.82589449,1673.17294589,160.30861723,72.44789579,190.77154309,0.30531062,2.21922144,2.43764028,1.03899800,2.63560397,0.46940982,1.55737202,0.00030540,1.39864228,7.42032126,0.04429452,0.18587774,0.34996489,0.32952442,0.03180258,0.00933665,0.11812686,0.03498917,0.31325099,0.09502654,0.30420725,0.09370974,18.00989053,8.11540939,12.87669530,5.19298953,0.33957304,1.87898457,0.13698318,5.89007849,0.17819437,3531.00415898,2.52789952,2473.84766400
Al180Cr99Fe99Co300(Ni29Mo3)10,MIX,CAST,3.52506000,1,298.15000000,1198.30000000,,14.50000000,,10.1007/s00339-019-2506-z,Enhancing the mechanical properties of casting eutectic high entropy alloys with Mo addition,2019,S5,Al180Cr99Fe99Co300(Ni29Mo3)10,0.18000000,0.09900000,0.09900000,0.30100000,0.29100000,0.03000000,0.00000000,0.00000000,0.00000000,0.00000000,0.00000000,0.00000000,0.00000000,0.00000000,0.00000000,0.00013722,2.67903597,197.23064193,0.01091961,-0.03927998,-0.08615351,1.41511398,-0.03930933,-0.03578455,-0.08950893,-0.08598415,-0.04789403,-0.01774899,-0.07017918,1.41768489,53.21862760,7.72144289,1.82165331,0.02970597,11.87033212,1684.87635271,161.23046092,72.94889780,192.06412826,0.30531062,2.22543387,2.44794088,1.04746493,2.61001078,0.47978056,1.53969527,0.00538857,1.40047595,7.44475130,0.04501922,0.18692173,0.35514487,0.33503929,0.03250905,0.00927643,0.11973193,0.03474468,0.31599965,0.09544354,0.30690029,0.09412600,18.15712101,8.15891286,12.96496451,5.10220939,0.33802112,1.87898457,0.13817532,5.88153768,0.17695661,3582.07273099,2.56450318,2519.85593797
Al181Fe181Co181Cu181Ni272,MIX,CAST,3.17324000,1,298.15000000,680.00000000,,35.90000000,,10.1016/j.jmst.2018.12.014,Composition and phase structure dependence of mechanical and magnetic properties for AlCoCuFeNihigh entropy alloys,2019,S5,Al181Fe181Co181Cu181Ni272,0.18200000,0.18200000,0.18200000,0.18200000,0.27300000,0.00000000,0.00000000,0.00000000,0.00000000,0.00000000,0.00000000,0.00000000,0.00000000,0.00000000,0.00000000,0.00013743,2.67481091,147.58118768,-0.00824013,-0.02141908,-0.11307333,1.41645458,-0.05347262,-0.04474173,-0.06665157,-0.05792068,-0.04052758,-0.04928627,-0.12188235,1.41544908,53.33829576,6.72891566,1.83367470,-0.01624560,11.90409995,1538.62965863,152.01405622,62.91566265,167.28915663,0.31908635,2.09505221,2.18103213,0.99182932,2.51248779,0.37945984,1.93271836,-0.03529226,1.18920281,7.44032600,0.04103053,0.17605576,0.33040771,0.32347756,0.02938691,0.00921896,0.11165197,0.03493551,0.30070584,0.08533152,0.29509416,0.08442452,15.67466472,7.48175375,13.18081708,5.74772849,0.37338673,1.93722998,0.08479421,3.95431175,0.19377632,2970.79267706,2.17508348,1987.60600347
Al196Cr196Fe196Co196Ni196Mo19,BCC,CAST,,1,298.15000000,1804.00000000,2280.00000000,10.21276596,9.00000000,10.1016/j.msea.2010.07.028,Microstructures and compressive properties of multicomponent AlCoCrFeNiMox alloys,2010,S5,Al196Cr196Fe196Co196Ni196Mo19,0.19600000,0.19600000,0.19600000,0.19600000,0.19600000,0.01900000,0.00000000,0.00000000,0.00000000,0.00000000,0.00000000,0.00000000,0.00000000,0.00000000,0.00000000,0.00014411,2.69219525,191.10337161,0.00043575,-0.01881860,-0.08211750,1.42520066,-0.03588417,-0.03176189,-0.05513851,-0.05101623,-0.04052038,0.03462270,-0.04923274,1.42464848,51.35426405,7.17717718,1.78526527,0.07691562,12.12597449,1707.11383383,155.85185185,75.96996997,196.37137137,0.29430430,2.17734935,2.48577177,1.17928729,2.14410214,0.65905005,1.39317759,0.06423798,1.30648448,7.03249211,0.04279964,0.17852245,0.38230005,0.35585351,0.03139139,0.00957928,0.11644234,0.03565291,0.34292013,0.10664236,0.32807871,0.10398613,19.04385218,8.74634664,14.57640898,3.77174961,0.29873892,1.83408275,0.12812217,6.85582671,0.17465150,3397.26394175,2.60355093,2399.94784271
Al227Cr257(FeNi)257,BCC,CAST,,1,298.15000000,770.00000000,,37.10000000,,10.1016/j.msea.2016.11.019,Effects of aluminum on microstructure and compressive properties of Al-Cr-Fe-Ni eutectic multi-component alloys,2017,S5,Al227Cr257(FeNi)257,0.22700000,0.25800000,0.25800000,0.25800000,0.00000000,0.00000000,0.00000000,0.00000000,0.00000000,0.00000000,0.00000000,0.00000000,0.00000000,0.00000000,0.00000000,0.00011937,2.69759744,177.90631805,-0.05415339,-0.02917617,-0.12081746,1.42932103,-0.15013494,-0.14792058,-0.12515772,-0.12294335,0.01394667,0.12374954,0.13034421,1.42750719,49.02222020,6.86272545,1.75678357,0.10980288,12.23145039,1685.01667335,149.13426854,76.21543086,193.60721443,0.28819639,2.09143186,2.42580160,1.29790281,1.78637393,0.78580461,1.49675170,0.09824057,1.12789880,6.65525059,0.04143433,0.17963811,0.40854543,0.38100881,0.03028637,0.01049745,0.11661442,0.03960947,0.36942483,0.12370584,0.35106178,0.11916953,19.16061857,9.16148353,16.98788810,3.08702898,0.26030095,1.80976379,0.10326759,1.33970897,0.17694187,3376.04642877,2.62220972,2389.66613556
Al286Cr237(FeNi)237,BCC,CAST,,1,298.15000000,906.80000000,,31.40000000,,10.1016/j.msea.2016.11.019,Effects of aluminum on microstructure and compressive properties of Al-Cr-Fe-Ni eutectic multi-component alloys,2017,S5,Al286Cr237(FeNi)237,0.28700000,0.23800000,0.23800000,0.23800000,0.00000000,0.00000000,0.00000000,0.00000000,0.00000000,0.00000000,0.00000000,0.00000000,0.00000000,0.00000000,0.00000000,0.00011919,2.72014645,170.05168692,-0.04752355,-0.02631659,-0.13269941,1.43248931,-0.14864285,-0.14462566,-0.12743590,-0.12341870,0.00175186,0.10109117,0.08984874,1.43943962,47.32737868,6.56569709,1.74549649,0.09933930,12.31296883,1627.21416249,143.51053159,72.35406219,184.10230692,0.29294885,2.01980843,2.33146540,1.23162588,1.70682696,0.73691374,1.46778098,0.08571900,1.09983952,6.38262112,0.04503923,0.19544812,0.45293383,0.42449626,0.03309122,0.01271992,0.12655898,0.04799543,0.39946666,0.14989636,0.38118050,0.14439963,18.23018779,9.02570143,16.57531620,3.16382402,0.25996127,1.82864965,0.10611373,1.30483468,0.18322726,3636.50273581,2.66931609,2586.56186646
Al2Fe2Co2Cu2Ni,MIX,CAST,4.22282000,1,298.15000000,929.00000000,,13.70000000,,10.1016/j.jmst.2018.12.014,Composition and phase structure dependence of mechanical and magnetic properties for AlCoCuFeNihigh entropy alloys,2019,S5,Al2Fe2Co2Cu2Ni,0.22200000,0.22200000,0.22200000,0.22200000,0.11100000,0.00000000,0.00000000,0.00000000,0.00000000,0.00000000,0.00000000,0.00000000,0.00000000,0.00000000,0.00000000,0.00013620,2.69515674,135.11137213,0.01438488,-0.00173081,-0.10478599,1.42143594,-0.02268945,-0.01164546,-0.03880515,-0.02776116,-0.04488642,-0.05462929,-0.14201199,1.42621563,52.14498524,6.00000000,1.81666667,-0.01857561,12.03013457,1496.43111111,145.77777778,60.00000000,160.00000000,0.32111111,2.03155556,2.12644444,0.94655556,2.28316444,0.37711111,1.76916811,-0.02815978,1.17988889,7.19766215,0.04368707,0.18592526,0.36582395,0.35845444,0.03167766,0.01084115,0.11822980,0.04053910,0.32106254,0.09983914,0.31608305,0.09901640,15.00083299,7.38391473,12.71376748,5.63877431,0.38052741,1.94599018,0.08523619,8.98262711,0.19924071,3065.21986763,2.18042289,2052.43920096
Al333Cr166Fe166(CoNi)166,BCC,CAST,5.70066000,1,298.15000000,1241.00000000,,9.98000000,,10.1016/j.jallcom.2019.07.100,Effects of Ti-to-Al ratios on the phases  microstructures  mechanical properties  and corrosion resistance of Al2-xCoCrFeNiTix high-entropy alloys,2019,S5,Al333Cr166Fe166(CoNi)166,0.33400000,0.16600000,0.16600000,0.16600000,0.16600000,0.00000000,0.00000000,0.00000000,0.00000000,0.00000000,0.00000000,0.00000000,0.00000000,0.00000000,0.00000000,0.00013431,2.73065928,170.65013239,-0.02629934,-0.04638013,-0.12479379,1.42704109,-0.08274436,-0.07216680,-0.10282515,-0.09224759,-0.02543083,0.02913520,-0.00041725,1.44500277,46.55214616,6.49648947,1.74985958,0.05456603,12.17301192,1558.31249749,140.60180542,66.79237713,173.06318957,0.30338014,1.99366299,2.25460682,1.04089268,1.92957426,0.56142026,1.35533888,0.03659290,1.21371414,6.35025338,0.05063772,0.21785574,0.47568407,0.44727425,0.03660943,0.01502267,0.13696967,0.05589464,0.40570301,0.16426829,0.39202392,0.16010679,16.76487088,8.40907966,13.81286606,4.01589857,0.29701799,1.87100629,0.09983317,2.52953115,0.19132876,3999.97768223,2.65921889,2842.17175436
Al7Cr10Fe10Co3Ni10,MIX,POWDER,6.11520000,1,298.15000000,2033.00000000,2635.00000000,8.00000000,,10.1016/j.matdes.2013.04.061,Alloying behavior  microstructure and mechanical properties in a FeNiCrCo0.3Al0.7 high entropy alloy,2013,S5,Al7Cr10Fe10Co3Ni10,0.17500000,0.25000000,0.25000000,0.07500000,0.25000000,0.00000000,0.00000000,0.00000000,0.00000000,0.00000000,0.00000000,0.00000000,0.00000000,0.00000000,0.00000000,0.00013262,2.67792592,187.91917717,-0.04603776,-0.03531656,-0.09336700,1.41903351,-0.01486016,-0.00786831,-0.00413895,0.00285290,-0.08346711,0.01914711,-0.19313921,1.41709747,50.77538388,7.20000000,1.77275000,0.10261423,11.96923958,1725.68100000,154.80000000,78.50000000,200.42500000,0.28700000,2.16850000,2.50820000,1.29420000,1.98538500,0.76740000,1.48203873,0.09164403,1.21400000,7.04427090,0.03905671,0.16957082,0.36489645,0.33669726,0.02770788,0.00849921,0.10654234,0.03189777,0.33166294,0.09743134,0.31400843,0.09424825,19.59291888,9.03524043,16.13914240,3.26843888,0.27574792,1.80504909,0.08690788,15.40109240,0.17277237,3208.69290134,2.53880456,2250.78689062
Al84Cr84Fe84Cu84Ni163,MIX,CAST,,1,298.15000000,,,30.00000000,,10.1016/j.msea.2015.09.089,Strain rate effects on the dynamic mechanical properties of the AlCrCuFeNi2 high-entropy alloy,2016,S5,Al84Cr84Fe84Cu84Ni163,0.16800000,0.16800000,0.16800000,0.16800000,0.32700000,0.00000000,0.00000000,0.00000000,0.00000000,0.00000000,0.00000000,0.00000000,0.00000000,0.00000000,0.00000000,0.00013479,2.68585552,150.02025004,0.06394453,0.07583568,-0.05311042,1.42262955,-0.09004891,-0.09110554,-0.07815776,-0.07921439,0.04736218,0.10012090,0.14079056,1.42129364,52.56510990,6.46492986,1.80226453,0.06611415,12.06046598,1621.93779559,151.04609218,70.44488978,181.48296593,0.30158317,2.07396393,2.32196794,1.18489980,2.07534381,0.61540281,1.92761732,0.04806466,1.13706814,7.23740511,0.03763883,0.16408508,0.39748868,0.36541191,0.02697025,0.00818303,0.10556692,0.03323002,0.33476088,0.08719113,0.31647984,0.08333325,17.62698981,8.49917859,15.50214033,3.77308637,0.32101567,1.86361941,0.08117222,2.42788596,0.18382333,2875.78386907,2.29419729,1957.27505682
AlCrCoNi,BCC,CAST,11.59340000,1,298.15000000,1750.00000000,,16.70000000,,10.1016/j.jallcom.2018.11.057,Chemical evolution-induced strengthening on AlCoCrNi dual-phase high-entropy alloy with high specific strength,2019,S5,AlCrCoNi,0.25000000,0.25000000,0.25000000,0.25000000,0.00000000,0.00000000,0.00000000,0.00000000,0.00000000,0.00000000,0.00000000,0.00000000,0.00000000,0.00000000,0.00000000,0.00011946,2.68411737,191.82006412,0.00638605,-0.04584388,-0.13642882,1.41979770,-0.02786021,-0.02349941,-0.08009013,-0.07572934,-0.06805767,0.01051053,-0.14196884,1.42037384,49.15105840,7.00000000,1.76500000,0.07856820,11.98858733,1652.33000000,149.50000000,73.25000000,189.50000000,0.29500000,2.09750000,2.47625000,1.03325000,2.21550000,0.56025000,1.39398775,0.04972825,1.44300000,6.80791707,0.04699101,0.20139915,0.43121081,0.39824211,0.03409752,0.01222786,0.12814833,0.04534927,0.37880450,0.13184334,0.36303974,0.12878221,18.29241011,8.72105369,12.67665289,4.41990183,0.31650000,1.83687943,0.11569424,7.08501429,0.18044216,3854.75685528,2.69236618,2748.16238046
AlCrFeCoCuNi,MIX,CAST,,1,298.15000000,1303.00000000,,24.00000000,,10.1016/j.msea.2008.08.025,Effects of Mn  Ti and V on the microstructure and properties of AlCrFeCoNiCu high entropy alloy,2008,S5,AlCrFeCoCuNi,0.16700000,0.16700000,0.16700000,0.16700000,0.16700000,0.16700000,0.00000000,0.00000000,0.00000000,0.00000000,0.00000000,0.00000000,0.00000000,0.00000000,0.00000000,0.00015454,2.68162961,158.11869759,0.08098019,0.06731926,-0.04729923,1.42116372,-0.01740920,-0.01507370,-0.03107013,-0.02873463,0.00457421,0.05179481,-0.00475517,1.41905738,52.66587227,6.33333333,1.79833333,0.05483692,12.02322417,1629.65666667,151.33333333,70.50000000,183.16666667,0.30166667,2.10533333,2.38116667,1.10616667,2.13427333,0.57350000,1.66890850,0.04327183,1.27500000,7.27373929,0.03834181,0.16363180,0.39528007,0.36312117,0.02754257,0.00824381,0.10408151,0.03074735,0.33321909,0.08510972,0.31714191,0.08316648,17.62260318,8.37045750,13.82164955,4.15199070,0.33699053,1.86396181,0.07160641,14.46614911,0.18295265,2868.14029748,2.28496475,1949.60683892
AlCrFeCoNi,BCC,CAST,,1,298.15000000,1251.00000000,2004.00000000,19.61618789,33.00000000,10.1016/j.msea.2008.01.064,Microstructure and compressive properties of AlCrFeCoNi high entropy alloy,2008,S5,AlCrFeCoNi,0.20000000,0.20000000,0.20000000,0.20000000,0.20000000,0.00000000,0.00000000,0.00000000,0.00000000,0.00000000,0.00000000,0.00000000,0.00000000,0.00000000,0.00000000,0.00013869,2.68073336,189.74243711,-0.03471471,-0.05520610,-0.10824793,1.42103148,-0.06341288,-0.05990963,-0.08390428,-0.08040103,-0.03043777,0.04039313,-0.01704386,1.41858311,50.48984672,7.20000000,1.77800000,0.07083090,12.01986816,1684.06400000,153.60000000,75.00000000,193.80000000,0.29400000,2.16140000,2.46700000,1.16260000,2.16652800,0.64420000,1.40269020,0.05695280,1.30440000,6.97515306,0.04193469,0.17919080,0.37956700,0.35111083,0.03037748,0.00985909,0.11454227,0.03668256,0.34189081,0.10780607,0.32672855,0.10507495,18.74570572,8.67294611,14.37113288,3.82955604,0.30090667,1.83286119,0.08988332,3.68322424,0.17704197,3367.64756917,2.55303906,2366.02849134
AlCrFeCuNi,MIX,POWDER,,1,293.15000000,1511.00000000,,5.00000000,,10.1016/j.jallcom.2019.01.341,Structure formation and mechanical properties of the high-entropy AlCuNiFeCr alloy prepared by mechanical alloying and spark plasma sintering,2019,S5,AlCrFeCuNi,0.20000000,0.20000000,0.20000000,0.20000000,0.20000000,0.00000000,0.00000000,0.00000000,0.00000000,0.00000000,0.00000000,0.00000000,0.00000000,0.00000000,0.00000000,0.00013869,2.70398476,139.94032098,0.08980402,0.10393184,-0.04758414,1.42998586,-0.09442967,-0.09478666,-0.08030185,-0.08065884,0.06725805,0.13075715,0.19604430,1.43088722,51.41240772,5.80000000,1.78200000,0.07963887,12.24852618,1601.98800000,145.60000000,69.40000000,178.00000000,0.30000000,2.01640000,2.30240000,1.18300000,1.79954800,0.65780000,1.78860560,0.06976420,1.11940000,6.97001162,0.03882635,0.16762860,0.43815409,0.40310310,0.02829126,0.00929539,0.10877683,0.03507329,0.36162593,0.10041959,0.34142434,0.09715379,17.45532927,8.65667986,15.59346907,3.50015202,0.31026690,1.85714286,0.07936050,2.35286969,0.18299138,2901.49861105,2.32294303,1992.74187563
AlCrFeNi,BCC,CAST,,1,298.15000000,843.20000000,,34.60000000,,10.1016/j.msea.2016.11.019,Effects of aluminum on microstructure and compressive properties of Al-Cr-Fe-Ni eutectic multi-component alloys,2017,S5,AlCrFeNi,0.25000000,0.25000000,0.25000000,0.25000000,0.00000000,0.00000000,0.00000000,0.00000000,0.00000000,0.00000000,0.00000000,0.00000000,0.00000000,0.00000000,0.00000000,0.00011946,2.70615503,174.92540122,-0.05163729,-0.02809093,-0.12615752,1.43174576,-0.20423340,-0.20482839,-0.18068703,-0.18128202,0.06524612,0.17107796,0.30069508,1.43203567,48.37900965,6.75000000,1.75250000,0.10583184,12.29380517,1663.08000000,147.00000000,74.75000000,190.00000000,0.29000000,2.06425000,2.39000000,1.27275000,1.75618500,0.76725000,1.48575700,0.09348850,1.11725000,6.53461554,0.04270975,0.18483569,0.42572243,0.39789961,0.03144829,0.01136834,0.12073272,0.04289557,0.38186793,0.13396878,0.36353642,0.12905613,18.82408763,9.11909296,16.84859041,3.11502118,0.26017556,1.81690141,0.10434773,0.97278010,0.17927580,3457.58164525,2.64144731,2452.29001260
AlFeCoCuNi,MIX,CAST,3.83572000,1,298.15000000,994.00000000,,24.50000000,,10.1016/j.jmst.2018.12.014,Composition and phase structure dependence of mechanical and magnetic properties for AlCoCuFeNihigh entropy alloys,2019,S5,AlFeCoCuNi,0.20000000,0.20000000,0.20000000,0.20000000,0.20000000,0.00000000,0.00000000,0.00000000,0.00000000,0.00000000,0.00000000,0.00000000,0.00000000,0.00000000,0.00000000,0.00013869,2.68403855,141.95992096,0.00234117,-0.01216295,-0.11309552,1.41968469,-0.05287622,-0.04248094,-0.06738034,-0.05698506,-0.03330227,-0.04250507,-0.10064579,1.42033214,52.79982672,6.40000000,1.82600000,-0.01729699,11.98572481,1519.58800000,149.20000000,61.60000000,164.00000000,0.32000000,2.06640000,2.15640000,0.97140000,2.40900800,0.37840000,1.85891800,-0.03207380,1.18500000,7.31505488,0.04218783,0.18010030,0.34690157,0.33973868,0.03050274,0.00997233,0.11500044,0.03757521,0.31085687,0.09210344,0.30547460,0.09121901,15.38188086,7.44380607,12.98049018,5.69873150,0.37640750,1.94117647,0.08499365,3.98577296,0.19620450,3006.24911895,2.17987177,2012.78559314
AlVCrFeCoCuNi,MIX,CAST,,1,298.15000000,1469.00000000,,16.00000000,,10.1016/j.msea.2008.08.025,Effects of Mn  Ti and V on the microstructure and properties of AlCrFeCoNiCu high entropy alloy,2008,S5,AlVCrFeCoCuNi,0.14300000,0.14300000,0.14300000,0.14300000,0.14300000,0.14300000,0.14300000,0.00000000,0.00000000,0.00000000,0.00000000,0.00000000,0.00000000,0.00000000,0.00000000,0.00016777,2.69500340,162.19339741,0.06404530,0.05208070,-0.05821214,1.43067458,-0.02882563,-0.03136662,-0.04079023,-0.04333122,0.01165531,0.08345517,0.03782214,1.42613449,52.41953337,6.14285714,1.77428571,0.08256941,12.26623252,1708.70571429,152.57142857,67.14285714,175.28571429,0.31142857,2.17914286,2.47357143,1.13814286,2.46437714,0.59342857,1.54320600,0.07566157,1.33542857,7.09628994,0.03834562,0.15442734,0.40330235,0.36815812,0.02860655,0.00663694,0.10345348,0.02498171,0.32237985,0.06976362,0.30577868,0.06835424,16.89575146,7.75339322,12.65193199,4.16827155,0.40117767,1.90456432,0.07106010,9.94477850,0.17448879,2602.34330652,2.16699147,1738.95257985
Hf105Zr210Ti421(Nb26V105)2,BCC,CAST,3.25752000,1,298.15000000,1115.00000000,,50.00000000,,10.1007/s40195-019-00921-3,A Novel Series of Refractory High-Entropy Alloys Ti2ZrHf0.5VNbx with High Specific Yield Strength and Good Ductility,2019,S5,Hf105Zr210Ti421(Nb26V105)2,0.10500000,0.21000000,0.42200000,0.05200000,0.21000000,0.00000000,0.00000000,0.00000000,0.00000000,0.00000000,0.00000000,0.00000000,0.00000000,0.00000000,0.00000000,0.00012150,3.09960860,131.99813934,0.23177929,0.17816405,0.02282183,1.64006318,0.06389723,0.02500622,0.01028199,-0.02860902,-0.00890171,0.04113122,0.02502451,1.64024235,73.72679735,4.26252505,1.49262525,0.04760883,18.47865439,2132.86673347,118.38376754,40.53106212,103.64328657,0.34415832,2.22750000,2.52606814,0.60723447,4.77267635,0.44857014,0.95967198,-0.00551102,1.91883367,6.62528278,0.06063144,0.18061577,0.15172680,0.22443056,0.04688949,0.01466817,0.13809192,0.04353159,0.12426765,0.04392749,0.18969863,0.06671246,11.69190818,5.24889256,6.09323694,5.63137826,1.11968289,2.04951645,0.17468783,4.05559916,0.13978839,2134.69457415,2.29718522,1453.47676131
Hf173Zr173Ta173Ti173Nb173Al130,BCC,CAST,4.18460000,1,298.15000000,1415.00000000,2050.00000000,30.00000000,,10.1016/j.jallcom.2014.11.064,Effect of Al addition on mechanical properties and microstructure of refractory AlxHfNbTaTiZr alloys,2015,S5,Hf173Zr173Ta173Ti173Nb173Al130,0.17400000,0.17400000,0.17400000,0.17400000,0.17400000,0.13100000,0.00000000,0.00000000,0.00000000,0.00000000,0.00000000,0.00000000,0.00000000,0.00000000,0.00000000,0.00015405,3.15367304,138.04710147,0.05993587,0.01724837,-0.09725824,1.65863944,-0.03720231,-0.06012461,-0.07988981,-0.10281211,-0.00284937,0.06228855,0.04492685,1.66885202,106.35768844,4.21708543,1.47438191,0.06513792,19.11369161,2315.30311558,127.81306533,40.25728643,105.12160804,0.35347739,2.25502915,2.36653266,0.72114573,3.76618593,0.44818593,1.03770868,0.03328883,1.64538693,9.24003698,0.04647897,0.13358932,0.33481500,0.39218192,0.03587549,0.00788850,0.09857571,0.02206705,0.22321293,0.05917390,0.26099749,0.06696436,11.74446720,5.20812213,7.13781479,5.28024756,0.89307793,2.09347262,0.07830787,9.58714734,0.12877364,1458.93138354,1.95770866,940.98625775
Hf173Zr173Ta173Ti173Nb173Mo130,BCC,CAST,4.82160000,1,298.15000000,1373.00000000,,50.00000000,,10.1016/j.matlet.2016.03.133,Solution strengthening of ductile refractory HfMoxNbTaTiZr high-entropy alloys,2016,S5,Hf173Zr173Ta173Ti173Nb173Mo130,0.17400000,0.17400000,0.17400000,0.17400000,0.17400000,0.13100000,0.00000000,0.00000000,0.00000000,0.00000000,0.00000000,0.00000000,0.00000000,0.00000000,0.00000000,0.00015405,3.13941523,162.28833942,0.11285217,0.07016467,-0.03383643,1.65710181,0.03875999,-0.00094868,-0.00392751,-0.04363618,0.02866125,0.14828554,0.17164024,1.66130712,115.36733666,4.60904523,1.54624121,0.11962428,19.06058303,2571.73366834,153.42110553,53.32261307,138.96080402,0.34825126,2.49543116,2.66115578,0.93071357,3.79695477,0.61476884,1.00929512,0.09921608,1.73044221,10.05069467,0.04599936,0.14179927,0.57649289,0.59958113,0.03543751,0.00782179,0.10603404,0.02323877,0.32279835,0.07081106,0.35586180,0.07227615,15.54166157,6.22804662,8.98132366,4.32870957,0.82380506,2.06866721,0.11254806,10.22100905,0.11593347,2059.37723142,2.66946144,1464.80987092
Hf173Zr173Ta173Ti173Nb173W130,BCC,arc melting,5.30180000,1,298.15000000,1450.00000000,,50.00000000,,https://doi.org/10.1016/j.jallcom.2022.165187,Microstructures and mechanical properties of TiZrHfNbTaWx refractory high entropy alloys,2022,S9,Hf173Zr173Ta173Ti173Nb173W130,0.17400000,0.17400000,0.17400000,0.17400000,0.17400000,0.13100000,0.00000000,0.00000000,0.00000000,0.00000000,0.00000000,0.00000000,0.00000000,0.00000000,0.00000000,0.00015405,3.14093122,167.27178421,0.12975290,0.08706540,-0.01142406,1.66174871,0.06119857,0.02161515,0.01851107,-0.02107235,0.00960202,0.13419934,0.17283923,1.66210934,126.85175877,4.60904523,1.57237186,0.12459732,19.22138424,2676.12562814,158.38592965,57.89547739,149.67437186,0.34433166,2.58362211,2.73314573,1.00518593,3.75698794,0.66193467,1.02203029,0.11228141,1.72795980,10.95875522,0.04488190,0.13749885,0.72230909,0.72507364,0.03469410,0.00770715,0.10354459,0.02285838,0.35543340,0.08185002,0.38296700,0.08197005,16.92181034,6.54964604,9.79294214,4.12902638,0.81513367,2.05032266,0.10838264,6.73622645,0.11141106,2120.69397988,2.84649082,1534.08000644
Hf181Zr181Ta181Ti181Nb181Al90,BCC,CAST,3.88080000,1,298.15000000,1302.00000000,,46.00000000,,10.1016/j.jallcom.2014.11.064,Effect of Al addition on mechanical properties and microstructure of refractory AlxHfNbTaTiZr alloys,2015,S5,Hf181Zr181Ta181Ti181Nb181Al90,0.18200000,0.18200000,0.18200000,0.18200000,0.18200000,0.09000000,0.00000000,0.00000000,0.00000000,0.00000000,0.00000000,0.00000000,0.00000000,0.00000000,0.00000000,0.00015228,3.16057409,140.92741901,0.07087722,0.02621573,-0.07978567,1.66433522,-0.01467087,-0.04008789,-0.05933236,-0.08474938,-0.00060250,0.06876244,0.05101733,1.67250390,110.02826184,4.27336683,1.46811055,0.06936494,19.31127837,2379.20984925,130.20904523,40.91658291,106.74572864,0.35363819,2.30566633,2.42052261,0.73433166,3.90557487,0.46197487,1.03390330,0.03781535,1.68619095,9.46112155,0.04488106,0.13093930,0.32811811,0.38835825,0.03474932,0.00788873,0.09782636,0.02244026,0.21981466,0.06028029,0.26149087,0.06883226,11.97779830,5.19494002,7.10346492,5.23951138,0.91393391,2.09424222,0.07852863,24.69546766,0.12531471,1444.44245861,1.98415059,936.20724729
Hf181Zr181Ta181Ti181Nb181Mo90,BCC,CAST,4.70400000,1,298.15000000,1317.00000000,,50.00000000,,10.1016/j.matlet.2016.03.133,Solution strengthening of ductile refractory HfMoxNbTaTiZr high-entropy alloys,2016,S5,Hf181Zr181Ta181Ti181Nb181Mo90,0.18200000,0.18200000,0.18200000,0.18200000,0.18200000,0.09000000,0.00000000,0.00000000,0.00000000,0.00000000,0.00000000,0.00000000,0.00000000,0.00000000,0.00000000,0.00015228,3.14996268,157.70981452,0.11946743,0.07480594,-0.02789579,1.66315361,0.04665538,0.00624423,0.00199389,-0.03841725,0.01893617,0.12602243,0.14749759,1.66688859,116.26571061,4.54472362,1.51785930,0.10708627,19.27017689,2556.73869347,147.93768844,49.96180905,130.17286432,0.35002010,2.47209849,2.62449246,0.87941709,3.92687638,0.57730151,1.01423238,0.08345729,1.74507538,10.01879160,0.04451623,0.13701595,0.54193109,0.57053018,0.03443062,0.00783823,0.10322569,0.02331940,0.29426924,0.05702158,0.33136701,0.06561740,14.61528715,5.91209743,8.37516095,4.54613824,0.86405175,2.07701823,0.10634950,8.34497586,0.11661340,1853.21176311,2.47817007,1290.97586947
Hf181Zr181Ta181Ti181Nb181W90,BCC,arc melting,4.77260000,1,298.15000000,1278.00000000,,50.00000000,,https://doi.org/10.1016/j.jallcom.2022.165187,Microstructures and mechanical properties of TiZrHfNbTaWx refractory high entropy alloys,2022,S9,Hf181Zr181Ta181Ti181Nb181W90,0.18200000,0.18200000,0.18200000,0.18200000,0.18200000,0.09000000,0.00000000,0.00000000,0.00000000,0.00000000,0.00000000,0.00000000,0.00000000,0.00000000,0.00000000,0.00015228,3.15076978,161.15989167,0.13223343,0.08757194,-0.01063854,1.66660453,0.06390839,0.02368967,0.01924690,-0.02097182,0.00617836,0.11670750,0.14768038,1.66731569,124.21646438,4.54472362,1.53594975,0.11052914,19.39037817,2629.01005025,151.37487437,53.12763819,137.58994975,0.34730653,2.53315377,2.67433166,0.93097487,3.89920704,0.60995477,1.02304903,0.09250251,1.74335678,10.63756626,0.04370049,0.13391382,0.68264842,0.69020077,0.03389062,0.00775169,0.10141947,0.02303272,0.31923322,0.05950923,0.35177726,0.06789250,15.57363169,6.14792196,8.93312937,4.38447533,0.85796351,2.06422555,0.10257670,6.26433304,0.11340771,1895.69698323,2.60072720,1338.78489479
Hf190Zr190Ta190Ti190Nb190Mo47,BCC,CAST,3.87100000,1,298.15000000,1112.00000000,,50.00000000,,10.1016/j.matlet.2016.03.133,Solution strengthening of ductile refractory HfMoxNbTaTiZr high-entropy alloys,2016,S5,Hf190Zr190Ta190Ti190Nb190Mo47,0.19100000,0.19100000,0.19100000,0.19100000,0.19100000,0.04700000,0.00000000,0.00000000,0.00000000,0.00000000,0.00000000,0.00000000,0.00000000,0.00000000,0.00000000,0.00014862,3.16176043,152.77710833,0.12427849,0.07749031,-0.01926269,1.66992744,0.05663404,0.01620908,0.00984586,-0.03057910,0.00905323,0.10263158,0.12044706,1.67313169,117.23358014,4.47542628,1.48728185,0.09357835,19.50659269,2540.58375125,142.03009027,46.34102307,120.70511535,0.35192578,2.44696088,2.58499298,0.82415246,4.06684835,0.53693581,1.01955156,0.06647944,1.76084052,9.97975791,0.04263936,0.13117885,0.47257004,0.51111878,0.03314919,0.00780304,0.09963595,0.02325583,0.25781801,0.05944638,0.30046995,0.06870383,13.61131400,5.56253845,7.73000952,4.81434269,0.90870636,2.08606627,0.09967144,6.66715446,0.11735492,1631.39772955,2.26677261,1106.14440763
Hf190Zr190Ta190Ti190Nb190W47,BCC,arc melting,3.76320000,1,298.15000000,1135.00000000,,50.00000000,,https://doi.org/10.1016/j.jallcom.2022.165187,Microstructures and mechanical properties of TiZrHfNbTaWx refractory high entropy alloys,2022,S9,Hf190Zr190Ta190Ti190Nb190W47,0.19100000,0.19100000,0.19100000,0.19100000,0.19100000,0.04700000,0.00000000,0.00000000,0.00000000,0.00000000,0.00000000,0.00000000,0.00000000,0.00000000,0.00000000,0.00014862,3.16203539,154.57520103,0.13143774,0.08464956,-0.00935562,1.67184172,0.06649932,0.02625015,0.01971114,-0.02053803,0.00228925,0.09766194,0.12026533,1.67327719,121.37731133,4.47542628,1.49671013,0.09537269,19.57375200,2578.24974925,143.82146439,47.99097292,124.57071214,0.35051153,2.47878134,2.61096790,0.85102307,4.05242778,0.55395386,1.02414658,0.07119358,1.75994483,10.29705009,0.04219076,0.12950508,0.58843579,0.60705803,0.03285253,0.00775344,0.09864511,0.02309184,0.27263684,0.06082503,0.31226229,0.06972039,14.11209675,5.69315917,8.01848812,4.71333099,0.90548420,2.07934645,0.09632162,5.76225317,0.11564047,1653.67222245,2.33046390,1130.99275882
Hf20Ta10Ti30Nb20V10Mo7W3,BCC,vacuum arc melting,,1,298.15000000,1225.00000000,,45.00000000,,https://doi.org/10.1016/j.jallcom.2023.171571,Development of a Ti30Hf20Nb20Ta10V10Mo7W3 refractory high entropy alloy with excellent mechanical properties and wear resistance,2023,S9,Hf20Ta10Ti30Nb20V10Mo7W3,0.20000000,0.10000000,0.30000000,0.20000000,0.10000000,0.07000000,0.03000000,0.00000000,0.00000000,0.00000000,0.00000000,0.00000000,0.00000000,0.00000000,0.00000000,0.00015139,3.07836168,165.84840245,0.12381417,0.08354184,-0.02558312,1.62728183,0.02901431,-0.00589211,-0.01125801,-0.04616444,0.03402438,0.15563781,0.15966985,1.62899896,104.05931400,4.60000000,1.57700000,0.12251352,18.04998879,2494.37000000,152.44000000,51.85000000,138.16000000,0.35110000,2.49705000,2.72773000,0.94180000,4.00796300,0.63453000,0.99069519,0.09800000,1.78593000,9.57311809,0.04498609,0.13665335,0.58496252,0.56590279,0.03390746,0.00960169,0.10089727,0.02877003,0.28444906,0.06638550,0.28649002,0.06683974,14.84049441,5.94321075,8.30967306,4.29881960,0.87129630,2.08213900,0.09904563,13.01520175,0.11952918,1922.76891169,2.40867757,1328.26382961
Hf2Nb3Co2Mo3,MIX,vacuum arc melting,,1,295.15000000,1180.00000000,1865.00000000,10.00000000,,https://doi.org/10.1016/j.jallcom.2022.167013,Mechanical properties of (HfCo)100−x(NbMo)x refractory high-entropy alloys with a dual-phase bcc-B2 structure,2022,S9,Hf2Nb3Co2Mo3,0.20000000,0.30000000,0.20000000,0.30000000,0.00000000,0.00000000,0.00000000,0.00000000,0.00000000,0.00000000,0.00000000,0.00000000,0.00000000,0.00000000,0.00000000,0.00011773,3.00815110,212.60414598,0.23897892,0.17886729,-0.04100604,1.58418144,-0.05376589,-0.07656657,-0.11387752,-0.13667820,0.08362011,0.26085646,0.34837416,1.59184512,104.13855300,5.90000000,1.76400000,0.17723636,16.65341751,2548.60000000,190.60000000,70.40000000,187.60000000,0.34900000,2.64510000,2.85950000,1.20760000,2.92460000,0.74410000,0.85615510,0.16816200,1.65190000,10.38382984,0.07531109,0.22189118,0.56373258,0.54722722,0.05859303,0.01686561,0.17315992,0.04956942,0.40953285,0.14093222,0.40542863,0.13748000,19.61617886,7.41604433,11.87491910,3.84289746,0.49569492,2.07219662,0.37105446,5.58044529,0.11580868,4950.76508466,4.15517831,3893.70716610
Hf2Zr10Ta10(Nb2Cr)5,BCC+HCP,vacuum arc melting,,1,298.15000000,932.00000000,1025.00000000,10.60000000,,https://doi.org/10.1016/j.jallcom.2022.166593,Effect of Cr content on microstructure characteristics and mechanical properties of ZrNbTaHf0.2Crx refractory high entropy alloy,2023,S9,Hf2Zr10Ta10(Nb2Cr)5,0.05400000,0.27000000,0.27000000,0.27000000,0.13500000,0.00000000,0.00000000,0.00000000,0.00000000,0.00000000,0.00000000,0.00000000,0.00000000,0.00000000,0.00000000,0.00012827,3.12623693,167.31649155,0.24764877,0.22713564,0.08268885,1.64824508,0.06124488,0.02634368,0.04073175,0.00583055,0.04468889,0.21505114,0.22916378,1.65433346,115.34440811,4.81081081,1.49189189,0.17241078,18.75659374,2637.62162162,152.43243243,54.45945946,138.67567568,0.34027027,2.53881081,2.72845946,1.08545946,3.15872973,0.67797297,0.94737489,0.18756757,1.64300000,10.21155702,0.06629423,0.18572048,0.50880952,0.51800480,0.05143191,0.01561098,0.14675967,0.04478031,0.31961763,0.08281743,0.36140365,0.10708092,15.78817557,6.21872867,9.60935823,4.02443691,0.65658989,2.03154445,0.26331111,5.52416782,0.11303744,2942.11612947,3.17310429,2185.13595481
Hf31Zr156(TaNb)156,BCC+HCP,vacuum arc melting,,1,298.15000000,721.00000000,984.00000000,42.50000000,,https://doi.org/10.1016/j.jallcom.2022.166593,Effect of Cr content on microstructure characteristics and mechanical properties of ZrNbTaHf0.2Crx refractory high entropy alloy,2022,S9,Hf31Zr156(TaNb)156,0.06200000,0.31300000,0.31300000,0.31300000,0.00000000,0.00000000,0.00000000,0.00000000,0.00000000,0.00000000,0.00000000,0.00000000,0.00000000,0.00000000,0.00000000,0.00010885,3.17850538,156.12908361,0.09270697,0.07032866,0.02128050,1.67946608,0.04416667,0.01137227,0.02178835,-0.01100604,0.05270400,0.18190116,0.18508546,1.68199273,125.22123960,4.62525050,1.46569138,0.13447987,19.84277086,2709.20641283,150.95390782,45.00601202,116.76553106,0.36062124,2.57627856,2.60724248,0.97716433,3.53246894,0.54192385,0.98305598,0.15138277,1.63007816,10.47912631,0.04094311,0.12592558,0.33375154,0.42038009,0.03193982,0.01194342,0.09575188,0.03570296,0.23350914,0.09240228,0.30402835,0.11330212,13.29470182,5.16042871,8.15586772,4.81108646,0.76373570,2.12803636,0.09513353,6.67661953,0.11005068,1540.75237548,2.20834952,1035.97265730
Hf3NbCo3Mo,MIX,vacuum arc melting,,1,295.15000000,1155.00000000,1620.00000000,9.00000000,,https://doi.org/10.1016/j.jallcom.2022.167013,Mechanical properties of (HfCo)100−x(NbMo)x refractory high-entropy alloys with a dual-phase bcc-B2 structure,2022,S9,Hf3NbCo3Mo,0.37500000,0.12500000,0.37500000,0.12500000,0.00000000,0.00000000,0.00000000,0.00000000,0.00000000,0.00000000,0.00000000,0.00000000,0.00000000,0.00000000,0.00000000,0.00010819,2.98899725,207.12863235,0.34011251,0.22740319,-0.05686379,1.57892873,-0.03010860,-0.05692803,-0.14281792,-0.16963735,0.04380737,0.09827030,0.26379084,1.58170934,112.63949562,6.25000000,1.66250000,0.05446293,16.48831185,2308.50000000,164.00000000,60.25000000,161.87500000,0.34375000,2.48550000,2.67575000,0.83362500,4.06463750,0.47687500,0.97328575,-0.00844625,1.84212500,11.34393941,0.10077723,0.29975011,0.53485139,0.53021748,0.08008840,0.03343103,0.23466903,0.09764044,0.37754973,0.14595204,0.38571980,0.15116475,16.73232966,6.73197733,9.08316735,5.61100917,0.65034200,2.04761905,0.47768133,8.29512062,0.12785358,6227.39946880,4.26846659,4921.39386012
Hf3Ta5Ti25Nb40Al15(V5W)2,MIX,vacuum melting furnace,,1,298.15000000,1024.00000000,,40.00000000,,https://doi.org/10.1016/j.matchar.2023.113321,High-temperature structural and mechanical stability of refractory high-entropy alloy Nb40Ti25Al15V10Ta5Hf3W2,2023,S9,Hf3Ta5Ti25Nb40Al15(V5W)2,0.03000000,0.05000000,0.25000000,0.40000000,0.15000000,0.10000000,0.02000000,0.00000000,0.00000000,0.00000000,0.00000000,0.00000000,0.00000000,0.00000000,0.00000000,0.00013453,3.03841135,149.02841961,0.03586917,0.01256580,-0.06201412,1.59859635,-0.05336394,-0.06450159,-0.07666731,-0.08780497,0.03129290,0.14516242,0.09762997,1.60785816,76.34957679,4.44000000,1.59070000,0.12754846,17.11216890,2257.12800000,141.65000000,42.27000000,114.16000000,0.36320000,2.31999000,2.48937000,0.92118000,3.07106500,0.54677000,0.88038874,0.13271045,1.56819000,7.40885286,0.03257743,0.08937875,0.45322192,0.42963619,0.02459574,0.00825887,0.06451577,0.02171283,0.19998052,0.06300488,0.19891469,0.06227958,11.88523840,5.12296967,7.57895306,4.55286501,0.69168131,2.14070352,0.06376921,5.69014126,0.13209264,923.47470529,1.42888570,519.04696537
Hf3Zr5Ta5Ti5Nb5Al2,BCC,vacuum arc melting,,1,298.15000000,1841.00000000,2269.00000000,10.00000000,,https://doi.org/10.1016/j.actamat.2014.01.029,Effect of aluminum on the microstructure and properties of two refractory high-entropy alloys,2014,S9,Hf3Zr5Ta5Ti5Nb5Al2,0.12000000,0.20000000,0.20000000,0.20000000,0.20000000,0.08000000,0.00000000,0.00000000,0.00000000,0.00000000,0.00000000,0.00000000,0.00000000,0.00000000,0.00000000,0.00015029,3.15262440,140.87499051,0.07029957,0.02924928,-0.07058371,1.66010090,-0.01550975,-0.04045357,-0.05656004,-0.08150385,0.00825809,0.08481546,0.06906943,1.66829711,106.16637509,4.32000000,1.47880000,0.07655738,19.16426027,2397.18560000,132.88000000,42.08000000,109.76000000,0.35240000,2.33696000,2.45280000,0.76600000,3.80335200,0.47140000,1.03146296,0.05723224,1.68680000,9.19907845,0.04387774,0.12962656,0.32143617,0.38524976,0.03364841,0.00882663,0.09521545,0.02530303,0.21938313,0.06362835,0.26644290,0.07359814,12.28703367,5.25769960,7.28422674,5.20322444,0.88040556,2.08832613,0.07819009,23.22876732,0.12437502,1460.17133689,2.00768531,950.42476131
Hf47Zr238Ta238(NbCr)238,BCC+HCP,vacuum arc melting,,1,298.15000000,1389.00000000,1420.00000000,8.85000000,,https://doi.org/10.1016/j.jallcom.2022.166593,Effect of Cr content on microstructure characteristics and mechanical properties of ZrNbTaHf0.2Crx refractory high entropy alloy,2023,S9,Hf47Zr238Ta238(NbCr)238,0.04700000,0.23800000,0.23800000,0.23800000,0.23800000,0.00000000,0.00000000,0.00000000,0.00000000,0.00000000,0.00000000,0.00000000,0.00000000,0.00000000,0.00000000,0.00013015,3.08161359,175.85089574,0.31085714,0.29291340,0.10231772,1.62296551,0.07117499,0.03643329,0.05323125,0.01848955,0.05177836,0.24042229,0.25985020,1.63071980,107.76048817,4.95295295,1.51203203,0.20147004,17.90673809,2583.18918919,153.59759760,61.68568569,155.42742743,0.32473473,2.51057157,2.82120921,1.16859760,2.87139019,0.78188388,0.92009680,0.21547548,1.65261161,9.99292120,0.07742854,0.21788910,0.52800510,0.52314017,0.06076889,0.01999404,0.17147031,0.05563927,0.35965338,0.10926866,0.38740003,0.10814079,17.60883081,7.01387326,10.65515375,3.60822018,0.57973298,1.96179902,0.33175854,4.72347549,0.11541934,3935.88818135,3.72901269,3026.54509442
Hf47Zr47Ta47Ti47Nb47Al14,BCC,CAST,3.45940000,1,298.15000000,1188.00000000,,50.00000000,,10.1016/j.jallcom.2014.11.064,Effect of Al addition on mechanical properties and microstructure of refractory AlxHfNbTaTiZr alloys,2015,S5,Hf47Zr47Ta47Ti47Nb47Al14,0.18900000,0.18900000,0.18900000,0.18900000,0.18900000,0.05600000,0.00000000,0.00000000,0.00000000,0.00000000,0.00000000,0.00000000,0.00000000,0.00000000,0.00000000,0.00014958,3.16603380,143.37973756,0.08184611,0.03550395,-0.06031209,1.66916916,0.00890519,-0.01841313,-0.03743697,-0.06475529,0.00259592,0.07555977,0.06047129,1.67539306,113.15340868,4.32128514,1.46277108,0.07296385,19.48003184,2433.62040161,132.24899598,41.47791165,108.12851406,0.35377510,2.34877912,2.46648996,0.74555823,4.02425141,0.47371486,1.03066338,0.04166924,1.72093173,9.64555835,0.04330964,0.12850723,0.32196221,0.38472222,0.03364211,0.00784916,0.09695128,0.02269727,0.21629699,0.06107182,0.26146183,0.07031878,12.17738583,5.18455982,7.07604238,5.20669747,0.93126264,2.09489777,0.07871659,40.87712921,0.12251294,1428.70446673,2.00416332,929.35883590
Hf50Zr253Ta253Nb253Cr189,BCC+HCP,vacuum arc melting,,1,298.15000000,993.00000000,1177.00000000,10.15000000,,https://doi.org/10.1016/j.jallcom.2022.166593,Effect of Cr content on microstructure characteristics and mechanical properties of ZrNbTaHf0.2Crx refractory high entropy alloy,2023,S9,Hf50Zr253Ta253Nb253Cr189,0.05000000,0.25400000,0.25400000,0.25400000,0.18900000,0.00000000,0.00000000,0.00000000,0.00000000,0.00000000,0.00000000,0.00000000,0.00000000,0.00000000,0.00000000,0.00013003,3.10373211,171.80616164,0.29576988,0.27663747,0.09803648,1.63527263,0.06871838,0.03331547,0.04958597,0.01418306,0.04328451,0.22869207,0.24583691,1.64242442,111.33924116,4.88577154,1.50253507,0.18773673,18.31720099,2609.04208417,153.05711423,58.26553106,147.50000000,0.33209419,2.52406313,2.77733968,1.12936072,3.00686814,0.73267635,0.93300637,0.20234469,1.64797896,10.09342453,0.07273121,0.20358937,0.52476620,0.52485384,0.05682997,0.01639549,0.16104029,0.04622311,0.34297291,0.08960261,0.37685010,0.10665067,16.75863760,6.63954773,10.16920606,3.79067738,0.61543363,1.99443419,0.29932264,4.93682887,0.11427566,3471.49433647,3.48166516,2631.89377805
Hf57Zr285Ta285(Nb57Cr17)5,BCC+HCP,vacuum arc melting,,1,298.15000000,855.00000000,985.00000000,10.55000000,,https://doi.org/10.1016/j.jallcom.2022.166593,Effect of Cr content on microstructure characteristics and mechanical properties of ZrNbTaHf0.2Crx refractory high entropy alloy,2023,S9,Hf57Zr285Ta285(Nb57Cr17)5,0.05700000,0.28600000,0.28600000,0.28600000,0.08500000,0.00000000,0.00000000,0.00000000,0.00000000,0.00000000,0.00000000,0.00000000,0.00000000,0.00000000,0.00000000,0.00012468,3.14619650,163.18732893,0.19352555,0.17182937,0.06273224,1.65964606,0.05134711,0.01848138,0.02965092,-0.00321480,0.04617779,0.20240184,0.21360585,1.66489561,118.99789629,4.74222668,1.48219659,0.15839071,19.14851264,2664.01404213,151.88064193,50.96790371,130.58274824,0.34778335,2.55258375,2.68367402,1.04540321,3.29703711,0.62773821,0.96055398,0.17416249,1.63827081,10.31938063,0.05890970,0.16683624,0.47597732,0.49963222,0.04537486,0.01469695,0.13078472,0.04252618,0.29301871,0.08453543,0.34352571,0.10643126,14.87815517,5.82866484,9.08162134,4.27514840,0.69525085,2.06646572,0.23019814,6.46863115,0.11191758,2441.51778227,2.85480983,1767.47205251
Hf6Ta5Ti3Nb5Mo,BCC,vacuum arc melting,,1,298.15000000,964.00000000,,50.00000000,,https://doi.org/10.1016/j.msea.2022.144035,A novel Hf30Nb25Ta25Ti15Mo5 refractory high entropy alloy with excellent combination of strength and ductility,2022,S9,Hf6Ta5Ti3Nb5Mo,0.30000000,0.25000000,0.15000000,0.25000000,0.05000000,0.00000000,0.00000000,0.00000000,0.00000000,0.00000000,0.00000000,0.00000000,0.00000000,0.00000000,0.00000000,0.00012829,3.13897684,170.35722986,0.09393663,0.05432845,-0.03454002,1.65679987,0.03724057,0.00076655,-0.00236761,-0.03884163,0.03458088,0.15705850,0.16404245,1.66107513,133.98761500,4.60000000,1.50400000,0.12418257,19.05016618,2697.75000000,155.15000000,48.15000000,130.00000000,0.35950000,2.57415000,2.68655000,0.96255000,3.96272000,0.60650000,1.05982455,0.10300000,1.72400000,11.67925880,0.03683365,0.11515265,0.47315005,0.47173982,0.02819958,0.01091962,0.08565663,0.03320886,0.27612017,0.08547400,0.28653930,0.09059375,14.03147019,5.45091397,8.13890382,4.42959604,0.86146087,2.12256050,0.07713589,9.29316318,0.11051802,1458.07532158,2.13329394,969.24243195
Hf90Zr181Ti363(NbV)181,BCC,CAST,3.04192000,1,298.15000000,980.00000000,,50.00000000,,10.1007/s40195-019-00921-3,A Novel Series of Refractory High-Entropy Alloys Ti2ZrHf0.5VNbx with High Specific Yield Strength and Good Ductility,2019,S5,Hf90Zr181Ti363(NbV)181,0.09000000,0.18200000,0.36400000,0.18200000,0.18200000,0.00000000,0.00000000,0.00000000,0.00000000,0.00000000,0.00000000,0.00000000,0.00000000,0.00000000,0.00000000,0.00013054,3.09904933,138.05689506,0.22033517,0.16936371,0.02190580,1.63862467,0.05564663,0.01388239,0.00467517,-0.03708907,0.00331785,0.07783583,0.07144411,1.63994640,76.29300329,4.36345382,1.50740964,0.07451798,18.43007399,2217.03212851,125.44377510,40.19076305,103.84337349,0.35177711,2.28595080,2.54790361,0.69244880,4.42802108,0.47939960,0.90255601,0.03633534,1.85545482,6.87396041,0.05643127,0.16853468,0.14372549,0.20814424,0.04322673,0.01178023,0.12744024,0.03496603,0.11602435,0.03693196,0.17535545,0.05406239,11.58357393,5.06728925,6.24298356,5.31478045,1.01479728,2.08535849,0.16343009,5.20076505,0.13448159,1975.26145761,2.19465523,1325.43910668
Hf95Zr190Ti380(Nb71V95)2,BCC,CAST,3.12522000,1,298.15000000,1025.00000000,,50.00000000,,10.1007/s40195-019-00921-3,A Novel Series of Refractory High-Entropy Alloys Ti2ZrHf0.5VNbx with High Specific Yield Strength and Good Ductility,2019,S5,Hf95Zr190Ti380(Nb71V95)2,0.09500000,0.19100000,0.38100000,0.14200000,0.19100000,0.00000000,0.00000000,0.00000000,0.00000000,0.00000000,0.00000000,0.00000000,0.00000000,0.00000000,0.00000000,0.00012933,3.09934205,136.24786509,0.22727644,0.17386078,0.02238001,1.63917043,0.06014650,0.01826367,0.00673084,-0.03515200,0.00058046,0.06700313,0.05775613,1.64010130,75.57689163,4.33299900,1.50280843,0.06642267,18.44849501,2191.81544634,123.30992979,40.28686058,103.76128385,0.34949850,2.26832999,2.54121364,0.66676530,4.53276028,0.47008826,0.91972988,0.02367101,1.87444835,6.80263982,0.05777242,0.17237895,0.14640835,0.21334516,0.04439592,0.01261852,0.13084586,0.03745303,0.11872553,0.03899224,0.17992538,0.05773946,11.61513790,5.12056797,6.19656334,5.40582233,1.04610231,2.07455092,0.16689954,4.71301973,0.13602879,2026.34250242,2.22773172,1366.33046928
Hf9NbCo9Mo,MIX,vacuum arc melting,,1,295.15000000,640.00000000,1165.00000000,15.00000000,,https://doi.org/10.1016/j.jallcom.2022.167013,Mechanical properties of (HfCo)100−x(NbMo)x refractory high-entropy alloys with a dual-phase bcc-B2 structure,2022,S9,Hf9NbCo9Mo,0.45000000,0.05000000,0.45000000,0.05000000,0.00000000,0.00000000,0.00000000,0.00000000,0.00000000,0.00000000,0.00000000,0.00000000,0.00000000,0.00000000,0.00000000,0.00008774,2.97298014,204.78198365,0.33127004,0.19601887,-0.06337937,1.57585918,-0.03044874,-0.05450558,-0.16569991,-0.18975676,0.03687115,0.03871690,0.25453421,1.57323345,116.28275675,6.40000000,1.61900000,0.00184575,16.39233518,2205.60000000,152.60000000,55.90000000,150.85000000,0.34150000,2.41710000,2.59700000,0.67335000,4.55322500,0.36235000,1.02348460,-0.08413550,1.92365000,11.77941947,0.10994871,0.32892618,0.48840486,0.49615749,0.08772456,0.04101196,0.25598138,0.11950314,0.35911179,0.16355277,0.37301766,0.17082405,15.49408901,6.41019776,8.05452604,7.16710363,0.71144141,2.03720577,0.52337856,6.35588850,0.13381846,6495.23075840,4.17453232,5112.69743546
HfNb3CoMo3,MIX,vacuum arc melting,,1,295.15000000,1280.00000000,1975.00000000,5.00000000,,https://doi.org/10.1016/j.jallcom.2022.167013,Mechanical properties of (HfCo)100−x(NbMo)x refractory high-entropy alloys with a dual-phase bcc-B2 structure,2022,S9,HfNb3CoMo3,0.12500000,0.37500000,0.12500000,0.37500000,0.00000000,0.00000000,0.00000000,0.00000000,0.00000000,0.00000000,0.00000000,0.00000000,0.00000000,0.00000000,0.00000000,0.00010819,3.01223152,214.95079468,0.14983906,0.11226929,-0.03386887,1.58532186,-0.06613490,-0.08530299,-0.10370467,-0.12287276,0.10131709,0.33117063,0.40320676,1.59400439,100.49529187,5.75000000,1.80750000,0.22985354,16.68940876,2651.50000000,202.00000000,74.75000000,198.62500000,0.35125000,2.71350000,2.93825000,1.36787500,2.43601250,0.85862500,0.80595625,0.24385125,1.57037500,9.99894451,0.06128582,0.18030733,0.55834816,0.53974912,0.04686563,0.01451787,0.13888533,0.04301823,0.41848665,0.17030759,0.40959448,0.16537059,20.84325193,7.68131636,13.27278639,3.42204105,0.42365435,2.08285164,0.32535723,4.33754858,0.11131435,4013.39404463,3.86336959,3113.85392304
HfTaTiNbCr,MIX,arc melting,,1,298.15000000,1258.00000000,,18.60000000,,https://doi.org/10.1007/s11837-020-04557-y,Microstructure and Mechanical Properties of a New Refractory Equiatomic CrHfNbTaTi High-Entropy Alloy,2021,S9,HfTaTiNbCr,0.20000000,0.20000000,0.20000000,0.20000000,0.20000000,0.00000000,0.00000000,0.00000000,0.00000000,0.00000000,0.00000000,0.00000000,0.00000000,0.00000000,0.00000000,0.00013869,3.05625256,176.23826726,0.28076773,0.24361481,0.04156270,1.61190140,0.08567743,0.04391924,0.04852451,0.00676633,0.02781844,0.19149076,0.20479410,1.61729932,110.44147200,4.80000000,1.52000000,0.16367231,17.54300665,2533.40000000,149.80000000,58.80000000,152.80000000,0.32800000,2.47960000,2.82080000,1.05720000,3.44712000,0.75280000,1.00547700,0.14800000,1.76360000,10.45388100,0.06527370,0.18234754,0.52179576,0.47430986,0.05075744,0.01556040,0.14360622,0.04331826,0.33866486,0.09363205,0.32646543,0.08612572,16.67065379,6.72312219,9.45262746,3.74707758,0.71815000,1.97619048,0.23027266,4.10094960,0.11768769,2987.81656993,3.10765975,2208.32297945
HfTaTiNbMo,BCC,spark plasma sintering (SPS),,1,298.15000000,2230.00000000,,27.36750000,,https://doi.org/10.1016/j.msea.2024.146830,Achieved strength-plastic trade-off in HfMoNbTaTi refractory high-entropy alloy via powder metallurgy process,2024,S9,HfTaTiNbMo,0.20000000,0.20000000,0.20000000,0.20000000,0.20000000,0.00000000,0.00000000,0.00000000,0.00000000,0.00000000,0.00000000,0.00000000,0.00000000,0.00000000,0.00000000,0.00013869,3.09012376,180.71553924,0.07362192,0.03646900,-0.06645961,1.63059560,0.00244900,-0.03463636,-0.03470392,-0.07178927,0.07469424,0.23341703,0.24231096,1.63522319,119.23025200,4.80000000,1.62000000,0.15872279,18.16048351,2676.60000000,171.80000000,61.00000000,162.80000000,0.34800000,2.61960000,2.81060000,1.10920000,3.49248000,0.72800000,1.04221020,0.15200000,1.70140000,10.90205701,0.03901897,0.12229383,0.56977532,0.55543202,0.02916676,0.00879751,0.08759775,0.02656454,0.35563650,0.10025706,0.35664531,0.09822612,17.49495921,6.67848496,10.28268438,3.86071429,0.72760000,2.06748466,0.08854565,151.58009512,0.11139132,1932.54957759,2.63524776,1369.78001402
HfTaTiNbV,BCC,vacuum arc remelting,,1,298.15000000,1350.00000000,,45.00000000,,https://doi.org/10.1016/j.jmst.2020.10.073,A novel HfNbTaTiV high-entropy alloy of superior mechanical properties designed on the principle of maximum lattice distortion,2021,S9,HfTaTiNbV,0.20000000,0.20000000,0.20000000,0.20000000,0.20000000,0.00000000,0.00000000,0.00000000,0.00000000,0.00000000,0.00000000,0.00000000,0.00000000,0.00000000,0.00000000,0.00013869,3.08055485,165.78407039,0.19815399,0.16100107,0.01092948,1.62690608,0.05296431,0.01165083,0.01581139,-0.02550209,0.02699347,0.15735736,0.15332775,1.63015954,110.23055200,4.60000000,1.51400000,0.13036390,18.03748807,2534.00000000,149.40000000,45.20000000,122.60000000,0.36000000,2.54400000,2.72540000,0.96720000,4.18400000,0.58560000,1.01950300,0.11800000,1.75820000,10.14787991,0.05026589,0.14912105,0.27326368,0.29161894,0.03832350,0.01094975,0.11341162,0.03199601,0.19711203,0.05469802,0.20945569,0.05803771,12.93414575,5.08417679,7.35647011,4.65403005,0.90956522,2.12500000,0.12016304,6.63544958,0.11765983,1934.96864471,2.25447823,1309.71318408
HfTiNbV,BCC,vacuum arc melting,,1,298.15000000,958.00000000,,50.00000000,,https://doi.org/10.1016/j.jallcom.2022.166986,Microstructure evolution and mechanical properties of NbHfTiVCx novel refractory high entropy alloys with variable carbon content,2022,S9,HfTiNbV,0.25000000,0.25000000,0.25000000,0.25000000,0.00000000,0.00000000,0.00000000,0.00000000,0.00000000,0.00000000,0.00000000,0.00000000,0.00000000,0.00000000,0.00000000,0.00011946,3.07424766,157.99431270,0.23068696,0.18424581,0.01001181,1.62516053,0.06108812,0.01579330,0.01464697,-0.03064785,0.01288615,0.12740037,0.11557139,1.62682192,92.55122000,4.50000000,1.51750000,0.11451422,17.97949154,2345.00000000,136.75000000,39.75000000,106.75000000,0.36500000,2.39250000,2.63575000,0.83400000,4.42000000,0.55050000,0.88014800,0.07250000,1.80175000,8.54779575,0.05617655,0.16721902,0.16340102,0.17315964,0.04334798,0.01399132,0.12818388,0.04097330,0.13227140,0.04410715,0.14118684,0.04852033,11.36240413,4.74917623,6.30631560,4.78792007,0.98222222,2.14960630,0.15109044,4.58579264,0.12714286,2013.11352574,2.14953198,1341.60234005
HfZr2(Ti2V)2,BCC,CAST,3.31534000,1,298.15000000,1160.00000000,,50.00000000,,10.1007/s40195-019-00921-3,A Novel Series of Refractory High-Entropy Alloys Ti2ZrHf0.5VNbx with High Specific Yield Strength and Good Ductility,2019,S5,HfZr2(Ti2V)2,0.11100000,0.22200000,0.44400000,0.22200000,0.00000000,0.00000000,0.00000000,0.00000000,0.00000000,0.00000000,0.00000000,0.00000000,0.00000000,0.00000000,0.00000000,0.00010968,3.10310100,129.57520271,0.26980979,0.20752275,0.02453994,1.64122426,0.07486214,0.03169002,0.01257510,-0.03059701,-0.00227026,0.03460376,0.00775991,1.64209045,72.69877778,4.22222222,1.48666667,0.03687402,18.51792809,2099.11111111,115.55555556,40.66666667,103.55555556,0.34111111,2.20411111,2.51733333,0.57322222,4.91088889,0.43622222,0.98245467,-0.02222222,1.94411111,6.51904697,0.06225389,0.18505139,0.15465543,0.23077900,0.04831606,0.01587767,0.14222839,0.04711839,0.12733983,0.04678038,0.19522336,0.07199446,11.73933071,5.32610659,6.03840523,5.77075904,1.16310526,2.03541315,0.21367135,3.07532346,0.14203631,2191.98111337,2.33665121,1500.38086708
HfZr2Ti4NbV2,BCC,CAST,3.16050000,1,298.15000000,1065.00000000,,50.00000000,,10.1007/s40195-019-00921-3,A Novel Series of Refractory High-Entropy Alloys Ti2ZrHf0.5VNbx with High Specific Yield Strength and Good Ductility,2019,S5,HfZr2Ti4NbV2,0.10000000,0.20000000,0.40000000,0.10000000,0.20000000,0.00000000,0.00000000,0.00000000,0.00000000,0.00000000,0.00000000,0.00000000,0.00000000,0.00000000,0.00000000,0.00012674,3.09947496,134.26016355,0.23425392,0.17819559,0.02254235,1.63966499,0.06451750,0.02278746,0.00845917,-0.03327087,-0.00233956,0.05528094,0.04279618,1.64017163,74.71953800,4.30000000,1.49800000,0.05762050,18.46519839,2164.20000000,121.00000000,40.40000000,103.70000000,0.34700000,2.24920000,2.53410000,0.63890000,4.64540000,0.46000000,0.93841480,0.01000000,1.89520000,6.71938606,0.05914802,0.17632397,0.14900908,0.21867116,0.04559515,0.01356318,0.13433282,0.04025457,0.12141053,0.04127667,0.18462261,0.06187667,11.65127147,5.18018472,6.14777938,5.50891304,1.08032558,2.06278714,0.17059163,4.25156480,0.13776453,2078.45551210,2.26140752,1408.20713666
HfZrScTaMo,BCC,vacuum arc melting,,1,298.15000000,1778.00000000,,27.00000000,,https://doi.org/10.1016/j.ijrmhm.2021.105568,Microstructure and mechanical properties of a novel refractory high entropy alloy HfMoScTaZr,2021,S9,HfZrScTaMo,0.20000000,0.20000000,0.20000000,0.20000000,0.20000000,0.00000000,0.00000000,0.00000000,0.00000000,0.00000000,0.00000000,0.00000000,0.00000000,0.00000000,0.00000000,0.00013869,3.21523996,142.08569504,0.10697955,0.08291824,-0.01649678,1.69846972,0.03185989,0.01555914,0.00779858,-0.00850217,0.03639628,0.12320925,0.14182698,1.70143184,118.31155840,4.40000000,1.53000000,0.09519603,20.52400125,2526.80000000,146.00000000,57.00000000,146.80000000,0.32800000,2.32360000,2.49780000,0.91180000,4.08788000,0.60420000,1.07268300,0.07544540,1.58600000,9.57226110,0.05786071,0.17096401,0.65408252,0.68888578,0.04569330,0.01222895,0.13574111,0.03604192,0.39883791,0.11049762,0.43005945,0.11453109,17.02822958,7.32838250,10.73658864,4.13406157,0.92906364,1.97619048,0.18559876,10.99951802,0.11799509,2657.81363562,3.37617950,2001.68584710
HfZrTaNb,BCC,ANNEAL,5.59580000,1,298.15000000,2310.00000000,,5.86000000,,10.1016/j.actamat.2016.01.018,Structural-disorder and its effect on mechanical properties in single-phase TaNbHfZr high-entropy alloy,2016,S5,HfZrTaNb,0.25000000,0.25000000,0.25000000,0.25000000,0.00000000,0.00000000,0.00000000,0.00000000,0.00000000,0.00000000,0.00000000,0.00000000,0.00000000,0.00000000,0.00000000,0.00011946,3.19907352,156.38858644,0.10887002,0.06876784,-0.00030339,1.69318979,0.07725453,0.03600691,0.03715235,-0.00409527,-0.00490812,0.10317516,0.13007271,1.69287693,135.89206500,4.50000000,1.43250000,0.10808328,20.33319060,2668.50000000,142.75000000,42.00000000,109.00000000,0.36250000,2.49950000,2.54850000,0.86375000,4.01675000,0.51750000,0.99515975,0.08500000,1.68475000,11.09782725,0.03968691,0.12032596,0.35033188,0.42712310,0.03149123,0.00858743,0.09496634,0.02564496,0.23085955,0.08168124,0.28604418,0.09600362,12.50811209,5.00424569,7.42431345,4.92463768,0.89261111,2.13725490,0.08862862,4.12640232,0.11172944,1361.05341614,2.05462026,893.17280303
HfZrTaNbMo,BCC,CAST,,1,298.15000000,1524.00000000,,16.00000000,,10.3390/e21010015,Effects of Mo  Nb  Ta  Ti  and Zr on Mechanical Properties of Equiatomic Hf-Mo-Nb-Ta-Ti-Zr Alloys,2018,S5,HfZrTaNbMo,0.20000000,0.20000000,0.20000000,0.20000000,0.20000000,0.00000000,0.00000000,0.00000000,0.00000000,0.00000000,0.00000000,0.00000000,0.00000000,0.00000000,0.00000000,0.00013869,3.14287968,177.37065726,0.09007462,0.05799288,-0.03122316,1.65990718,0.02170854,-0.01462408,-0.01037321,-0.04670582,0.05648054,0.22109894,0.24546232,1.66314042,127.90165200,4.80000000,1.57800000,0.16461840,19.15755226,2714.00000000,168.60000000,58.80000000,153.00000000,0.35200000,2.59960000,2.72960000,1.09900000,3.41088000,0.69900000,0.97663320,0.15600000,1.63060000,11.08627198,0.04997143,0.15233464,0.61369820,0.63630732,0.03887470,0.00963185,0.11594333,0.02845751,0.37653403,0.10563930,0.40869708,0.10844692,17.16714054,6.60376233,10.52811269,3.90500715,0.71060000,2.08641975,0.14488578,17.33909104,0.10985630,2527.25727373,3.12116850,1869.82315773
HfZrTaTi2Nb2VMoW,BCC,vacuum arc melting,,1,298.15000000,1700.00000000,,30.00000000,,https://doi.org/10.1002/adem.202100225,Effect of Ti and Nb Contents on Microstructure and Mechanical Properties of HfZrVTaMoWTixNby Refractory High-Entropy Alloys,2021,S9,HfZrTaTi2Nb2VMoW,0.10000000,0.10000000,0.10000000,0.20000000,0.20000000,0.10000000,0.10000000,0.10000000,0.00000000,0.00000000,0.00000000,0.00000000,0.00000000,0.00000000,0.00000000,0.00017453,3.07217911,177.23337973,0.13130218,0.09824009,-0.01762388,1.62216235,0.01889347,-0.01698652,-0.01416862,-0.05004861,0.05057791,0.21750872,0.24143068,1.62572729,106.29301400,4.80000000,1.65600000,0.16693080,17.88016662,2608.00000000,169.70000000,62.80000000,164.10000000,0.34500000,2.61500000,2.83980000,1.13950000,3.44949000,0.74580000,0.95063470,0.16900000,1.70030000,9.87148646,0.04966552,0.15230751,0.67192169,0.66305097,0.03739476,0.00572317,0.11039511,0.01685631,0.36568224,0.06311882,0.37939214,0.06287219,17.91805208,6.85202756,10.53817096,3.80772325,0.71864375,2.05343511,0.13155747,24.09148576,0.11432132,2641.80671158,3.07797940,1948.16027617
HfZrTaTi2NbVMoW,MIX,vacuum arc melting,,1,298.15000000,1770.00000000,,13.50000000,,https://doi.org/10.1002/adem.202100225,Effect of Ti and Nb Contents on Microstructure and Mechanical Properties of HfZrVTaMoWTixNby Refractory High-Entropy Alloys,2021,S9,HfZrTaTi2NbVMoW,0.11100000,0.11100000,0.11100000,0.22200000,0.11100000,0.11100000,0.11100000,0.11100000,0.00000000,0.00000000,0.00000000,0.00000000,0.00000000,0.00000000,0.00000000,0.00017598,3.06991557,177.32322068,0.14223684,0.10550118,-0.01869077,1.62200634,0.03291581,-0.00350283,-0.00381985,-0.04023849,0.04353106,0.20186097,0.22816574,1.62452948,107.78041778,4.77777778,1.66222222,0.15832991,17.87500819,2592.22222222,169.66666667,65.55555556,170.66666667,0.33888889,2.61055556,2.85700000,1.12944444,3.58210000,0.75377778,0.99603233,0.15444444,1.72755556,10.01251102,0.05235342,0.16059686,0.66534869,0.66091857,0.03963414,0.00649443,0.11694375,0.01926405,0.37931994,0.06790390,0.39563497,0.07027412,18.70246636,7.16417098,10.82597101,3.79024175,0.74974186,2.02521008,0.13913319,13.85886863,0.11501715,2905.52083308,3.29705964,2176.81253147
HfZrTaTiMo,BCC,CAST,5.31160000,1,298.15000000,1600.00000000,1743.00000000,4.00000000,,10.1016/j.intermet.2015.03.013,Enhanced mechanical properties of HfMoTaTiZr and HfMoNbTaTiZr refractory high-entropy alloys,2015,S5,HfZrTaTiMo,0.20000000,0.20000000,0.20000000,0.20000000,0.20000000,0.00000000,0.00000000,0.00000000,0.00000000,0.00000000,0.00000000,0.00000000,0.00000000,0.00000000,0.00000000,0.00013869,3.13830819,164.38295936,0.12991549,0.08081252,-0.04597909,1.65648758,0.05807388,0.01842665,0.00897092,-0.03067631,0.02092263,0.12908237,0.15984571,1.66072129,118.89377600,4.60000000,1.56600000,0.10815974,19.03939589,2552.20000000,156.00000000,60.00000000,155.20000000,0.33600000,2.48860000,2.69580000,0.92600000,3.96548000,0.64320000,1.09743540,0.07600000,1.76980000,10.36944112,0.05071719,0.15555104,0.59113826,0.62090673,0.03939552,0.00956216,0.11764321,0.02823000,0.36955041,0.10295708,0.40604176,0.10669234,17.48140236,7.02459309,9.87761462,4.19123134,0.86206087,2.01204819,0.14664389,6.09510122,0.11682078,2526.41463183,3.13288829,1870.83978752
HfZrTaTiNb,BCC,vacuum arc remelting,,1,298.15000000,900.00000000,,44.50000000,,https://doi.org/10.1016/j.jmst.2020.10.073,A novel HfNbTaTiV high-entropy alloy of superior mechanical properties designed on the principle of maximum lattice distortion,2021,S9,HfZrTaTiNb,0.20000000,0.20000000,0.20000000,0.20000000,0.20000000,0.00000000,0.00000000,0.00000000,0.00000000,0.00000000,0.00000000,0.00000000,0.00000000,0.00000000,0.00000000,0.00013869,3.17523461,147.40813347,0.13576187,0.08665891,-0.00835625,1.67773632,0.07318701,0.03022910,0.02408404,-0.01887386,-0.01449557,0.06438016,0.08982691,1.68026192,118.28705200,4.40000000,1.45400000,0.07887573,19.78152303,2523.00000000,135.60000000,42.40000000,110.40000000,0.35400000,2.41960000,2.54200000,0.76400000,4.21920000,0.49300000,1.02534120,0.04800000,1.77800000,9.92948848,0.04023782,0.12397709,0.31096320,0.37803765,0.03151117,0.00769545,0.09503376,0.02299041,0.20925790,0.06205392,0.26052880,0.07254599,12.51199020,5.17109861,7.03711485,5.15618661,0.95890909,2.09597523,0.08124698,4.78112767,0.11817281,1393.18123849,2.03193714,910.69859273
HfZrTaTiNb2VMoW,MIX,vacuum arc melting,,1,298.15000000,1720.00000000,,14.00000000,,https://doi.org/10.1002/adem.202100225,Effect of Ti and Nb Contents on Microstructure and Mechanical Properties of HfZrVTaMoWTixNby Refractory High-Entropy Alloys,2021,S9,HfZrTaTiNb2VMoW,0.11100000,0.11100000,0.11100000,0.11100000,0.22200000,0.11100000,0.11100000,0.11100000,0.00000000,0.00000000,0.00000000,0.00000000,0.00000000,0.00000000,0.00000000,0.00017598,3.07549390,184.53860841,0.12940034,0.10212092,-0.01364317,1.62316261,0.01128311,-0.02365317,-0.01599631,-0.05093259,0.05866054,0.24835637,0.27545279,1.62748140,112.78479333,4.88888889,1.66888889,0.18969583,17.91326282,2682.11111111,176.66666667,64.88888889,169.44444444,0.34777778,2.67222222,2.87577778,1.22555556,3.27398889,0.78477778,0.92892000,0.19888889,1.65022222,10.45502906,0.05229942,0.16006864,0.67786595,0.66948347,0.03964870,0.00649486,0.11697743,0.01924364,0.38413331,0.07367374,0.39835807,0.07351988,18.52546853,6.93260777,11.22604476,3.66444853,0.66967955,2.06643952,0.13835748,41.83194015,0.11116243,2941.35376954,3.30748058,2205.20885097
HfZrTaTiNbAl,BCC,CAST,4.32180000,1,298.15000000,1489.00000000,1900.00000000,21.00000000,,10.1016/j.jallcom.2014.11.064,Effect of Al addition on mechanical properties and microstructure of refractory AlxHfNbTaTiZr alloys,2015,S5,HfZrTaTiNbAl,0.16700000,0.16700000,0.16700000,0.16700000,0.16700000,0.16700000,0.00000000,0.00000000,0.00000000,0.00000000,0.00000000,0.00000000,0.00000000,0.00000000,0.00000000,0.00015454,3.14726863,135.46681701,0.05160103,0.01068190,-0.10768610,1.65352560,-0.05411830,-0.07457014,-0.09503744,-0.11548927,-0.00426086,0.05709036,0.04146766,1.66546296,103.06946643,4.16666667,1.48000000,0.06135122,18.93744488,2258.05333333,125.66666667,39.66666667,103.66666667,0.35333333,2.20966667,2.31816667,0.70933333,3.64131667,0.43583333,1.04111767,0.02923383,1.60883333,9.03770247,0.04770089,0.13576954,0.34031020,0.39517149,0.03672946,0.00784887,0.09899321,0.02167035,0.22558746,0.05802778,0.26006507,0.06518230,11.53648390,5.22091593,7.17071412,5.31892925,0.87391600,2.09278351,0.07811010,6.44801061,0.13203851,1468.24854191,1.93151386,942.29350681
HfZrTaTiNbMo,BCC,CAST,4.94900000,1,298.15000000,1512.00000000,1800.00000000,12.00000000,,10.1016/j.matlet.2016.03.133,Solution strengthening of ductile refractory HfMoxNbTaTiZr high-entropy alloys,2016,S5,HfZrTaTiNbMo,0.16700000,0.16700000,0.16700000,0.16700000,0.16700000,0.16700000,0.00000000,0.00000000,0.00000000,0.00000000,0.00000000,0.00000000,0.00000000,0.00000000,0.00000000,0.00015454,3.13022485,166.38993465,0.10607677,0.06515763,-0.03824285,1.65183047,0.03222071,-0.00668414,-0.00869843,-0.04760328,0.03662565,0.16748190,0.19294543,1.65644378,114.56254333,4.66666667,1.57166667,0.13085625,18.87926262,2585.16666667,158.33333333,56.33333333,146.83333333,0.34666667,2.51633333,2.69400000,0.97666667,3.68056667,0.64833333,1.00487217,0.11333333,1.71733333,10.07643743,0.04713014,0.14558312,0.59289823,0.61250352,0.03619492,0.00777022,0.10813385,0.02306140,0.34470306,0.08843871,0.37475504,0.09026853,16.36695002,6.50428534,9.53044450,4.15526992,0.78869286,2.06122449,0.11810094,12.39907220,0.11533106,2242.60199847,2.83600937,1620.73903859
HfZrTaTiNbMoW,BCC,CAST,,1,298.15000000,1637.00000000,,15.50000000,,10.1016/j.jallcom.2019.06.138,Microstructures and mechanical properties of HfNbTaTiZrW and HfNbTaTiZrMoW refractory high-entropy alloys,2019,S5,HfZrTaTiNbMoW,0.14300000,0.14300000,0.14300000,0.14300000,0.14300000,0.14300000,0.14300000,0.00000000,0.00000000,0.00000000,0.00000000,0.00000000,0.00000000,0.00000000,0.00000000,0.00016777,3.10227676,185.39729546,0.09614350,0.06106995,-0.03093854,1.63878613,0.03084431,-0.00556987,-0.00422923,-0.04064341,0.04911770,0.22254045,0.26533228,1.64165428,124.45932286,4.85714286,1.68428571,0.17342275,18.43552234,2743.71428571,180.00000000,71.28571429,184.57142857,0.33714286,2.68185714,2.88128571,1.21000000,3.25212857,0.81085714,1.00417614,0.17428571,1.67128571,11.21040701,0.04864664,0.15095916,0.67241562,0.67405041,0.03708607,0.00729019,0.11010796,0.02154664,0.42396782,0.08145977,0.44246922,0.08151957,20.54762439,7.66171474,12.29450130,3.55338266,0.66955588,2.01724138,0.12689689,14.92348892,0.10866656,2893.99183592,3.53890705,2201.63159126
HfZrTaTiNbW,BCC,arc melting,5.72320000,1,298.15000000,1726.00000000,,20.70000000,,https://doi.org/10.1016/j.jallcom.2022.165187,Microstructures and mechanical properties of TiZrHfNbTaWx refractory high entropy alloys,2022,S9,HfZrTaTiNbW,0.16700000,0.16700000,0.16700000,0.16700000,0.16700000,0.16700000,0.00000000,0.00000000,0.00000000,0.00000000,0.00000000,0.00000000,0.00000000,0.00000000,0.00000000,0.00015454,3.13241999,172.74702127,0.12597958,0.08506045,-0.01228181,1.65737471,0.05824343,0.01939425,0.01732429,-0.02152488,0.01297537,0.15017544,0.19521166,1.65760539,129.21254333,4.66666667,1.60500000,0.13720006,19.07000182,2718.33333333,164.66666667,62.16666667,160.50000000,0.34166667,2.62883333,2.78583333,1.07166667,3.62958333,0.70850000,1.02111767,0.13000000,1.71416667,11.25131631,0.04577256,0.14031788,0.73687535,0.73724789,0.03528633,0.00763477,0.10508842,0.02261139,0.38316388,0.10222571,0.40702110,0.10237562,18.12237543,6.89369508,10.57211984,3.93201600,0.77776786,2.03797468,0.11358380,7.21259465,0.10968118,2320.83880433,3.06136998,1709.26526083
HfZrTiNb,BCC,CAST,3.43980000,1,298.15000000,1000.00000000,,52.00000000,,10.1007/s12598-019-01310-6,Microstructure and mechanical properties of NbZrTi and NbHfZrTi alloys,2019,S5,HfZrTiNb,0.25000000,0.25000000,0.25000000,0.25000000,0.00000000,0.00000000,0.00000000,0.00000000,0.00000000,0.00000000,0.00000000,0.00000000,0.00000000,0.00000000,0.00000000,0.00011946,3.19748986,135.02439155,0.14722703,0.08584833,-0.02609310,1.69023213,0.07140231,0.02440272,0.01002361,-0.03697598,-0.02310184,0.02705218,0.03799173,1.69203889,102.62184500,4.25000000,1.44250000,0.05015401,20.22682280,2331.25000000,119.50000000,36.25000000,91.50000000,0.35750000,2.23700000,2.40650000,0.58000000,4.46400000,0.43475000,0.88744575,-0.01500000,1.82650000,8.42483769,0.04139591,0.12522493,0.14646042,0.21617531,0.03284524,0.00892254,0.09872548,0.02657059,0.11215883,0.03488936,0.17125063,0.04996848,10.77683411,4.81753872,5.90026505,5.53536515,1.05035294,2.11284047,0.08708217,3.90036175,0.12789276,1220.08385209,1.79779563,761.61441358
HfZrTiNbCr,BCC,ANNEAL,,1,298.15000000,1420.00000000,1885.00000000,3.60000000,,10.1016/j.ijrmhm.2014.07.009,Experimental and theoretical study of Ti20Zr20Hf20Nb20X20 (X=V or Cr) refractory high-entropy alloys,2014,S5,HfZrTiNbCr,0.20000000,0.20000000,0.20000000,0.20000000,0.20000000,0.00000000,0.00000000,0.00000000,0.00000000,0.00000000,0.00000000,0.00000000,0.00000000,0.00000000,0.00000000,0.00013869,3.10588909,155.80202938,0.33172580,0.28262284,0.06291820,1.64161072,0.08181798,0.03868025,0.03271502,-0.01042271,-0.00404640,0.11917810,0.13395197,1.64356585,92.49669600,4.60000000,1.48600000,0.12322450,18.53101249,2301.00000000,128.00000000,52.00000000,129.00000000,0.32800000,2.24960000,2.62620000,0.82000000,3.72332000,0.65760000,0.85372880,0.07200000,1.80620000,8.28850999,0.07605248,0.21174881,0.61261396,0.59735209,0.06003923,0.01784532,0.17050295,0.04982123,0.33158386,0.10569215,0.34412683,0.10398936,15.01448211,6.67428970,8.31274616,3.99361314,0.80941739,1.97619048,0.28758198,3.90045181,0.12957410,3225.08663901,3.20726850,2401.20384733
HfZrTiNbMo,BCC,ANNEAL,,1,298.15000000,1575.00000000,1640.00000000,13.00000000,,10.1016/j.matdes.2015.05.019,Microstructure and mechanical properties of refractory MoNbHfZrTi high-entropy alloy,2015,S5,HfZrTiNbMo,0.20000000,0.20000000,0.20000000,0.20000000,0.20000000,0.00000000,0.00000000,0.00000000,0.00000000,0.00000000,0.00000000,0.00000000,0.00000000,0.00000000,0.00000000,0.00013869,3.13673492,160.27930136,0.11843962,0.06933665,-0.04881942,1.65594704,0.03372155,-0.00794206,-0.01538141,-0.05704502,0.02478212,0.14305710,0.17020638,1.65988876,101.28547600,4.60000000,1.58600000,0.11827498,19.02076306,2444.20000000,150.00000000,54.20000000,139.00000000,0.34800000,2.38960000,2.61600000,0.87200000,3.76868000,0.63280000,0.89046200,0.07600000,1.74400000,8.84236894,0.05080946,0.15575788,0.66813109,0.69520380,0.03945128,0.00955252,0.11757636,0.02824133,0.35011912,0.11211238,0.37554795,0.11532477,15.78638034,6.60628571,9.05182359,4.13400759,0.81927826,2.06748466,0.14017362,10.05255028,0.12198265,2370.61336523,2.88152073,1720.19346371
HfZrTiNbV,BCC,ANNEAL,,1,298.15000000,1120.00000000,1376.00000000,29.80000000,,10.1016/j.ijrmhm.2014.07.009,Experimental and theoretical study of Ti20Zr20Hf20Nb20X20 (X=V or Cr) refractory high-entropy alloys,2014,S5,HfZrTiNbV,0.20000000,0.20000000,0.20000000,0.20000000,0.20000000,0.00000000,0.00000000,0.00000000,0.00000000,0.00000000,0.00000000,0.00000000,0.00000000,0.00000000,0.00000000,0.00013869,3.13063119,145.34783251,0.24050592,0.19140296,0.02349325,1.65451291,0.06430509,0.02008727,0.01520212,-0.02901570,0.00054800,0.09046409,0.08340717,1.65665880,92.28577600,4.40000000,1.48000000,0.08991608,18.97138745,2301.60000000,127.60000000,38.40000000,98.80000000,0.36000000,2.31400000,2.53080000,0.73000000,4.46020000,0.49040000,0.86775480,0.04200000,1.80080000,8.07765069,0.06157526,0.18033713,0.16682935,0.23216779,0.04821883,0.01327323,0.14217207,0.03874206,0.13078180,0.03192217,0.18761209,0.04763597,11.17476038,4.82919636,6.20544223,5.16068515,1.01368182,2.12500000,0.17175433,4.96399803,0.12954032,2118.01162068,2.28661307,1440.03589697
Mn104Al83Cr104(FeNi)104,BCC,CAST,3.78280000,1,298.15000000,1200.00000000,,55.00000000,,10.1016/j.msea.2019.04.104,The microstructure and mechanical properties of novel Al-Cr-Fe-Mn-Ni high-entropy alloys with trimodal distributions of coherent B2 precipitates,2019,S5,Mn104Al83Cr104(FeNi)104,0.20800000,0.16600000,0.20800000,0.20800000,0.20800000,0.00000000,0.00000000,0.00000000,0.00000000,0.00000000,0.00000000,0.00000000,0.00000000,0.00000000,0.00000000,0.00013827,2.66894636,200.72059056,-0.02336408,-0.01496410,-0.09157744,1.43483131,-0.10415997,-0.10621600,-0.09576000,-0.09781603,-0.01211032,0.06017648,0.04381637,1.41234569,50.64651780,6.95991984,1.71629259,0.07228680,12.37345957,1663.76264529,144.36072144,77.89579158,196.71743487,0.27705411,2.00554709,2.58809820,1.25111824,2.19711234,0.84173547,1.32536644,0.06116755,1.33697996,6.79685243,0.03550211,0.15080061,0.34924046,0.32656969,0.02577752,0.00775467,0.09952336,0.02913652,0.31896155,0.09228901,0.30183948,0.08838093,19.65855868,9.80209277,14.70370482,3.07471680,0.31568070,1.76645877,0.07762760,2.20855388,0.17920224,2645.62199482,2.37397337,1819.66362997
Mn217Al130Cr217(FeNi)217,BCC,CAST,3.53780000,1,298.15000000,1130.00000000,,53.00000000,,10.1016/j.msea.2019.04.104,The microstructure and mechanical properties of novel Al-Cr-Fe-Mn-Ni high-entropy alloys with trimodal distributions of coherent B2 precipitates,2019,S5,Mn217Al130Cr217(FeNi)217,0.21700000,0.13000000,0.21700000,0.21700000,0.21700000,0.00000000,0.00000000,0.00000000,0.00000000,0.00000000,0.00000000,0.00000000,0.00000000,0.00000000,0.00000000,0.00013714,2.65656540,206.12752904,-0.02306331,-0.01365186,-0.07878163,1.43096596,-0.07391004,-0.07653057,-0.06449859,-0.06711912,-0.02947764,0.04707370,-0.01385555,1.40579397,51.67048325,7.13126253,1.72089178,0.07655134,12.27372860,1695.36833667,147.31863727,80.14128257,202.20040080,0.27389780,2.04213327,2.64820341,1.28638778,2.25964557,0.87166633,1.33425249,0.06660929,1.36181563,6.99061527,0.03241023,0.13829424,0.31825562,0.29594096,0.02306224,0.00620293,0.08994859,0.02330618,0.28915489,0.07382160,0.27255147,0.07069554,20.17076753,9.87730226,14.81167279,3.03809303,0.31686473,1.75443317,0.07531078,3.14568601,0.17586149,2403.15902967,2.27645841,1631.62167840
Mn2AlCr2(FeNi)2,BCC,CAST,3.45940000,1,298.15000000,1091.00000000,,50.00000000,,10.1016/j.msea.2019.04.104,The microstructure and mechanical properties of novel Al-Cr-Fe-Mn-Ni high-entropy alloys with trimodal distributions of coherent B2 precipitates,2019,S5,Mn2AlCr2(FeNi)2,0.22200000,0.11100000,0.22200000,0.22200000,0.22200000,0.00000000,0.00000000,0.00000000,0.00000000,0.00000000,0.00000000,0.00000000,0.00000000,0.00000000,0.00000000,0.00013620,2.65087145,208.99787909,-0.02028567,-0.01046840,-0.07089387,1.42865407,-0.09324520,-0.09914734,-0.08342793,-0.08933007,0.00176249,0.08057772,0.08988404,1.40278086,52.21406984,7.22222222,1.72333333,0.07881523,12.21433574,1712.14666667,148.88888889,81.33333333,205.11111111,0.27222222,2.06155556,2.68011111,1.30511111,2.29284222,0.88755556,1.33896978,0.06949811,1.37500000,7.09850817,0.03047672,0.13058364,0.30088778,0.27863794,0.02142552,0.00534897,0.08421717,0.02009764,0.27134002,0.06467648,0.25500391,0.06096293,20.43772195,9.91373814,14.86379778,3.01965448,0.31747046,1.74809160,0.07408087,2.50083575,0.17413812,2248.42026984,2.20753039,1511.61290746
Mn53Al37Cr53(FeNi)53,BCC,CAST,3.67500000,1,298.15000000,1170.00000000,,55.00000000,,10.1016/j.msea.2019.04.104,The microstructure and mechanical properties of novel Al-Cr-Fe-Mn-Ni high-entropy alloys with trimodal distributions of coherent B2 precipitates,2019,S5,Mn53Al37Cr53(FeNi)53,0.21300000,0.14900000,0.21300000,0.21300000,0.21300000,0.00000000,0.00000000,0.00000000,0.00000000,0.00000000,0.00000000,0.00000000,0.00000000,0.00000000,0.00000000,0.00013799,2.66242136,203.37942421,-0.02451743,-0.01555488,-0.08619868,1.43305973,-0.07169246,-0.07254393,-0.06272991,-0.06358138,-0.04076093,0.03362293,-0.05132415,1.40889281,51.15004744,7.04417671,1.71855422,0.07438386,12.32768386,1679.30457831,145.81526104,79.00000000,199.41365462,0.27550201,2.02353815,2.61765462,1.26846185,2.22786273,0.85645382,1.32973611,0.06384350,1.34919277,6.88991631,0.03406110,0.14490901,0.33425901,0.31179644,0.02449773,0.00700100,0.09500147,0.02630476,0.30487871,0.08331950,0.28801137,0.07979125,19.91261136,9.84049218,14.75890754,3.05638736,0.31627014,1.76053215,0.07648831,3.23213204,0.17754373,2532.89896383,2.33060016,1732.35176325
MnAlCrFeCoCuNi,MIX,CAST,,1,298.15000000,1005.00000000,,15.00000000,,10.1016/j.msea.2008.08.025,Effects of Mn  Ti and V on the microstructure and properties of AlCrFeCoNiCu high entropy alloy,2008,S5,MnAlCrFeCoCuNi,0.14300000,0.14300000,0.14300000,0.14300000,0.14300000,0.14300000,0.14300000,0.00000000,0.00000000,0.00000000,0.00000000,0.00000000,0.00000000,0.00000000,0.00000000,0.00016777,2.66733415,175.34016484,0.08849387,0.06929336,-0.03930397,1.42594456,-0.02831668,-0.02968592,-0.04751720,-0.04888643,0.00961823,0.04204204,0.01759032,1.41149255,52.99046837,6.42857143,1.76285714,0.03531814,12.14497238,1613.84857143,146.85714286,71.85714286,185.28571429,0.29285714,2.03314286,2.48385714,1.09100000,2.35352000,0.63442857,1.52225529,0.02373143,1.39285714,7.24520404,0.03517986,0.14838967,0.36201468,0.33351865,0.02525576,0.00700625,0.09552728,0.02610091,0.31146372,0.07429141,0.29444752,0.07209293,18.02226698,8.86424037,12.93906348,3.91510921,0.36610311,1.82828283,0.06041717,9.56152176,0.18474472,2500.75426773,2.17585935,1673.32401033
Nb19Al196Cr196Fe196(CoNi)196,BCC,CAST,5.57620000,1,298.15000000,1641.00000000,3285.00000000,18.80494505,17.00000000,10.1016/j.msea.2011.10.110,Effect of Nb addition on the microstructure and properties of AlCoCrFeNi high-entropy alloy,2012,S5,Nb19Al196Cr196Fe196(CoNi)196,0.01900000,0.19600000,0.19600000,0.19600000,0.19600000,0.19600000,0.00000000,0.00000000,0.00000000,0.00000000,0.00000000,0.00000000,0.00000000,0.00000000,0.00000000,0.00014411,2.69723602,189.48914892,0.00734633,-0.01190802,-0.08721930,1.42712727,-0.04611642,-0.04253228,-0.06537076,-0.06178663,-0.03794586,0.03491210,-0.03921705,1.42731594,51.29656757,7.15815816,1.77461461,0.07413085,12.17521742,1704.33705706,153.91191191,74.29629630,192.11111111,0.29601602,2.17078779,2.47114615,1.16388188,2.16822967,0.64476677,1.38632178,0.06157532,1.30726426,6.99618000,0.04517315,0.18469991,0.38554916,0.35644934,0.03290909,0.00961006,0.12007644,0.03566184,0.34472286,0.10490057,0.32912651,0.10227297,18.64947898,8.59111106,14.26603594,3.83262022,0.30290329,1.84097372,0.17452417,5.32598779,0.17493605,3494.01305796,2.62172041,2473.03941123
Nb285Re142(MoW)285,BCC,CAST,4.63540000,1,298.15000000,896.00000000,,10.40000000,7.08000000,10.1016/j.jallcom.2018.11.111,Microstructure evolution  mechanical properties and strengthening mechanism of refractory high-entropy alloy matrix composites with addition of TaC,2019,S5,Nb285Re142(MoW)285,0.28600000,0.14200000,0.28600000,0.28600000,0.00000000,0.00000000,0.00000000,0.00000000,0.00000000,0.00000000,0.00000000,0.00000000,0.00000000,0.00000000,0.00000000,0.00011644,2.98279124,211.45790989,-0.06746459,-0.06746459,-0.06043031,1.56595483,-0.09903060,-0.10933957,-0.09903060,-0.10933957,0.02849763,0.23125058,0.40313148,1.57842526,133.05618084,5.85656971,2.02006018,0.28191113,16.08519390,3162.85155466,267.66298897,118.25576730,307.49348044,0.32572718,3.18349248,3.49992778,1.81899699,1.60806670,1.18177031,0.82955423,0.32022482,1.68093079,13.73593247,0.02382148,0.07289299,0.45451890,0.44065903,0.01816334,0.00679094,0.05412605,0.02009229,0.42417285,0.16122722,0.40849602,0.15531778,32.57154760,10.23138827,19.37709021,2.96159732,0.27457484,1.96615842,0.04956235,3.71875568,0.09426620,1757.51767215,3.09921083,1298.16468503
Nb81Al8V81(CrMo)81,MIX,"powder metallurgical processes, spark plasma sintering (SPS)",,1,298.15000000,2933.00000000,,18.33333333,,https://doi.org/10.1016/j.ijrmhm.2021.105636,Effect of boron addition on the microstructure and mechanical properties of refractory Al0.1CrNbVMo high-entropy alloy,2021,S9,Nb81Al8V81(CrMo)81,0.24400000,0.02400000,0.24400000,0.24400000,0.24400000,0.00000000,0.00000000,0.00000000,0.00000000,0.00000000,0.00000000,0.00000000,0.00000000,0.00000000,0.00000000,0.00012635,2.88821881,212.44456056,0.08500252,0.08500252,-0.00236739,1.52384659,0.00920422,-0.00468269,0.00920422,-0.00468269,0.03749331,0.34511635,0.24184316,1.52837969,71.83841774,5.43975904,1.75882530,0.31643036,14.82218908,2464.44445783,188.22891566,80.16265060,206.87048193,0.32316265,2.60848494,3.12055422,1.56707229,2.07947048,1.06759337,0.74731095,0.34732899,1.55348193,8.04810814,0.04913191,0.14159322,0.49608064,0.46890078,0.03817746,0.01149512,0.10765969,0.03217732,0.39308484,0.10108011,0.36811190,0.09664874,21.48573172,8.23686248,13.83069307,2.92298013,0.38227254,1.95491967,0.12566146,33.83074561,0.12098061,2865.53400294,3.00237525,2100.56616386
NbVCrFeMo,BCC,CAST,8.09480000,1,298.15000000,2663.00000000,,2.70000000,,10.1007/s40195-019-00935-x,Microstructure  Mechanical Properties  and Corrosion Behavior of MoNbFeCrV  MoNbFeCrTi  and MoNbFeVTi High-Entropy Alloys,2019,S5,NbVCrFeMo,0.20000000,0.20000000,0.20000000,0.20000000,0.20000000,0.00000000,0.00000000,0.00000000,0.00000000,0.00000000,0.00000000,0.00000000,0.00000000,0.00000000,0.00000000,0.00013869,2.84810863,208.94197156,0.14083959,0.16228247,0.02817411,1.50110715,-0.01662924,-0.03641179,0.00481364,-0.01496891,0.06173293,0.32962298,0.33912368,1.50715429,69.52579600,6.00000000,1.77600000,0.26789005,14.16849395,2364.00000000,186.80000000,81.60000000,210.40000000,0.31600000,2.59880000,3.02040000,1.61200000,2.08392800,1.06820000,0.87798700,0.30317020,1.40840000,8.14838751,0.05372456,0.16062013,0.43102426,0.40703506,0.04154204,0.01100661,0.11984656,0.03176967,0.34805482,0.08339327,0.32378115,0.07755013,21.54461240,8.29021564,15.29722551,2.82756038,0.34732133,1.92397661,0.16635017,19.71615256,0.12612098,3378.27363766,3.14398153,2503.71468070
NbVMo,BCC,vacuum arc melting,5.24398000,1,298.15000000,1550.00000000,,3.70000000,,https://doi.org/10.1016/j.msea.2022.143554,Development of MoNbVTax refractory high entropy alloy with high strength at elevated temperature,2022,S9,NbVMo,0.33300000,0.33300000,0.33300000,0.00000000,0.00000000,0.00000000,0.00000000,0.00000000,0.00000000,0.00000000,0.00000000,0.00000000,0.00000000,0.00000000,0.00000000,0.00009466,2.96054311,208.12178268,0.06770798,0.06770798,-0.03932758,1.55898878,-0.05925563,-0.09131840,-0.05925563,-0.09131840,0.09324034,0.38792770,0.43624158,1.56665206,79.92929333,5.33333333,1.79666667,0.29468736,15.87148545,2609.66666667,200.66666667,70.33333333,187.33333333,0.36000000,2.75900000,3.05566667,1.53333333,2.56280000,0.93733333,0.74452467,0.33666667,1.52233333,8.36253199,0.03581212,0.10528290,0.56208611,0.53707777,0.02788609,0.01076642,0.08168898,0.03155904,0.37245306,0.15254877,0.35817978,0.14681544,19.28594938,6.99019550,12.66867706,3.25995733,0.48052500,2.12500000,0.08149315,4.16901550,0.11424831,1892.87477286,2.44750125,1313.81838080
Ta(TiNb)2,BCC,Selective laser melting (SLM),,1,298.15000000,1030.00000000,,80.00000000,,https://doi.org/10.1016/j.jallcom.2023.169065,Comparative study on microstructures and mechanical properties of ultra ductility single-phase Nb40Ti40Ta20 refractory medium entropy alloy by selective laser melting and vacuum arc melting,2023,S9,Ta(TiNb)2,0.20000000,0.40000000,0.40000000,0.00000000,0.00000000,0.00000000,0.00000000,0.00000000,0.00000000,0.00000000,0.00000000,0.00000000,0.00000000,0.00000000,0.00000000,0.00009091,3.07806895,154.55307333,0.08867721,0.05463477,-0.01100924,1.61987879,0.01944757,-0.01879048,-0.01459487,-0.05283292,0.04180170,0.16310798,0.17752483,1.62884406,92.49892800,4.60000000,1.55600000,0.12130628,17.80476173,2534.40000000,150.80000000,46.20000000,125.60000000,0.35600000,2.53200000,2.69720000,0.93800000,3.56200000,0.57280000,0.99063380,0.14000000,1.75920000,8.62680392,0.00320755,0.00969197,0.23248003,0.24361496,0.00240972,0.00108121,0.00748932,0.00336545,0.15509951,0.05935536,0.15807546,0.05778037,13.16319539,5.19873436,7.48248942,4.70879888,0.77434783,2.10559006,0.00060604,11.84683275,0.11764126,51.05378291,0.36545585,6.50526187
Ta121Ti15Nb121(MoW)121,BCC,laser powder bed fusion (LPBF),,1,298.15000000,1381.00000000,1461.00000000,4.30000000,,https://doi.org/10.1016/j.jallcom.2024.175043,Enhancing the strength and plasticity of laser powder bed fused NbMoTaW refractory high-entropy alloy via Ti alloying,2024,S9,Ta121Ti15Nb121(MoW)121,0.24200000,0.03000000,0.24200000,0.24200000,0.24200000,0.00000000,0.00000000,0.00000000,0.00000000,0.00000000,0.00000000,0.00000000,0.00000000,0.00000000,0.00000000,0.00012742,3.02378870,229.85851846,-0.02660886,-0.02916715,-0.04821281,1.58672674,-0.07006764,-0.09009205,-0.07262594,-0.09265035,0.22140180,0.45809377,0.48307510,1.60012018,135.68687467,5.45490982,1.89402806,0.30382808,16.73381768,3121.17434870,234.06212425,96.37675351,253.48897796,0.33212425,3.08933868,3.28322244,1.80051102,1.88855291,1.12997194,1.00960567,0.38012024,1.48271142,13.46456106,0.02264532,0.06621698,0.50229926,0.47368673,0.01785637,0.00466552,0.05161760,0.01364111,0.40023562,0.11609468,0.38133565,0.11205679,26.89745982,8.70654293,18.14072476,2.90557873,0.34621157,1.99456897,0.03794116,5.67580743,0.09552494,1284.50309944,2.48835628,895.86887828
Ta142Nb285(VMo)285,BCC,vacuum arc melting,5.84374000,1,298.15000000,1505.00000000,,5.80000000,,https://doi.org/10.1016/j.msea.2022.143554,Development of MoNbVTax refractory high entropy alloy with high strength at elevated temperature,2022,S9,Ta142Nb285(VMo)285,0.14200000,0.28600000,0.28600000,0.28600000,0.00000000,0.00000000,0.00000000,0.00000000,0.00000000,0.00000000,0.00000000,0.00000000,0.00000000,0.00000000,0.00000000,0.00011644,2.98198432,206.52963346,0.06975477,0.06975477,-0.03681780,1.56983142,-0.06199287,-0.09206826,-0.06199287,-0.09206826,0.11450682,0.39481975,0.42251889,1.57799826,94.31709605,5.28585757,1.75441324,0.28031292,16.20494861,2706.56469408,200.57171515,69.85857573,187.14343029,0.35715145,2.81468907,3.05970211,1.52858576,2.65925176,0.90723370,0.86308090,0.33144433,1.53111635,9.66478409,0.03664859,0.10599897,0.52432379,0.49787298,0.02878152,0.00984171,0.08396832,0.02866666,0.34826183,0.12670161,0.33572356,0.12136705,19.28899394,6.85297505,12.59799358,3.37256222,0.50308805,2.11115272,0.08282991,5.08352483,0.11015809,1880.70101888,2.48245398,1310.78191651
Ta142Ti285(NbMo)285,BCC,laser powder bed fusion (LPBF),,1,298.15000000,1609.00000000,,24.00000000,,https://doi.org/10.1016/j.ijrmhm.2023.106107,"Effect of Mo on the morphology, microstructure and mechanical properties of NbTa0.5TiMox refractory high entropy alloy fabricated by laser powder bed fusion using elemental mixed powders",2023,S9,Ta142Ti285(NbMo)285,0.14200000,0.28600000,0.28600000,0.28600000,0.00000000,0.00000000,0.00000000,0.00000000,0.00000000,0.00000000,0.00000000,0.00000000,0.00000000,0.00000000,0.00000000,0.00011644,3.03063579,185.04592904,0.01116677,-0.01316145,-0.07892542,1.59364247,-0.05470450,-0.08826434,-0.07903272,-0.11259257,0.11322909,0.31152409,0.32839982,1.60374351,93.43822694,5.00000000,1.72868606,0.19829500,16.95357514,2637.38716148,185.42126379,69.00100301,183.71313942,0.34285858,2.66547141,2.91334303,1.25273320,2.82619258,0.81633099,0.96515378,0.22567703,1.66060983,9.15192995,0.02102382,0.06146969,0.53889875,0.51972487,0.01599379,0.00616311,0.04678546,0.01801506,0.35553101,0.12948700,0.34747006,0.12563533,19.34118738,7.25619764,11.64703896,3.56882570,0.56523852,2.04348490,0.03264533,5.61356956,0.11304749,860.14244700,1.74557291,530.51301900
Ta153Ti153Al40Mo153,MIX,vacuum melting furnace,,1,298.15000000,1250.00000000,1408.00000000,8.00000000,,https://doi.org/10.1016/j.jmst.2024.01.022,Significantly ameliorating room-temperature brittleness of refractory high-entropy alloys via in situ heterogeneous structure,2024,S9,Ta153Ti153Al40Mo153,0.30700000,0.30700000,0.08000000,0.30700000,0.00000000,0.00000000,0.00000000,0.00000000,0.00000000,0.00000000,0.00000000,0.00000000,0.00000000,0.00000000,0.00000000,0.00011114,3.01939778,180.75921639,-0.00881703,-0.03491168,-0.11795733,1.58688428,-0.04454398,-0.05984523,-0.07063863,-0.08593988,0.06960838,0.23508714,0.21307906,1.59779661,101.73699035,4.83967936,1.72344689,0.16547876,16.73880238,2566.66092184,183.62124248,74.75150301,199.08416834,0.32547094,2.62254509,2.87218838,1.23227455,2.89840721,0.79266132,1.20141102,0.19105435,1.63991383,10.09261944,0.02265409,0.06237551,0.48311363,0.46796960,0.01763885,0.00608160,0.04676142,0.01785122,0.35417929,0.12659203,0.35111615,0.12324727,20.86421360,7.95571206,12.72274997,3.62347486,0.59888414,1.96503164,0.02868415,6.40371989,0.11616260,901.85448697,1.83681910,567.78269698
Ta156Nb156Mo156W31,BCC,vacuum arc melting,5.24496000,1,298.15000000,1621.00000000,1665.00000000,10.60000000,,https://doi.org/10.1016/j.jallcom.2024.174390,Mechanical properties and oxidation behavior of NbMoTaWx refractory high entropy alloys,2024,S9,Ta156Nb156Mo156W31,0.31300000,0.31300000,0.31300000,0.06200000,0.00000000,0.00000000,0.00000000,0.00000000,0.00000000,0.00000000,0.00000000,0.00000000,0.00000000,0.00000000,0.00000000,0.00010885,3.03754510,217.01545955,-0.04219648,-0.04219648,-0.06324849,1.59408880,-0.10384187,-0.12649542,-0.10384187,-0.12649542,0.17319137,0.44476221,0.47507207,1.60739976,127.02794501,5.37474950,1.79102204,0.28576289,16.96782375,3023.16833667,219.96392786,82.21843687,219.36072144,0.34565130,2.98097194,3.13215030,1.65336673,2.06921222,0.99412024,1.00672332,0.35867735,1.47878357,12.43147102,0.02279787,0.06628277,0.49681338,0.46659617,0.01795509,0.00665932,0.05227683,0.01945530,0.37050396,0.13045939,0.35402603,0.12649081,23.05252814,7.73322546,15.58884522,3.15067551,0.38498766,2.05647434,0.04225836,3.16883061,0.09862170,1142.89457383,2.19825284,767.31496895
Ta158Nb158Mo25W158,BCC,arc melting,,1,298.15000000,1210.00000000,1252.00000000,8.30000000,,https://doi.org/10.1016/j.jallcom.2021.159740,"Mechanical performance of (NbTaW)1−xMox (x = 0, 0.05, 0.15, 0.25) refractory high entropy alloys: Perspective from experiments and first principles calculations",2021,S9,Ta158Nb158Mo25W158,0.31700000,0.31700000,0.05000000,0.31700000,0.00000000,0.00000000,0.00000000,0.00000000,0.00000000,0.00000000,0.00000000,0.00000000,0.00000000,0.00000000,0.00000000,0.00010706,3.04421191,226.12495867,-0.02751302,-0.02751302,-0.04154342,1.59616505,-0.08126620,-0.10125884,-0.08126620,-0.10125884,0.20344881,0.44874940,0.47662078,1.61092769,149.72784184,5.36673347,1.83703407,0.29407382,17.03421021,3227.51503006,228.93787575,90.53707415,238.75951904,0.33849699,3.15198397,3.26781964,1.79302605,2.00547094,1.08018637,1.03278929,0.38300601,1.47479359,14.59586899,0.02093827,0.06013844,0.57227190,0.53551370,0.01640509,0.00601251,0.04696921,0.01714951,0.41389603,0.14923991,0.39412781,0.14111717,25.41798309,8.06412195,17.23494278,3.02523687,0.37368559,2.02341786,0.03966349,4.25180981,0.09237757,1081.80352919,2.25306246,732.08887512
Ta166Ti333Nb166(VMo)166,MIX,"ball milling, Spark Plasma Sintering (SPS)",,1,298.15000000,2824.00000000,3137.00000000,7.90000000,,https://doi.org/10.1016/j.jallcom.2020.158592,Ultra-fine grain TixVNbMoTa refractory high-entropy alloys with superior mechanical properties fabricated by powder metallurgy,2021,S9,Ta166Ti333Nb166(VMo)166,0.16600000,0.33400000,0.16600000,0.16600000,0.16600000,0.00000000,0.00000000,0.00000000,0.00000000,0.00000000,0.00000000,0.00000000,0.00000000,0.00000000,0.00000000,0.00013431,3.00696743,173.98409996,0.08810254,0.05967694,-0.04143481,1.58662187,-0.00526371,-0.04077306,-0.03368932,-0.06919866,0.06946247,0.23624288,0.25134800,1.59121875,86.03996706,4.83249749,1.66154463,0.16678041,16.73049990,2499.60581745,169.27081244,60.98294885,163.28585757,0.34330993,2.60399398,2.88013440,1.13755767,3.49926921,0.72100602,1.01723452,0.18471414,1.74257673,8.53966259,0.03213568,0.09101306,0.49918264,0.48136337,0.02512154,0.00704370,0.07303694,0.02044580,0.28682930,0.08142605,0.28353864,0.08224322,17.01839857,6.53549842,9.76622623,3.99460522,0.72411196,2.04557674,0.06048101,63.78273758,0.11927881,1284.61424981,1.97907978,831.84374633
Ta166Ti333Nb333Mo166,BCC,laser powder bed fusion (LPBF),,1,298.15000000,1534.00000000,,80.00000000,,https://doi.org/10.1016/j.ijrmhm.2023.106107,"Effect of Mo on the morphology, microstructure and mechanical properties of NbTa0.5TiMox refractory high entropy alloy fabricated by laser powder bed fusion using elemental mixed powders",2023,S9,Ta166Ti333Nb333Mo166,0.16600000,0.33400000,0.33400000,0.16600000,0.00000000,0.00000000,0.00000000,0.00000000,0.00000000,0.00000000,0.00000000,0.00000000,0.00000000,0.00000000,0.00000000,0.00011450,3.04893289,172.28716045,0.03947453,0.01107740,-0.05928079,1.60394905,-0.04065082,-0.07555018,-0.06904795,-0.10394730,0.09592978,0.26201852,0.26792862,1.61342592,93.02697758,4.83266533,1.65649299,0.16608874,17.28463911,2594.16733467,170.93486974,59.46292585,159.40180361,0.34835671,2.60953407,2.82288677,1.12101703,3.13392124,0.71447194,0.97568503,0.18981964,1.70186974,8.93712822,0.01725418,0.04973522,0.52627920,0.50648324,0.01272721,0.00387467,0.03727043,0.01132583,0.30108098,0.09374301,0.29605237,0.09042049,16.77543061,6.42851566,9.85705911,3.95101137,0.64848712,2.06916382,0.02530768,7.30700296,0.11493091,568.23738963,1.34280257,308.85770555
Ta178Ti178Nb178Al107(VMo)178,BCC,vacuum arc melting,5.21360000,1,298.15000000,1352.90000000,1868.00000000,21.00000000,,https://doi.org/10.1016/j.msea.2020.139275,Effects of Al addition on the microstructures and properties of MoNbTaTiV refractory high entropy alloy,2020,S9,Ta178Ti178Nb178Al107(VMo)178,0.17900000,0.17900000,0.17900000,0.10700000,0.17900000,0.17900000,0.00000000,0.00000000,0.00000000,0.00000000,0.00000000,0.00000000,0.00000000,0.00000000,0.00000000,0.00015329,2.99512453,174.66781777,0.01898087,0.00378641,-0.08996020,1.57615726,-0.07666569,-0.09326445,-0.09186016,-0.10845891,0.06411143,0.24694580,0.24407932,1.58495176,86.55798988,4.78535607,1.67784353,0.18283437,16.40163896,2431.84076229,170.44533601,60.27883651,161.76730191,0.34821464,2.53954463,2.76511434,1.20102508,2.92965948,0.71827884,1.00512376,0.20909541,1.56408927,8.76333287,0.03319917,0.09402081,0.54334950,0.52287863,0.02607523,0.00663595,0.07355065,0.01982529,0.33372980,0.08830873,0.32950791,0.08568362,16.71095388,6.58029540,10.68414330,3.84963917,0.61221348,2.06849484,0.05133620,4.86239914,0.12260260,1345.88431413,1.97441003,870.77112076
Ta181Ti272Nb181(VMo)181,MIX,"ball milling, Spark Plasma Sintering (SPS)",,1,298.15000000,2696.00000000,3034.00000000,10.80000000,,https://doi.org/10.1016/j.jallcom.2020.158592,Ultra-fine grain TixVNbMoTa refractory high-entropy alloys with superior mechanical properties fabricated by powder metallurgy,2021,S9,Ta181Ti272Nb181(VMo)181,0.18200000,0.27300000,0.18200000,0.18200000,0.18200000,0.00000000,0.00000000,0.00000000,0.00000000,0.00000000,0.00000000,0.00000000,0.00000000,0.00000000,0.00000000,0.00013743,3.00490621,179.69990842,0.08588229,0.06264047,-0.04243492,1.58443191,-0.01421300,-0.04936118,-0.03745482,-0.07260301,0.08015918,0.26566385,0.28045424,1.59012800,89.53112104,4.90863454,1.67266064,0.18550468,16.66131788,2550.69377510,174.96586345,62.53614458,167.61044177,0.34544177,2.65008735,2.91343675,1.20821285,3.35936586,0.75082129,1.00545199,0.21075301,1.70522390,8.92306519,0.03313226,0.09411189,0.50126719,0.48174187,0.02599434,0.00715725,0.07558850,0.02079037,0.29663156,0.08447720,0.29218273,0.08181369,17.42775784,6.57629562,10.22021676,3.88033318,0.68437889,2.05549590,0.06261059,24.66272062,0.11688977,1386.38626564,2.07338920,912.67764820
Ta210Ti157Nb210(MoW)210,BCC,laser powder bed fusion (LPBF),,1,298.15000000,1456.00000000,1593.00000000,8.10000000,,https://doi.org/10.1016/j.jallcom.2024.175043,Enhancing the strength and plasticity of laser powder bed fused NbMoTaW refractory high-entropy alloy via Ti alloying,2024,S9,Ta210Ti157Nb210(MoW)210,0.21100000,0.15700000,0.21100000,0.21100000,0.21100000,0.00000000,0.00000000,0.00000000,0.00000000,0.00000000,0.00000000,0.00000000,0.00000000,0.00000000,0.00000000,0.00013821,3.02289218,214.30902532,-0.00547989,-0.01888176,-0.06632776,1.58847731,-0.05973890,-0.08856553,-0.07314076,-0.10196739,0.14117513,0.40010631,0.42532808,1.59964577,124.15076590,5.26379137,1.84752257,0.25893117,16.78926404,2966.14543631,217.37111334,89.49648947,235.42828485,0.33053159,2.95937813,3.18243932,1.61194082,2.30108526,1.03342528,1.02753137,0.31705115,1.57049850,12.27911701,0.02188091,0.06379729,0.54151223,0.51465620,0.01710894,0.00417717,0.04939697,0.01219959,0.40386127,0.09790182,0.38936173,0.09356877,25.00482678,8.44935174,15.92158595,3.07950598,0.43715358,1.98744494,0.03502023,6.86239461,0.10051766,1129.64175659,2.25615448,764.79616170
Ta232Ti69V232(CrW)232,BCC,POWDER,7.64400000,1,298.15000000,2050.00000000,,1.50000000,,10.1016/j.matchemphys.2017.06.054,The effect of Ti on the sintering and mechanical properties of refractory high-entropy alloy TixWTaVCr fabricated via spark plasma sintering for fusion plasma-facing materials,2018,S5,Ta232Ti69V232(CrW)232,0.23300000,0.06900000,0.23300000,0.23300000,0.23300000,0.00000000,0.00000000,0.00000000,0.00000000,0.00000000,0.00000000,0.00000000,0.00000000,0.00000000,0.00000000,0.00013289,2.91580294,222.24909079,0.20243364,0.19654365,0.00552790,1.53577897,0.00445846,-0.02325901,-0.00143153,-0.02914900,0.10127896,0.39814752,0.41455133,1.54297658,112.15158913,5.39618857,1.77037111,0.29686855,15.17311541,2774.98996991,201.01003009,93.79739218,241.65697091,0.30138415,2.87884052,3.34393982,1.70534102,2.47190391,1.13823771,1.02983593,0.34910732,1.63859880,12.27382889,0.05084028,0.14189000,0.47724509,0.44983917,0.03983938,0.01167351,0.11115747,0.03196889,0.35576669,0.09741085,0.33141146,0.09344073,25.33706553,8.80113551,15.46264136,2.93782202,0.45808331,1.86280365,0.16385442,82.71296900,0.10744183,3152.73576157,3.48720706,2391.03683867
Ta235Ti58Nb235(MoW)235,BCC,laser powder bed fusion (LPBF),,1,298.15000000,1422.00000000,1580.00000000,4.35000000,,https://doi.org/10.1016/j.jallcom.2024.175043,Enhancing the strength and plasticity of laser powder bed fused NbMoTaW refractory high-entropy alloy via Ti alloying,2024,S9,Ta235Ti58Nb235(MoW)235,0.23500000,0.05800000,0.23500000,0.23500000,0.23500000,0.00000000,0.00000000,0.00000000,0.00000000,0.00000000,0.00000000,0.00000000,0.00000000,0.00000000,0.00000000,0.00013154,3.02255832,226.43452930,-0.02778432,-0.03273036,-0.06109148,1.58640157,-0.08090376,-0.10634776,-0.08584981,-0.11129380,0.15717998,0.45112178,0.48106768,1.59946910,133.14663036,5.41282565,1.88378758,0.29394180,16.72353176,3087.03707415,230.38677355,94.86172345,249.51202405,0.33177355,3.06072144,3.26103006,1.75898798,1.97939228,1.10871242,1.01355290,0.36623246,1.50204208,13.22061245,0.02255912,0.06604069,0.51132966,0.48313435,0.01771194,0.00456159,0.05118548,0.01333377,0.40193879,0.11114302,0.38407900,0.10725359,26.46920966,8.64802961,17.62214917,2.94127673,0.36568558,1.99299735,0.03729797,5.01904461,0.09658128,1258.50159819,2.44210423,872.94166220
Ta239Ti40V239(CrW)239,BCC,POWDER,7.00700000,1,298.15000000,2034.00000000,,1.50000000,,10.1016/j.matchemphys.2017.06.054,The effect of Ti on the sintering and mechanical properties of refractory high-entropy alloy TixWTaVCr fabricated via spark plasma sintering for fusion plasma-facing materials,2018,S5,Ta239Ti40V239(CrW)239,0.24000000,0.04000000,0.24000000,0.24000000,0.24000000,0.00000000,0.00000000,0.00000000,0.00000000,0.00000000,0.00000000,0.00000000,0.00000000,0.00000000,0.00000000,0.00012916,2.91159272,225.70563390,0.18448069,0.18106277,0.00638962,1.53257780,0.00138172,-0.02275655,-0.00203619,-0.02617447,0.14033885,0.41004520,0.42447303,1.54074862,114.15770052,5.43975904,1.77756024,0.30731728,15.07843278,2801.01606426,203.94377510,95.35140562,245.57831325,0.30080321,2.90314558,3.36977711,1.74716867,2.39210532,1.16143173,1.02620874,0.36312249,1.62260843,12.57182716,0.05072286,0.14212284,0.46743998,0.44003863,0.03968330,0.01183188,0.11067756,0.03239029,0.35213420,0.09830792,0.32679405,0.09413685,25.70315674,8.85355419,15.84064042,2.90139922,0.43974472,1.86042504,0.16606092,261.82342482,0.10644352,3206.51679088,3.52371130,2437.18402197
Ta23Ti8Nb23(MoW)23,BCC,"ball milling, Spark Plasma Sintering (SPS)",,1,298.15000000,2377.00000000,,26.30000000,,https://doi.org/10.1016/j.msea.2018.09.089,Microstructure and mechanical properties of Nb25Mo25Ta25W25 and Ti8Nb23Mo23Ta23W23 high entropy alloys prepared by mechanical alloying and spark plasma sintering,2018,S9,Ta23Ti8Nb23(MoW)23,0.23000000,0.08000000,0.23000000,0.23000000,0.23000000,0.00000000,0.00000000,0.00000000,0.00000000,0.00000000,0.00000000,0.00000000,0.00000000,0.00000000,0.00000000,0.00013393,3.02255509,223.76381775,-0.02276104,-0.02956952,-0.06277797,1.58681425,-0.07616774,-0.10253245,-0.08297623,-0.10934094,0.15398228,0.44021280,0.46905235,1.59946739,131.16523980,5.38000000,1.87580000,0.28623051,16.73658640,3060.41000000,227.52000000,93.68000000,246.41000000,0.33150000,3.03840000,3.24372000,1.72660000,2.05024700,1.09213000,1.01663174,0.35540000,1.51712000,13.01371429,0.02242535,0.06559747,0.51822451,0.49034132,0.01759151,0.00447909,0.05082649,0.01309006,0.40291238,0.10733096,0.38583472,0.10355610,26.14627393,8.60527710,17.23415019,2.97008598,0.38108680,1.99177263,0.03679629,5.38117562,0.09742159,1230.70616714,2.40176946,849.45215477
Ta249Nb249Mo250W249,BCC,arc melting,,1,298.15000000,1158.00000000,1194.00000000,7.70000000,,https://doi.org/10.1016/j.jallcom.2021.159740,"Mechanical performance of (NbTaW)1−xMox (x = 0, 0.05, 0.15, 0.25) refractory high entropy alloys: Perspective from experiments and first principles calculations",2021,S9,Ta249Nb249Mo250W249,0.25000000,0.25000000,0.25100000,0.25000000,0.00000000,0.00000000,0.00000000,0.00000000,0.00000000,0.00000000,0.00000000,0.00000000,0.00000000,0.00000000,0.00000000,0.00011949,3.02200575,233.55493371,-0.04568187,-0.04568187,-0.06276927,1.58482468,-0.10484478,-0.13073529,-0.10484478,-0.13073529,0.16622914,0.48072622,0.52010456,1.59917669,138.36596865,5.50050150,1.90525577,0.31449708,16.67371155,3157.48746239,238.03410231,98.02808425,257.82146439,0.33247743,3.11987964,3.30714744,1.84519559,1.79041876,1.15302307,1.00527334,0.39504514,1.46195186,13.77991052,0.02293271,0.06735694,0.49208827,0.46303175,0.01800109,0.00478655,0.05205384,0.01399894,0.39774298,0.12139045,0.37768094,0.11719392,27.32552871,8.75852016,18.69112762,2.86824048,0.32550100,1.99615338,0.04414407,3.59868221,0.09442634,1338.00338398,2.55211331,939.95288905
Ta263Nb263Mo263W210,BCC,vacuum arc melting,5.69968000,1,298.15000000,1699.00000000,1717.00000000,9.00000000,,https://doi.org/10.1016/j.jallcom.2024.174390,Mechanical properties and oxidation behavior of NbMoTaWx refractory high entropy alloys,2024,S9,Ta263Nb263Mo263W210,0.26300000,0.26300000,0.26300000,0.21000000,0.00000000,0.00000000,0.00000000,0.00000000,0.00000000,0.00000000,0.00000000,0.00000000,0.00000000,0.00000000,0.00000000,0.00011905,3.02505486,230.03011908,-0.04549836,-0.04549836,-0.06466814,1.58661303,-0.10787368,-0.13381615,-0.10787368,-0.13381615,0.16582133,0.47417251,0.51208045,1.60079021,135.99828867,5.47347347,1.88086086,0.30835118,16.73022043,3129.24724725,234.18018018,94.65765766,249.61961962,0.33528529,3.09055556,3.26996897,1.80441441,1.85009930,1.11915415,1.00566174,0.38730731,1.46555455,13.49836521,0.02300964,0.06744947,0.49891369,0.46899002,0.01808451,0.00515616,0.05235678,0.01507590,0.39495858,0.12431770,0.37541243,0.12010604,26.41579008,8.54726266,18.02443314,2.92182177,0.33801192,2.00880958,0.04373146,3.45347329,0.09527851,1305.32050747,2.48543223,910.07816086
Ta277Nb277Mo277W166,BCC,vacuum arc melting,5.55758000,1,298.15000000,1683.00000000,1690.00000000,9.30000000,,https://doi.org/10.1016/j.jallcom.2024.174390,Mechanical properties and oxidation behavior of NbMoTaWx refractory high entropy alloys,2024,S9,Ta277Nb277Mo277W166,0.27800000,0.27800000,0.27800000,0.16600000,0.00000000,0.00000000,0.00000000,0.00000000,0.00000000,0.00000000,0.00000000,0.00000000,0.00000000,0.00000000,0.00000000,0.00011769,3.02830232,226.18856634,-0.04526352,-0.04526352,-0.06630323,1.58868055,-0.11006294,-0.13580567,-0.11006294,-0.13580567,0.16517899,0.46686276,0.50278015,1.60250869,133.35050152,5.44433300,1.85434303,0.30168377,16.79570926,3097.93580742,229.98395186,90.98595787,240.68806419,0.33834504,3.05820963,3.22928887,1.75982949,1.91477513,1.08224774,1.00597509,0.37885657,1.46945938,13.18395461,0.02302721,0.06734467,0.50325675,0.47266683,0.01811963,0.00558646,0.05253506,0.01632970,0.39000778,0.12688549,0.37117432,0.12269512,25.42422859,8.31343553,17.30175666,2.98387212,0.35170059,2.02272348,0.04329664,3.31259824,0.09624150,1263.66613380,2.40694138,872.76259987
Ta283Nb283Mo150W283,BCC,arc melting,,1,298.15000000,1092.00000000,1119.00000000,6.50000000,,https://doi.org/10.1016/j.jallcom.2021.159740,"Mechanical performance of (NbTaW)1−xMox (x = 0, 0.05, 0.15, 0.25) refractory high entropy alloys: Perspective from experiments and first principles calculations",2021,S9,Ta283Nb283Mo150W283,0.28300000,0.28300000,0.15000000,0.28300000,0.00000000,0.00000000,0.00000000,0.00000000,0.00000000,0.00000000,0.00000000,0.00000000,0.00000000,0.00000000,0.00000000,0.00011687,3.03217823,229.82972324,-0.04009845,-0.04009845,-0.05897370,1.58992521,-0.10519006,-0.13086715,-0.10519006,-0.13086715,0.16451060,0.46876795,0.50500502,1.60455973,144.06253812,5.43343343,1.87105105,0.30425735,16.83521597,3192.59759760,233.47347347,94.27227227,248.26426426,0.33549550,3.13597598,3.28742943,1.81903904,1.89824074,1.11650450,1.01906918,0.38900901,1.46839039,14.20959709,0.02226539,0.06481010,0.53252004,0.49975062,0.01745710,0.00509592,0.05027692,0.01454589,0.40834829,0.13258016,0.38825126,0.12810178,26.36316227,8.40668502,17.95378289,2.94439424,0.34936303,2.00976139,0.04189762,3.54721703,0.09338790,1233.40350874,2.42620266,853.88346146
Ta2TiNb2(MoW)2,BCC,laser powder bed fusion (LPBF),,1,298.15000000,1428.00000000,1587.00000000,6.25000000,,https://doi.org/10.1016/j.jallcom.2024.175043,Enhancing the strength and plasticity of laser powder bed fused NbMoTaW refractory high-entropy alloy via Ti alloying,2024,S9,Ta2TiNb2(MoW)2,0.22200000,0.11100000,0.22200000,0.22200000,0.22200000,0.00000000,0.00000000,0.00000000,0.00000000,0.00000000,0.00000000,0.00000000,0.00000000,0.00000000,0.00000000,0.00013620,3.02255050,219.96699421,-0.01561968,-0.02507591,-0.06517558,1.58740094,-0.06943476,-0.09710842,-0.07889099,-0.10656465,0.14943627,0.42470401,0.45197072,1.59946496,128.34839111,5.33333333,1.86444444,0.27526774,16.75515726,3022.55555556,223.44444444,92.00000000,242.00000000,0.33111111,3.00666667,3.21911111,1.68055556,2.15097778,1.06855556,1.02100878,0.34000000,1.53855556,12.72012311,0.02222504,0.06493951,0.52779298,0.50033570,0.01740837,0.00435968,0.05028249,0.01273762,0.40376176,0.10198841,0.38775410,0.09837453,25.68687626,8.54330696,16.69544929,3.01258189,0.40330833,1.99003322,0.03608306,5.92881701,0.09864169,1191.11016450,2.34413270,816.09854222
Ta2TiNb2(VMo)2,BCC,"ball milling, Spark Plasma Sintering (SPS)",,1,298.15000000,2563.00000000,2723.00000000,8.60000000,,https://doi.org/10.1016/j.jallcom.2020.158592,Ultra-fine grain TixVNbMoTa refractory high-entropy alloys with superior mechanical properties fabricated by powder metallurgy,2021,S9,Ta2TiNb2(VMo)2,0.22200000,0.11100000,0.22200000,0.22200000,0.22200000,0.00000000,0.00000000,0.00000000,0.00000000,0.00000000,0.00000000,0.00000000,0.00000000,0.00000000,0.00000000,0.00013620,3.00003785,194.90035778,0.07613536,0.06667913,-0.03974591,1.57958418,-0.03904376,-0.07091165,-0.04849999,-0.08036788,0.10586000,0.34115944,0.35696458,1.58755178,98.81539111,5.11111111,1.70222222,0.23529944,16.50885449,2686.55555556,190.11111111,66.66666667,179.11111111,0.35111111,2.77266667,3.00200000,1.39611111,2.98731111,0.83011111,0.97411789,0.28000000,1.60588889,9.93932858,0.03530331,0.10087034,0.49929951,0.47528004,0.02784541,0.00840021,0.08101676,0.02441309,0.31737471,0.09903949,0.30920769,0.09512342,18.52202010,6.68021884,11.53381173,3.61638335,0.58447391,2.08219178,0.06827395,9.37162513,0.11097854,1649.27362007,2.31356376,1125.44889972
Ta30Nb101(VMo)101,BCC,vacuum arc melting,5.51348000,1,298.15000000,1520.00000000,,6.60000000,,https://doi.org/10.1016/j.msea.2022.143554,Development of MoNbVTax refractory high entropy alloy with high strength at elevated temperature,2022,S9,Ta30Nb101(VMo)101,0.09000000,0.30300000,0.30300000,0.30300000,0.00000000,0.00000000,0.00000000,0.00000000,0.00000000,0.00000000,0.00000000,0.00000000,0.00000000,0.00000000,0.00000000,0.00011220,2.97361767,207.11469426,0.06407702,0.06407702,-0.03562573,1.56566535,-0.06052638,-0.08972773,-0.06052638,-0.08972773,0.10736888,0.39296392,0.42783697,1.57357082,89.03006691,5.30330330,1.76993994,0.28559504,16.07627508,2670.95795796,200.60660661,70.03303303,187.21321321,0.35819820,2.79422523,3.05821922,1.53033033,2.62380901,0.91829429,0.81951551,0.33336336,1.52788889,9.19603604,0.03647636,0.10616421,0.53864093,0.51264694,0.02857576,0.01009424,0.08347890,0.02943426,0.35755337,0.13605684,0.34438484,0.13056393,19.28584663,6.90203726,12.62254524,3.33032584,0.49474994,2.11622684,0.08290830,4.95146121,0.11162662,1895.37460855,2.47541621,1319.92076375
Ta349Nb157Mo350W143,BCC,vacuum arc melting,5.25672000,1,298.15000000,919.00000000,1098.00000000,2.20000000,,https://doi.org/10.1016/j.ijrmhm.2020.105370,The effect of configurational entropy on mechanical properties of single BCC structural refractory high-entropy alloys systems,2020,S9,Ta349Nb157Mo350W143,0.34900000,0.15700000,0.35000000,0.14300000,0.00000000,0.00000000,0.00000000,0.00000000,0.00000000,0.00000000,0.00000000,0.00000000,0.00000000,0.00000000,0.00000000,0.00011234,3.02218079,230.93753320,-0.04796983,-0.04796983,-0.07382220,1.58581045,-0.09722502,-0.12021392,-0.09722502,-0.12021392,0.17967986,0.48405570,0.50774810,1.59926932,137.74297475,5.49349349,1.87005005,0.30437584,16.70484429,3125.07007007,236.25625626,96.56856857,255.57757758,0.33033033,3.09480480,3.28275876,1.80564565,1.92992643,1.11445445,1.09542880,0.38340340,1.47711311,13.69230044,0.02343623,0.06846755,0.43223468,0.40285686,0.01850068,0.00674516,0.05350974,0.01963281,0.34710105,0.11149863,0.32684787,0.10469530,26.93542928,8.70343397,18.23518391,2.94561949,0.35131132,1.98654709,0.04631098,3.61085498,0.09540586,1338.50186168,2.53824549,938.85400438
Ta5Ti10(Nb5Mo)2,BCC,laser powder bed fusion (LPBF),,1,298.15000000,1298.00000000,,80.00000000,,https://doi.org/10.1016/j.ijrmhm.2023.106107,"Effect of Mo on the morphology, microstructure and mechanical properties of NbTa0.5TiMox refractory high entropy alloy fabricated by laser powder bed fusion using elemental mixed powders",2023,S9,Ta5Ti10(Nb5Mo)2,0.18500000,0.37000000,0.37000000,0.07400000,0.00000000,0.00000000,0.00000000,0.00000000,0.00000000,0.00000000,0.00000000,0.00000000,0.00000000,0.00000000,0.00000000,0.00010691,3.06423322,162.46017460,0.05846131,0.02904192,-0.03393995,1.61288579,-0.02008017,-0.05342983,-0.04949956,-0.08284923,0.06585648,0.20805935,0.21789525,1.62152251,92.75382222,4.70370370,1.60074074,0.14126573,17.57516697,2561.18518519,159.77777778,52.11111111,140.66666667,0.35259259,2.56666667,2.75325926,1.01962963,3.37128889,0.63592593,0.98410737,0.16222222,1.73362963,8.76358391,0.01219187,0.03475142,0.44740569,0.43268351,0.00859254,0.00279626,0.02524461,0.00833166,0.23457967,0.08061911,0.23307918,0.07794904,14.78327934,5.75971923,8.52735734,4.32952825,0.71673071,2.08924485,0.01964756,13.63560291,0.11641095,312.76475225,0.94828162,141.37977943
Ta5Ti3V5Cr2Mo5,BCC,arc melting,,1,298.15000000,1575.00000000,,14.00000000,,https://doi.org/10.1016/j.jallcom.2022.167386,Development and thermal stability of Cr10Mo25Ta25Ti15V25 refractory high entropy alloys,2023,S9,Ta5Ti3V5Cr2Mo5,0.25000000,0.15000000,0.25000000,0.10000000,0.25000000,0.00000000,0.00000000,0.00000000,0.00000000,0.00000000,0.00000000,0.00000000,0.00000000,0.00000000,0.00000000,0.00013396,2.94515775,201.83511583,0.11958891,0.10682300,-0.03501024,1.55291001,0.01184217,-0.02009154,-0.00092374,-0.03285745,0.08873355,0.33296250,0.36103666,1.55851048,94.33700500,5.20000000,1.71950000,0.24422895,15.68655155,2601.40000000,190.25000000,78.10000000,206.05000000,0.32400000,2.73800000,3.11940000,1.45025000,2.99851000,0.93015000,1.06090640,0.27950000,1.66915000,9.98628594,0.04426912,0.12418779,0.43548804,0.41040746,0.03465525,0.00929337,0.09795274,0.02631892,0.31565859,0.09353528,0.30149682,0.09012254,21.33212686,7.79113472,12.78023357,3.35365264,0.57663654,1.95857988,0.12881844,29.42744278,0.11461136,2349.72081519,2.84004313,1698.77141309
Ta5Ti5Nb5Al2(VMo)5,BCC,vacuum arc melting,4.99800000,1,298.15000000,1332.20000000,1776.00000000,13.00000000,,https://doi.org/10.1016/j.msea.2020.139275,Effects of Al addition on the microstructures and properties of MoNbTaTiV refractory high entropy alloy,2020,S9,Ta5Ti5Nb5Al2(VMo)5,0.18500000,0.18500000,0.18500000,0.07400000,0.18500000,0.18500000,0.00000000,0.00000000,0.00000000,0.00000000,0.00000000,0.00000000,0.00000000,0.00000000,0.00000000,0.00015111,2.99653178,178.35164161,0.02776802,0.01200763,-0.07454280,1.57786041,-0.06276540,-0.08101486,-0.07852578,-0.09677525,0.06915025,0.25977279,0.25884350,1.58569644,88.77692138,4.85185185,1.68037037,0.19062254,16.45486583,2487.65333333,173.96296296,61.55555556,165.18518519,0.34814815,2.59092593,2.82344444,1.22951852,3.01077037,0.73944444,1.00084519,0.21928911,1.59392593,8.95890907,0.03352888,0.09501425,0.53072890,0.50994898,0.02635911,0.00697089,0.07504138,0.02064043,0.32653245,0.08945932,0.32180558,0.08667061,17.08333539,6.59352520,10.71777246,3.81833208,0.62054046,2.06818182,0.05271822,5.98897554,0.11985191,1393.50615653,2.03678986,911.67782377
Ta7Nb10(VMo)10,BCC,vacuum arc melting,5.52720000,1,298.15000000,1451.00000000,,8.20000000,,https://doi.org/10.1016/j.msea.2022.143554,Development of MoNbVTax refractory high entropy alloy with high strength at elevated temperature,2022,S9,Ta7Nb10(VMo)10,0.18900000,0.27000000,0.27000000,0.27000000,0.00000000,0.00000000,0.00000000,0.00000000,0.00000000,0.00000000,0.00000000,0.00000000,0.00000000,0.00000000,0.00000000,0.00011853,2.98916744,206.00689699,0.07190558,0.07190558,-0.03689525,1.57336370,-0.06264278,-0.09264471,-0.06264278,-0.09264471,0.11968611,0.39527960,0.41749194,1.58179941,99.04091784,5.27027027,1.74054054,0.27559349,16.31458334,2738.37837838,200.54054054,69.70270270,187.08108108,0.35621622,2.83297297,3.06102703,1.52702703,2.69091892,0.89735135,0.90200543,0.32972973,1.53400000,10.08063902,0.03666399,0.10550655,0.51105315,0.48427198,0.02884436,0.00957371,0.08406304,0.02786204,0.33953119,0.11848593,0.32754950,0.11330507,19.28926046,6.80884027,12.57448530,3.41118005,0.51058462,2.10663308,0.08275986,5.18126152,0.10887831,1859.56927466,2.48239440,1296.04482243
Ta7Nb5Mo7W,BCC,vacuum arc melting,5.02152000,1,298.15000000,777.00000000,864.00000000,1.20000000,,https://doi.org/10.1016/j.ijrmhm.2020.105370,The effect of configurational entropy on mechanical properties of single BCC structural refractory high-entropy alloys systems,2020,S9,Ta7Nb5Mo7W,0.35000000,0.25000000,0.35000000,0.05000000,0.00000000,0.00000000,0.00000000,0.00000000,0.00000000,0.00000000,0.00000000,0.00000000,0.00000000,0.00000000,0.00000000,0.00010610,3.03466538,219.46299040,-0.03826441,-0.03826441,-0.05880890,1.59254199,-0.09096034,-0.11049132,-0.09096034,-0.11049132,0.20825752,0.44586667,0.47045672,1.60587588,129.32935300,5.40000000,1.79900000,0.28710831,16.91847784,3037.35000000,223.20000000,85.10000000,227.05000000,0.34150000,3.00000000,3.15980000,1.67700000,2.07766500,1.01065000,1.05332150,0.36100000,1.48280000,12.69361178,0.02319965,0.06744925,0.46155541,0.43251075,0.01833326,0.00731224,0.05332109,0.02132222,0.35471439,0.12785229,0.33753327,0.12084754,23.83731228,7.94577076,16.07587826,3.12650275,0.38475278,2.03720577,0.04381702,3.54288299,0.09816123,1195.68639677,2.28085941,812.30367538
Ta7Nb7MoW5,BCC,vacuum arc melting,4.80494000,1,298.15000000,705.00000000,781.00000000,1.20000000,,https://doi.org/10.1016/j.ijrmhm.2020.105370,The effect of configurational entropy on mechanical properties of single BCC structural refractory high-entropy alloys systems,2020,S9,Ta7Nb7MoW5,0.35000000,0.35000000,0.05000000,0.25000000,0.00000000,0.00000000,0.00000000,0.00000000,0.00000000,0.00000000,0.00000000,0.00000000,0.00000000,0.00000000,0.00000000,0.00010610,3.05280291,218.60408139,-0.02525798,-0.02525798,-0.03944863,1.60093804,-0.07960890,-0.09970994,-0.07960890,-0.09970994,0.19129481,0.43163586,0.45697904,1.61547384,146.60599100,5.30000000,1.78300000,0.28007888,17.18747915,3182.55000000,220.60000000,83.30000000,221.05000000,0.34450000,3.10050000,3.19310000,1.71000000,2.14334500,1.00775000,1.03676900,0.36700000,1.48310000,14.16409815,0.01992145,0.05684324,0.58954579,0.54935699,0.01547054,0.00499077,0.04432805,0.01423475,0.39723970,0.14552968,0.37946638,0.14106819,23.45612999,7.56527334,15.81560919,3.16854379,0.40440472,2.05110603,0.03835693,4.24157989,0.09368274,940.16905390,2.03283190,614.66787462
Ta7V17Cr8Fe22(MoW)23,MIX,"ball milling, vacuum arc remelting",,1,298.15000000,1688.00000000,1708.00000000,7.30000000,,https://doi.org/10.1016/j.ijrmhm.2021.105656,Processing and characterization of W23Mo23V17Cr8Ta7Fe22 and WMoVCrTa refractory high entropy alloys,2021,S9,Ta7V17Cr8Fe22(MoW)23,0.07000000,0.17000000,0.08000000,0.22000000,0.23000000,0.23000000,0.00000000,0.00000000,0.00000000,0.00000000,0.00000000,0.00000000,0.00000000,0.00000000,0.00000000,0.00014637,2.86894561,233.51341150,0.12985171,0.15100869,0.01592651,1.50773125,0.00209653,-0.01209278,0.02325350,0.00906420,0.08766527,0.37407063,0.38581941,1.51818075,102.12139460,6.20000000,1.95710000,0.28640535,14.35689138,2690.16000000,225.42000000,105.93000000,273.72000000,0.30300000,2.91723000,3.26121000,1.91260000,1.86068580,1.25008000,1.05585317,0.34478722,1.34861000,11.81151801,0.04544284,0.13365785,0.37986500,0.36631321,0.03556825,0.00970330,0.10458631,0.02923275,0.30972175,0.07842273,0.29575184,0.07557328,28.09181119,9.62961823,20.83019641,2.60880104,0.30011061,1.86944046,0.16879667,187.81978880,0.11082984,3303.43260842,3.58935515,2520.54018752
Ta96Ti96Nb96Al19(VMo)96,BCC,vacuum arc melting,4.64128000,1,298.15000000,1292.00000000,1791.00000000,16.00000000,,https://doi.org/10.1016/j.msea.2020.139275,Effects of Al addition on the microstructures and properties of MoNbTaTiV refractory high entropy alloy,2020,S9,Ta96Ti96Nb96Al19(VMo)96,0.19200000,0.19200000,0.19200000,0.03800000,0.19200000,0.19200000,0.00000000,0.00000000,0.00000000,0.00000000,0.00000000,0.00000000,0.00000000,0.00000000,0.00000000,0.00014723,2.99767308,182.34016524,0.03853057,0.02215746,-0.05759228,1.57974736,-0.02879749,-0.04698972,-0.04517060,-0.06336283,0.06038003,0.25943492,0.22758897,1.58630039,91.17938716,4.92384770,1.68310621,0.19905489,16.51397131,2548.08232465,177.77154309,62.93787575,168.88577154,0.34807615,2.64655711,2.88659920,1.26036874,3.09859018,0.76236072,0.99621271,0.23032597,1.62623046,9.16842079,0.03386367,0.09616644,0.51674083,0.49559935,0.02664092,0.00733936,0.07662658,0.02152887,0.31762325,0.09047042,0.31230222,0.08749319,17.48785537,6.60777554,10.75361444,3.78639549,0.62930260,2.06784298,0.05421456,13.02718885,0.11700956,1447.56650430,2.10664149,958.17206801
Ta98Nb98Mo98W39,BCC,vacuum arc melting,5.33120000,1,298.15000000,1662.00000000,1712.00000000,10.80000000,,https://doi.org/10.1016/j.jallcom.2024.174390,Mechanical properties and oxidation behavior of NbMoTaWx refractory high entropy alloys,2024,S9,Ta98Nb98Mo98W39,0.29400000,0.29400000,0.29400000,0.11700000,0.00000000,0.00000000,0.00000000,0.00000000,0.00000000,0.00000000,0.00000000,0.00000000,0.00000000,0.00000000,0.00000000,0.00011468,3.03224475,221.84855414,-0.04451513,-0.04451513,-0.06750753,1.59110461,-0.11144112,-0.13654494,-0.11144112,-0.13654494,0.16392917,0.45808040,0.49129696,1.60459494,130.35915159,5.41141141,1.82438438,0.29415123,16.87270870,3062.56156156,225.24324324,86.83783784,230.59759760,0.34180180,3.02166667,3.18333033,1.70945946,1.98784294,1.04055255,1.00632909,0.36930931,1.47387087,12.82939305,0.02296986,0.06700088,0.50370530,0.47284395,0.01808542,0.00608623,0.05253277,0.01778577,0.38214644,0.12904791,0.36430794,0.12493027,24.30214277,8.04262861,16.48865125,3.05926916,0.36734279,2.03859841,0.04280540,3.15145104,0.09735315,1210.40368143,2.31189568,825.78326009
TaNb7Mo5W7,BCC,vacuum arc melting,5.32042000,1,298.15000000,940.00000000,1200.00000000,6.30000000,,https://doi.org/10.1016/j.ijrmhm.2020.105370,The effect of configurational entropy on mechanical properties of single BCC structural refractory high-entropy alloys systems,2020,S9,TaNb7Mo5W7,0.05000000,0.35000000,0.25000000,0.35000000,0.00000000,0.00000000,0.00000000,0.00000000,0.00000000,0.00000000,0.00000000,0.00000000,0.00000000,0.00000000,0.00000000,0.00010610,3.00957954,241.72508519,-0.03779448,-0.03779448,-0.03560826,1.57698159,-0.08741182,-0.10755797,-0.08741182,-0.10755797,0.19865094,0.48210034,0.53673718,1.59260102,129.89362700,5.60000000,2.00100000,0.34298404,16.42738662,3144.25000000,246.00000000,104.50000000,272.15000000,0.33250000,3.12300000,3.35920000,1.92900000,1.43697500,1.25355000,0.84419750,0.41900000,1.43020000,13.13012194,0.02233738,0.06709875,0.51095013,0.48892934,0.01727605,0.00676664,0.05032944,0.01975559,0.44281630,0.18022723,0.42396087,0.17323123,28.98542995,9.28127760,20.26669693,2.67974951,0.25660268,1.99625468,0.04393113,3.81646210,0.09482388,1419.15040150,2.67365053,1009.85243320
TaNbMoW,BCC,laser powder bed fusion (LPBF),,1,298.15000000,1196.00000000,1237.00000000,5.97142857,,https://doi.org/10.1016/j.jallcom.2024.175043,Enhancing the strength and plasticity of laser powder bed fused NbMoTaW refractory high-entropy alloy via Ti alloying,2024,S9,TaNbMoW,0.25000000,0.25000000,0.25000000,0.25000000,0.00000000,0.00000000,0.00000000,0.00000000,0.00000000,0.00000000,0.00000000,0.00000000,0.00000000,0.00000000,0.00000000,0.00011946,3.02207957,233.52707828,-0.04563347,-0.04563347,-0.06274716,1.58486405,-0.10485312,-0.13074463,-0.10485312,-0.13074463,0.16622545,0.48064596,0.51998611,1.59921575,138.40856500,5.50000000,1.90500000,0.31442051,16.67495440,3157.75000000,238.00000000,98.00000000,257.75000000,0.33250000,3.12000000,3.30700000,1.84500000,1.79122500,1.15275000,1.00537650,0.39500000,1.46200000,13.78312532,0.02292950,0.06734295,0.49239320,0.46330988,0.01799885,0.00477458,0.05204603,0.01396394,0.39784172,0.12147923,0.37777802,0.11728030,27.31837890,8.75589067,18.68562168,2.86879202,0.32567727,1.99625468,0.04412727,3.59769772,0.09441849,1337.34015168,2.55130535,939.40297375
TaNbVMo,BCC,arc melting,,1,298.15000000,1256.00000000,,17.75000000,,https://doi.org/10.1016/j.scriptamat.2020.09.027,Designing VxNbMoTa refractory high-entropy alloys with improved properties for high-temperature applications,2021,S9,TaNbVMo,0.25000000,0.25000000,0.25000000,0.25000000,0.00000000,0.00000000,0.00000000,0.00000000,0.00000000,0.00000000,0.00000000,0.00000000,0.00000000,0.00000000,0.00000000,0.00011946,2.99839682,205.32711230,0.07391917,0.07391917,-0.03685273,1.57790369,-0.06304367,-0.09283018,-0.06304367,-0.09283018,0.12571561,0.39517179,0.41087947,1.58668338,105.18394000,5.25000000,1.72250000,0.26945618,16.45622002,2779.75000000,200.50000000,69.50000000,187.00000000,0.35500000,2.85675000,3.06275000,1.52500000,2.73210000,0.88450000,0.95262425,0.32750000,1.53775000,10.61374729,0.03649748,0.10436121,0.49305513,0.46596231,0.02875402,0.00916877,0.08369820,0.02665721,0.32752484,0.10800722,0.31625867,0.10304423,19.28866320,6.75196052,12.54343242,3.46269079,0.52040000,2.10077519,0.08266877,5.26735437,0.10725785,1820.60074456,2.47396557,1267.63290469
TaNbVMoW,BCC,CAST,5.25280000,1,298.15000000,1246.00000000,1270.00000000,2.00000000,,10.1016/j.intermet.2011.01.004,Mechanical properties of Nb25Mo25Ta25W25 and V20Nb20Mo20Ta20W20 refractory high entropy alloys,2011,S5,TaNbVMoW,0.20000000,0.20000000,0.20000000,0.20000000,0.20000000,0.00000000,0.00000000,0.00000000,0.00000000,0.00000000,0.00000000,0.00000000,0.00000000,0.00000000,0.00000000,0.00013869,2.99063852,224.14998189,0.04218059,0.04218059,-0.04351952,1.57113806,-0.07844072,-0.10509877,-0.07844072,-0.10509877,0.13529227,0.43662156,0.46687543,1.58257787,120.91515200,5.40000000,1.85000000,0.30132928,16.24544666,2962.80000000,222.40000000,87.80000000,231.80000000,0.34000000,3.02040000,3.25120000,1.74200000,2.32198000,1.06480000,0.96209940,0.37000000,1.50920000,12.35943060,0.03285872,0.09510503,0.54371816,0.51230594,0.02563214,0.00694725,0.07454383,0.02025261,0.39546579,0.09370766,0.37797597,0.08896303,24.26306705,8.03306418,16.07677382,3.05334335,0.42999630,2.03030303,0.06790704,5.23851099,0.10063116,1941.71427752,2.83488458,1403.14365376
TaNbVW,BCC,CAST,,1,298.15000000,1530.00000000,1700.00000000,12.00000000,,10.1016/j.msea.2016.07.102,NbTaV-(Ti W) refractory high-entropy alloys: Experiments and modeling,2016,S5,TaNbVW,0.25000000,0.25000000,0.25000000,0.25000000,0.00000000,0.00000000,0.00000000,0.00000000,0.00000000,0.00000000,0.00000000,0.00000000,0.00000000,0.00000000,0.00000000,0.00011946,3.00486015,214.86274223,0.10226640,0.10226640,-0.01531263,1.57880639,-0.08539142,-0.11185496,-0.08539142,-0.11185496,0.12569989,0.40467178,0.41758356,1.59010363,127.15894000,5.25000000,1.77250000,0.27897189,16.48447928,2979.50000000,210.00000000,78.25000000,207.50000000,0.34750000,3.02550000,3.20050000,1.66750000,2.65562500,0.97475000,0.97699250,0.35250000,1.53300000,12.80917208,0.03595027,0.10239490,0.62511316,0.58381420,0.02828990,0.00929376,0.08212607,0.02709501,0.38249272,0.12983271,0.36682703,0.12334922,21.72951606,7.18212396,14.17450493,3.28340600,0.50583333,2.06513410,0.08175054,4.16828545,0.10006713,1953.40119419,2.72381079,1396.95768159
TaNbW,BCC,arc melting,,1,298.15000000,1298.00000000,1460.00000000,16.20000000,,https://doi.org/10.1016/j.jallcom.2021.159740,"Mechanical performance of (NbTaW)1−xMox (x = 0, 0.05, 0.15, 0.25) refractory high entropy alloys: Perspective from experiments and first principles calculations",2021,S9,TaNbW,0.33300000,0.33300000,0.33300000,0.00000000,0.00000000,0.00000000,0.00000000,0.00000000,0.00000000,0.00000000,0.00000000,0.00000000,0.00000000,0.00000000,0.00000000,0.00009466,3.04724156,224.26979085,-0.02353908,-0.02353908,-0.05210945,1.59703341,-0.10409780,-0.13062468,-0.10409780,-0.13062468,0.16098162,0.44995601,0.47609952,1.61253091,152.56475333,5.33333333,1.82000000,0.28897439,17.06202648,3245.00000000,226.66666667,88.66666667,234.00000000,0.34000000,3.16000000,3.25800000,1.78000000,2.05916667,1.06200000,1.03965967,0.38000000,1.47800000,14.84817213,0.02029620,0.05822172,0.59210228,0.55321664,0.01566966,0.00649013,0.04467790,0.01850596,0.41487123,0.16085871,0.39540149,0.15212841,24.90641476,7.88177682,16.85143083,3.06779661,0.38609375,2.03030303,0.03943824,2.95087817,0.09187982,1019.27935158,2.16781003,681.19375355
TaTi13Nb42V12(Cr3Mo5)4,MIX,"ball milling, Spark Plasma Sintering (SPS)",,1,298.15000000,2680.00000000,,4.45000000,,https://doi.org/10.1016/j.ijrmhm.2019.02.009,"Fabrication, microstructure and mechanical property of a novel Nb-rich refractory high-entropy alloy strengthened by in-situ formation of dispersoids",2019,S9,TaTi13Nb42V12(Cr3Mo5)4,0.01000000,0.13000000,0.42000000,0.12000000,0.12000000,0.20000000,0.00000000,0.00000000,0.00000000,0.00000000,0.00000000,0.00000000,0.00000000,0.00000000,0.00000000,0.00012981,2.97690276,193.88736286,0.07715579,0.06915582,-0.00083256,1.56844781,-0.01962273,-0.04183315,-0.02762270,-0.04983312,0.15917348,0.33801886,0.36129748,1.57530921,78.59338040,5.19000000,1.71400000,0.25751413,16.16213854,2542.99000000,180.35000000,66.99000000,175.68000000,0.34460000,2.61024000,2.96038000,1.36025000,2.45584200,0.89813000,0.75386910,0.28680000,1.60013000,8.07488856,0.04572152,0.12599772,0.56698753,0.53450265,0.03588594,0.01407790,0.10145850,0.03994426,0.36793439,0.14236478,0.34770810,0.13379567,18.48063472,7.08005192,11.54945831,3.29615980,0.47318728,2.05157156,0.11793274,16.82260027,0.11724387,2185.81854107,2.61381396,1545.82059161
TaTiNbAlVMo,BCC,vacuum arc melting,5.63304000,1,298.15000000,1391.20000000,1436.00000000,9.00000000,,https://doi.org/10.1016/j.msea.2020.139275,Effects of Al addition on the microstructures and properties of MoNbTaTiV refractory high entropy alloy,2020,S9,TaTiNbAlVMo,0.16700000,0.16700000,0.16700000,0.16700000,0.16700000,0.16700000,0.00000000,0.00000000,0.00000000,0.00000000,0.00000000,0.00000000,0.00000000,0.00000000,0.00000000,0.00015454,2.99239135,168.09250092,0.00673615,-0.00744820,-0.10445258,1.57317427,-0.09546094,-0.10859873,-0.10964529,-0.12278308,0.05681174,0.22574489,0.22335242,1.58350542,82.59738310,4.66666667,1.67333333,0.16893315,16.30869149,2332.22000000,164.16666667,58.00000000,155.66666667,0.34833333,2.44783333,2.66100000,1.15016667,2.78488333,0.68050000,1.01276067,0.19090050,1.51083333,8.41001101,0.03255900,0.09242563,0.56512111,0.54515190,0.02551023,0.00605121,0.07082188,0.01838339,0.34415333,0.08576606,0.34074174,0.08341129,16.04876667,6.55631511,10.62246001,3.91036003,0.59676071,2.06905371,0.04886940,3.77554386,0.12783957,1266.24735373,1.86791107,802.41395975
TaTiNbMoW,BCC,vacuum arc melting,,1,298.15000000,1455.00000000,1910.00000000,11.50000000,,https://doi.org/10.1016/j.msea.2017.12.004,Microstructures and mechanical properties of TixNbMoTaW refractory high-entropy alloys,2018,S9,TaTiNbMoW,0.20000000,0.20000000,0.20000000,0.20000000,0.20000000,0.00000000,0.00000000,0.00000000,0.00000000,0.00000000,0.00000000,0.00000000,0.00000000,0.00000000,0.00000000,0.00013869,3.02319166,209.11892695,0.00330158,-0.01371964,-0.06734975,1.58948722,-0.05114828,-0.08094582,-0.06816950,-0.09796703,0.13367923,0.37762475,0.40098930,1.59980425,120.30025200,5.20000000,1.83200000,0.24394552,16.82130687,2914.40000000,211.80000000,87.20000000,229.40000000,0.33000000,2.91600000,3.14880000,1.54900000,2.43878000,1.00120000,1.03351460,0.29600000,1.59980000,11.87561740,0.02153606,0.06266643,0.55347986,0.52714654,0.01680559,0.00400501,0.04850360,0.01169274,0.40271903,0.09506712,0.38951733,0.09108152,24.37868971,8.36031883,15.23858589,3.14502597,0.46899615,1.98507463,0.03404528,7.90251261,0.10230236,1073.01015839,2.17462161,717.84614099
TaTiNbV,MIX,"ball milling, Spark Plasma Sintering (SPS)",,1,298.15000000,1510.00000000,,22.36000000,,https://doi.org/10.1016/j.jallcom.2019.152466,A particle reinforced NbTaTiV refractory high entropy alloy based composite with attractive mechanical properties,2020,S9,TaTiNbV,0.25000000,0.25000000,0.25000000,0.25000000,0.00000000,0.00000000,0.00000000,0.00000000,0.00000000,0.00000000,0.00000000,0.00000000,0.00000000,0.00000000,0.00000000,0.00011946,3.02477135,167.87395756,0.16381953,0.14254301,0.02152685,1.59611197,0.01012169,-0.02704005,-0.01115483,-0.04831657,0.05394908,0.21622693,0.21755193,1.60064018,93.16569000,4.75000000,1.56750000,0.16227785,17.03251091,2541.00000000,159.25000000,49.00000000,133.75000000,0.35750000,2.63175000,2.82825000,1.10625000,3.74250000,0.62700000,1.01350925,0.19250000,1.72200000,9.08294580,0.03652723,0.10127759,0.22215858,0.23360000,0.02857712,0.01043945,0.08302676,0.03032528,0.15774659,0.05446287,0.16359645,0.05717816,13.75612992,5.22698962,7.98846105,4.51076555,0.78789474,2.11284047,0.07052821,29.99023465,0.11733569,1242.72340156,1.77634681,771.99518819
TaTiNbVMo,BCC,vacuum arc melting,4.13266000,1,298.15000000,1227.90000000,2066.00000000,24.90000000,,https://doi.org/10.1016/j.msea.2020.139275,Effects of Al addition on the microstructures and properties of MoNbTaTiV refractory high entropy alloy,2020,S9,TaTiNbVMo,0.20000000,0.20000000,0.20000000,0.20000000,0.20000000,0.00000000,0.00000000,0.00000000,0.00000000,0.00000000,0.00000000,0.00000000,0.00000000,0.00000000,0.00000000,0.00013869,3.00264717,186.55895416,0.08220898,0.06518776,-0.04188117,1.58210974,-0.02507616,-0.05911743,-0.04209738,-0.07613865,0.09192118,0.29989523,0.31499836,1.58893257,93.72055200,5.00000000,1.68600000,0.20797405,16.58816795,2612.00000000,181.80000000,64.40000000,172.80000000,0.34800000,2.70540000,2.95340000,1.29300000,3.19148000,0.78660000,0.99131280,0.24200000,1.66040000,9.38179217,0.03419062,0.09740208,0.50158885,0.48002975,0.02691082,0.00773561,0.07827236,0.02247522,0.30691031,0.09126058,0.30089934,0.08806922,17.92087892,6.62411433,10.79310944,3.75464022,0.63829600,2.06748466,0.06516612,14.44638403,0.11414625,1506.27729173,2.18352228,1009.05861227
TaTiNbVW,BCC,CAST,,1,298.15000000,1420.00000000,1800.00000000,20.00000000,,10.1016/j.msea.2016.07.102,NbTaV-(Ti W) refractory high-entropy alloys: Experiments and modeling,2016,S5,TaTiNbVW,0.20000000,0.20000000,0.20000000,0.20000000,0.20000000,0.00000000,0.00000000,0.00000000,0.00000000,0.00000000,0.00000000,0.00000000,0.00000000,0.00000000,0.00000000,0.00013869,3.00842194,194.18745810,0.11196218,0.09494096,-0.02076050,1.58545023,-0.03433885,-0.06508676,-0.05136007,-0.08210798,0.09741425,0.31300087,0.31890537,1.59198844,111.30055200,5.00000000,1.72600000,0.21558662,16.69346328,2771.80000000,189.40000000,71.40000000,189.20000000,0.34200000,2.84040000,3.06360000,1.40700000,3.13030000,0.85880000,1.01080740,0.26200000,1.65660000,11.07134198,0.03359385,0.09479401,0.64209844,0.60447557,0.02634246,0.00781161,0.07633544,0.02274168,0.35607643,0.10921817,0.34580288,0.10470298,19.91075175,7.00984078,12.01904609,3.56730321,0.62606000,2.03951368,0.06361750,11.19497718,0.10756548,1581.66039821,2.37091497,1087.44434583
TaTiVCrW,MIX,vacuum levitation melting,,1,298.15000000,1628.00000000,,15.95000000,,https://doi.org/10.1007/s11665-022-07688-2,Microstructure and Mechanical Properties of WTaVCrTi Refractory High-Entropy Alloy by Vacuum Levitation Melting for Fusion Applications,2022,S9,TaTiVCrW,0.20000000,0.20000000,0.20000000,0.20000000,0.20000000,0.00000000,0.00000000,0.00000000,0.00000000,0.00000000,0.00000000,0.00000000,0.00000000,0.00000000,0.00000000,0.00013869,2.92912527,206.68501202,0.19988531,0.18286409,-0.00007582,1.54736563,0.02173609,-0.00960153,0.00471487,-0.02662275,0.08766767,0.33748781,0.34954083,1.55002645,103.11849600,5.20000000,1.73800000,0.24982015,15.51913285,2657.80000000,187.80000000,86.80000000,224.00000000,0.30400000,2.76940000,3.22760000,1.51700000,2.83122000,1.03380000,1.04616840,0.28600000,1.71060000,11.03363246,0.05058582,0.13959256,0.51801827,0.49033224,0.03987920,0.01077217,0.11142837,0.02954275,0.36451045,0.09133316,0.34424975,0.08816199,23.62378632,8.53029043,13.81023402,3.12207390,0.54446538,1.87356322,0.15391902,16.95851994,0.11217925,2876.72854058,3.27748385,2152.37136395
TaTiVW,BCC,arc melting,,1,298.15000000,1405.00000000,,19.40000000,,https://doi.org/10.1016/j.scriptamat.2021.113839,Optimization of conflicting properties via engineering compositional complexity in refractory high entropy alloys,2021,S9,TaTiVW,0.25000000,0.25000000,0.25000000,0.25000000,0.00000000,0.00000000,0.00000000,0.00000000,0.00000000,0.00000000,0.00000000,0.00000000,0.00000000,0.00000000,0.00000000,0.00011946,2.98553622,198.62811984,0.13238108,0.11110456,-0.03869059,1.57764439,-0.01752663,-0.04632610,-0.03880315,-0.06760262,0.10850562,0.31690419,0.30854797,1.57987784,115.89909500,5.00000000,1.75750000,0.20839857,16.44810838,2777.25000000,194.25000000,79.75000000,210.25000000,0.32750000,2.88675000,3.15825000,1.45125000,3.34887500,0.90500000,1.12799525,0.25250000,1.70700000,11.70074406,0.03476444,0.09821877,0.59856552,0.56545679,0.02727817,0.00902355,0.07881191,0.02621409,0.36146005,0.12547174,0.35171733,0.12023730,22.12975682,7.66597621,12.96412233,3.48977901,0.66977500,1.97397770,0.07410739,18.92975096,0.10735440,1773.31007800,2.61419182,1254.14280650
TaVCrMoW,MIX,"ball milling, vacuum arc remelting",,1,298.15000000,995.00000000,,6.20000000,,https://doi.org/10.1016/j.apt.2020.10.008,A novel refractory WMoVCrTa high-entropy alloy possessing fine combination of compressive stress-strain and high hardness properties,2020,S9,TaVCrMoW,0.20000000,0.20000000,0.20000000,0.20000000,0.20000000,0.00000000,0.00000000,0.00000000,0.00000000,0.00000000,0.00000000,0.00000000,0.00000000,0.00000000,0.00000000,0.00013869,2.91958477,236.64753581,0.15603159,0.15603159,-0.00489650,1.53272589,-0.00302859,-0.03139128,-0.00302859,-0.03139128,0.12227059,0.45783340,0.47614389,1.54497784,112.73309600,5.60000000,1.86200000,0.33556281,15.08280419,2848.80000000,220.80000000,103.20000000,266.60000000,0.30200000,2.94940000,3.41520000,1.85200000,2.02290000,1.23980000,0.99746040,0.39400000,1.56320000,12.41134178,0.04551474,0.12698851,0.39879182,0.37735701,0.03535762,0.00966253,0.09852101,0.02637892,0.32754890,0.08513725,0.30523124,0.08055410,27.82153100,9.43294602,17.79780642,2.75463784,0.36123214,1.86532951,0.14462776,130.45723430,0.10465810,2997.16968354,3.54520549,2280.97463437
TaVCrW,BCC,POWDER,7.00700000,1,298.15000000,2327.00000000,,1.50000000,,10.1016/j.matchemphys.2017.06.054,The effect of Ti on the sintering and mechanical properties of refractory high-entropy alloy TixWTaVCr fabricated via spark plasma sintering for fusion plasma-facing materials,2018,S5,TaVCrW,0.25000000,0.25000000,0.25000000,0.25000000,0.00000000,0.00000000,0.00000000,0.00000000,0.00000000,0.00000000,0.00000000,0.00000000,0.00000000,0.00000000,0.00000000,0.00011946,2.91440544,230.48468462,0.23437398,0.23437398,0.01154058,1.53046979,-0.00555089,-0.03366238,-0.00555089,-0.03366238,0.10942223,0.43118603,0.44794583,1.54223706,116.93137000,5.50000000,1.78750000,0.32176380,15.01629841,2837.00000000,208.00000000,97.50000000,251.00000000,0.30000000,2.93675000,3.40550000,1.80500000,2.28177500,1.19350000,1.02119375,0.38250000,1.60050000,12.93056619,0.05050188,0.14140881,0.45346210,0.42602479,0.03937955,0.01202401,0.10976261,0.03289744,0.34607754,0.10016604,0.31932172,0.09478510,26.24618643,8.93715380,16.39874191,2.85337243,0.41486818,1.85714286,0.18293185,61.05558658,0.10509341,3249.16654379,3.57202911,2476.64682910
Ti104Nb104Al83(VCr)104,BCC,vacuum arc melting,5.38020000,1,298.15000000,1322.00000000,,20.30000000,,https://doi.org/10.1016/j.ijrmhm.2022.105784,"Microstructure and mechanical properties of lightweight AlxCrNbTiV(x = 0.2, 0.5, 0.8) refractory high entropy alloys",2022,S9,Ti104Nb104Al83(VCr)104,0.20800000,0.20800000,0.16600000,0.20800000,0.20800000,0.00000000,0.00000000,0.00000000,0.00000000,0.00000000,0.00000000,0.00000000,0.00000000,0.00000000,0.00000000,0.00013827,2.90968247,161.29958257,0.05329482,0.03452693,-0.07013867,1.53901940,-0.09004358,-0.10653685,-0.10881147,-0.12530474,0.04136838,0.21849948,0.23872628,1.53973777,55.28138201,4.66733467,1.60791583,0.17713110,15.26936205,2042.24761523,137.48296593,55.17835671,142.52905812,0.32915832,2.20979559,2.64499599,1.05312224,2.72831683,0.71918637,0.85238758,0.17474639,1.59187375,6.01183971,0.05134666,0.14928685,0.56992423,0.50792135,0.04040821,0.01105749,0.11603120,0.03167122,0.33621638,0.10415739,0.31294499,0.09570880,14.93652913,6.75923565,9.38298603,3.67776155,0.58455565,1.98132935,0.12109280,3.13597879,0.14599111,2154.82189698,2.22522930,1452.43598454
Ti10Nb10Al2Mo5,MIX,arc melting,,1,298.15000000,1043.00000000,1472.00000000,26.00000000,,https://doi.org/10.1016/j.msea.2022.143072,Strength-ductility synergy of Al-bearing low-density refractory TiNbMo0.5AlX medium entropy alloys via precipitation,2022,S9,Ti10Nb10Al2Mo5,0.37000000,0.37000000,0.07400000,0.18500000,0.00000000,0.00000000,0.00000000,0.00000000,0.00000000,0.00000000,0.00000000,0.00000000,0.00000000,0.00000000,0.00000000,0.00010691,3.03150528,160.63431480,-0.00559159,-0.03711237,-0.10034333,1.59591072,-0.07822323,-0.09534360,-0.10974400,-0.12686438,0.03807540,0.18493078,0.19241717,1.60420362,71.90358804,4.66666667,1.68222222,0.14685538,17.02606881,2342.83851852,158.59259259,55.62962963,147.96296296,0.35000000,2.40259259,2.65474074,1.00081481,2.93669630,0.67092593,0.87532833,0.15077059,1.65392593,7.01270504,0.02025515,0.05425850,0.60887297,0.58847384,0.01546664,0.00518802,0.03983350,0.01359523,0.32078230,0.10026557,0.31214410,0.09653933,15.61534535,6.49937297,9.44138132,3.95683136,0.62929206,2.07692308,0.02130890,3.20189646,0.12726016,600.01493330,1.31465653,322.23462930
Ti133Al200Cr166Fe166(CoNi)166,BCC,CAST,6.26808000,1,298.15000000,1503.00000000,,7.73000000,,10.1016/j.jallcom.2019.07.100,Effects of Ti-to-Al ratios on the phases  microstructures  mechanical properties  and corrosion resistance of Al2-xCoCrFeNiTix high-entropy alloys,2019,S5,Ti133Al200Cr166Fe166(CoNi)166,0.13300000,0.20100000,0.16600000,0.16600000,0.16600000,0.16600000,0.00000000,0.00000000,0.00000000,0.00000000,0.00000000,0.00000000,0.00000000,0.00000000,0.00000000,0.00015366,2.73267413,175.41599955,-0.03949528,-0.06807425,-0.14706473,1.44599868,-0.12383328,-0.12154742,-0.15241225,-0.15012639,0.02470746,0.07771496,0.17104017,1.44606898,49.33827090,6.62988967,1.74052156,0.05300750,12.66462388,1692.73721163,144.73721163,69.19358074,179.19959880,0.29937813,2.11905918,2.43029488,1.03142126,2.50014026,0.59410331,1.35881623,0.03187014,1.39887362,6.46905767,0.05892748,0.21582572,0.42160305,0.39346719,0.04384812,0.00920844,0.14574656,0.03366257,0.35638870,0.10091068,0.34309075,0.09829719,17.59829262,8.30476695,12.58033060,4.09069407,0.37710134,1.85460688,0.15695189,2.10051057,0.17613484,4044.61834376,2.83157310,2921.89361892
Ti142Al285Cr142Fe142(CoNi)142,BCC,CAST,6.30140000,1,298.15000000,,1030.00000000,6.09574468,5.00000000,10.1016/j.msea.2008.12.053,Microstructure and mechanical properties of CoCrFeNiTiAlx high-entropy alloys,2009,S5,Ti142Al285Cr142Fe142(CoNi)142,0.14300000,0.28600000,0.14300000,0.14300000,0.14300000,0.14300000,0.00000000,0.00000000,0.00000000,0.00000000,0.00000000,0.00000000,0.00000000,0.00000000,0.00000000,0.00015068,2.76806115,162.19286591,-0.03552112,-0.06408416,-0.15383714,1.45451722,-0.12241345,-0.11603793,-0.15097649,-0.14460097,0.01250359,0.05385395,0.12889872,1.46479499,46.73694994,6.13969849,1.71988945,0.04135035,12.88977118,1612.83638191,135.79698492,63.53366834,164.90452261,0.30575879,2.00871759,2.29175779,0.94434573,2.37173325,0.53761005,1.32543875,0.01708454,1.34741206,6.02094352,0.06059870,0.22478078,0.47974158,0.45117592,0.04536630,0.01223323,0.15232394,0.04453023,0.38666550,0.13412641,0.37407892,0.13063487,16.25397663,8.09171818,12.06310758,4.26286262,0.38629474,1.88084312,0.15562944,1.98530998,0.18486066,3994.76527743,2.74445815,2862.53581908
Ti153Al230Cr153Fe153(CoNi)153,BCC,CAST,,1,298.15000000,,2110.00000000,11.58646617,10.00000000,10.1016/j.msea.2008.12.053,Microstructure and mechanical properties of CoCrFeNiTiAlx high-entropy alloys,2009,S5,Ti153Al230Cr153Fe153(CoNi)153,0.15400000,0.23100000,0.15400000,0.15400000,0.15400000,0.15400000,0.00000000,0.00000000,0.00000000,0.00000000,0.00000000,0.00000000,0.00000000,0.00000000,0.00000000,0.00015330,2.75198174,168.88835142,-0.03705937,-0.06671706,-0.15386639,1.44986590,-0.13990734,-0.13758070,-0.16956503,-0.16723840,0.03583095,0.08241961,0.20662148,1.45628613,48.26729871,6.38291457,1.72840201,0.04658866,12.76650796,1665.47497487,140.42914573,66.44120603,172.25628141,0.30233166,2.07446332,2.37640804,0.98372462,2.49721329,0.56763618,1.34135302,0.02341198,1.39268342,6.27812947,0.06122867,0.22400357,0.44734262,0.41913103,0.04557430,0.01024768,0.15096011,0.03730263,0.36928805,0.11235666,0.35645915,0.10943182,16.94346296,8.16763682,12.16605493,4.18649854,0.39123401,1.86669164,0.15835346,1.82494217,0.17901800,4116.66809592,2.82180895,2971.30889749
Ti181Al90Cr181Fe181(CoNi)181,BCC,CAST,,1,298.15000000,,1600.00000000,11.49532710,10.00000000,10.1016/j.msea.2008.12.053,Microstructure and mechanical properties of CoCrFeNiTiAlx high-entropy alloys,2009,S5,Ti181Al90Cr181Fe181(CoNi)181,0.18200000,0.09000000,0.18200000,0.18200000,0.18200000,0.18200000,0.00000000,0.00000000,0.00000000,0.00000000,0.00000000,0.00000000,0.00000000,0.00000000,0.00000000,0.00015228,2.71332163,185.93140546,-0.02896740,-0.06163389,-0.12202848,1.44470150,-0.12446993,-0.12866583,-0.15713642,-0.16133232,0.05661323,0.11653575,0.27629338,1.43582807,52.16273193,7.00201005,1.75007035,0.05992252,12.63057076,1799.46412060,152.22010050,73.84221106,190.96984925,0.29360804,2.24181608,2.59188141,1.08396181,2.81661703,0.64406633,1.38186207,0.03951820,1.50791960,6.85783049,0.06086867,0.21084644,0.35598282,0.32712790,0.04487886,0.01249663,0.14179662,0.03689640,0.29816127,0.06226950,0.28435275,0.05774279,18.76375043,8.36988841,12.44346877,4.02424607,0.40225835,1.83128930,0.16528734,2.20150247,0.16568822,4114.09193020,2.94222664,3000.89798715
Ti200Al133Cr166Fe166(CoNi)166,BCC,CAST,8.39762000,1,298.15000000,1272.00000000,,3.15000000,,10.1016/j.jallcom.2019.07.100,Effects of Ti-to-Al ratios on the phases  microstructures  mechanical properties  and corrosion resistance of Al2-xCoCrFeNiTix high-entropy alloys,2019,S5,Ti200Al133Cr166Fe166(CoNi)166,0.20100000,0.13300000,0.16600000,0.16600000,0.16600000,0.16600000,0.00000000,0.00000000,0.00000000,0.00000000,0.00000000,0.00000000,0.00000000,0.00000000,0.00000000,0.00015366,2.73521887,177.81684992,-0.03253092,-0.06585930,-0.14090446,1.45468807,-0.11252378,-0.11241356,-0.14585217,-0.14574195,0.02556713,0.07778951,0.17200622,1.44741560,50.74180743,6.69709127,1.73581745,0.05222238,12.89431388,1760.45492477,146.82046138,70.40320963,182.29087262,0.29736209,2.18222869,2.51879940,1.02664995,2.78756824,0.61056770,1.36056797,0.02949100,1.49214945,6.53457112,0.06264315,0.21647417,0.39333063,0.36508207,0.04709249,0.01323276,0.14997004,0.03895640,0.32687024,0.06784719,0.31386479,0.06607194,18.01354415,8.25465464,12.07221178,4.12534005,0.41623567,1.84641628,0.16616624,2.40410416,0.16935963,4107.50776771,2.93053876,2993.14223101
Ti210Nb210Al157(VMo)210,BCC,CAST,5.06660000,1,298.15000000,1260.00000000,1300.00000000,8.00000000,,10.3390/e16020870,Microstructures and Crackling Noise of AlxNbTiMoV High Entropy Alloys,2014,S5,Ti210Nb210Al157(VMo)210,0.21100000,0.21100000,0.15700000,0.21100000,0.21100000,0.00000000,0.00000000,0.00000000,0.00000000,0.00000000,0.00000000,0.00000000,0.00000000,0.00000000,0.00000000,0.00013821,2.96624867,166.92397942,-0.01521500,-0.03314106,-0.11902368,1.56248644,-0.11082011,-0.12522977,-0.12874617,-0.14315583,0.05457617,0.22865641,0.25916965,1.56967131,64.83814078,4.68505517,1.71320963,0.17408024,15.97855051,2204.84577733,161.30591775,57.80541625,153.83149448,0.35000000,2.36839519,2.64962187,1.11444534,2.79709358,0.69911735,0.88822930,0.18150278,1.53517653,6.73817936,0.03286411,0.09726245,0.62041962,0.59981965,0.02558097,0.00706561,0.07351276,0.02161268,0.35422524,0.11158140,0.34679056,0.10896747,15.88625843,6.70760459,10.34816395,3.78995294,0.59702468,2.07692308,0.04853271,2.74979334,0.13522488,1357.67046112,1.89183230,864.54941677
Ti230Al153Cr153Fe153(CoNi)153,BCC,CAST,,1,298.15000000,2220.00000000,2720.00000000,6.60000000,5.00000000,10.1063/1.2734517,Solid solution alloys of AlCoCrFeNiTix with excellent room-temperature mechanical properties,2007,S5,Ti230Al153Cr153Fe153(CoNi)153,0.23100000,0.15400000,0.15400000,0.15400000,0.15400000,0.15400000,0.00000000,0.00000000,0.00000000,0.00000000,0.00000000,0.00000000,0.00000000,0.00000000,0.00000000,0.00015330,2.75522617,171.65308378,-0.02904717,-0.06417411,-0.14856649,1.46461027,-0.11385621,-0.11404261,-0.14898315,-0.14916955,0.02143121,0.06711575,0.15692322,1.45800300,49.88356054,6.46030151,1.72298492,0.04568454,13.15996816,1743.45624121,142.82814070,67.83417085,175.81608040,0.30001005,2.14720704,2.47832663,0.97823015,2.82820494,0.58659598,1.34337026,0.02067225,1.50009648,6.29436611,0.06419294,0.21864197,0.41535959,0.38725261,0.04895212,0.01468886,0.15536493,0.04316150,0.33839006,0.07575907,0.32594674,0.07376242,17.47460754,8.13829652,11.64898908,4.22492945,0.43778219,1.85718388,0.16896437,2.34750111,0.17101089,4041.76836167,2.91224974,2940.65186558
Ti235Nb235Al58(VMo)235,BCC,CAST,4.50800000,1,298.15000000,1250.00000000,1500.00000000,13.00000000,,10.3390/e16020870,Microstructures and Crackling Noise of AlxNbTiMoV High Entropy Alloys,2014,S5,Ti235Nb235Al58(VMo)235,0.23500000,0.23500000,0.05800000,0.23500000,0.23500000,0.00000000,0.00000000,0.00000000,0.00000000,0.00000000,0.00000000,0.00000000,0.00000000,0.00000000,0.00000000,0.00013154,2.96841605,177.67458515,0.01638481,-0.00365520,-0.07695531,1.56645054,-0.06113178,-0.08079605,-0.08117179,-0.10083606,0.06066210,0.25836906,0.27866068,1.57081824,69.30243090,4.88376754,1.72538076,0.19770697,16.10047420,2354.79214429,171.36573146,61.55611222,163.71743487,0.35000000,2.51089679,2.82068838,1.19445190,3.03827575,0.76387275,0.86089743,0.21052442,1.62623647,7.14758280,0.03426087,0.09993720,0.58675044,0.56616054,0.02686726,0.00818179,0.07795411,0.02425234,0.34248776,0.11752928,0.33362777,0.11446642,16.95995525,6.75454097,10.42896008,3.69261555,0.62211719,2.07692308,0.05246073,5.06679679,0.12661415,1499.01613461,2.06700353,985.76913324
Ti238Nb238Al47(VCr)238,BCC,vacuum arc melting,4.52760000,1,298.15000000,1570.00000000,,50.00000000,,https://doi.org/10.1016/j.ijrmhm.2022.105784,"Microstructure and mechanical properties of lightweight AlxCrNbTiV(x = 0.2, 0.5, 0.8) refractory high entropy alloys",2022,S9,Ti238Nb238Al47(VCr)238,0.23800000,0.23800000,0.04700000,0.23800000,0.23800000,0.00000000,0.00000000,0.00000000,0.00000000,0.00000000,0.00000000,0.00000000,0.00000000,0.00000000,0.00000000,0.00013015,2.90212825,173.53901378,0.09671697,0.07644144,-0.01898437,1.54034366,-0.01204713,-0.03242593,-0.03232265,-0.05270146,0.02486414,0.23109916,0.18639896,1.53574024,59.33067623,4.90590591,1.60761762,0.20623502,15.30881171,2200.91895896,146.28028028,59.35335335,152.90690691,0.32617618,2.36000601,2.85189690,1.14142342,3.01111321,0.80062863,0.81409615,0.20899293,1.71047347,6.43557285,0.05485091,0.15551395,0.53043825,0.46843030,0.04344837,0.01282030,0.12266419,0.03568014,0.31899181,0.11003940,0.29120462,0.09997805,16.08050629,6.81375651,9.40120179,3.56207210,0.61377313,1.96813489,0.13275288,23.77680345,0.13546614,2425.95380489,2.45509997,1685.35330960
Ti2Al2V,BCC,"ball milling, Spark Plasma Sintering (SPS)",,1,298.15000000,2056.00000000,,9.10000000,,https://doi.org/10.1016/j.matchar.2023.113127,Lightweight refractory high entropy alloys with excellent specific strength and enhanced malleability by in-situ heterogeneous structure,2023,S9,Ti2Al2V,0.40000000,0.40000000,0.20000000,0.00000000,0.00000000,0.00000000,0.00000000,0.00000000,0.00000000,0.00000000,0.00000000,0.00000000,0.00000000,0.00000000,0.00000000,0.00009091,2.94248360,112.22694180,-0.10738987,-0.14143231,-0.20090978,1.55363278,-0.15956206,-0.16070126,-0.19360449,-0.19474369,-0.02454366,-0.00044112,-0.02364774,1.55709537,40.12771544,3.80000000,1.58600000,0.02410255,15.70846463,1586.32800000,105.20000000,37.40000000,100.00000000,0.34200000,1.82840000,2.09160000,0.58640000,3.20136000,0.36060000,1.06422500,-0.01183880,1.50520000,4.24189672,0.03150012,0.09968519,0.25059625,0.24883730,0.02409027,0.01037199,0.06599429,0.02528107,0.20800242,0.09331391,0.20515849,0.09181188,10.22013922,5.58966267,6.78988787,5.80033278,0.84246316,2.03951368,0.04902692,0.90376558,0.18794978,885.97119062,1.20849023,452.12236258
Ti2Al2V(CrMo)2,BCC,"high-energy ball milling, Spark Plasma Sintering",,1,298.15000000,1378.00000000,2085.00000000,12.90000000,,https://doi.org/10.1016/j.jallcom.2022.167659,Microstructure and strengthening mechanisms of novel lightweight TiAlV0.5CrMo refractory high-entropy alloy fabricated by mechanical alloying and spark plasma sintering,2023,S9,Ti2Al2V(CrMo)2,0.22200000,0.22200000,0.11100000,0.22200000,0.22200000,0.00000000,0.00000000,0.00000000,0.00000000,0.00000000,0.00000000,0.00000000,0.00000000,0.00000000,0.00000000,0.00013620,2.88275661,173.50641684,0.00243533,-0.01798047,-0.10267514,1.52358709,-0.06047215,-0.07397915,-0.08088796,-0.09439495,0.03171202,0.22427239,0.22152236,1.52548921,55.16786413,4.77777778,1.73000000,0.19256038,14.81461805,2009.29333333,154.88888889,74.33333333,190.66666667,0.30555556,2.19355556,2.70844444,1.17466667,2.16697778,0.86122222,0.95154456,0.18453400,1.53377778,6.18365292,0.04475334,0.13664086,0.56555602,0.54750154,0.03465871,0.01061877,0.10179764,0.03100323,0.43903711,0.11418466,0.42300893,0.11080847,19.91992619,9.08111315,12.98749172,3.14488453,0.45355349,1.88000000,0.10052302,4.52541679,0.14838550,2405.32189570,2.64747990,1707.03748051
Ti2Nb2Al(VCr)2,BCC,vacuum arc melting,4.91960000,1,298.15000000,1438.00000000,,25.50000000,,https://doi.org/10.1016/j.ijrmhm.2022.105784,"Microstructure and mechanical properties of lightweight AlxCrNbTiV(x = 0.2, 0.5, 0.8) refractory high entropy alloys",2022,S9,Ti2Nb2Al(VCr)2,0.22200000,0.22200000,0.11100000,0.22200000,0.22200000,0.00000000,0.00000000,0.00000000,0.00000000,0.00000000,0.00000000,0.00000000,0.00000000,0.00000000,0.00000000,0.00013620,2.90619140,166.96565048,0.07066127,0.05124769,-0.05159201,1.53958443,-0.06824822,-0.08772966,-0.08766179,-0.10714324,0.04339527,0.23399961,0.24660440,1.53789037,57.15594429,4.77777778,1.60777778,0.19060434,15.28618591,2115.70222222,141.55555556,57.11111111,147.33333333,0.32777778,2.27933333,2.74077778,1.09400000,2.85923333,0.75688889,0.83466111,0.19060033,1.64677778,6.20885705,0.05299626,0.15219305,0.55213171,0.49021464,0.04184131,0.01186823,0.11922975,0.03354424,0.32950235,0.10724326,0.30423482,0.09807654,15.46539270,6.78505091,9.39130520,3.62110981,0.59844419,1.97520661,0.12649066,4.22215262,0.14092248,2278.95320098,2.33072455,1558.69364061
Ti2Nb2Al(VMo)2,BCC,CAST,4.77260000,1,298.15000000,1625.00000000,1800.00000000,11.00000000,,10.3390/e16020870,Microstructures and Crackling Noise of AlxNbTiMoV High Entropy Alloys,2014,S5,Ti2Nb2Al(VMo)2,0.22200000,0.22200000,0.11100000,0.22200000,0.22200000,0.00000000,0.00000000,0.00000000,0.00000000,0.00000000,0.00000000,0.00000000,0.00000000,0.00000000,0.00000000,0.00013620,2.96741847,171.94039711,-0.00207990,-0.02099237,-0.10351293,1.56429657,-0.09202764,-0.10901404,-0.11094011,-0.12792650,0.05791219,0.24301707,0.26991233,1.57029034,66.92125540,4.77777778,1.71888889,0.18510487,16.03414794,2274.81333333,166.00000000,59.55555556,158.44444444,0.35000000,2.43488889,2.72944444,1.15177778,2.90963333,0.72933333,0.87547578,0.19504478,1.57766667,6.93054818,0.03353302,0.09844295,0.60500139,0.58442207,0.02619873,0.00758018,0.07562070,0.02284204,0.34958726,0.11459638,0.34150949,0.11177997,16.38619829,6.72975197,10.38635007,3.74238269,0.60899302,2.07692308,0.05036559,3.36665142,0.13106570,1421.45775756,1.97168626,919.20421426
Ti31Cr156(FeNi)156,MIX,CAST,3.54956000,1,298.15000000,2297.94000000,,5.80000000,,10.1557/jmr.2019.40,Effects of titanium addition on microstructure and mechanical properties of CrFeNiTix (x = 0.2–0.6) compositionally complex alloys,2019,S5,Ti31Cr156(FeNi)156,0.06200000,0.31300000,0.31300000,0.31300000,0.00000000,0.00000000,0.00000000,0.00000000,0.00000000,0.00000000,0.00000000,0.00000000,0.00000000,0.00000000,0.00000000,0.00010885,2.65879566,201.98583110,0.00824804,0.03647881,-0.01257671,1.41644009,0.00155276,-0.00837938,0.02978354,0.01985140,0.01966695,0.15786497,0.17606564,1.40697417,55.03659118,7.75150301,1.78384770,0.13819802,11.90373462,1908.48697395,166.71142285,88.08016032,222.91783567,0.27310621,2.34916232,2.77016433,1.47794589,2.27347102,0.93709218,1.57899889,0.13088969,1.29221844,7.67746216,0.03643386,0.12988428,0.22832333,0.19564348,0.02371977,0.00695058,0.07793795,0.02470430,0.17848138,0.06503583,0.15599108,0.05572403,21.94386581,9.34114496,16.98154521,2.95612788,0.29329422,1.75143361,0.16227434,133.78047348,0.15622323,2423.72560149,2.32449071,1656.34202753
Ti33Al299Cr166Fe166(CoNi)166,BCC,CAST,5.93390000,1,298.15000000,1324.00000000,,10.02000000,,10.1016/j.jallcom.2019.07.100,Effects of Ti-to-Al ratios on the phases  microstructures  mechanical properties  and corrosion resistance of Al2-xCoCrFeNiTix high-entropy alloys,2019,S5,Ti33Al299Cr166Fe166(CoNi)166,0.03300000,0.30000000,0.16700000,0.16700000,0.16700000,0.16700000,0.00000000,0.00000000,0.00000000,0.00000000,0.00000000,0.00000000,0.00000000,0.00000000,0.00000000,0.00014385,2.73215923,171.92909902,-0.03155286,-0.05305025,-0.11881599,1.43258801,-0.08376477,-0.07713474,-0.10526217,-0.09863213,-0.01283424,0.04230684,0.05217042,1.44579651,47.26378355,6.53313253,1.74768072,0.05426010,12.31551405,1592.32698795,141.69377510,67.42971888,174.69076305,0.30233936,2.02564458,2.29930221,1.03914759,2.07246781,0.56995080,1.35643883,0.03552151,1.26015462,6.37272730,0.05264188,0.21592460,0.46199997,0.43371368,0.03850154,0.01357871,0.13912767,0.05029758,0.39428434,0.14856174,0.38066720,0.14477658,16.99063045,8.38776488,13.48297280,4.03421172,0.31722421,1.86672327,0.14322197,2.73453967,0.18724169,3978.31435103,2.69582423,2837.22678384
Ti363Nb363Al90Mo181,MIX,arc melting,,1,298.15000000,1051.00000000,1484.00000000,29.00000000,,https://doi.org/10.1016/j.msea.2022.143072,Strength-ductility synergy of Al-bearing low-density refractory TiNbMo0.5AlX medium entropy alloys via precipitation,2022,S9,Ti363Nb363Al90Mo181,0.36400000,0.36400000,0.09000000,0.18200000,0.00000000,0.00000000,0.00000000,0.00000000,0.00000000,0.00000000,0.00000000,0.00000000,0.00000000,0.00000000,0.00000000,0.00010880,3.03050849,159.10257829,-0.01148622,-0.04247269,-0.11286214,1.59467571,-0.09915623,-0.11588513,-0.13014270,-0.14687160,0.04597040,0.18968199,0.21891778,1.60367614,71.10753803,4.63691073,1.68072217,0.14371160,16.98657195,2317.96168506,157.09428285,55.07723170,146.51153460,0.35002006,2.38060682,2.62893380,0.99043631,2.89954403,0.66145637,0.87958479,0.14686687,1.63849749,6.95119214,0.02065432,0.05474316,0.61312376,0.59269533,0.01579916,0.00523416,0.03973088,0.01341122,0.32202280,0.09812892,0.31358521,0.09545640,15.44832206,6.48923708,9.42834648,3.97446290,0.62531806,2.07701804,0.02104505,2.54328891,0.12862594,601.17920410,1.30634406,321.68048337
Ti366Nb366Al82Mo183,MIX,arc melting,,1,298.15000000,1022.00000000,1481.00000000,31.00000000,,https://doi.org/10.1016/j.msea.2022.143072,Strength-ductility synergy of Al-bearing low-density refractory TiNbMo0.5AlX medium entropy alloys via precipitation,2022,S9,Ti366Nb366Al82Mo183,0.36700000,0.36700000,0.08200000,0.18400000,0.00000000,0.00000000,0.00000000,0.00000000,0.00000000,0.00000000,0.00000000,0.00000000,0.00000000,0.00000000,0.00000000,0.00010792,3.03097674,159.88517548,-0.00857188,-0.03981443,-0.10607896,1.59527119,-0.08890578,-0.10582635,-0.12014834,-0.13706891,0.04208171,0.18740900,0.20588033,1.60392393,71.50708450,4.65195587,1.68158475,0.14532728,17.00560849,2330.39743230,157.86359077,55.36810431,147.27482447,0.35000000,2.39162487,2.64189168,0.99582949,2.91741224,0.66632798,0.87748792,0.14886965,1.64606219,6.98242515,0.02046427,0.05451778,0.61109648,0.59068738,0.01564134,0.00521273,0.03979897,0.01350511,0.32157466,0.09920812,0.31303619,0.09609273,15.53570658,6.49587933,9.43810429,3.96485175,0.62713670,2.07692308,0.02118235,2.82870933,0.12793955,601.00222462,1.31106387,322.25678410
Ti373Nb373Al65Mo186,MIX,arc melting,,1,298.15000000,958.00000000,1461.00000000,31.00000000,,https://doi.org/10.1016/j.msea.2022.143072,Strength-ductility synergy of Al-bearing low-density refractory TiNbMo0.5AlX medium entropy alloys via precipitation,2022,S9,Ti373Nb373Al65Mo186,0.37400000,0.37400000,0.06500000,0.18700000,0.00000000,0.00000000,0.00000000,0.00000000,0.00000000,0.00000000,0.00000000,0.00000000,0.00000000,0.00000000,0.00000000,0.00010572,3.03213078,161.40107394,-0.00232888,-0.03416898,-0.09972329,1.59663790,-0.06643393,-0.08377481,-0.09827402,-0.11561490,0.03367073,0.18207081,0.17758523,1.60453462,72.32408300,4.68204614,1.68267803,0.14840008,17.04935349,2356.13319960,159.33099298,55.87963892,148.62286861,0.35002006,2.41425777,2.66835707,1.00573220,2.95871103,0.67556369,0.87295878,0.15269929,1.66262487,7.04408219,0.02001044,0.05394842,0.60631339,0.58591526,0.01526116,0.00515754,0.03983530,0.01368717,0.31959125,0.10137195,0.31084731,0.09710761,15.69267064,6.49999798,9.43849144,3.94982310,0.63192693,2.07701804,0.02143332,3.74953641,0.12654208,598.15985578,1.31736812,321.61849874
Ti377Nb377(Al14Mo47)4,MIX,arc melting,,1,298.15000000,996.00000000,1484.00000000,36.00000000,,https://doi.org/10.1016/j.msea.2022.143072,Strength-ductility synergy of Al-bearing low-density refractory TiNbMo0.5AlX medium entropy alloys via precipitation,2022,S9,Ti377Nb377(Al14Mo47)4,0.37800000,0.37800000,0.05600000,0.18800000,0.00000000,0.00000000,0.00000000,0.00000000,0.00000000,0.00000000,0.00000000,0.00000000,0.00000000,0.00000000,0.00000000,0.00010436,3.03271643,162.23373849,0.00094762,-0.03120167,-0.09212372,1.59734863,-0.05441604,-0.07198184,-0.08656533,-0.10413113,0.02923849,0.17933707,0.16268997,1.60484454,72.76477998,4.69839679,1.68338677,0.15009858,17.07213170,2369.96084168,160.14128257,56.17034068,149.38777555,0.35002004,2.42644790,2.68263828,1.01127355,2.98014289,0.68067435,0.87055856,0.15481219,1.67136473,7.07754863,0.01976217,0.05368348,0.60380951,0.58342104,0.01505283,0.00512447,0.03986628,0.01378574,0.31862504,0.10255319,0.30976884,0.09817002,15.78133016,6.50388174,9.44218212,3.94114790,0.63428932,2.07701794,0.02157398,4.54536440,0.12580377,597.33773587,1.32164575,321.77266476
Ti37Mn37Al200V37Cr37Fe37Co37(CuNi)37,BCC,CAST,,1,298.15000000,1461.00000000,1461.00000000,1.00000000,,10.1016/j.msea.2006.11.049,Microstructure and compressive properties of multicomponent Alx(TiVCrMnFeCoNiCu)100−x high-entropy alloys,2007,S5,Ti37Mn37Al200V37Cr37Fe37Co37(CuNi)37,0.07500000,0.07500000,0.40300000,0.07500000,0.07500000,0.07500000,0.07500000,0.07500000,0.07500000,0.00000000,0.00000000,0.00000000,0.00000000,0.00000000,0.00000000,0.00016549,2.80369925,138.72756677,0.03427926,0.01537836,-0.07859091,1.47471174,-0.03607014,-0.03353160,-0.05497104,-0.05243249,-0.02384558,0.00187209,-0.03386919,1.48365385,43.90813831,5.01411290,1.68608871,0.02554946,13.43414482,1457.06842742,121.57862903,52.85483871,137.95766129,0.31941532,1.79511694,2.10460484,0.83941935,2.18278101,0.46323185,1.30730094,0.00384502,1.26518548,5.42730704,0.05091244,0.19501813,0.53087115,0.49824724,0.03933685,0.01473342,0.13812160,0.05447645,0.37799656,0.15889049,0.36503150,0.15452536,13.70972439,7.63723193,10.83613791,4.54330767,0.43532745,1.93864976,0.10912662,6.68497604,0.20462320,2863.22548599,2.20873688,1925.28815565
Ti380Nb380Al47Mo190,BCC,arc melting,,1,298.15000000,1002.00000000,1351.00000000,25.00000000,,https://doi.org/10.1016/j.msea.2022.143072,Strength-ductility synergy of Al-bearing low-density refractory TiNbMo0.5AlX medium entropy alloys via precipitation,2022,S9,Ti380Nb380Al47Mo190,0.38100000,0.38100000,0.04700000,0.19100000,0.00000000,0.00000000,0.00000000,0.00000000,0.00000000,0.00000000,0.00000000,0.00000000,0.00000000,0.00000000,0.00000000,0.00010299,3.03324314,163.10306939,0.00411547,-0.02832215,-0.08518547,1.59801816,-0.04256864,-0.06035574,-0.07500627,-0.09279337,0.02493629,0.17682746,0.14826087,1.60512326,73.21024746,4.71514544,1.68432297,0.15189117,17.09360793,2383.83755266,160.99498495,56.49147442,150.23069208,0.35000000,2.43873621,2.69708425,1.01724373,3.00024604,0.68607823,0.86821150,0.15703505,1.67984052,7.11193093,0.01951980,0.05347405,0.60143424,0.58106387,0.01484973,0.00509025,0.03992639,0.01388797,0.31791035,0.10376992,0.30893962,0.09926766,15.87820677,6.51083406,9.45221083,3.93116137,0.63629979,2.07692308,0.02172593,5.76767292,0.12507144,597.59352140,1.32736982,322.70358149
Ti39Cr98(FeNi)98,BCC,CAST,5.88294000,1,298.15000000,2475.41000000,,6.50000000,,10.1557/jmr.2019.40,Effects of titanium addition on microstructure and mechanical properties of CrFeNiTix (x = 0.2–0.6) compositionally complex alloys,2019,S5,Ti39Cr98(FeNi)98,0.11700000,0.29400000,0.29400000,0.29400000,0.00000000,0.00000000,0.00000000,0.00000000,0.00000000,0.00000000,0.00000000,0.00000000,0.00000000,0.00000000,0.00000000,0.00011468,2.67763387,196.67934180,0.01405037,0.03563557,-0.03666148,1.42892565,-0.04362251,-0.05425352,-0.02203730,-0.03266831,0.06592016,0.19378938,0.32483957,1.41694292,54.61619820,7.53153153,1.76954955,0.12786922,12.22130290,1910.39339339,163.21021021,85.49549550,216.64864865,0.27585586,2.33455255,2.75526126,1.41268769,2.43504300,0.90530631,1.55361368,0.11735135,1.34257357,7.42084485,0.04744581,0.16317591,0.25837926,0.22713620,0.03253438,0.00871040,0.10170902,0.02935800,0.20636820,0.06935421,0.18555805,0.06070286,21.48768852,9.20419996,16.00484989,3.04345749,0.32331313,1.76188106,0.17055859,5.02207759,0.15606733,3214.58613120,2.70779302,2295.27535807
Ti500Al333V166,BCC,"ball milling, Spark Plasma Sintering (SPS)",,1,298.15000000,2196.00000000,,10.60000000,,https://doi.org/10.1016/j.matchar.2023.113127,Lightweight refractory high entropy alloys with excellent specific strength and enhanced malleability by in-situ heterogeneous structure,2023,S9,Ti500Al333V166,0.50100000,0.33300000,0.16600000,0.00000000,0.00000000,0.00000000,0.00000000,0.00000000,0.00000000,0.00000000,0.00000000,0.00000000,0.00000000,0.00000000,0.00000000,0.00008708,2.95776108,112.06588985,-0.09085485,-0.13345048,-0.19157777,1.56341986,-0.14515068,-0.15033583,-0.18774632,-0.19293147,-0.02531137,-0.01169526,-0.02530767,1.56517987,41.41605741,3.83283283,1.57828829,0.01361611,16.00720400,1645.31887888,105.47347347,38.49849850,102.66066066,0.33830831,1.87340541,2.16207708,0.54901702,3.50625896,0.36617417,1.07804405,-0.02671752,1.61306006,4.29637982,0.03127068,0.09216158,0.23120554,0.22871735,0.02413691,0.01183609,0.06282602,0.02883845,0.19645159,0.08393495,0.19289821,0.08118585,10.58659377,5.65098923,6.56304996,5.90450455,0.91479569,2.02255571,0.05069955,0.98708572,0.18121107,812.29915526,1.19635256,411.84069576
Ti90Al136Cr181Fe181Co181Cu45Ni181,MIX,CAST,,1,298.15000000,1900.00000000,2697.00000000,13.64451220,12.00000000,10.1016/j.jallcom.2008.11.059,Atomic packing efficiency and phase transition in a high entropy alloy,2009,S5,Ti90Al136Cr181Fe181Co181Cu45Ni181,0.09000000,0.13700000,0.18200000,0.18200000,0.18200000,0.04500000,0.18200000,0.00000000,0.00000000,0.00000000,0.00000000,0.00000000,0.00000000,0.00000000,0.00000000,0.00016105,2.69816839,178.54026713,0.01377495,-0.00733148,-0.09021168,1.43384256,-0.07197330,-0.07047645,-0.09307973,-0.09158288,0.02154943,0.07336541,0.12276034,1.42780933,51.90627341,6.86532663,1.76958794,0.06104250,12.34789730,1726.49388945,152.27939698,73.19095477,189.47638191,0.29589950,2.18592161,2.50548744,1.10800302,2.48067069,0.62482513,1.46450318,0.04454087,1.39748442,6.98033451,0.05224955,0.19384055,0.37295721,0.34329764,0.03790753,0.00667052,0.12709229,0.02457652,0.31918565,0.07192473,0.30432238,0.07012346,18.45847053,8.44425091,13.20835512,4.00990187,0.36133324,1.84050358,0.13435456,3.86328552,0.17269103,3669.75841543,2.70460756,2619.45310434
Ti90Al181Cr181Fe181(CoNi)181,BCC,CAST,1.74440000,1,298.15000000,2260.00000000,3140.00000000,24.40000000,23.00000000,10.1063/1.2734517,Solid solution alloys of AlCoCrFeNiTix with excellent room-temperature mechanical properties,2007,S5,Ti90Al181Cr181Fe181(CoNi)181,0.09000000,0.18200000,0.18200000,0.18200000,0.18200000,0.18200000,0.00000000,0.00000000,0.00000000,0.00000000,0.00000000,0.00000000,0.00000000,0.00000000,0.00000000,0.00015228,2.70908813,182.66399450,-0.04234492,-0.06832534,-0.13272198,1.43821283,-0.10168621,-0.09906281,-0.12766664,-0.12504323,0.00798204,0.06897306,0.11794491,1.43358780,50.25260430,6.91055276,1.75647236,0.06099102,12.46114891,1707.30444221,149.38492462,72.19597990,186.76281407,0.29635176,2.15584623,2.47143216,1.09045528,2.42544507,0.62165930,1.37947805,0.04275606,1.38097688,6.69653097,0.05410457,0.20299031,0.39570772,0.36744201,0.03985473,0.00866187,0.13528005,0.03187410,0.34344381,0.09484487,0.32939130,0.09240826,18.26303736,8.47140074,13.22472343,3.97554122,0.35097700,1.84232928,0.15274719,2.55675646,0.17463201,3854.55957833,2.77821454,2770.93586280
Ti90Al90Cr181Fe181Co181Cu90Ni181,MIX,CAST,,1,298.15000000,1580.00000000,2389.00000000,18.48385093,17.00000000,10.1016/j.jallcom.2008.11.059,Atomic packing efficiency and phase transition in a high entropy alloy,2009,S5,Ti90Al90Cr181Fe181Co181Cu90Ni181,0.09100000,0.09100000,0.18200000,0.18200000,0.18200000,0.09100000,0.18200000,0.00000000,0.00000000,0.00000000,0.00000000,0.00000000,0.00000000,0.00000000,0.00000000,0.00016327,2.68548941,175.86317489,0.03873379,0.01797716,-0.06778058,1.42862537,-0.07612722,-0.07787573,-0.09688384,-0.09863235,0.05393036,0.10681161,0.20629511,1.42109990,53.58668136,6.82394366,1.78287726,0.06118188,12.21359980,1746.50060362,155.25352113,74.23440644,192.31287726,0.29539235,2.21705936,2.54089135,1.12624447,2.53769109,0.62847183,1.54996042,0.04643726,1.41464688,7.28555381,0.05001527,0.18284729,0.34880409,0.31744055,0.03553398,0.00655292,0.11704172,0.02030110,0.29188144,0.06136054,0.27593079,0.05501115,18.65350434,8.41362424,13.18597919,4.04296776,0.37188043,1.83845912,0.13264018,3.74574173,0.17071280,3438.21933810,2.60781573,2429.98093162
Ti94Al189Cr189Fe178Ni347,BCC,CAST,,1,298.15000000,,,18.05000000,,10.1016/j.jmst.2014.09.011,Mechanical Properties Improvement of AlCrFeNi2Ti0.5 High Entropy Alloy through Annealing Design and its Relationship with its Particle-reinforced Microstructures,2015,S5,Ti94Al189Cr189Fe178Ni347,0.09400000,0.19000000,0.19000000,0.17900000,0.34800000,0.00000000,0.00000000,0.00000000,0.00000000,0.00000000,0.00000000,0.00000000,0.00000000,0.00000000,0.00000000,0.00013173,2.71639242,173.41611864,-0.07235133,-0.06315254,-0.14150435,1.43595406,-0.13116412,-0.13201931,-0.12196534,-0.12282053,0.00576311,0.08107677,0.11281714,1.43745307,49.88294032,6.99197593,1.75656971,0.07531366,12.40252897,1697.93929789,148.20461384,71.96890672,184.37612839,0.29599799,2.11376730,2.40714343,1.17035005,2.34533362,0.67002106,1.64140770,0.04984909,1.23679338,6.67868851,0.05450093,0.20930830,0.40485878,0.37692018,0.03963542,0.01277874,0.13811767,0.04648018,0.35012321,0.09851724,0.33388628,0.09522892,18.17700328,8.59933980,14.69687951,3.59263844,0.33543216,1.84090100,0.17364524,1.70521149,0.17559521,3998.57960327,2.81189683,2883.46265319
TiAl3Cr2Fe2(CoNi)2,BCC,CAST,6.28866000,1,298.15000000,1566.00000000,,11.85000000,,10.1016/j.jallcom.2019.07.100,Effects of Ti-to-Al ratios on the phases  microstructures  mechanical properties  and corrosion resistance of Al2-xCoCrFeNiTix high-entropy alloys,2019,S5,TiAl3Cr2Fe2(CoNi)2,0.08300000,0.25000000,0.16700000,0.16700000,0.16700000,0.16700000,0.00000000,0.00000000,0.00000000,0.00000000,0.00000000,0.00000000,0.00000000,0.00000000,0.00000000,0.00015069,2.73161653,173.72257728,-0.03922969,-0.06427497,-0.13890679,1.43738099,-0.13177071,-0.12751485,-0.15681600,-0.15256014,0.03039606,0.08406966,0.19173681,1.44550932,48.31225048,6.58333333,1.74416667,0.05367360,12.43953932,1642.91333333,143.25000000,68.33333333,177.00000000,0.30083333,2.07283333,2.36541667,1.03558333,2.28718167,0.58225000,1.35774742,0.03374425,1.32983333,6.44914832,0.05626052,0.21779216,0.44171264,0.41354363,0.04125118,0.01139523,0.14244670,0.04192984,0.37599184,0.12477528,0.36251191,0.12156951,17.27592602,8.33445012,12.99104601,4.06254473,0.34742000,1.86054827,0.15010525,1.87882980,0.18147640,4060.21026607,2.76922771,2916.30426620
TiAlCrCoCuNi,BCC,,,1,298.15000000,,1495.00000000,12.15277778,8.00000000,10.1016/j.matdes.2009.09.016,Effect of rare earth Y addition on the microstructure and mechanical properties of high entropy AlCoCrCuNiTi alloys,2010,S5,TiAlCrCoCuNi,0.16700000,0.16700000,0.16700000,0.16700000,0.16700000,0.16700000,0.00000000,0.00000000,0.00000000,0.00000000,0.00000000,0.00000000,0.00000000,0.00000000,0.00000000,0.00015454,2.74099914,146.46109635,0.06410170,0.02519893,-0.10556094,1.45404559,-0.05954637,-0.05849331,-0.09844914,-0.09739608,0.01190474,0.04874718,0.05932318,1.45047438,51.33620560,5.66666667,1.75000000,0.04186423,12.87723669,1651.32333333,140.83333333,64.16666667,167.33333333,0.30666667,2.05250000,2.39550000,0.88700000,2.64400000,0.47600000,1.62033633,0.01229667,1.50850000,6.61988555,0.06030975,0.21256468,0.44938068,0.41385870,0.04540458,0.01100992,0.14758606,0.03235113,0.34071233,0.07781864,0.32754462,0.07615611,16.41059530,7.99541793,10.87875061,5.03256303,0.46658824,1.88461538,0.15609450,4.28560876,0.18055216,3754.91059902,2.67141293,2671.35006812
TiAlCrFeCoCuNi,MIX,CAST,,1,298.15000000,1234.00000000,,9.00000000,,10.1016/j.msea.2008.08.025,Effects of Mn  Ti and V on the microstructure and properties of AlCrFeCoNiCu high entropy alloy,2008,S5,TiAlCrFeCoCuNi,0.14300000,0.14300000,0.14300000,0.14300000,0.14300000,0.14300000,0.14300000,0.00000000,0.00000000,0.00000000,0.00000000,0.00000000,0.00000000,0.00000000,0.00000000,0.00016777,2.72744732,151.45692959,0.04829364,0.02619736,-0.08933450,1.44754261,-0.06617537,-0.06496702,-0.08827165,-0.08706329,0.02839579,0.06603865,0.10847457,1.44330307,51.98031909,6.00000000,1.76142857,0.04158101,12.70523443,1674.13428571,145.00000000,66.71428571,173.57142857,0.30428571,2.10457143,2.40042857,1.00028571,2.54780571,0.54800000,1.59421686,0.02280443,1.40014286,6.79368885,0.05736267,0.20409501,0.41094526,0.37973350,0.04257482,0.00964922,0.13862687,0.02838119,0.32756710,0.06932237,0.31372411,0.06768580,16.98584011,8.07092593,12.13150503,4.38034411,0.42463429,1.87474333,0.13749718,4.24424523,0.17809205,3672.16994713,2.65776939,2608.86255208
TiAlCrFeCoNi,BCC,CAST,,1,298.15000000,,2280.00000000,8.14018018,6.00000000,10.1016/j.msea.2008.12.053,Microstructure and mechanical properties of CoCrFeNiTiAlx high-entropy alloys,2009,S5,TiAlCrFeCoNi,0.16700000,0.16700000,0.16700000,0.16700000,0.16700000,0.16700000,0.00000000,0.00000000,0.00000000,0.00000000,0.00000000,0.00000000,0.00000000,0.00000000,0.00000000,0.00015454,2.73347579,176.69975119,-0.03699137,-0.06792615,-0.14645524,1.45181143,-0.11403247,-0.11234077,-0.14496725,-0.14327555,0.01836716,0.07106717,0.14893163,1.44649320,50.05270560,6.66666667,1.73833333,0.05270001,12.81796968,1726.88666667,145.83333333,69.83333333,180.83333333,0.29833333,2.15116667,2.47516667,1.02966667,2.64360667,0.60266667,1.35991967,0.03079400,1.44550000,6.48421956,0.06061538,0.21463251,0.40724831,0.37907981,0.04547224,0.01102611,0.14779059,0.03239893,0.34186822,0.08433988,0.32870183,0.08214437,17.83240078,8.28964164,12.33649310,4.10702434,0.39654100,1.85035629,0.16153149,2.34029735,0.17265175,4039.57409845,2.87728062,2930.15657007
TiMnAl2VCrFeCoCuNi,BCC,CAST,,1,298.15000000,1465.00000000,2016.00000000,2.00000000,,10.1016/j.msea.2006.11.049,Microstructure and compressive properties of multicomponent Alx(TiVCrMnFeCoNiCu)100−x high-entropy alloys,2007,S5,TiMnAl2VCrFeCoCuNi,0.10000000,0.10000000,0.20000000,0.10000000,0.10000000,0.10000000,0.10000000,0.10000000,0.10000000,0.00000000,0.00000000,0.00000000,0.00000000,0.00000000,0.00000000,0.00018648,2.74175572,160.12693066,0.04026974,0.01800401,-0.08979528,1.45742418,-0.06738636,-0.06934189,-0.08965209,-0.09160762,0.01985929,0.05985541,0.09502140,1.45087475,49.67233172,5.70000000,1.71200000,0.04319655,12.96720929,1635.42600000,137.10000000,62.00000000,161.10000000,0.30900000,2.01140000,2.41300000,0.97680000,2.67005400,0.56990000,1.37108450,0.02715230,1.43620000,6.36088320,0.05221582,0.18973606,0.43464675,0.40349950,0.03946181,0.00846107,0.13217457,0.03128459,0.34051271,0.09124720,0.32516561,0.08874041,15.89331508,7.90161831,11.06622690,4.23407615,0.46843053,1.89435601,0.10911101,4.52564114,0.18230724,3139.63132903,2.41793988,2171.36258198
TiMnAlVCrFeCoCuNi,MIX,CAST,,1,298.15000000,1862.00000000,2431.00000000,1.00000000,,10.1016/j.msea.2006.11.049,Microstructure and compressive properties of multicomponent Alx(TiVCrMnFeCoNiCu)100−x high-entropy alloys,2007,S5,TiMnAlVCrFeCoCuNi,0.11100000,0.11100000,0.11100000,0.11100000,0.11100000,0.11100000,0.11100000,0.11100000,0.11100000,0.00000000,0.00000000,0.00000000,0.00000000,0.00000000,0.00000000,0.00018924,2.71684698,169.50100799,0.04884457,0.02510710,-0.07993504,1.45317885,-0.05814793,-0.06365343,-0.08188541,-0.08739090,0.02858892,0.07558322,0.11535365,1.43769361,52.19353096,6.00000000,1.72333333,0.05091521,12.85422244,1713.43777778,143.88888889,66.00000000,171.22222222,0.30444444,2.10600000,2.54788889,1.03688889,2.88318222,0.61655556,1.39898278,0.03734667,1.51100000,6.74248923,0.05139294,0.17927837,0.38536380,0.35383132,0.03825906,0.00732814,0.12386823,0.02146381,0.30455325,0.05343500,0.28786312,0.05196700,16.86940777,8.01016513,11.16439958,4.13245630,0.48053037,1.87539936,0.10910418,5.57627971,0.17400690,3057.57984814,2.44045322,2120.42417038
TiMnVCrFeCoCuNi,MIX,CAST,,1,298.15000000,1312.00000000,1312.00000000,1.00000000,,10.1016/j.msea.2006.11.049,Microstructure and compressive properties of multicomponent Alx(TiVCrMnFeCoNiCu)100−x high-entropy alloys,2007,S5,TiMnVCrFeCoCuNi,0.12500000,0.12500000,0.12500000,0.12500000,0.12500000,0.12500000,0.12500000,0.12500000,0.00000000,0.00000000,0.00000000,0.00000000,0.00000000,0.00000000,0.00000000,0.00017919,2.69168523,181.21860464,0.10924797,0.08368657,-0.02625761,1.44583259,-0.01796460,-0.02936540,-0.04352600,-0.05492680,0.05656905,0.11117347,0.17689778,1.42437858,55.34503000,6.37500000,1.73750000,0.06056354,12.66026028,1810.95250000,152.37500000,71.00000000,183.87500000,0.29875000,2.22425000,2.71650000,1.11200000,3.14959250,0.67487500,1.43385563,0.05008962,1.60450000,7.25914359,0.04953939,0.16189017,0.31580405,0.28198173,0.03564822,0.00867349,0.10798362,0.02556746,0.23838373,0.04124563,0.21903144,0.03641758,18.05565261,8.11763633,11.25313344,4.02518985,0.49405373,1.85204991,0.09918262,18.06380093,0.16463712,2823.32522630,2.39560973,1947.20349046
TiNb2AlV,BCC,arc melting,,1,298.15000000,1043.00000000,,33.00000000,,https://doi.org/10.1016/j.matlet.2020.129255,A novel light-weight refractory high-entropy alloy with high specific strength and intrinsic deformability,2021,S9,TiNb2AlV,0.20000000,0.40000000,0.20000000,0.20000000,0.00000000,0.00000000,0.00000000,0.00000000,0.00000000,0.00000000,0.00000000,0.00000000,0.00000000,0.00000000,0.00000000,0.00011480,2.99923190,145.34755499,-0.00382133,-0.02084255,-0.11247159,1.57864707,-0.15541251,-0.16635993,-0.17243373,-0.18338115,0.04760389,0.18228714,0.20575497,1.58712528,62.32055972,4.40000000,1.59600000,0.13468324,16.47948937,2111.46400000,136.60000000,38.60000000,104.80000000,0.36800000,2.23840000,2.42260000,0.91820000,2.94758000,0.52120000,0.82783400,0.14108060,1.50440000,6.27967241,0.03451306,0.09591026,0.18652850,0.18476988,0.02717665,0.01017859,0.07381523,0.02702014,0.15376621,0.04710940,0.15329413,0.04793828,10.71788728,4.78819124,7.12436006,4.64811972,0.66990455,2.16455696,0.05020693,1.55967154,0.14120534,940.23793151,1.32684470,507.61922146
TiNbAlV,BCC,ANNEAL,4.39040000,1,298.15000000,1020.00000000,1318.00000000,6.26730769,5.00000000,10.1016/j.matlet.2014.11.162,Structure and mechanical properties of a light-weight AlNbTiV high entropy alloy,2015,S5,TiNbAlV,0.25000000,0.25000000,0.25000000,0.25000000,0.00000000,0.00000000,0.00000000,0.00000000,0.00000000,0.00000000,0.00000000,0.00000000,0.00000000,0.00000000,0.00000000,0.00011946,2.97383197,137.57824095,-0.01367697,-0.03495349,-0.12932554,1.56647202,-0.16034970,-0.16897133,-0.18162622,-0.19024785,0.03573901,0.14300836,0.17393051,1.57368422,54.67410465,4.25000000,1.59500000,0.10726935,16.10113658,1951.83000000,128.25000000,38.75000000,104.75000000,0.36000000,2.13425000,2.35700000,0.84025000,3.12047500,0.48300000,0.89927850,0.10135075,1.51675000,5.63864223,0.03540202,0.10279847,0.20755752,0.20667486,0.02785447,0.00879056,0.07779430,0.02743935,0.17354475,0.06032689,0.17310147,0.06080640,10.67655599,5.00248611,7.03910070,4.87991718,0.73422941,2.12500000,0.05205317,1.45412632,0.15275408,1010.19253598,1.34635092,549.88696237
TiNbAlVMo,BCC,CAST,5.26260000,1,298.15000000,1375.00000000,1400.00000000,3.00000000,,10.3390/e16020870,Microstructures and Crackling Noise of AlxNbTiMoV High Entropy Alloys,2014,S5,TiNbAlVMo,0.20000000,0.20000000,0.20000000,0.20000000,0.20000000,0.00000000,0.00000000,0.00000000,0.00000000,0.00000000,0.00000000,0.00000000,0.00000000,0.00000000,0.00000000,0.00013869,2.96515381,162.32238087,-0.02485541,-0.04187662,-0.12777749,1.56086791,-0.12384167,-0.13574367,-0.14086289,-0.15276489,0.05128338,0.21525063,0.24854282,1.56909193,62.92728372,4.60000000,1.70800000,0.16396725,15.92894693,2140.66400000,157.00000000,56.20000000,149.60000000,0.35000000,2.30740000,2.57640000,1.08020000,2.69386000,0.67140000,0.89992820,0.16908060,1.49620000,6.55996186,0.03222231,0.09628761,0.63405146,0.61341059,0.02498576,0.00660342,0.07152063,0.02048859,0.35716985,0.10846496,0.35029338,0.10602744,15.42905407,6.68677042,10.31216018,3.83735478,0.58562174,2.07692308,0.04685140,2.39733521,0.13927921,1302.35413614,1.82130876,817.19117810
TiNbCrFeMo,BCC,CAST,7.76160000,1,298.15000000,1647.00000000,,0.90000000,,10.1007/s40195-019-00935-x,Microstructure  Mechanical Properties  and Corrosion Behavior of MoNbFeCrV  MoNbFeCrTi  and MoNbFeVTi High-Entropy Alloys,2019,S5,TiNbCrFeMo,0.20000000,0.20000000,0.20000000,0.20000000,0.20000000,0.00000000,0.00000000,0.00000000,0.00000000,0.00000000,0.00000000,0.00000000,0.00000000,0.00000000,0.00000000,0.00013869,2.88727416,193.91091661,0.15344671,0.15786837,0.01777421,1.52240002,-0.00452589,-0.02392616,-0.00010423,-0.01950450,0.06954098,0.28004726,0.33417354,1.52787980,68.91089600,5.80000000,1.75800000,0.21050628,14.78001758,2315.60000000,176.20000000,81.00000000,208.00000000,0.30600000,2.49440000,2.91800000,1.41900000,2.20072800,1.00460000,0.94940220,0.22917020,1.49900000,7.74216353,0.06075515,0.17697734,0.44169244,0.42331724,0.04813219,0.01087905,0.13828718,0.03236397,0.35684264,0.08303694,0.33733050,0.07707430,21.68955454,8.69529929,14.46934926,2.90463866,0.37943586,1.88184438,0.20669971,70.95879563,0.12875713,3705.31540127,3.42210914,2798.79648827
TiNbCrMoW,BCC,POWDER,,1,298.15000000,2500.00000000,,5.79000000,,10.1007/s11837-019-03432-9,Microstructure and Mechanical Properties of WMoNbCrTi HEAs Sintered from the Powders Milled for Different Durations,2019,S5,TiNbCrMoW,0.20000000,0.20000000,0.20000000,0.20000000,0.20000000,0.00000000,0.00000000,0.00000000,0.00000000,0.00000000,0.00000000,0.00000000,0.00000000,0.00000000,0.00000000,0.00013869,2.94986341,217.51282286,0.13736138,0.12034016,0.01033185,1.55101636,0.00561215,-0.02638726,-0.01140906,-0.04340847,0.09675851,0.38505279,0.41496405,1.56100061,94.50989600,5.40000000,1.86400000,0.28829428,15.62923585,2692.40000000,204.20000000,96.80000000,248.00000000,0.30400000,2.74600000,3.23300000,1.60500000,1.94290000,1.16580000,0.86190220,0.32000000,1.62800000,10.04127669,0.04727160,0.12989342,0.49653020,0.48374998,0.03679496,0.01136449,0.10215948,0.03128997,0.41570526,0.09696389,0.39886909,0.09144336,26.40757788,9.61674358,16.22087093,2.77320295,0.35979630,1.87356322,0.13900151,66.53605528,0.11073763,2914.43497076,3.50845907,2213.15567236
TiNbVFeMo,BCC,CAST,6.85020000,1,298.15000000,1707.00000000,,1.70000000,,10.1007/s40195-019-00935-x,Microstructure  Mechanical Properties  and Corrosion Behavior of MoNbFeCrV  MoNbFeCrTi  and MoNbFeVTi High-Entropy Alloys,2019,S5,TiNbVFeMo,0.20000000,0.20000000,0.20000000,0.20000000,0.20000000,0.00000000,0.00000000,0.00000000,0.00000000,0.00000000,0.00000000,0.00000000,0.00000000,0.00000000,0.00000000,0.00013869,2.91093302,183.45671974,0.08875093,0.09317260,-0.03122588,1.53450579,-0.03575962,-0.05500803,-0.03133796,-0.05058636,0.07254494,0.24974280,0.31914638,1.54039953,68.69997600,5.60000000,1.75200000,0.17719786,15.13541036,2316.20000000,175.80000000,67.40000000,177.80000000,0.33800000,2.55880000,2.82260000,1.32900000,2.93760800,0.83740000,0.96342820,0.19917020,1.49360000,7.53723019,0.05231073,0.15465880,0.49097016,0.47433068,0.04098527,0.01120327,0.12125482,0.03334721,0.32658795,0.08851762,0.31346415,0.08636560,18.19136384,7.10933400,12.17954194,3.37067112,0.52457286,2.02114804,0.15074892,8.98318175,0.12872377,2833.31735577,2.79534596,2040.05087466
TiNbVMo,BCC,CAST,4.32180000,1,298.15000000,1200.00000000,2050.00000000,26.00000000,,10.3390/e16020870,Microstructures and Crackling Noise of AlxNbTiMoV High Entropy Alloys,2014,S5,TiNbVMo,0.25000000,0.25000000,0.25000000,0.25000000,0.00000000,0.00000000,0.00000000,0.00000000,0.00000000,0.00000000,0.00000000,0.00000000,0.00000000,0.00000000,0.00000000,0.00011946,2.97234691,183.96291742,0.06763625,0.04635973,-0.05221993,1.56820467,-0.02043362,-0.05698045,-0.04171015,-0.07825698,0.06977883,0.28130574,0.31405968,1.57289836,71.91372000,5.00000000,1.73250000,0.21152690,16.15462331,2442.50000000,177.25000000,63.75000000,169.50000000,0.35000000,2.59425000,2.92075000,1.24125000,3.17935000,0.80175000,0.84491025,0.22750000,1.67950000,7.39204008,0.03504607,0.10201104,0.56605232,0.54540372,0.02755678,0.00885763,0.08042601,0.02580508,0.33252063,0.12007720,0.32274026,0.11672236,17.58408460,6.77809949,10.46983305,3.64296851,0.63587000,2.07692308,0.06653545,14.27964764,0.12206755,1595.54341525,2.17748438,1067.88502027
TiVFeCoNi,BCC,vacuum arc melting,4.92940000,1,298.15000000,2730.00000000,3890.00000000,21.30000000,,https://doi.org/10.1016/j.ijrmhm.2020.105416,Excellent strength-ductility synergy in a novel single-phase equiatomic CoFeNiTiV high entropy alloy,2021,S9,TiVFeCoNi,0.20000000,0.20000000,0.20000000,0.20000000,0.20000000,0.00000000,0.00000000,0.00000000,0.00000000,0.00000000,0.00000000,0.00000000,0.00000000,0.00000000,0.00000000,0.00013869,2.72396763,186.43345761,-0.02779337,-0.06335164,-0.12845758,1.45436855,-0.11633411,-0.12556139,-0.15189238,-0.16111967,0.05839974,0.09358561,0.26862748,1.44146170,54.45601900,7.20000000,1.75800000,0.03518587,12.88581919,1886.20000000,159.40000000,65.00000000,172.80000000,0.32000000,2.41380000,2.63500000,1.05840000,3.75882800,0.52600000,1.42192960,0.01987220,1.57660000,7.01751339,0.05997423,0.19600694,0.24768753,0.24198951,0.04481857,0.01340950,0.13720423,0.04033937,0.20530029,0.04870239,0.20137525,0.04922991,16.62741225,6.88847968,10.54637337,5.00950570,0.52205944,1.94117647,0.16432583,2.24868052,0.15806913,3551.13340168,2.61647151,2512.08150632
VCr2Fe2(NiW)2,MIX,CAST,,1,298.15000000,,,7.30000000,,10.1007/s11665-015-1767-8,Effects of Tungsten on Microstructure and Mechanical Properties of CrFeNiV0.5W x and CrFeNi2V0.5W x High-Entropy Alloys,2015,S5,VCr2Fe2(NiW)2,0.11100000,0.22200000,0.22200000,0.22200000,0.22200000,0.00000000,0.00000000,0.00000000,0.00000000,0.00000000,0.00000000,0.00000000,0.00000000,0.00000000,0.00000000,0.00013620,2.74854445,225.93413969,0.16348061,0.18730604,0.02145123,1.45053012,0.01975209,0.00540193,0.04357751,0.02922735,0.01875022,0.24161747,0.17919931,1.45446719,83.52116667,7.22222222,1.90555556,0.22286725,12.78406194,2334.55555556,200.44444444,101.66666667,258.88888889,0.28333333,2.68511111,3.08444444,1.76222222,2.03929778,1.12477778,1.38167189,0.24745578,1.32222222,10.84868452,0.04391664,0.14348263,0.36621645,0.35434377,0.03337787,0.01056933,0.10506277,0.03237829,0.27383379,0.07567231,0.25766347,0.07426314,25.93833950,9.66006188,19.61723155,2.74227008,0.28236431,1.79069767,0.16184509,16.09762548,0.12771167,3290.62999924,3.12508252,2435.32899014
Zr101Ti101Nb101V30,BCC,arc melting,,1,298.15000000,866.00000000,,45.00000000,,https://doi.org/10.1016/j.matdes.2015.06.072,Phase composition and solid solution strengthening effect in TiZrNbMoV high-entropy alloys,2015,S9,Zr101Ti101Nb101V30,0.30300000,0.30300000,0.30300000,0.09000000,0.00000000,0.00000000,0.00000000,0.00000000,0.00000000,0.00000000,0.00000000,0.00000000,0.00000000,0.00000000,0.00000000,0.00011220,3.13683817,132.88055671,0.18786359,0.14392818,0.02897582,1.65670385,0.03837125,-0.00142888,-0.00556415,-0.04536428,0.00417337,0.08662873,0.09787633,1.65994340,74.95489604,4.39339339,1.50261261,0.08245536,19.04685416,2264.89189189,126.03003003,39.11411411,98.88288288,0.35483483,2.28503003,2.49054655,0.69882583,4.01157958,0.46429129,0.83125086,0.06072072,1.79172072,6.53470736,0.05172173,0.15505641,0.12669486,0.22269407,0.03956146,0.01480096,0.11687266,0.04372912,0.09875012,0.03488601,0.18635815,0.07267632,11.39764731,4.98796391,6.36128565,5.36418967,0.91309364,2.09998138,0.15415952,6.62296584,0.13163984,1736.24924175,2.09777954,1147.60473264
Zr104Ti104Nb104V31Mo156,BCC,arc melting,,1,298.15000000,1576.00000000,,8.00000000,,https://doi.org/10.1016/j.matdes.2015.06.072,Phase composition and solid solution strengthening effect in TiZrNbMoV high-entropy alloys,2015,S9,Zr104Ti104Nb104V31Mo156,0.20800000,0.20800000,0.20800000,0.06200000,0.31300000,0.00000000,0.00000000,0.00000000,0.00000000,0.00000000,0.00000000,0.00000000,0.00000000,0.00000000,0.00000000,0.00013062,3.06558604,173.03911993,0.09932623,0.06913573,-0.02588065,1.61246704,0.01141712,-0.02363798,-0.01877338,-0.05382848,0.04106767,0.21994283,0.27868956,1.62223839,81.51012830,4.89579158,1.70815631,0.17887516,17.56148153,2462.17434870,171.67134269,66.27855711,170.82965932,0.34082164,2.50862124,2.79186373,1.11824850,3.06623928,0.76468737,0.85352435,0.17933868,1.67361523,7.70725662,0.05362769,0.16908375,0.61083168,0.63350218,0.03983460,0.01215496,0.11734862,0.03583252,0.38966242,0.15441196,0.41748674,0.15982939,18.79752737,7.49317077,11.23168995,3.65098708,0.62630102,2.03408020,0.15564397,28.16899781,0.12109216,3164.73959847,3.39922937,2387.00409210
Zr104Ti208Nb104Al52W31,MIX,vacuum arc melting,,1,298.15000000,960.00000000,,68.00000000,,https://doi.org/10.1016/j.matdes.2022.111034,A superb mechanical behavior of newly developed lightweight and ductile Al0.5Ti2Nb1Zr1Wx refractory high entropy alloy via nano-precipitates and dislocations induced-deformation,2022,S9,Zr104Ti208Nb104Al52W31,0.20800000,0.41700000,0.20800000,0.10400000,0.06200000,0.00000000,0.00000000,0.00000000,0.00000000,0.00000000,0.00000000,0.00000000,0.00000000,0.00000000,0.00000000,0.00012286,3.10324776,129.48856022,0.06408411,0.01615607,-0.07351266,1.63675532,-0.04801761,-0.06915411,-0.09594565,-0.11708215,0.00481649,0.06205602,0.08039139,1.64216811,72.56107320,4.22845691,1.56697395,0.05723953,18.36707053,2152.54036072,126.17635271,45.84969940,117.02805611,0.34148297,2.19471944,2.42207415,0.68151904,3.65023106,0.48381162,0.94005348,0.03098388,1.74055511,6.56014136,0.04430400,0.13279538,0.65919454,0.67019061,0.03287796,0.01065029,0.09126066,0.03048037,0.24434950,0.08453351,0.27567598,0.09529812,13.19948806,6.01420292,7.58349333,5.00623390,0.86325370,2.03712721,0.08613243,5.50760294,0.13851076,1589.55775650,2.09560826,1050.27421035
Zr108Ti217Nb108(Al65V217)2,MIX,vacuum arc melting,5.82218000,1,298.15000000,1727.00000000,1861.00000000,14.30000000,,https://doi.org/10.1016/j.msea.2023.144628,Effect of Al on microstructure and mechanical properties of lightweight AlxNb0.5TiV2Zr0.5 refractory high entropy alloys,2023,S9,Zr108Ti217Nb108(Al65V217)2,0.10800000,0.21800000,0.10800000,0.13000000,0.43500000,0.00000000,0.00000000,0.00000000,0.00000000,0.00000000,0.00000000,0.00000000,0.00000000,0.00000000,0.00000000,0.00012410,2.97293131,144.76628003,0.07529463,0.05029859,-0.06737462,1.56985567,-0.08792513,-0.10550751,-0.11292117,-0.13050355,0.02471996,0.14695896,0.14994110,1.57320761,56.05760387,4.41323972,1.57205617,0.12223900,16.20569974,2022.84312939,131.12036108,41.11735206,108.72617854,0.35650953,2.25394985,2.54158676,0.88250451,3.87250351,0.51599699,0.88628319,0.11117592,1.65908225,5.74402255,0.05736385,0.17994038,0.18013998,0.21743263,0.04280628,0.01848476,0.12460241,0.05515389,0.15259036,0.06108533,0.18705583,0.07486594,11.35328913,5.03706377,6.84311411,4.92558446,0.87747409,2.10804913,0.15331960,2.85512018,0.14739156,2237.22307970,2.07729802,1473.75477721
Zr10Ta8Ti15Nb10Al5V2,MIX,vacuum/argon arc melting,,1,298.15000000,2032.00000000,,34.23333333,,https://doi.org/10.1038/s41598-018-27144-3,Microstructural Design for Improving Ductility of An Initially Brittle Refractory High Entropy Alloy,2018,S9,Zr10Ta8Ti15Nb10Al5V2,0.20000000,0.16000000,0.30000000,0.20000000,0.10000000,0.04000000,0.00000000,0.00000000,0.00000000,0.00000000,0.00000000,0.00000000,0.00000000,0.00000000,0.00000000,0.00014281,3.10915842,134.23582457,0.07139683,0.03391496,-0.05755107,1.63770196,-0.03526352,-0.05634945,-0.07274539,-0.09383133,0.00925744,0.08337705,0.06315205,1.64529590,84.87365066,4.30000000,1.51420000,0.07411960,18.39895743,2264.95200000,130.30000000,42.60000000,111.08000000,0.34820000,2.28588000,2.44846000,0.75510000,3.65549000,0.46298000,1.01173502,0.06634030,1.69336000,7.66000516,0.04537319,0.13429129,0.28445436,0.34651562,0.03371990,0.01022531,0.09399416,0.02927610,0.19817353,0.04827344,0.24810328,0.05979683,12.27103800,5.36818993,7.24656186,5.28847898,0.85011395,2.06842590,0.09661086,9.17232554,0.13163634,1529.90694152,1.98515457,991.78208173
Zr10Ti10Nb10V3Mo7,BCC,arc melting,,1,298.15000000,1436.00000000,,26.60000000,,https://doi.org/10.1016/j.matdes.2015.06.072,Phase composition and solid solution strengthening effect in TiZrNbMoV high-entropy alloys,2015,S9,Zr10Ti10Nb10V3Mo7,0.25000000,0.25000000,0.25000000,0.07500000,0.17500000,0.00000000,0.00000000,0.00000000,0.00000000,0.00000000,0.00000000,0.00000000,0.00000000,0.00000000,0.00000000,0.00013262,3.09371186,155.39369545,0.13429757,0.09808349,-0.01164990,1.62993162,0.01723661,-0.02043464,-0.01897747,-0.05664873,0.03219168,0.16872379,0.20251951,1.63712193,78.60945750,4.67500000,1.61775000,0.13653211,18.13830756,2375.27500000,151.60000000,54.32500000,139.17500000,0.34700000,2.41040000,2.65955000,0.93400000,3.48267000,0.63260000,0.84369280,0.12725000,1.72555000,7.19660111,0.05375588,0.16617950,0.61328952,0.64442036,0.04052792,0.01359388,0.11950935,0.04010461,0.31300471,0.09468751,0.35109670,0.09800670,15.57420735,6.46125429,9.02564826,4.20415745,0.74495615,2.06278714,0.15133843,18.27579954,0.12552231,2582.54092965,2.87133617,1872.30041183
Zr113Ti227Nb113(Al45V227)2,MIX,vacuum arc melting,5.49976000,1,298.15000000,1663.00000000,1845.00000000,13.70000000,,https://doi.org/10.1016/j.msea.2023.144628,Effect of Al on microstructure and mechanical properties of lightweight AlxNb0.5TiV2Zr0.5 refractory high entropy alloys,2023,S9,Zr113Ti227Nb113(Al45V227)2,0.11300000,0.22800000,0.11300000,0.09000000,0.45500000,0.00000000,0.00000000,0.00000000,0.00000000,0.00000000,0.00000000,0.00000000,0.00000000,0.00000000,0.00000000,0.00012106,2.97295705,147.94904770,0.09269695,0.06654764,-0.04990630,1.57165271,-0.04232369,-0.05804541,-0.06847300,-0.08419472,-0.00349296,0.12559650,0.05550553,1.57322123,57.40052298,4.47843531,1.57030090,0.12908946,16.26141622,2073.12116349,133.66298897,41.81444333,110.51153460,0.35681043,2.30441625,2.60351254,0.90309629,4.01643430,0.53287763,0.87549249,0.11928412,1.70041625,5.86147446,0.05851363,0.18301446,0.16284072,0.20481281,0.04382205,0.01967447,0.12762288,0.05820990,0.13753142,0.05718253,0.17714198,0.07333418,11.55898602,5.01601480,6.79773910,4.88576059,0.89683875,2.10950317,0.15757725,5.92984841,0.14381697,2329.26423234,2.14483906,1551.16221182
Zr119Ti238Nb119Al47V476,MIX,vacuum arc melting,4.72164000,1,298.15000000,1216.00000000,1641.00000000,21.50000000,,https://doi.org/10.1016/j.msea.2023.144628,Effect of Al on microstructure and mechanical properties of lightweight AlxNb0.5TiV2Zr0.5 refractory high entropy alloys,2023,S9,Zr119Ti238Nb119Al47V476,0.11900000,0.23800000,0.11900000,0.04700000,0.47600000,0.00000000,0.00000000,0.00000000,0.00000000,0.00000000,0.00000000,0.00000000,0.00000000,0.00000000,0.00000000,0.00011593,2.97285047,151.35845391,0.11483138,0.08743845,-0.02347153,1.57374441,0.02799919,0.01537811,0.00060627,-0.01201481,-0.04381104,0.08933008,-0.08951439,1.57316484,58.87902656,4.54854855,1.56830831,0.13644320,16.32642931,2127.54158158,136.39339339,42.55755756,112.40640641,0.35714715,2.35869570,2.66988288,0.92510310,4.17059489,0.55095495,0.86369568,0.12799193,1.74477978,5.98851033,0.05975141,0.18638224,0.14128402,0.18990374,0.04491713,0.02098218,0.13088188,0.06154484,0.11814571,0.05123497,0.16474226,0.07077003,11.78006616,4.99431367,6.75160630,4.84591863,0.91690676,2.11113187,0.16214454,8.80908946,0.14013827,2431.50334116,2.21963110,1637.59823454
Zr166Ti166Nb166V166Mo333,BCC,arc melting,,1,298.15000000,1765.00000000,,12.00000000,,https://doi.org/10.1016/j.matdes.2015.06.072,Phase composition and solid solution strengthening effect in TiZrNbMoV high-entropy alloys,2015,S9,Zr166Ti166Nb166V166Mo333,0.16600000,0.16600000,0.16600000,0.16600000,0.33400000,0.00000000,0.00000000,0.00000000,0.00000000,0.00000000,0.00000000,0.00000000,0.00000000,0.00000000,0.00000000,0.00013431,3.02928832,182.06497251,0.11719805,0.09307955,-0.02073793,1.59362037,0.01435623,-0.02035785,-0.00976228,-0.04447636,0.03673730,0.24165556,0.30994267,1.60303046,79.15333408,5.00100301,1.73709127,0.20491826,16.95286977,2466.09829488,178.76028084,69.05717151,179.15045135,0.34163490,2.56327182,2.87524774,1.22065597,3.05222688,0.81427984,0.85011096,0.21189569,1.65459178,7.75309992,0.05602877,0.17714566,0.58742743,0.60142861,0.04154030,0.01172639,0.12188203,0.03445790,0.38930424,0.15868993,0.41166313,0.16274516,19.35666312,7.55154526,11.69875459,3.53103148,0.61032294,2.03782812,0.16485261,23.07245867,0.12089948,3517.31457386,3.53115702,2674.59945937
Zr166Ti166Nb166V333Mo166,BCC,CAST,,1,298.15000000,1538.00000000,3176.00000000,23.00000000,,10.1007/s11837-012-0366-5,Alloy Design and Properties Optimization of High-Entropy Alloys,2012,S5,Zr166Ti166Nb166V333Mo166,0.16600000,0.16600000,0.16600000,0.33400000,0.16600000,0.00000000,0.00000000,0.00000000,0.00000000,0.00000000,0.00000000,0.00000000,0.00000000,0.00000000,0.00000000,0.00013431,3.01434418,169.55968014,0.18488356,0.16076505,0.00598755,1.58915176,0.01593917,-0.01993298,-0.00817934,-0.04405149,0.03721599,0.21838332,0.24582217,1.59512236,71.61597250,4.83350050,1.64831494,0.18116733,16.81065867,2346.66900702,160.00000000,55.82447342,145.48244734,0.35168506,2.49995587,2.80389168,1.10172919,3.63138355,0.69501805,0.83109340,0.18342026,1.70216249,7.07415478,0.06123208,0.19114452,0.56897497,0.58133261,0.04608529,0.01641974,0.13476296,0.04775743,0.29574951,0.08650648,0.32552122,0.08785591,15.60367306,6.24157941,9.16697035,4.03427171,0.75129475,2.08492040,0.17180151,19.77471100,0.12705243,3244.12864998,3.02349940,2382.13168757
Zr166Ti166V499Mo166,MIX,vacuum arc melting,,1,298.15000000,1188.60000000,1398.80000000,3.90000000,,https://doi.org/10.1016/j.vacuum.2023.112544,Microstructure and mechanical performances of novel multi-phase refractory high entropy alloys in Ti-Zr-V-Mo fabricated by vacuum arc melting,2023,S9,Zr166Ti166V499Mo166,0.16600000,0.16600000,0.50100000,0.16600000,0.00000000,0.00000000,0.00000000,0.00000000,0.00000000,0.00000000,0.00000000,0.00000000,0.00000000,0.00000000,0.00000000,0.00010690,2.96844910,171.26076976,0.21739282,0.19327432,0.00338319,1.56536911,0.04206260,0.00838499,0.01794409,-0.01573352,0.01831857,0.20025605,0.23413603,1.57083573,64.62884102,4.83350050,1.65330993,0.18193748,16.06715142,2252.26379137,158.33500502,57.32296891,149.31193581,0.34669007,2.49446138,2.86100100,1.11837914,3.99585095,0.70151153,0.87220795,0.17842528,1.74262187,6.67939112,0.06528668,0.21014388,0.54239466,0.55697424,0.04810623,0.02246367,0.14023251,0.06526420,0.28662443,0.11261230,0.32085274,0.12451800,15.78273513,6.32711143,9.05689033,4.07833779,0.82669919,2.06133415,0.22195806,5.72417695,0.13237792,3722.94991492,3.13697189,2757.72682798
Zr166Ti333Nb166(VMo)166,BCC+HCP,vacuum arc melting,,1,298.15000000,1588.00000000,,26.40000000,,https://doi.org/10.1016/j.ijrmhm.2023.106547,Effect of Ti content on the microstructure and mechanical properties of TixZrNbMoV lightweight refractory high-entropy alloys,2024,S9,Zr166Ti333Nb166(VMo)166,0.16600000,0.33400000,0.16600000,0.16600000,0.16600000,0.00000000,0.00000000,0.00000000,0.00000000,0.00000000,0.00000000,0.00000000,0.00000000,0.00000000,0.00000000,0.00013431,3.04773161,156.97098317,0.15375229,0.11537830,-0.01214749,1.60755863,0.02657744,-0.01162907,-0.01179655,-0.05000306,0.02639754,0.15950525,0.18989112,1.61279023,71.10098604,4.66599799,1.63323972,0.13310771,17.40159564,2306.13340020,151.12236710,55.32196590,143.47241725,0.34330993,2.41251956,2.71813039,0.94008927,3.72920502,0.64175226,0.89090452,0.12144433,1.77804112,6.78478273,0.05365061,0.16610397,0.57701665,0.59318876,0.04008978,0.01027277,0.11769309,0.03021751,0.29617736,0.08732254,0.32521026,0.08904067,15.64232335,6.48381204,8.79750369,4.23548240,0.79922988,2.04557674,0.14879000,11.65453932,0.12928567,2599.14388793,2.78879661,1870.30195159
Zr175Ti175Nb175V175Mo298,BCC,arc melting,,1,298.15000000,1645.00000000,,15.00000000,,https://doi.org/10.1016/j.matdes.2015.06.072,Phase composition and solid solution strengthening effect in TiZrNbMoV high-entropy alloys,2015,S9,Zr175Ti175Nb175V175Mo298,0.17500000,0.17500000,0.17500000,0.17500000,0.29900000,0.00000000,0.00000000,0.00000000,0.00000000,0.00000000,0.00000000,0.00000000,0.00000000,0.00000000,0.00000000,0.00013625,3.03449835,177.85285214,0.12817412,0.10277346,-0.01748918,1.59696241,0.01520558,-0.02037291,-0.01019508,-0.04577357,0.03673524,0.23177412,0.29163695,1.60578749,78.26094589,4.94789579,1.71460922,0.19503887,17.05975104,2443.24448898,173.80360721,66.03006012,171.18436874,0.34331663,2.54005511,2.84448096,1.17709920,3.16199419,0.78181363,0.84732449,0.19976954,1.66738176,7.61766373,0.05685690,0.17889470,0.59654266,0.61182032,0.04235648,0.01140556,0.12426652,0.03348852,0.37654311,0.14559059,0.40086246,0.14931107,18.54698067,7.30180247,11.12341581,3.63831080,0.63905836,2.04560782,0.16418965,21.89204953,0.12203036,3424.83634934,3.42868236,2588.00890618
Zr181Ti181Nb181(Al30V121)3,MIX,arc melting,,1,298.15000000,1028.00000000,,9.30000000,,https://doi.org/10.1016/j.jallcom.2022.166767,Microstructure and mechanical properties of AlNbTiVZr system refractory high entropy alloys,2022,S9,Zr181Ti181Nb181(Al30V121)3,0.18200000,0.18200000,0.18200000,0.09000000,0.36400000,0.00000000,0.00000000,0.00000000,0.00000000,0.00000000,0.00000000,0.00000000,0.00000000,0.00000000,0.00000000,0.00013054,3.02141334,144.41078479,0.10823507,0.08191078,-0.04639456,1.59491545,-0.06900149,-0.08968612,-0.09532578,-0.11601041,0.02634062,0.15066891,0.14681382,1.59886320,63.16428590,4.45582329,1.55186747,0.12432830,16.99423451,2119.14337349,132.05622490,40.37751004,105.31325301,0.35910643,2.28799297,2.54070884,0.87104317,3.85159839,0.51311044,0.84422183,0.11437377,1.66966566,6.17190706,0.06337261,0.19412288,0.17152477,0.23021313,0.04808970,0.01852937,0.13895755,0.05457903,0.14139054,0.05067972,0.19512165,0.06829823,11.32697737,4.95061721,6.78397935,4.95158279,0.86439658,2.12064293,0.15403477,4.00899935,0.14069364,2450.21141895,2.25910782,1659.54520962
Zr181Ti181Nb181V181Mo272,BCC,arc melting,,1,298.15000000,1603.00000000,,20.00000000,,https://doi.org/10.1016/j.matdes.2015.06.072,Phase composition and solid solution strengthening effect in TiZrNbMoV high-entropy alloys,2015,S9,Zr181Ti181Nb181V181Mo272,0.18200000,0.18200000,0.18200000,0.18200000,0.27300000,0.00000000,0.00000000,0.00000000,0.00000000,0.00000000,0.00000000,0.00000000,0.00000000,0.00000000,0.00000000,0.00013743,3.03837962,174.81853597,0.13797097,0.11164668,-0.01426553,1.59933308,0.01579022,-0.02046561,-0.01053408,-0.04678990,0.03684367,0.22476565,0.27832850,1.60784137,77.61808964,4.90963855,1.69841365,0.18792199,17.13583881,2426.78112450,170.23293173,63.84939759,165.44578313,0.34452811,2.52333032,2.82231727,1.14572189,3.24106807,0.75842570,0.84531719,0.19103414,1.67659538,7.52154356,0.05741608,0.18003487,0.60098298,0.61727201,0.04290894,0.01174855,0.12587966,0.03449225,0.36559314,0.13555421,0.39150464,0.13901822,17.96108455,7.11800766,10.71283193,3.72128378,0.66014393,2.05123688,0.16371206,21.12082254,0.12285822,3352.16236424,3.35050368,2520.40005149
Zr181Ti181Nb181V272Mo181,BCC,CAST,,1,298.15000000,1735.00000000,3300.00000000,20.00000000,,10.1007/s11837-012-0366-5,Alloy Design and Properties Optimization of High-Entropy Alloys,2012,S5,Zr181Ti181Nb181V272Mo181,0.18200000,0.18200000,0.18200000,0.27300000,0.18200000,0.00000000,0.00000000,0.00000000,0.00000000,0.00000000,0.00000000,0.00000000,0.00000000,0.00000000,0.00000000,0.00013743,3.03064830,167.99743324,0.17638767,0.15006338,0.00189051,1.59720179,0.01717192,-0.01967723,-0.00915238,-0.04600153,0.03804902,0.21301589,0.24306728,1.60375013,73.50678090,4.81827309,1.64998996,0.17496687,17.06742385,2361.63755020,160.00000000,56.63152610,147.08132530,0.35001004,2.48879418,2.78339558,1.08085241,3.55697329,0.69337349,0.83494392,0.17550201,1.70254317,7.15169235,0.06045199,0.18798221,0.58388103,0.59955722,0.04557691,0.01402588,0.13343758,0.04079478,0.30959740,0.09451436,0.34028325,0.09641858,15.90943977,6.39242888,9.34451474,4.01428034,0.73822576,2.07697061,0.16750240,18.90004088,0.12624715,3202.28074999,3.07178358,2360.34312030
Zr181Ti272Nb181(VMo)181,BCC+HCP,vacuum arc melting,,1,298.15000000,1691.00000000,,23.20000000,,https://doi.org/10.1016/j.ijrmhm.2023.106547,Effect of Ti content on the microstructure and mechanical properties of TixZrNbMoV lightweight refractory high-entropy alloys,2024,S9,Zr181Ti272Nb181(VMo)181,0.18200000,0.27300000,0.18200000,0.18200000,0.18200000,0.00000000,0.00000000,0.00000000,0.00000000,0.00000000,0.00000000,0.00000000,0.00000000,0.00000000,0.00000000,0.00013743,3.04856302,161.13083685,0.15773203,0.12363198,-0.00922660,1.60703610,0.02245450,-0.01573227,-0.01164556,-0.04983232,0.03151125,0.18026365,0.21287205,1.61323019,73.22587779,4.72690763,1.64176707,0.14875240,17.38463215,2339.52710843,155.15763052,56.35742972,145.98493976,0.34544177,2.44110141,2.73661647,0.99268474,3.61033072,0.66431928,0.86756833,0.14169679,1.74393173,6.99436794,0.05606076,0.17374780,0.58833566,0.60614585,0.04206730,0.01136264,0.12344869,0.03338875,0.30985572,0.09500074,0.34011327,0.09712222,15.92992179,6.52571079,9.13448706,4.11942956,0.76378280,2.05549590,0.15495060,14.31835245,0.12744028,2829.68057055,2.93409119,2062.60891785
Zr188Ti188Nb188V188Mo245,BCC,arc melting,,1,298.15000000,1496.00000000,,30.00000000,,https://doi.org/10.1016/j.matdes.2015.06.072,Phase composition and solid solution strengthening effect in TiZrNbMoV high-entropy alloys,2015,S9,Zr188Ti188Nb188V188Mo245,0.18900000,0.18900000,0.18900000,0.18900000,0.24600000,0.00000000,0.00000000,0.00000000,0.00000000,0.00000000,0.00000000,0.00000000,0.00000000,0.00000000,0.00000000,0.00013826,3.04256420,171.56408517,0.14814099,0.12082606,-0.01068523,1.60192069,0.01641473,-0.02050700,-0.01090020,-0.04782194,0.03689417,0.21718295,0.26403075,1.61005575,76.92859523,4.86860582,1.68104313,0.18028878,17.21914717,2409.12337011,166.40320963,61.51053159,159.29087262,0.34582748,2.50539218,2.79854564,1.11206820,3.32587864,0.73334102,0.84316426,0.18166499,1.68647743,7.41866154,0.05797677,0.18110820,0.60328243,0.62075798,0.04346954,0.01211032,0.12751564,0.03555056,0.35212699,0.12424991,0.37995070,0.12742505,17.33114769,6.91753884,10.27653698,3.81615858,0.68312752,2.05729750,0.16319984,20.29258803,0.12375871,3267.89506138,3.26275328,2442.56777382
Zr191Ta133Ti191Nb191Al99Mo191,MIX,high-vacuum non-self-consumption electric arc furnace,,1,298.15000000,1984.00000000,2062.00000000,10.20000000,,https://doi.org/10.1016/j.jallcom.2023.170739,Microstructure and mechanical properties of Alx(TiZrTa0.7NbMo) refractory high-entropy alloys,2023,S9,Zr191Ta133Ti191Nb191Al99Mo191,0.19200000,0.13400000,0.19200000,0.19200000,0.09900000,0.19200000,0.00000000,0.00000000,0.00000000,0.00000000,0.00000000,0.00000000,0.00000000,0.00000000,0.00000000,0.00015215,3.08984061,157.32163136,0.03005889,0.00228021,-0.08799715,1.62317631,-0.06075333,-0.08026764,-0.08853200,-0.10804631,0.04445727,0.18060678,0.18235911,1.63507335,89.73220878,4.60943775,1.63174699,0.13614952,17.91371646,2395.11413655,156.99196787,57.74698795,150.11546185,0.34291165,2.40662149,2.59556124,1.00092671,2.97991717,0.63806426,0.97560007,0.14102901,1.59463454,8.31786861,0.04720386,0.14429932,0.60817012,0.62790772,0.03494653,0.01040002,0.09830374,0.02985615,0.35981755,0.10140576,0.38842123,0.10372062,16.48662902,6.85052847,10.33881345,4.06786811,0.64648170,2.04373071,0.09201308,5.99847373,0.12448259,2246.21639811,2.72671638,1606.81653197
Zr195Ta136Ti195Nb195Al79Mo195,MIX,high-vacuum non-self-consumption electric arc furnace,,1,298.15000000,1858.00000000,2165.00000000,16.90000000,,https://doi.org/10.1016/j.jallcom.2023.170739,Microstructure and mechanical properties of Alx(TiZrTa0.7NbMo) refractory high-entropy alloys,2023,S9,Zr195Ta136Ti195Nb195Al79Mo195,0.19600000,0.13700000,0.19600000,0.19600000,0.07900000,0.19600000,0.00000000,0.00000000,0.00000000,0.00000000,0.00000000,0.00000000,0.00000000,0.00000000,0.00000000,0.00015085,3.09206238,159.13955516,0.03504870,0.00665977,-0.07801598,1.62517357,-0.04959745,-0.07021843,-0.07798638,-0.09860736,0.04681905,0.18658417,0.18906627,1.63624906,91.14396214,4.64522613,1.63220101,0.13976513,17.97992456,2427.73595980,158.79798995,58.45326633,151.90050251,0.34275377,2.43443719,2.62664824,1.01356683,3.02940010,0.64891055,0.97252640,0.14562496,1.61308141,8.41762226,0.04700963,0.14432179,0.60185769,0.62226856,0.03483165,0.01050881,0.09894294,0.03035585,0.35821276,0.10251862,0.38824063,0.10501945,16.70880419,6.86351831,10.35831429,4.04778167,0.65215342,2.04299957,0.09307079,7.38370779,0.12280990,2273.07630980,2.76989350,1632.77229154
Zr200Ta139Ti200Nb200Al59Mo200,MIX,high-vacuum non-self-consumption electric arc furnace,,1,298.15000000,1788.00000000,2198.00000000,20.80000000,,https://doi.org/10.1016/j.jallcom.2023.170739,Microstructure and mechanical properties of Alx(TiZrTa0.7NbMo) refractory high-entropy alloys,2023,S9,Zr200Ta139Ti200Nb200Al59Mo200,0.20000000,0.13900000,0.20000000,0.20000000,0.05900000,0.20000000,0.00000000,0.00000000,0.00000000,0.00000000,0.00000000,0.00000000,0.00000000,0.00000000,0.00000000,0.00014898,3.09417706,160.96126445,0.04063179,0.01160246,-0.06731968,1.62720848,-0.03624908,-0.05792346,-0.06527841,-0.08695279,0.04964201,0.19304517,0.19742167,1.63736811,92.51617445,4.68136273,1.63275551,0.14340316,18.04754790,2460.29647295,160.60521042,59.16533066,153.69138277,0.34259519,2.46221443,2.65793287,1.02607615,3.07956122,0.65988377,0.96897665,0.15018916,1.63185671,8.51233795,0.04679974,0.14437182,0.59560607,0.61672696,0.03470575,0.01062074,0.09960108,0.03087880,0.35638180,0.10368048,0.38788202,0.10638538,16.93352321,6.87735520,10.37684441,4.02788036,0.65783435,2.04226554,0.09417324,10.11143738,0.12118458,2300.72740660,2.81415646,1659.44804264
Zr200Ta159Ti300Nb200(Al33V13)3,BCC,OTHER,5.19400000,1,298.15000000,2035.00000000,2105.00000000,5.00000000,,10.1007/s11837-014-1066-0,Microstructure and Properties of Aluminum-Containing Refractory High-Entropy Alloys,2014,S5,Zr200Ta159Ti300Nb200(Al33V13)3,0.20100000,0.15900000,0.30100000,0.20100000,0.09900000,0.03900000,0.00000000,0.00000000,0.00000000,0.00000000,0.00000000,0.00000000,0.00000000,0.00000000,0.00000000,0.00014255,3.10955654,134.17901669,0.07132904,0.03373438,-0.05745603,1.63793446,-0.03493218,-0.05606899,-0.07252684,-0.09366365,0.00930909,0.08323402,0.06340235,1.64550658,84.86938791,4.29989970,1.51400201,0.07392492,18.40679486,2265.34170512,130.25476429,42.58776329,111.02908726,0.34818455,2.28580542,2.44849448,0.75409629,3.65802718,0.46277934,1.01128295,0.06603300,1.69439819,7.65635905,0.04530663,0.13413526,0.28409854,0.34630528,0.03367026,0.01023665,0.09388204,0.02931457,0.19781248,0.04811293,0.24788570,0.05993088,12.26925480,5.36758497,7.24106933,5.29084659,0.85072384,2.06835318,0.09656096,9.24438563,0.13161370,1527.02693153,1.98384502,989.67873701
Zr204Ta142Ti204Nb204(Al13Mo68)3,MIX,high-vacuum non-self-consumption electric arc furnace,,1,298.15000000,1651.00000000,2427.00000000,27.90000000,,https://doi.org/10.1016/j.jallcom.2023.170739,Microstructure and mechanical properties of Alx(TiZrTa0.7NbMo) refractory high-entropy alloys,2023,S9,Zr204Ta142Ti204Nb204(Al13Mo68)3,0.20500000,0.14200000,0.20500000,0.20500000,0.03900000,0.20500000,0.00000000,0.00000000,0.00000000,0.00000000,0.00000000,0.00000000,0.00000000,0.00000000,0.00000000,0.00014677,3.09612074,162.77919205,0.04628936,0.01664975,-0.05430016,1.62921266,-0.01828966,-0.04063079,-0.04792927,-0.07027040,0.04961863,0.19663743,0.19620851,1.63839666,93.92788815,4.71715145,1.63320963,0.14701879,18.11431603,2492.91823470,162.41123370,59.87161484,155.47642929,0.34243731,2.49003009,2.68902006,1.03871615,3.12904483,0.67073019,0.96590250,0.15478507,1.65030391,8.61037391,0.04654859,0.14435066,0.58911394,0.61090454,0.03454617,0.01071612,0.10018150,0.03136319,0.35426812,0.10467018,0.38726381,0.10757957,17.15677210,6.89018666,10.39612885,4.00909352,0.66333355,2.04153511,0.09523099,20.00497525,0.11959879,2326.62720223,2.85732494,1684.67705185
Zr208Ta145Ti208Nb208Al19Mo208,MIX,high-vacuum non-self-consumption electric arc furnace,,1,298.15000000,1598.00000000,2349.00000000,28.00000000,,https://doi.org/10.1016/j.jallcom.2023.170739,Microstructure and mechanical properties of Alx(TiZrTa0.7NbMo) refractory high-entropy alloys,2023,S9,Zr208Ta145Ti208Nb208Al19Mo208,0.20900000,0.14600000,0.20900000,0.20900000,0.01900000,0.20900000,0.00000000,0.00000000,0.00000000,0.00000000,0.00000000,0.00000000,0.00000000,0.00000000,0.00000000,0.00014347,3.09830607,164.60077010,0.05115624,0.02198136,-0.03725183,1.63125690,0.00545903,-0.01659943,-0.02371585,-0.04577430,0.04985645,0.19612451,0.18093079,1.63955308,95.34243662,4.75301205,1.63366466,0.15064169,18.18258800,2525.60550201,164.22088353,60.57931727,157.26506024,0.34227912,2.51790161,2.72016968,1.05138153,3.17862781,0.68159839,0.96282218,0.15939022,1.66878815,8.70722852,0.04626595,0.14429372,0.58252613,0.60498687,0.03436416,0.01080482,0.10073455,0.03184085,0.35189427,0.10559870,0.38642512,0.10872265,17.38135264,6.90311035,10.41555371,3.99086868,0.66876073,2.04080355,0.09629087,66.37684847,0.11805090,2351.76645930,2.90053952,1709.34122319
Zr210Ti210Nb210Al157Cr210,MIX,arc melting,,1,298.15000000,417.00000000,,4.48000000,,https://doi.org/10.1016/j.matlet.2020.127869,Microstructure evolution and mechanical properties of a novel CrNbTiZrAlx (0.25 ≤ x ≤ 1.25) eutectic refractory high-entropy alloy,2020,S9,Zr210Ti210Nb210Al157Cr210,0.21100000,0.21100000,0.21100000,0.15700000,0.21100000,0.00000000,0.00000000,0.00000000,0.00000000,0.00000000,0.00000000,0.00000000,0.00000000,0.00000000,0.00000000,0.00013821,3.03659824,142.85590586,0.14309478,0.11163798,-0.05096723,1.59897869,-0.07740226,-0.09652391,-0.10885905,-0.12798071,0.01837515,0.14344277,0.15764099,1.60689870,64.06693316,4.47442327,1.54470411,0.12506762,17.12445011,2042.44858576,123.60280843,52.53961886,130.45135406,0.32261785,2.08993982,2.46721464,0.84567904,2.78639348,0.62771314,0.85569194,0.10356898,1.62153561,6.21250419,0.07313740,0.21101369,0.62345479,0.60611651,0.05637688,0.01618430,0.15618761,0.04579971,0.34933494,0.11183637,0.35835767,0.10978855,14.77632472,7.07021541,9.11255026,3.93048112,0.62273802,1.95254313,0.22743594,3.64701820,0.14597675,3191.83388409,2.96376687,2332.37485242
Zr210Ti210Nb210V157Mo210,BCC,CAST,,1,298.15000000,1708.00000000,3929.00000000,29.00000000,,10.1007/s11837-012-0366-5,Alloy Design and Properties Optimization of High-Entropy Alloys,2012,S5,Zr210Ti210Nb210V157Mo210,0.21100000,0.21100000,0.21100000,0.15700000,0.21100000,0.00000000,0.00000000,0.00000000,0.00000000,0.00000000,0.00000000,0.00000000,0.00000000,0.00000000,0.00000000,0.00013821,3.06041526,165.03194332,0.15113654,0.12062518,-0.00764131,1.61193453,0.01696185,-0.02066029,-0.01354952,-0.05117165,0.03446236,0.19765939,0.23826073,1.61950213,77.09595316,4.78936810,1.65316951,0.16319703,17.54408827,2390.05115346,160.00000000,58.16349047,150.11634905,0.34683049,2.46760682,2.74448947,1.04122367,3.41572618,0.69025176,0.84225307,0.16047141,1.70326580,7.29709789,0.05749769,0.17836123,0.60790291,0.63007092,0.04329543,0.01288564,0.12715734,0.03786966,0.33406976,0.10975919,0.36617513,0.11290656,16.49053299,6.68280411,9.68171440,3.97607025,0.71318932,2.06199229,0.15934172,19.47486835,0.12474628,3036.95803238,3.11629982,2246.10905199
Zr217Ti217Nb217V65Mo282,BCC,arc melting,,1,298.15000000,1603.00000000,,20.00000000,,https://doi.org/10.1016/j.matdes.2015.06.072,Phase composition and solid solution strengthening effect in TiZrNbMoV high-entropy alloys,2015,S9,Zr217Ti217Nb217V65Mo282,0.21700000,0.21700000,0.21700000,0.06500000,0.28300000,0.00000000,0.00000000,0.00000000,0.00000000,0.00000000,0.00000000,0.00000000,0.00000000,0.00000000,0.00000000,0.00013181,3.07139687,169.19644855,0.10777522,0.07627840,-0.02381252,1.61596723,0.01229280,-0.02357316,-0.01920402,-0.05506998,0.03949277,0.20915480,0.26263917,1.62531334,80.87145186,4.84769539,1.68843687,0.16966203,17.67609231,2443.17635271,167.29458918,63.66933868,163.92184369,0.34217435,2.48723948,2.76307816,1.07813928,3.15728838,0.73588978,0.85136795,0.16800601,1.68493888,7.59728420,0.05381030,0.16899993,0.61791434,0.64217227,0.04010137,0.01250143,0.11815641,0.03685900,0.37707711,0.14257561,0.40661468,0.14757451,18.09671400,7.27582292,10.74027921,3.75474457,0.65129678,2.04031926,0.15471910,26.19612327,0.12203376,3050.57377684,3.29235004,2284.75656474
Zr230Ti307Nb153(VMo)153,BCC,vacuum arc melting,,1,298.15000000,1412.00000000,,29.50000000,,https://doi.org/10.1016/j.ijrmhm.2021.105762,Effect of Zr on the as-cast microstructure and mechanical properties of lightweight Ti2VNbMoZrx refractory high-entropy alloys,2022,S9,Zr230Ti307Nb153(VMo)153,0.23100000,0.30800000,0.15400000,0.15400000,0.15400000,0.00000000,0.00000000,0.00000000,0.00000000,0.00000000,0.00000000,0.00000000,0.00000000,0.00000000,0.00000000,0.00013491,3.07089474,152.15807097,0.16738793,0.12735768,-0.00404171,1.61964919,0.03301455,-0.00574559,-0.00701569,-0.04577583,0.02146552,0.14361401,0.17206998,1.62504763,72.65485406,4.61445783,1.60978916,0.12214849,17.79719205,2292.33333333,146.47088353,53.59538153,137.55823293,0.34305221,2.38060341,2.67117771,0.89164157,3.79825120,0.61144679,0.88530246,0.10585341,1.77953614,6.77895173,0.05759081,0.17736244,0.58281111,0.61253993,0.04355169,0.01368566,0.12798310,0.04025661,0.29202428,0.08233370,0.33211323,0.08689220,15.26810575,6.41354443,8.57982334,4.36861844,0.82311971,2.04438195,0.15726676,9.36708109,0.13006398,2745.97940338,2.88554342,1993.27153079
Zr232Ti232Nb232V232Mo69,BCC,arc melting,,1,298.15000000,1289.00000000,,42.00000000,,https://doi.org/10.1016/j.matdes.2015.06.072,Phase composition and solid solution strengthening effect in TiZrNbMoV high-entropy alloys,2015,S9,Zr232Ti232Nb232V232Mo69,0.23300000,0.23300000,0.23300000,0.23300000,0.06900000,0.00000000,0.00000000,0.00000000,0.00000000,0.00000000,0.00000000,0.00000000,0.00000000,0.00000000,0.00000000,0.00013289,3.07147868,150.56231051,0.20241832,0.16871053,0.02510649,1.62130423,0.02391149,-0.01391587,-0.00979631,-0.04762367,0.03062393,0.16165376,0.16804318,1.62535664,72.47911751,4.60381143,1.56894684,0.13102983,17.85180582,2295.17352056,141.68906720,46.41725176,119.57171515,0.35421264,2.38963290,2.64514142,0.89489268,3.87318215,0.57146339,0.82927085,0.12120361,1.75024875,6.74186631,0.06068613,0.18404390,0.48083371,0.51196723,0.04634875,0.01428824,0.13589528,0.04191182,0.21041129,0.05015516,0.26144841,0.07455465,13.23673187,5.53923236,7.56277181,4.62871545,0.84129904,2.09699464,0.15989429,12.75575390,0.12990303,2584.49728906,2.61320639,1827.65068793
Zr232Ti232Nb232V69Mo232,BCC,arc melting,,1,298.15000000,1455.00000000,,25.00000000,,https://doi.org/10.1016/j.matdes.2015.06.072,Phase composition and solid solution strengthening effect in TiZrNbMoV high-entropy alloys,2015,S9,Zr232Ti232Nb232V69Mo232,0.23300000,0.23300000,0.23300000,0.06900000,0.23300000,0.00000000,0.00000000,0.00000000,0.00000000,0.00000000,0.00000000,0.00000000,0.00000000,0.00000000,0.00000000,0.00013289,3.08178297,162.76807491,0.11997429,0.08626650,-0.01869257,1.62243853,0.01388840,-0.02284536,-0.01981940,-0.05655315,0.03627633,0.19048821,0.23508127,1.63080944,79.83594349,4.76730191,1.65559679,0.15421188,17.88930082,2411.74222668,160.00000000,59.33299900,152.43329990,0.34440321,2.45143230,2.71478837,1.01097091,3.30789749,0.68786861,0.84783290,0.14899699,1.70381745,7.41061906,0.05387105,0.16797107,0.62307897,0.65031617,0.04037564,0.01303940,0.11900955,0.03845640,0.35134977,0.12143595,0.38429534,0.12569770,16.93173202,6.90687320,9.93752705,3.94666706,0.69387204,2.05065557,0.15311183,23.07681985,0.12362432,2838.81808633,3.10294519,2097.44681553
Zr235Ti235Nb235Al58Cr235,MIX,arc melting,,1,298.15000000,1245.00000000,,8.85000000,,https://doi.org/10.1016/j.matlet.2020.127869,Microstructure evolution and mechanical properties of a novel CrNbTiZrAlx (0.25 ≤ x ≤ 1.25) eutectic refractory high-entropy alloy,2020,S9,Zr235Ti235Nb235Al58Cr235,0.23500000,0.23500000,0.23500000,0.05800000,0.23500000,0.00000000,0.00000000,0.00000000,0.00000000,0.00000000,0.00000000,0.00000000,0.00000000,0.00000000,0.00000000,0.00013154,3.04018747,150.76825204,0.18554231,0.15143285,0.00198718,1.60670502,-0.01265612,-0.03704334,-0.04676558,-0.07115279,0.01985297,0.16276744,0.16403322,1.60879804,68.44027759,4.64829659,1.53700401,0.14291447,17.37388960,2173.24404810,129.21643287,55.66933868,137.58016032,0.31938878,2.19960421,2.61677054,0.89399098,3.02631383,0.68404810,0.82452306,0.12340017,1.72277956,6.54130047,0.07602705,0.21783872,0.59756613,0.58633587,0.05908790,0.01874174,0.16545554,0.05243484,0.34654476,0.11906903,0.36168955,0.11778227,15.73218501,7.15227992,9.13186189,3.82541894,0.65105868,1.93853515,0.24520251,22.58686003,0.13719122,3494.88364373,3.23880838,2607.88393624
Zr235Ti235Nb235V58Mo235,BCC,CAST,,1,298.15000000,1776.00000000,3893.00000000,30.00000000,,10.1007/s11837-012-0366-5,Alloy Design and Properties Optimization of High-Entropy Alloys,2012,S5,Zr235Ti235Nb235V58Mo235,0.23500000,0.23500000,0.23500000,0.05800000,0.23500000,0.00000000,0.00000000,0.00000000,0.00000000,0.00000000,0.00000000,0.00000000,0.00000000,0.00000000,0.00000000,0.00013154,3.08439565,162.48359627,0.11550470,0.08139524,-0.02024994,1.62371972,0.01334235,-0.02319551,-0.02076710,-0.05730496,0.03777976,0.19086255,0.23469167,1.63219201,80.18025180,4.76452906,1.65590180,0.15308280,17.93171411,2414.46793587,160.00000000,59.47995992,152.72444890,0.34409820,2.44939980,2.71105611,1.00716934,3.29434770,0.68756914,0.84853407,0.14755511,1.70388677,7.42497513,0.05332243,0.16646753,0.62481696,0.65269582,0.03993425,0.01303472,0.11777469,0.03846327,0.35344333,0.12290563,0.38648104,0.12731742,16.98707351,6.93519837,9.96960231,3.94295782,0.69143197,2.04923693,0.15232898,23.80328750,0.12348476,2809.34196663,3.09794176,2074.87877929
Zr23Ta23Ti23Al8Mo23,MIX,vacuum melting furnace,,1,298.15000000,1900.00000000,2388.00000000,20.00000000,,https://doi.org/10.1016/j.jmst.2024.01.022,Significantly ameliorating room-temperature brittleness of refractory high-entropy alloys via in situ heterogeneous structure,2024,S9,Zr23Ta23Ti23Al8Mo23,0.23000000,0.23000000,0.23000000,0.08000000,0.23000000,0.00000000,0.00000000,0.00000000,0.00000000,0.00000000,0.00000000,0.00000000,0.00000000,0.00000000,0.00000000,0.00013393,3.09364541,158.89358205,0.04637206,0.01305511,-0.08684256,1.62574011,-0.02022893,-0.04098004,-0.05354589,-0.07429699,0.04055177,0.16221090,0.14956642,1.63708677,97.83366549,4.61000000,1.63070000,0.12165913,17.99873452,2433.31560000,160.18000000,64.18000000,166.14000000,0.32930000,2.45030000,2.66387000,1.00525000,3.25195400,0.65508000,1.11165077,0.12363224,1.65862000,9.02600870,0.05056043,0.15575981,0.56495632,0.59492040,0.03776698,0.01242215,0.10777525,0.03590756,0.37507242,0.11228653,0.41582115,0.11710144,18.35218028,7.48976871,11.06472868,4.06648043,0.70541302,1.98195915,0.11614216,16.10994489,0.12252829,2653.41299027,3.13912102,1965.79525368
Zr250Ti166Nb166Al83V333,MIX,arc melting,,1,298.15000000,641.00000000,,5.50000000,,https://doi.org/10.1016/j.jallcom.2022.166767,Microstructure and mechanical properties of AlNbTiVZr system refractory high entropy alloys,2022,S9,Zr250Ti166Nb166Al83V333,0.25100000,0.16600000,0.16600000,0.08300000,0.33400000,0.00000000,0.00000000,0.00000000,0.00000000,0.00000000,0.00000000,0.00000000,0.00000000,0.00000000,0.00000000,0.00013064,3.04911237,140.20388481,0.11697207,0.08784866,-0.03821549,1.60977976,-0.05766753,-0.07955594,-0.08679094,-0.10867936,0.02163359,0.13472508,0.13129397,1.61352090,65.50838505,4.41683367,1.53322645,0.11309149,17.47382562,2119.34925852,128.57715431,39.75050100,102.07414830,0.35749499,2.26326253,2.50396493,0.82399599,3.91498267,0.49081463,0.84215223,0.09794434,1.67996894,6.22527140,0.06749201,0.20437801,0.17463548,0.25009253,0.05180394,0.01877192,0.14940990,0.05510989,0.14200031,0.04836312,0.20866190,0.06888178,11.25501046,4.97291425,6.69953486,5.10165097,0.88637765,2.11281619,0.16015962,4.80113344,0.14067997,2570.84229906,2.36080885,1765.24906074
Zr250Ti375Nb125Al62V187,BCC,vacuum arc melting,,1,298.15000000,872.00000000,,50.00000000,,https://doi.org/10.1016/j.jmrt.2023.03.103,Microstructure and properties of Al0.5NbTi3VxZr2 refractory high entropy alloys combined with high strength and ductility,2023,S9,Zr250Ti375Nb125Al62V187,0.25000000,0.37500000,0.12500000,0.06200000,0.18700000,0.00000000,0.00000000,0.00000000,0.00000000,0.00000000,0.00000000,0.00000000,0.00000000,0.00000000,0.00000000,0.00012583,3.08070909,127.27734034,0.11905095,0.07215171,-0.03316626,1.62881194,-0.02149923,-0.04663935,-0.06839847,-0.09353859,0.00122942,0.06040644,0.05789494,1.63024116,63.63197036,4.25025025,1.51614615,0.05917702,18.10095319,2071.78362362,118.87587588,39.94094094,101.75275275,0.34623624,2.18379279,2.44989890,0.64551251,4.20516296,0.43794394,0.91997892,0.02651150,1.80438639,5.83745197,0.05905344,0.17632520,0.15854869,0.23489854,0.04507033,0.01468717,0.12985644,0.04246809,0.12976226,0.04240714,0.19805391,0.06380728,11.44263568,5.23979918,6.34156618,5.59409242,0.98939185,2.05920902,0.13882185,12.12607895,0.14390982,2050.10626203,2.18908479,1374.51777148
Zr260Ta159Ti280Nb199Al59V40,BCC,OTHER,4.90000000,1,298.15000000,1965.00000000,2061.00000000,5.00000000,,10.1007/s11837-014-1066-0,Microstructure and Properties of Aluminum-Containing Refractory High-Entropy Alloys,2014,S5,Zr260Ta159Ti280Nb199Al59V40,0.26100000,0.15900000,0.28100000,0.20000000,0.05900000,0.04000000,0.00000000,0.00000000,0.00000000,0.00000000,0.00000000,0.00000000,0.00000000,0.00000000,0.00000000,0.00013937,3.12893267,134.61612368,0.08456148,0.04507827,-0.03566809,1.65028475,-0.01057829,-0.03464274,-0.05006150,-0.07412595,0.01374742,0.08898225,0.07800635,1.65575998,88.27447675,4.34002006,1.49858576,0.07523483,18.82631274,2316.45524574,130.52557673,42.65697091,109.94884654,0.34815446,2.31746740,2.47730391,0.74827884,3.80726790,0.46392177,0.99284415,0.06578614,1.72902508,7.78608745,0.04726848,0.14112602,0.27820541,0.35530631,0.03570730,0.01256230,0.10227478,0.03642993,0.19027736,0.04840217,0.25373180,0.07712833,12.38185554,5.34283914,7.16117754,5.33991741,0.87724661,2.06821154,0.10612731,30.51890935,0.12870959,1636.55680134,2.10227547,1082.50258995
Zr260Ta199Ti280Nb199Al59,BCC,OTHER,4.80200000,1,298.15000000,1965.00000000,2054.00000000,5.00000000,,10.1007/s11837-014-1066-0,Microstructure and Properties of Aluminum-Containing Refractory High-Entropy Alloys,2014,S5,Zr260Ta199Ti280Nb199Al59,0.26100000,0.20000000,0.28100000,0.20000000,0.05900000,0.00000000,0.00000000,0.00000000,0.00000000,0.00000000,0.00000000,0.00000000,0.00000000,0.00000000,0.00000000,0.00013081,3.14101014,135.02942377,0.07564558,0.03616236,-0.04819307,1.65489547,-0.01182845,-0.03615423,-0.05131167,-0.07563744,0.01341930,0.08643942,0.07381514,1.66215110,93.49037966,4.34002006,1.49337011,0.07302012,18.98455018,2360.86848546,132.13039117,43.45937813,112.27582748,0.34695085,2.33865095,2.47955065,0.75509930,3.75892287,0.46444333,1.02445627,0.06698975,1.72445135,8.17741439,0.04286795,0.12936870,0.29396042,0.37149048,0.03233301,0.01175599,0.09238523,0.03413755,0.20290880,0.05895486,0.26568688,0.07984254,12.65001115,5.40910611,7.33567295,5.33875823,0.86610726,2.06255664,0.07376948,26.10965899,0.12628827,1479.34212281,2.03441797,967.43705723
Zr263Ti263Nb263V78Mo131,BCC,arc melting,,1,298.15000000,1301.00000000,,43.00000000,,https://doi.org/10.1016/j.matdes.2015.06.072,Phase composition and solid solution strengthening effect in TiZrNbMoV high-entropy alloys,2015,S9,Zr263Ti263Nb263V78Mo131,0.26400000,0.26400000,0.26400000,0.07800000,0.13100000,0.00000000,0.00000000,0.00000000,0.00000000,0.00000000,0.00000000,0.00000000,0.00000000,0.00000000,0.00000000,0.00013099,3.10354190,149.73067779,0.14522849,0.10705492,-0.00437855,1.63612375,0.01972459,-0.01836510,-0.01844897,-0.05653866,0.02835896,0.15126319,0.17719137,1.64232376,77.71231257,4.60420842,1.58888778,0.12290423,18.34581685,2347.74248497,145.18637275,50.51803607,129.08517034,0.34894790,2.37883868,2.61694790,0.87479659,3.61456653,0.59036673,0.84061177,0.11048096,1.74215130,7.03399691,0.05341823,0.16401178,0.58794602,0.62263921,0.04044206,0.01396468,0.11930753,0.04121268,0.27672556,0.07289042,0.32017805,0.09226912,14.53782511,6.11131190,8.34475461,4.43274959,0.78505711,2.07195075,0.14989501,15.59084115,0.12699434,2373.87263515,2.68505258,1691.16230253
Zr266Ti400Nb133Al66V133,BCC,vacuum arc melting,,1,298.15000000,898.00000000,,50.00000000,,https://doi.org/10.1016/j.jmrt.2023.03.103,Microstructure and properties of Al0.5NbTi3VxZr2 refractory high entropy alloys combined with high strength and ductility,2023,S9,Zr266Ti400Nb133Al66V133,0.26700000,0.40100000,0.13300000,0.06600000,0.13300000,0.00000000,0.00000000,0.00000000,0.00000000,0.00000000,0.00000000,0.00000000,0.00000000,0.00000000,0.00000000,0.00012366,3.09774971,123.33587661,0.10874690,0.05871083,-0.04281039,1.63743356,-0.02143457,-0.04664831,-0.07147064,-0.09668438,-0.00316831,0.04336366,0.04310014,1.63925867,64.45384127,4.20040080,1.50864729,0.04653197,18.38991288,2064.26464930,116.14428858,39.47795591,100.03106212,0.34463928,2.15471042,2.41171242,0.59997996,4.19002445,0.41971042,0.92887020,0.01028717,1.81173246,5.81994027,0.05630241,0.16736575,0.15864610,0.23660992,0.04292816,0.01470518,0.12328614,0.04247703,0.12932279,0.04657756,0.19835758,0.06957122,11.36986161,5.27674693,6.27568464,5.74613425,0.99752968,2.05175445,0.13316400,11.90926270,0.14443400,1881.11610554,2.11801293,1247.42522720
Zr272Ti181Nb90(Al30V121)3,MIX,arc melting,,1,298.15000000,797.00000000,,5.10000000,,https://doi.org/10.1016/j.jallcom.2022.166767,Microstructure and mechanical properties of AlNbTiVZr system refractory high entropy alloys,2022,S9,Zr272Ti181Nb90(Al30V121)3,0.27300000,0.18200000,0.09000000,0.09000000,0.36400000,0.00000000,0.00000000,0.00000000,0.00000000,0.00000000,0.00000000,0.00000000,0.00000000,0.00000000,0.00000000,0.00012631,3.04338838,136.94961627,0.11393700,0.08215360,-0.04360901,1.60763489,-0.05372714,-0.07474842,-0.08551054,-0.10653182,0.01329643,0.11452614,0.11093731,1.61049189,63.01057447,4.36445783,1.52719880,0.10122971,17.40407240,2062.31405622,124.83835341,39.92068273,101.84136546,0.35362450,2.22814859,2.48826506,0.78735241,4.06767771,0.47437149,0.86945020,0.07965489,1.70091265,6.01190282,0.07050326,0.21447139,0.18100635,0.26161255,0.05420382,0.02071784,0.15633934,0.06083614,0.14840775,0.05354088,0.21804989,0.07757594,11.28813559,5.06615026,6.63651692,5.24539340,0.93200069,2.09417667,0.16860736,4.84852299,0.14457061,2720.90391835,2.42421018,1883.21915125
Zr277Ti277Nb277(VMo)83,BCC,arc melting,,1,298.15000000,1312.00000000,,50.00000000,,https://doi.org/10.1016/j.matdes.2015.06.072,Phase composition and solid solution strengthening effect in TiZrNbMoV high-entropy alloys,2015,S9,Zr277Ti277Nb277(VMo)83,0.27800000,0.27800000,0.27800000,0.08300000,0.08300000,0.00000000,0.00000000,0.00000000,0.00000000,0.00000000,0.00000000,0.00000000,0.00000000,0.00000000,0.00000000,0.00012760,3.11424961,143.61032887,0.15509545,0.11484950,0.00523646,1.64310382,0.02397968,-0.01386149,-0.01626626,-0.05410744,0.02352708,0.13176933,0.14872854,1.64799004,76.68449224,4.52758275,1.55743230,0.10824226,18.58162224,2317.37211635,138.20661986,46.35305918,118.06118355,0.35111334,2.34479539,2.57114343,0.81093581,3.76013159,0.54445035,0.83715394,0.09244734,1.76020762,6.85288294,0.05298111,0.16133178,0.52782656,0.56727434,0.04028632,0.01432312,0.11889767,0.04228398,0.22758214,0.06099252,0.27944910,0.08733226,13.39615737,5.71314557,7.61055526,4.72245711,0.83049428,2.08220237,0.14844124,12.33159435,0.12865866,2144.90084300,2.47622579,1493.83039511
Zr285Ti285Nb142(VMo)142,BCC,vacuum arc melting,,1,298.15000000,1421.00000000,,31.60000000,,https://doi.org/10.1016/j.ijrmhm.2021.105762,Effect of Zr on the as-cast microstructure and mechanical properties of lightweight Ti2VNbMoZrx refractory high-entropy alloys,2022,S9,Zr285Ti285Nb142(VMo)142,0.28600000,0.28600000,0.14300000,0.14300000,0.14300000,0.00000000,0.00000000,0.00000000,0.00000000,0.00000000,0.00000000,0.00000000,0.00000000,0.00000000,0.00000000,0.00013360,3.09078058,148.03275696,0.17482286,0.13337301,0.00138643,1.63013558,0.03752210,-0.00150318,-0.00392776,-0.04295304,0.01741319,0.13016822,0.15691473,1.63557076,73.98676100,4.57028112,1.58968876,0.11275503,18.14511755,2280.50502008,142.48393574,52.11546185,132.48895582,0.34283133,2.35324699,2.63093273,0.85011546,3.85743253,0.58547088,0.88050047,0.09248996,1.78081727,6.77085671,0.05990724,0.18313120,0.58636120,0.62792968,0.04579808,0.01633782,0.13466165,0.04805804,0.28725537,0.07864711,0.33546426,0.10373066,14.94263368,6.34979403,8.39088543,4.49370379,0.84402522,2.04335869,0.16453262,8.11995559,0.13073859,2784.71566493,2.92144232,2027.65577174
Zr285Ti428Nb142(AlV)71,BCC,vacuum arc melting,,1,298.15000000,790.00000000,,50.00000000,,https://doi.org/10.1016/j.jmrt.2023.03.103,Microstructure and properties of Al0.5NbTi3VxZr2 refractory high entropy alloys combined with high strength and ductility,2023,S9,Zr285Ti428Nb142(AlV)71,0.28600000,0.42900000,0.14200000,0.07100000,0.07100000,0.00000000,0.00000000,0.00000000,0.00000000,0.00000000,0.00000000,0.00000000,0.00000000,0.00000000,0.00000000,0.00011839,3.11708871,118.76243098,0.09258307,0.03896800,-0.04831404,1.64714815,-0.02129189,-0.04615856,-0.07490696,-0.09977363,-0.00892268,0.02302018,0.02546237,1.64949243,65.40737984,4.14242728,1.49990973,0.03194286,18.71917049,2055.15217653,112.96589769,38.93279840,98.00501505,0.34280843,2.12069408,2.36697091,0.54739819,4.17124263,0.39848646,0.93902594,-0.00844171,1.81957272,5.80215794,0.05236288,0.15534817,0.15782089,0.23726316,0.03990135,0.01452758,0.11403615,0.04189165,0.12814886,0.05152545,0.19774367,0.07693204,11.27937713,5.31871958,6.19891528,5.93990299,1.00695615,2.04325265,0.12673858,11.42717950,0.14507442,1670.41692775,2.01753305,1089.17263290
Zr294Ti294Nb294V88Mo29,BCC,arc melting,,1,298.15000000,932.00000000,,45.00000000,,https://doi.org/10.1016/j.matdes.2015.06.072,Phase composition and solid solution strengthening effect in TiZrNbMoV high-entropy alloys,2015,S9,Zr294Ti294Nb294V88Mo29,0.29400000,0.29400000,0.29400000,0.08800000,0.02900000,0.00000000,0.00000000,0.00000000,0.00000000,0.00000000,0.00000000,0.00000000,0.00000000,0.00000000,0.00000000,0.00012032,3.12917356,136.64464948,0.13699276,0.10547822,0.01579866,1.65172857,0.02226141,-0.00733871,-0.00925313,-0.03885325,0.02779453,0.10574310,0.11318775,1.65588746,75.54788961,4.44044044,1.52178178,0.09151732,18.87576897,2283.15715716,130.29029029,41.64164164,105.58258258,0.35354354,2.30601201,2.51887688,0.73818418,3.92408268,0.49234735,0.83329145,0.07187187,1.78069269,6.64610316,0.05223854,0.15748318,0.36940579,0.41967301,0.03988840,0.01465785,0.11779256,0.04329243,0.15413103,0.04693238,0.22288805,0.07889954,12.09771522,5.24616314,6.79382539,5.11605656,0.88371474,2.09378919,0.14672616,12.34031726,0.13058672,1879.70204678,2.23191107,1268.21769421
Zr296Ta55Ti296Nb296Al55,MIX,vacuum melting furnace,,1,298.15000000,890.00000000,,70.00000000,,https://doi.org/10.1016/j.matchar.2023.113301,Development and characterization of a low-density TiNbZrAlTa refractory high entropy alloy with enhanced compressive strength and plasticity,2023,S9,Zr296Ta55Ti296Nb296Al55,0.29700000,0.05500000,0.29700000,0.29700000,0.05500000,0.00000000,0.00000000,0.00000000,0.00000000,0.00000000,0.00000000,0.00000000,0.00000000,0.00000000,0.00000000,0.00012071,3.14788998,128.52695856,0.07167378,0.02871038,-0.04812002,1.65985485,-0.01453188,-0.03825356,-0.05749528,-0.08121696,0.00104985,0.06897848,0.04623137,1.66579176,80.26787826,4.29659319,1.49716433,0.06792863,19.15574032,2255.21703407,124.35671343,39.23346693,99.52705411,0.35241483,2.24101202,2.40472645,0.67288978,3.75123297,0.43948297,0.89198101,0.04856429,1.73183667,6.95812516,0.04436861,0.13349063,0.21454898,0.29521646,0.03383404,0.01307984,0.09698614,0.03794048,0.14211954,0.04041416,0.21209683,0.07307221,11.45417017,5.11115962,6.61388591,5.47171708,0.87307148,2.08839685,0.07598234,18.73256867,0.13220457,1415.83755162,1.90808538,904.51397697
Zr2TaTi2Nb2Al,BCC,WROUGHT,,1,298.15000000,1500.00000000,,11.60000000,,10.1016/j.matlet.2019.03.075,Precipitation strengthening in a hot-worked TiNbTa0.5ZrAl0.5 refractory high entropy alloy,2019,S5,Zr2TaTi2Nb2Al,0.25000000,0.12500000,0.25000000,0.25000000,0.12500000,0.00000000,0.00000000,0.00000000,0.00000000,0.00000000,0.00000000,0.00000000,0.00000000,0.00000000,0.00000000,0.00013439,3.13347265,129.75617811,0.05016492,0.01395084,-0.08676495,1.64737034,-0.06815112,-0.08835838,-0.10436520,-0.12457246,0.00909291,0.07950630,0.06760666,1.65816244,83.99052233,4.25000000,1.50625000,0.07041339,18.72674657,2232.66500000,126.50000000,40.37500000,104.00000000,0.35125000,2.22750000,2.36337500,0.71925000,3.47548750,0.43925000,0.96369163,0.05942537,1.64412500,7.44761714,0.04539585,0.13319844,0.28535085,0.35505385,0.03416431,0.01194859,0.09357854,0.03373745,0.19114704,0.04223568,0.24451888,0.06764082,11.69878097,5.25197799,7.11550580,5.38047809,0.81776176,2.08285164,0.07231055,4.40282471,0.13353996,1447.64083193,1.91343106,925.80583255
Zr2TaTi2Nb2Al2Mo,BCC,vacuum arc melting,,1,298.15000000,2000.00000000,2368.00000000,10.00000000,,https://doi.org/10.1016/j.actamat.2014.01.029,Effect of aluminum on the microstructure and properties of two refractory high-entropy alloys,2014,S9,Zr2TaTi2Nb2Al2Mo,0.20000000,0.10000000,0.20000000,0.20000000,0.20000000,0.10000000,0.00000000,0.00000000,0.00000000,0.00000000,0.00000000,0.00000000,0.00000000,0.00000000,0.00000000,0.00015064,3.09497289,137.51086001,0.01930535,-0.00966592,-0.11038713,1.62329674,-0.08801592,-0.10305496,-0.11698718,-0.13202622,0.01395097,0.10673043,0.08620952,1.63778924,79.48457172,4.30000000,1.58200000,0.09277946,17.91770419,2169.06400000,136.00000000,47.50000000,123.10000000,0.34700000,2.19800000,2.35600000,0.82300000,2.95432000,0.50890000,0.97320600,0.08508060,1.53300000,7.36630794,0.04839537,0.14346463,0.59889094,0.62419234,0.03595193,0.01092105,0.09604101,0.03032235,0.30724478,0.06590209,0.33515032,0.06753525,13.56214429,6.17022033,8.84679993,4.62959324,0.68705116,2.06278714,0.08283720,3.71229220,0.13745560,1856.22649250,2.24858058,1255.36700728
Zr2TaTi2Nb2Cr2Mo,BCC,OTHER,5.29200000,1,298.15000000,1595.00000000,2046.00000000,5.00000000,,10.1016/j.msea.2011.09.033,Microstructure and properties of a refractory NbCrMo0.5Ta0.5TiZr alloy,2011,S5,Zr2TaTi2Nb2Cr2Mo,0.20000000,0.10000000,0.20000000,0.20000000,0.20000000,0.10000000,0.00000000,0.00000000,0.00000000,0.00000000,0.00000000,0.00000000,0.00000000,0.00000000,0.00000000,0.00015064,3.04465754,170.14132921,0.25512243,0.22615116,0.05366321,1.60416801,0.04780227,0.01071257,0.01883101,-0.01825869,0.03552742,0.21666245,0.24862300,1.61116350,84.48748400,4.90000000,1.59200000,0.18113503,17.29171891,2418.40000000,153.20000000,65.30000000,164.90000000,0.31900000,2.42600000,2.81720000,1.09180000,2.95606000,0.78870000,0.89297820,0.18200000,1.72540000,8.11341338,0.07063960,0.20463627,0.55452732,0.55758058,0.05443346,0.01561085,0.15398347,0.04332213,0.37076837,0.08974502,0.39114269,0.09141827,18.42467633,7.59467285,10.67849561,3.57195385,0.60327755,1.93685756,0.23375979,7.62097576,0.12328399,3767.25699504,3.62469265,2880.25339638
Zr2Ti2Nb2AlCr2,MIX,arc melting,,1,298.15000000,570.00000000,,5.20000000,,https://doi.org/10.1016/j.matlet.2020.127869,Microstructure evolution and mechanical properties of a novel CrNbTiZrAlx (0.25 ≤ x ≤ 1.25) eutectic refractory high-entropy alloy,2020,S9,Zr2Ti2Nb2AlCr2,0.22200000,0.22200000,0.22200000,0.11100000,0.22200000,0.00000000,0.00000000,0.00000000,0.00000000,0.00000000,0.00000000,0.00000000,0.00000000,0.00000000,0.00000000,0.00013620,3.03847519,146.54794279,0.16149329,0.12880188,-0.03058687,1.60258021,-0.05156622,-0.07326712,-0.08425763,-0.10595853,0.01920448,0.15259975,0.16108781,1.60789194,66.10761096,4.55555556,1.54111111,0.13339527,17.24042359,2103.48000000,126.22222222,54.00000000,133.77777778,0.32111111,2.14111111,2.53700000,0.86822222,2.89834444,0.65400000,0.84114800,0.11282256,1.66877778,6.36726499,0.07453116,0.21428293,0.61170317,0.59724596,0.05768134,0.01736330,0.16058988,0.04886683,0.34867218,0.11540169,0.36045130,0.11367252,15.22125170,7.10904335,9.12119750,3.87920489,0.63622195,1.94599018,0.23572613,5.55576413,0.14174130,3333.51994056,3.09143519,2460.79533930
Zr2Ti2Nb2V2Mo,BCC,arc melting,,1,298.15000000,1473.00000000,,32.00000000,,https://doi.org/10.1016/j.matdes.2015.06.072,Phase composition and solid solution strengthening effect in TiZrNbMoV high-entropy alloys,2015,S9,Zr2Ti2Nb2V2Mo,0.22200000,0.22200000,0.22200000,0.22200000,0.11100000,0.00000000,0.00000000,0.00000000,0.00000000,0.00000000,0.00000000,0.00000000,0.00000000,0.00000000,0.00000000,0.00013620,3.06422941,155.54758025,0.19102504,0.15883474,0.01408285,1.61627556,0.02127490,-0.01703671,-0.01091540,-0.04922701,0.03365077,0.17637338,0.19166069,1.62152049,73.53530667,4.66666667,1.59555556,0.14272261,17.68621189,2322.22222222,147.55555556,50.00000000,129.00000000,0.35222222,2.41711111,2.68155556,0.94644444,3.74326667,0.60988889,0.83256878,0.13555556,1.73511111,6.90415413,0.06016465,0.18390263,0.54699177,0.57303783,0.04577563,0.01379637,0.13423166,0.04047691,0.25489316,0.06098809,0.29752240,0.07792714,14.21419413,5.88065400,8.19209446,4.39679359,0.80212857,2.08747856,0.16067894,14.86643813,0.12838995,2764.31988569,2.77893111,1987.32641433
Zr2Ti2Nb2VMo2,BCC,CAST,,1,298.15000000,1647.00000000,3307.00000000,28.00000000,,10.1007/s11837-012-0366-5,Alloy Design and Properties Optimization of High-Entropy Alloys,2012,S5,Zr2Ti2Nb2VMo2,0.22200000,0.22200000,0.22200000,0.11100000,0.22200000,0.00000000,0.00000000,0.00000000,0.00000000,0.00000000,0.00000000,0.00000000,0.00000000,0.00000000,0.00000000,0.00013620,3.07180011,163.84284072,0.13687203,0.10468173,-0.01295590,1.61753484,0.01584508,-0.02169516,-0.01634522,-0.05388545,0.03190916,0.19038672,0.23662347,1.62552673,78.53514000,4.77777778,1.65444444,0.15847755,17.72758341,2401.44444444,160.00000000,58.77777778,151.33333333,0.34555556,2.45911111,2.72888889,1.02533333,3.35908889,0.68900000,0.84518389,0.15444444,1.70355556,7.35637532,0.05575032,0.17323866,0.61618170,0.64100322,0.04189166,0.01300720,0.12324609,0.03829174,0.34328648,0.11588825,0.37585744,0.11960325,16.72259372,6.80025951,9.81628904,3.96065151,0.70306512,2.05602716,0.15606945,20.64186343,0.12415444,2940.69326173,3.11490487,2174.68381304
Zr2Ti2NbAlV4,MIX,arc melting,,1,298.15000000,1251.00000000,,7.30000000,,https://doi.org/10.1016/j.jallcom.2022.166767,Microstructure and mechanical properties of AlNbTiVZr system refractory high entropy alloys,2022,S9,Zr2Ti2NbAlV4,0.20000000,0.20000000,0.10000000,0.10000000,0.40000000,0.00000000,0.00000000,0.00000000,0.00000000,0.00000000,0.00000000,0.00000000,0.00000000,0.00000000,0.00000000,0.00012674,3.01262333,141.12478980,0.10460644,0.07563517,-0.05117582,1.59124731,-0.06753981,-0.08745066,-0.09651108,-0.11642193,0.01962616,0.13173248,0.13155739,1.59421173,60.18359186,4.40000000,1.54700000,0.11210632,16.87724901,2055.33200000,128.20000000,40.60000000,105.30000000,0.35500000,2.25030000,2.52500000,0.83440000,4.00879000,0.49660000,0.87465180,0.09554030,1.69060000,5.92141964,0.06626481,0.20466505,0.17802277,0.24156117,0.05021357,0.02040900,0.14522141,0.06015962,0.14823903,0.05645473,0.20541261,0.07743433,11.36319736,5.04963665,6.72139913,5.08457511,0.91108864,2.10077519,0.16253567,3.85701289,0.14506172,2610.73052193,2.32225284,1783.60776588
Zr2Ti4Nb2Al,MIX,vacuum arc melting,,1,298.15000000,790.00000000,,68.00000000,,https://doi.org/10.1016/j.matdes.2022.111034,A superb mechanical behavior of newly developed lightweight and ductile Al0.5Ti2Nb1Zr1Wx refractory high entropy alloy via nano-precipitates and dislocations induced-deformation,2022,S9,Zr2Ti4Nb2Al,0.22200000,0.44400000,0.22200000,0.11100000,0.00000000,0.00000000,0.00000000,0.00000000,0.00000000,0.00000000,0.00000000,0.00000000,0.00000000,0.00000000,0.00000000,0.00010968,3.11901827,118.23099632,0.05140723,0.00030447,-0.10217072,1.64235344,-0.07862710,-0.10001199,-0.12972986,-0.15111475,-0.00412783,0.02849835,0.04037762,1.65051351,65.19003318,4.11111111,1.51444444,0.03262618,18.55617601,2050.36888889,114.00000000,38.22222222,97.55555556,0.34555556,2.09666667,2.31722222,0.55377778,3.84687778,0.39755556,0.93608267,-0.00273300,1.76344444,5.83367342,0.04366896,0.12980994,0.16022690,0.21873813,0.03251005,0.01149380,0.08967509,0.03291324,0.13084035,0.05716610,0.18376979,0.07628681,11.04127918,5.26611090,6.26120047,5.82867524,0.93572703,2.05602716,0.08083857,2.86007461,0.14541286,1301.47745058,1.74915614,803.39811926
Zr2Ti4Nb2AlW,MIX,vacuum arc melting,,1,298.15000000,1160.00000000,,68.00000000,,https://doi.org/10.1016/j.matdes.2022.111034,A superb mechanical behavior of newly developed lightweight and ductile Al0.5Ti2Nb1Zr1Wx refractory high entropy alloy via nano-precipitates and dislocations induced-deformation,2022,S9,Zr2Ti4Nb2AlW,0.20000000,0.40000000,0.20000000,0.10000000,0.10000000,0.00000000,0.00000000,0.00000000,0.00000000,0.00000000,0.00000000,0.00000000,0.00000000,0.00000000,0.00000000,0.00012674,3.09650741,136.35204272,0.06757966,0.02158717,-0.07356868,1.63342225,-0.04475544,-0.06581112,-0.09074793,-0.11180360,0.01169852,0.08394425,0.10583266,1.63860127,77.05502986,4.30000000,1.59900000,0.07224573,18.25509121,2214.83200000,133.60000000,50.50000000,128.90000000,0.33900000,2.25450000,2.48600000,0.75940000,3.53034000,0.53640000,0.94247440,0.05154030,1.72660000,7.00916655,0.04456898,0.13422864,0.73839086,0.74622021,0.03301225,0.01029969,0.09195075,0.02947065,0.29435237,0.09475480,0.31965923,0.10289694,14.50863909,6.43541321,8.40301117,4.63460104,0.82100930,2.02571861,0.08897174,6.27225778,0.13461518,1762.76921794,2.30192532,1201.01169612
Zr333Ti333(NbV)166,BCC,vacuum arc melting,3.60640000,1,298.15000000,888.60000000,,50.00000000,,https://doi.org/10.1016/j.matchar.2023.112956,"A combinatorial evaluation of TiZrV0.5Nb0.5Six refractory high entropy alloys: Microstructure, mechanical properties, wear and oxidation behaviors",2023,S9,Zr333Ti333(NbV)166,0.33400000,0.33400000,0.16600000,0.16600000,0.00000000,0.00000000,0.00000000,0.00000000,0.00000000,0.00000000,0.00000000,0.00000000,0.00000000,0.00000000,0.00000000,0.00011450,3.12594132,129.20810155,0.23348173,0.18514790,0.04255246,1.65197863,0.05084005,0.00995159,0.00250622,-0.03838224,0.00385407,0.07041404,0.06693859,1.65417703,70.33672453,4.33266533,1.49487976,0.06655997,18.88434311,2178.21142285,120.95591182,39.83066132,99.81663327,0.34829659,2.24577355,2.49413727,0.65237174,4.33448497,0.44591884,0.87680232,0.03474950,1.84176553,6.18485684,0.05974477,0.17703446,0.13859792,0.24196222,0.04624482,0.01785970,0.13602012,0.05253188,0.11017998,0.04234993,0.20221068,0.08251253,11.57334168,5.15338766,6.28383010,5.59325389,1.00041998,2.06888069,0.17393146,4.90574187,0.13687836,2068.30001324,2.29076856,1407.03788484
Zr3Ti2NbVMo,BCC,vacuum arc melting,,1,298.15000000,1287.00000000,,29.70000000,,https://doi.org/10.1016/j.ijrmhm.2021.105762,Effect of Zr on the as-cast microstructure and mechanical properties of lightweight Ti2VNbMoZrx refractory high-entropy alloys,2022,S9,Zr3Ti2NbVMo,0.37500000,0.25000000,0.12500000,0.12500000,0.12500000,0.00000000,0.00000000,0.00000000,0.00000000,0.00000000,0.00000000,0.00000000,0.00000000,0.00000000,0.00000000,0.00012876,3.12176384,141.45296581,0.17847999,0.13479713,0.00815395,1.64688841,0.04415615,0.00524908,0.00047328,-0.03843379,0.01011759,0.10795807,0.13236556,1.65196640,76.14923500,4.50000000,1.55750000,0.09784048,18.71031622,2261.87500000,136.12500000,49.75000000,124.37500000,0.34250000,2.30962500,2.56650000,0.78400000,3.95117500,0.54400000,0.87253175,0.07125000,1.78250000,6.75824312,0.06197038,0.18671795,0.58892672,0.64993896,0.04811523,0.02004015,0.14155845,0.05894770,0.27727217,0.09649270,0.33586949,0.12724560,14.41099910,6.23954066,8.08471198,4.71783088,0.87803889,2.04182510,0.17626972,6.59556153,0.13181542,2725.23671875,2.91167965,1982.69174479
Zr3Ti4Nb3,BCC,vacuum arc melting,,1,298.15000000,675.00000000,,50.00000000,,https://doi.org/10.1016/j.mtla.2021.101057,Design and characterization of eutectic refractory high entropy alloys,2021,S9,Zr3Ti4Nb3,0.30000000,0.40000000,0.30000000,0.00000000,0.00000000,0.00000000,0.00000000,0.00000000,0.00000000,0.00000000,0.00000000,0.00000000,0.00000000,0.00000000,0.00000000,0.00009383,3.15488590,125.95054551,0.16128763,0.10932012,0.00562069,1.66523650,0.04533224,0.00259603,-0.00663527,-0.04937148,-0.03423140,0.02134554,0.06854973,1.66949384,74.38591400,4.30000000,1.49500000,0.05557694,19.34266784,2239.80000000,121.10000000,38.90000000,98.00000000,0.35000000,2.23650000,2.44520000,0.60920000,4.07470000,0.43520000,0.86649820,0.02600000,1.83600000,6.38592368,0.04184588,0.13012771,0.11805617,0.21223509,0.03200890,0.01264893,0.09549554,0.03772620,0.09304911,0.03956070,0.17957265,0.07024633,11.39363641,5.09440483,6.20568432,5.61856618,0.94760465,2.07692308,0.09920176,4.63620781,0.13311456,1346.91912578,1.87122383,854.11770444
Zr52Ti104Nb52Al83V208,MIX,vacuum arc melting,6.26416000,1,298.15000000,1723.00000000,1938.00000000,14.80000000,,https://doi.org/10.1016/j.msea.2023.144628,Effect of Al on microstructure and mechanical properties of lightweight AlxNb0.5TiV2Zr0.5 refractory high entropy alloys,2023,S9,Zr52Ti104Nb52Al83V208,0.10400000,0.20800000,0.10400000,0.16600000,0.41700000,0.00000000,0.00000000,0.00000000,0.00000000,0.00000000,0.00000000,0.00000000,0.00000000,0.00000000,0.00000000,0.00012583,2.97308632,141.89546805,0.06202965,0.03806563,-0.07956093,1.56839896,-0.09965997,-0.11629001,-0.12362399,-0.14025403,0.02243027,0.13850572,0.14296288,1.57328964,54.88626746,4.35470942,1.57352705,0.11607545,16.16062845,1978.05523046,128.83366733,40.48496994,107.09819639,0.35625251,2.20864930,2.48576553,0.86387976,3.74266072,0.50076553,0.89577850,0.10388467,1.62188577,5.63968498,0.05634581,0.17725947,0.19394013,0.22786570,0.04190695,0.01743833,0.12191758,0.05244357,0.16409900,0.06352507,0.19471945,0.07559885,11.16830331,5.05662140,6.88599870,4.96393098,0.85945131,2.10680821,0.14948572,2.49751801,0.15072885,2157.46997893,2.01855851,1407.00322364
Zr53Ta37Ti53(NbMo)53,BCC,high-vacuum non-self-consumption electric arc furnace,,1,298.15000000,1349.00000000,2242.00000000,34.80000000,,https://doi.org/10.1016/j.jallcom.2023.170739,Microstructure and mechanical properties of Alx(TiZrTa0.7NbMo) refractory high-entropy alloys,2023,S9,Zr53Ta37Ti53(NbMo)53,0.21300000,0.14900000,0.21300000,0.21300000,0.21300000,0.00000000,0.00000000,0.00000000,0.00000000,0.00000000,0.00000000,0.00000000,0.00000000,0.00000000,0.00000000,0.00013799,3.09793887,166.33497972,0.09024071,0.05940783,-0.02928909,1.63034256,0.00516974,-0.03112600,-0.02566313,-0.06195888,0.05506298,0.20915357,0.24561378,1.63935877,96.68976988,4.78714859,1.63409639,0.15409059,18.15203010,2556.72690763,165.94377510,61.25301205,158.96787149,0.34212851,2.54443775,2.74982329,1.06344177,3.22582410,0.69194378,0.95989657,0.16377510,1.68638153,8.84514012,0.04620380,0.14564487,0.57617805,0.59927603,0.03417021,0.01088260,0.10123419,0.03228794,0.34939530,0.10642115,0.38542259,0.10975859,17.56479751,6.90321369,10.41567239,3.97405597,0.67385084,2.04010744,0.10983569,68.24152216,0.11661394,2406.56022612,2.94544624,1755.86604031
Zr53Ti53Nb53V53Mo37,BCC,arc melting,,1,298.15000000,1706.00000000,,32.00000000,,https://doi.org/10.1016/j.matdes.2015.06.072,Phase composition and solid solution strengthening effect in TiZrNbMoV high-entropy alloys,2015,S9,Zr53Ti53Nb53V53Mo37,0.21300000,0.21300000,0.21300000,0.21300000,0.14900000,0.00000000,0.00000000,0.00000000,0.00000000,0.00000000,0.00000000,0.00000000,0.00000000,0.00000000,0.00000000,0.00013799,3.05798691,160.00697496,0.17893457,0.14810169,0.00603837,1.61208784,0.01962231,-0.01845637,-0.01121056,-0.04928925,0.03489247,0.18807444,0.21213155,1.61821710,74.48008289,4.72289157,1.61935743,0.15318197,17.54909452,2346.41767068,152.80321285,53.20481928,137.43373494,0.35044177,2.44169076,2.71412851,0.99255823,3.62705542,0.64426104,0.83551882,0.14839357,1.72157028,7.04749590,0.05963678,0.18346548,0.57923449,0.60219947,0.04520632,0.01334296,0.13257638,0.03915321,0.28795291,0.07982418,0.32515695,0.08186404,15.08608349,6.17853977,8.76297858,4.21277763,0.76797347,2.07901570,0.16138082,16.50016397,0.12706604,2916.34446026,2.92155061,2123.51921976
Zr69Ta232Nb232(MoW)232,BCC,vacuum arc melting,5.07640000,1,298.15000000,1448.00000000,1819.00000000,9.90000000,,https://doi.org/10.1016/j.msea.2022.142701,"Microstructure and mechanical properties of WNbMoTaZrx (x = 0.1, 0.3, 0.5, 1.0) refractory high entropy alloys",2022,S9,Zr69Ta232Nb232(MoW)232,0.06900000,0.23300000,0.23300000,0.23300000,0.23300000,0.00000000,0.00000000,0.00000000,0.00000000,0.00000000,0.00000000,0.00000000,0.00000000,0.00000000,0.00000000,0.00013289,3.04063416,223.92347097,-0.00038356,-0.00451873,-0.03475721,1.59716386,-0.06113444,-0.08745204,-0.06526961,-0.09158721,0.14201341,0.43408699,0.47516569,1.60903442,135.14303342,5.39618857,1.86520562,0.29207358,17.06620779,3086.48345035,227.82647944,93.50150451,244.54864594,0.33301906,3.04248746,3.22422768,1.73904313,1.98706700,1.09027282,0.99242121,0.36212638,1.48518455,13.14940276,0.03627759,0.11465332,0.52824235,0.51102505,0.02626644,0.00628608,0.07682695,0.01844289,0.41652145,0.10919683,0.41464296,0.10641180,26.26666321,8.63328560,17.68579073,2.95726687,0.36823528,1.99858642,0.12546099,6.70926874,0.09659861,2597.98335574,3.55490759,1978.30678135
Zr71Ti71Nb71V214Mo71,BCC,CAST,,1,298.15000000,1418.00000000,2508.00000000,24.00000000,,10.1007/s11837-012-0366-5,Alloy Design and Properties Optimization of High-Entropy Alloys,2012,S5,Zr71Ti71Nb71V214Mo71,0.14300000,0.14300000,0.14300000,0.43000000,0.14300000,0.00000000,0.00000000,0.00000000,0.00000000,0.00000000,0.00000000,0.00000000,0.00000000,0.00000000,0.00000000,0.00012714,2.98732581,172.01468385,0.18894136,0.16828915,0.00942040,1.57586560,0.01204754,-0.02187587,-0.00860467,-0.04252808,0.03968190,0.23059299,0.25095387,1.58082485,68.64464855,4.85742972,1.64568273,0.19091108,16.39253550,2323.14658635,160.00000000,54.55622490,142.96987952,0.35431727,2.51749598,2.83610040,1.13453614,3.74831606,0.69760241,0.82504246,0.19586345,1.70156426,6.95360388,0.06138948,0.19339337,0.54172281,0.54907064,0.04590229,0.01954833,0.13402826,0.05685705,0.27243102,0.09153286,0.30049647,0.10055557,15.12168959,6.00663901,8.88693420,4.06549685,0.77166656,2.09749650,0.17855739,24.51657355,0.12833887,3246.18364813,2.91553753,2362.47673336
Zr8Ta81Nb81(MoW)81,BCC,vacuum arc melting,5.05680000,1,298.15000000,1223.00000000,1421.00000000,6.40000000,,https://doi.org/10.1016/j.msea.2022.142701,"Microstructure and mechanical properties of WNbMoTaZrx (x = 0.1, 0.3, 0.5, 1.0) refractory high entropy alloys",2022,S9,Zr8Ta81Nb81(MoW)81,0.02400000,0.24400000,0.24400000,0.24400000,0.24400000,0.00000000,0.00000000,0.00000000,0.00000000,0.00000000,0.00000000,0.00000000,0.00000000,0.00000000,0.00000000,0.00012635,3.03045777,230.18333933,-0.01629023,-0.01772999,-0.03503547,1.59051040,-0.06072718,-0.07946025,-0.06216695,-0.08090002,0.23639792,0.45708754,0.48233490,1.60364931,137.27158753,5.46385542,1.89114458,0.30663986,16.85381204,3132.93674699,234.45783133,96.43373494,253.15361446,0.33268072,3.09301205,3.27818072,1.80810843,1.85941235,1.13099699,1.00086579,0.38355422,1.47007229,13.52483277,0.02849135,0.08764206,0.50501592,0.48011543,0.02120765,0.00541072,0.06168135,0.01585039,0.40495727,0.11715340,0.39162225,0.11345805,26.97753926,8.72209317,18.35116508,2.89848758,0.34031141,1.99706613,0.12089262,6.51850658,0.09516630,1870.85736686,3.02549740,1373.97100063
Zr8TaTi6Nb3Al2,MIX,vacuum induction melting,,1,298.15000000,1075.00000000,,55.00000000,,https://doi.org/10.1016/j.mtla.2019.100569,Phase stability and microstructure evolution in a ductile refractory high entropy alloy Al10Nb15Ta5Ti30Zr40,2020,S9,Zr8TaTi6Nb3Al2,0.40000000,0.05000000,0.30000000,0.15000000,0.10000000,0.00000000,0.00000000,0.00000000,0.00000000,0.00000000,0.00000000,0.00000000,0.00000000,0.00000000,0.00000000,0.00011998,3.16954643,115.23756138,0.06142938,0.01199745,-0.07371939,1.67033527,-0.02819567,-0.05107780,-0.07762760,-0.10050972,-0.01983373,0.00910118,-0.00972192,1.67725186,76.53120486,4.10000000,1.47000000,0.02893491,19.52088790,2103.83200000,111.60000000,38.05000000,93.65000000,0.34400000,2.10175000,2.27605000,0.53820000,3.93269000,0.37090000,0.94324745,-0.00845970,1.73785000,6.51011075,0.04996941,0.14491023,0.23098701,0.32662070,0.03898667,0.01726468,0.10909220,0.04880285,0.15541820,0.05334729,0.22569443,0.08993220,11.17879899,5.31880528,6.43254538,6.13655972,0.95919268,2.04878049,0.08833738,8.95242882,0.14171759,1493.31793050,1.96660366,964.76480801
Zr95Ti95Nb95Al119Cr95,MIX,arc melting,,1,298.15000000,450.00000000,,4.90000000,,https://doi.org/10.1016/j.matlet.2020.127869,Microstructure evolution and mechanical properties of a novel CrNbTiZrAlx (0.25 ≤ x ≤ 1.25) eutectic refractory high-entropy alloy,2020,S9,Zr95Ti95Nb95Al119Cr95,0.19000000,0.19000000,0.19000000,0.23800000,0.19000000,0.00000000,0.00000000,0.00000000,0.00000000,0.00000000,0.00000000,0.00000000,0.00000000,0.00000000,0.00000000,0.00013820,3.03289128,136.40501468,0.11720019,0.08790057,-0.07237625,1.59269706,-0.10047390,-0.11736931,-0.12977352,-0.14666893,0.01207388,0.12259106,0.13550571,1.60493706,60.50137013,4.33266533,1.55098196,0.11051718,16.92342036,1935.81178357,119.02605210,49.98797595,124.63927856,0.32525050,2.00053106,2.34528257,0.80629058,2.59078778,0.58178357,0.88110375,0.08740072,1.53899198,5.93644518,0.07049448,0.20491342,0.64234132,0.61982930,0.05391988,0.01418619,0.14813941,0.04056465,0.34773291,0.10484627,0.35235832,0.10238215,14.00346670,6.99987467,9.09911608,4.03119424,0.59796628,1.96406296,0.21295095,2.66276717,0.15401807,2943.32552490,2.74349310,2108.90821017
Zr96Ti192Nb96Al48W67,MIX,vacuum arc melting,,1,298.15000000,980.00000000,,68.00000000,,https://doi.org/10.1016/j.matdes.2022.111034,A superb mechanical behavior of newly developed lightweight and ductile Al0.5Ti2Nb1Zr1Wx refractory high entropy alloy via nano-precipitates and dislocations induced-deformation,2022,S9,Zr96Ti192Nb96Al48W67,0.19200000,0.38500000,0.19200000,0.09600000,0.13400000,0.00000000,0.00000000,0.00000000,0.00000000,0.00000000,0.00000000,0.00000000,0.00000000,0.00000000,0.00000000,0.00012887,3.09083117,142.56186022,0.06876244,0.02452118,-0.07341678,1.63043899,-0.04209691,-0.06290059,-0.08633818,-0.10714186,0.01788755,0.10371032,0.12824696,1.63559753,81.12099065,4.36472946,1.62797595,0.08582277,18.15525122,2271.19110220,140.31663327,54.70741483,139.64128257,0.33675351,2.30858717,2.54383768,0.82986373,3.42186713,0.58397996,0.94466475,0.07013897,1.71397395,7.41959802,0.04473037,0.13528074,0.77221697,0.77838544,0.03307417,0.01008627,0.09239257,0.02890609,0.33241845,0.10156458,0.35386626,0.10797852,15.68872236,6.79581111,9.15341938,4.35603591,0.78398150,2.01547015,0.09154063,6.95276727,0.13127473,1916.61252991,2.48459912,1336.14531246
Zr99Ta99Ti300(Nb3Al2)100,BCC,OTHER,3.99840000,1,298.15000000,1280.00000000,1367.00000000,4.00000000,,10.1007/s11837-014-1066-0,Microstructure and Properties of Aluminum-Containing Refractory High-Entropy Alloys,2014,S5,Zr99Ta99Ti300(Nb3Al2)100,0.09900000,0.09900000,0.30100000,0.30100000,0.20000000,0.00000000,0.00000000,0.00000000,0.00000000,0.00000000,0.00000000,0.00000000,0.00000000,0.00000000,0.00000000,0.00012948,3.08525542,130.66551407,0.02027028,-0.01123984,-0.10953952,1.61775363,-0.09984547,-0.11310137,-0.13135559,-0.14461149,0.00159981,0.07675449,0.04656918,1.63264697,74.72278341,4.19939880,1.54726453,0.07515468,17.73477821,2134.61523046,127.36372745,39.77955912,105.55811623,0.35402806,2.17269539,2.31904309,0.74677956,3.12035972,0.44822044,0.96949128,0.06899860,1.57226353,6.99643290,0.03620619,0.10272545,0.27813989,0.31069976,0.02599531,0.00665148,0.06408255,0.01549688,0.19316360,0.05097426,0.21678349,0.05394248,11.31902927,5.20967151,7.19919344,5.17388962,0.74304915,2.09610970,0.05644004,2.76822277,0.13967388,1017.31254835,1.50781046,587.47518887
ZrTa2Nb2(MoW)2,BCC,vacuum arc melting,5.35080000,1,298.15000000,1575.00000000,2107.00000000,12.60000000,,https://doi.org/10.1016/j.msea.2022.142701,"Microstructure and mechanical properties of WNbMoTaZrx (x = 0.1, 0.3, 0.5, 1.0) refractory high entropy alloys",2022,S9,ZrTa2Nb2(MoW)2,0.11100000,0.22200000,0.22200000,0.22200000,0.22200000,0.00000000,0.00000000,0.00000000,0.00000000,0.00000000,0.00000000,0.00000000,0.00000000,0.00000000,0.00000000,0.00013620,3.05170957,218.10872644,0.02098727,0.01434836,-0.02430798,1.60434190,-0.04286098,-0.07121902,-0.04949990,-0.07785794,0.12528132,0.40382439,0.45248695,1.61489527,133.16583556,5.33333333,1.84111111,0.27854307,17.29734267,3043.33333333,221.66666667,90.77777778,236.55555556,0.33333333,2.99555556,3.17411111,1.67488889,2.10564444,1.05244444,0.98457711,0.34222222,1.49922222,12.78388406,0.04153247,0.13182141,0.54936848,0.53921006,0.03016296,0.00685206,0.08846902,0.02011816,0.42526906,0.10438625,0.43285229,0.10307471,25.61611752,8.55137454,17.08627123,3.01594172,0.39480833,2.00000000,0.12970453,9.67070422,0.09796824,3040.92577355,3.84092545,2352.06811232
ZrTaNbMoW,BCC,arc melting,,1,298.15000000,1589.00000000,,16.07666667,,https://doi.org/10.1016/j.msea.2021.142061,A novel ZrNbMoTaW refractory high-entropy alloy with in-situ forming heterogeneous structure,2021,S9,ZrTaNbMoW,0.20000000,0.20000000,0.20000000,0.20000000,0.20000000,0.00000000,0.00000000,0.00000000,0.00000000,0.00000000,0.00000000,0.00000000,0.00000000,0.00000000,0.00000000,0.00013869,3.07657904,205.77404497,0.05476261,0.04281256,-0.00805925,1.61993617,-0.01221696,-0.04323949,-0.02416701,-0.05518954,0.09447527,0.34431639,0.40211011,1.62805563,128.97165200,5.20000000,1.79000000,0.24984112,17.80665371,2951.80000000,208.60000000,85.00000000,219.60000000,0.33400000,2.89600000,3.06780000,1.53880000,2.35718000,0.97220000,0.96793760,0.30000000,1.52900000,12.02711168,0.04919047,0.15509435,0.59278243,0.59774139,0.03654886,0.01112935,0.10752214,0.03283872,0.43765986,0.10073424,0.46207829,0.11140108,24.21885797,8.36286532,15.83967166,3.15552355,0.45330385,2.00300300,0.13870623,33.50972298,0.10100617,3543.73058692,4.13034120,2778.92508687
ZrTaTiNbMo,BCC,laser powder-bed fusion,,1,298.15000000,904.00000000,,50.00000000,,https://doi.org/10.1016/j.ijplas.2024.103884,Deformation mechanisms of additively manufactured TiNbTaZrMo refractory high-entropy alloy: The role of cellular structure,2024,S9,ZrTaTiNbMo,0.20000000,0.20000000,0.20000000,0.20000000,0.20000000,0.00000000,0.00000000,0.00000000,0.00000000,0.00000000,0.00000000,0.00000000,0.00000000,0.00000000,0.00000000,0.00013869,3.09806796,168.18301724,0.08864709,0.05967582,-0.02861955,1.63030910,0.00418427,-0.03155809,-0.02478699,-0.06052936,0.05736991,0.21385579,0.25002032,1.63942708,101.77705200,4.80000000,1.62600000,0.15648589,18.15091276,2601.00000000,168.00000000,61.60000000,160.60000000,0.34200000,2.58100000,2.77000000,1.08980000,3.22668000,0.69400000,0.99715100,0.17200000,1.68020000,9.31109573,0.04479429,0.14121843,0.55581154,0.57639545,0.03301115,0.01018926,0.09783384,0.03025380,0.34279888,0.09839243,0.37930256,0.10114160,17.66393667,6.84383443,10.51299647,3.99135447,0.67222500,2.03951368,0.10710971,86.21197338,0.11462899,2321.71917585,2.90106510,1687.57847225
ZrTi2Nb2AlV4,MIX,arc melting,,1,298.15000000,1390.00000000,,16.90000000,,https://doi.org/10.1016/j.jallcom.2022.166767,Microstructure and mechanical properties of AlNbTiVZr system refractory high entropy alloys,2022,S9,ZrTi2Nb2AlV4,0.10000000,0.20000000,0.20000000,0.10000000,0.40000000,0.00000000,0.00000000,0.00000000,0.00000000,0.00000000,0.00000000,0.00000000,0.00000000,0.00000000,0.00000000,0.00012674,2.98723034,149.29107973,0.08766149,0.06466525,-0.05429381,1.57695626,-0.08300118,-0.10201810,-0.10599742,-0.12501434,0.03323068,0.17061853,0.17108765,1.58077433,60.35182986,4.50000000,1.57400000,0.13738785,16.42659514,2117.53200000,136.10000000,41.10000000,109.10000000,0.36100000,2.31580000,2.58240000,0.92600000,3.77229000,0.53900000,0.84703920,0.13354030,1.65640000,6.10087719,0.05577876,0.17211384,0.16660894,0.20204320,0.04202048,0.01741521,0.12191831,0.05164384,0.13926746,0.05285834,0.17273736,0.06489835,11.39982812,4.92263068,6.88229179,4.79109462,0.83828667,2.12989045,0.14658588,3.23351362,0.14080071,2136.70335291,2.05733202,1402.82811689
ZrTi2NbAlV4,MIX,arc melting,,1,298.15000000,1480.00000000,,14.10000000,,https://doi.org/10.1016/j.jallcom.2022.166767,Microstructure and mechanical properties of AlNbTiVZr system refractory high entropy alloys,2022,S9,ZrTi2NbAlV4,0.11100000,0.22200000,0.11100000,0.11100000,0.44400000,0.00000000,0.00000000,0.00000000,0.00000000,0.00000000,0.00000000,0.00000000,0.00000000,0.00000000,0.00000000,0.00012294,2.97329344,146.27622069,0.08337842,0.05782704,-0.05970205,1.57085640,-0.08068101,-0.09875272,-0.10623239,-0.12430410,0.02581346,0.15131786,0.15316728,1.57339924,56.73465762,4.44444444,1.57111111,0.12550440,16.23671121,2047.25777778,132.33333333,41.44444444,109.55555556,0.35666667,2.27811111,2.57100000,0.89222222,3.94076667,0.52400000,0.88092622,0.11504478,1.67877778,5.80229447,0.05795988,0.18152031,0.17216723,0.21167862,0.04333018,0.01905251,0.12614877,0.05661204,0.14570012,0.05934000,0.18260689,0.07420800,11.45090051,5.02648903,6.82097456,4.90648855,0.88667250,2.10880829,0.15534594,3.11951045,0.14563383,2282.55419532,2.11059829,1511.83122633
ZrTi2NbV4,MIX,vacuum arc melting,3.89256000,1,298.15000000,843.00000000,1557.00000000,33.40000000,,https://doi.org/10.1016/j.msea.2023.144628,Effect of Al on microstructure and mechanical properties of lightweight AlxNb0.5TiV2Zr0.5 refractory high entropy alloys,2023,S9,ZrTi2NbV4,0.12500000,0.25000000,0.12500000,0.50000000,0.00000000,0.00000000,0.00000000,0.00000000,0.00000000,0.00000000,0.00000000,0.00000000,0.00000000,0.00000000,0.00000000,0.00010453,2.98301718,155.09071894,0.23966120,0.21091590,0.04629214,1.57909030,0.02392278,-0.01114535,-0.00482252,-0.03989066,0.02547166,0.16994804,0.15980549,1.57854482,60.45379750,4.62500000,1.56625000,0.14447638,16.49337388,2186.50000000,139.37500000,43.37500000,114.50000000,0.35750000,2.41787500,2.74250000,0.94925000,4.33937500,0.57075000,0.85104200,0.13750000,1.79325000,6.08644185,0.06098844,0.18860174,0.11231801,0.17136609,0.04604179,0.02243725,0.13424701,0.06523257,0.09160058,0.04172073,0.14860301,0.06668598,12.04712138,4.98252448,6.71803785,4.80508103,0.93824324,2.11284047,0.20559022,9.55375616,0.13635948,2520.35099745,2.30474864,1717.82414173
ZrTi4Nb3Cr2,MIX,vacuum arc melting,,1,298.15000000,1005.00000000,,10.90000000,,https://doi.org/10.1016/j.mtla.2021.101057,Design and characterization of eutectic refractory high entropy alloys,2021,S9,ZrTi4Nb3Cr2,0.10000000,0.40000000,0.30000000,0.20000000,0.00000000,0.00000000,0.00000000,0.00000000,0.00000000,0.00000000,0.00000000,0.00000000,0.00000000,0.00000000,0.00000000,0.00011029,3.02446683,154.78067930,0.26154707,0.22152961,0.05613932,1.59853290,0.05814873,0.02107899,0.01813127,-0.01893848,0.00509871,0.14547223,0.18143331,1.60047904,66.54033400,4.70000000,1.56100000,0.14037352,17.11013158,2250.20000000,135.30000000,55.30000000,140.40000000,0.32400000,2.29650000,2.72400000,0.90240000,3.30262000,0.69500000,0.84663400,0.12600000,1.82160000,6.45774692,0.06159434,0.17254485,0.54352224,0.50337736,0.04732671,0.01464174,0.13272348,0.04079430,0.29893535,0.09715225,0.29603732,0.09218973,15.54832266,6.77044314,8.53553067,3.91942446,0.70268511,1.95857988,0.25649626,4.26790027,0.13249933,2579.41469019,2.73111700,1845.95673362
ZrTi6VCrMo,MIX,vacuum arc remelting,,1,298.15000000,1349.00000000,2114.00000000,39.80000000,,https://doi.org/10.1016/j.ijrmhm.2021.105628,TRIP-assisted compressive ductility in Ti-rich Ti60Mo10V10Cr10Zr10 refractory medium-entropy alloy,2021,S9,ZrTi6VCrMo,0.10000000,0.60000000,0.10000000,0.10000000,0.10000000,0.00000000,0.00000000,0.00000000,0.00000000,0.00000000,0.00000000,0.00000000,0.00000000,0.00000000,0.00000000,0.00010578,3.00020041,145.05329590,0.18450180,0.12746312,0.00496639,1.59155080,0.06561140,0.03158802,0.00857272,-0.02545066,0.00256644,0.08446909,0.10207667,1.58763780,57.73036000,4.50000000,1.60200000,0.08190266,16.88690747,2103.30000000,132.70000000,58.50000000,149.90000000,0.31500000,2.25220000,2.71940000,0.76540000,4.09880000,0.63070000,1.01049630,0.04500000,1.95400000,5.67679924,0.05531184,0.16255108,0.53492257,0.52946502,0.04168125,0.01951675,0.11889398,0.05566963,0.29451978,0.14375410,0.30641251,0.14688163,16.37620266,7.27120267,8.38086114,4.31171714,0.91084444,1.91970803,0.20504263,3.39099111,0.14175344,2453.54634446,2.70388985,1751.20344817
ZrTiNb,BCC,CAST,3.64560000,1,298.15000000,1223.00000000,,48.00000000,,10.1007/s12598-019-01310-6,Microstructure and mechanical properties of NbZrTi and NbHfZrTi alloys,2019,S5,ZrTiNb,0.33300000,0.33300000,0.33300000,0.00000000,0.00000000,0.00000000,0.00000000,0.00000000,0.00000000,0.00000000,0.00000000,0.00000000,0.00000000,0.00000000,0.00000000,0.00009466,3.16433592,127.55768150,0.15656417,0.10827872,0.00859266,1.67074096,0.04222273,-0.00020750,-0.00606272,-0.04849294,-0.03452792,0.03144140,0.08277997,1.67449458,77.33246000,4.33333333,1.49000000,0.06596931,19.53511474,2273.00000000,122.66666667,38.33333333,96.00000000,0.35333333,2.25166667,2.43733333,0.63633333,3.96866667,0.43966667,0.83543500,0.04000000,1.80100000,6.57347859,0.04270519,0.13193172,0.11731076,0.21866731,0.03298867,0.01365102,0.09837209,0.04069781,0.09122105,0.03475053,0.18315418,0.07515776,11.26477543,5.00286103,6.25473372,5.54359363,0.91584615,2.09278351,0.10029337,5.09602178,0.13117026,1365.67165436,1.88904025,869.15584760
ZrTiNbAlCr,MIX,arc melting,,1,298.15000000,635.00000000,,5.50000000,,https://doi.org/10.1016/j.matlet.2020.127869,Microstructure evolution and mechanical properties of a novel CrNbTiZrAlx (0.25 ≤ x ≤ 1.25) eutectic refractory high-entropy alloy,2020,S9,ZrTiNbAlCr,0.20000000,0.20000000,0.20000000,0.20000000,0.20000000,0.00000000,0.00000000,0.00000000,0.00000000,0.00000000,0.00000000,0.00000000,0.00000000,0.00000000,0.00000000,0.00013869,3.03468246,139.46917198,0.12808212,0.09775785,-0.06390888,1.59567865,-0.09623829,-0.11280009,-0.12656256,-0.14312436,0.01729589,0.13472450,0.15342153,1.60588491,62.19500372,4.40000000,1.54800000,0.11742861,17.01864250,1986.46400000,121.20000000,51.20000000,127.40000000,0.32400000,2.04300000,2.40320000,0.82500000,2.68370000,0.60360000,0.86903320,0.09508060,1.57820000,6.06848072,0.07178429,0.20787588,0.63365588,0.61362402,0.05511618,0.01512534,0.15202139,0.04303144,0.34893859,0.10828434,0.35558632,0.10599658,14.36984983,7.03370036,9.10521470,3.98144467,0.60993182,1.95857988,0.21983128,2.86272675,0.15009081,3061.50845159,2.84768162,2214.88797903
ZrTiNbCr,BCC,OTHER,4.09640000,1,298.15000000,1260.00000000,,6.00000000,,10.1016/j.msea.2012.12.018,Mechanical properties of low-density  refractory multi-principal element alloys of the Cr–Nb–Ti–V–Zr system,2013,S5,ZrTiNbCr,0.25000000,0.25000000,0.25000000,0.25000000,0.00000000,0.00000000,0.00000000,0.00000000,0.00000000,0.00000000,0.00000000,0.00000000,0.00000000,0.00000000,0.00000000,0.00011946,3.05619311,155.39640630,0.35216099,0.31594691,0.09811678,1.61357144,0.06713152,0.02856177,0.03091743,-0.00765232,-0.00879457,0.14455903,0.18983833,1.61726786,70.99837000,4.75000000,1.53250000,0.15335360,17.59759052,2249.75000000,132.50000000,57.50000000,141.75000000,0.31750000,2.26375000,2.70425000,0.92225000,3.16665000,0.71700000,0.80629150,0.13500000,1.78200000,6.69953352,0.07749521,0.22030309,0.58130939,0.57354487,0.06053233,0.02029028,0.17060123,0.05642249,0.34256201,0.12256607,0.36166451,0.12186849,16.31897502,7.20882386,9.15767397,3.77161785,0.66666316,1.93040293,0.30798569,4.00346569,0.13252584,3643.88163476,3.40434109,2749.29348211
ZrTiNbMo,BCC,vacuum arc melting,,1,298.15000000,1462.00000000,2158.00000000,24.60000000,,https://doi.org/10.1016/j.jallcom.2023.172855,Structure and mechanical properties of novel lightweight refractory high entropy alloys NbMoTiZr-(Al/V): A combined first principles and experimental study,2024,S9,ZrTiNbMo,0.25000000,0.25000000,0.25000000,0.25000000,0.00000000,0.00000000,0.00000000,0.00000000,0.00000000,0.00000000,0.00000000,0.00000000,0.00000000,0.00000000,0.00000000,0.00011946,3.09721151,160.99299627,0.10317073,0.06695664,-0.03428846,1.62899951,0.00580864,-0.03260800,-0.03040544,-0.06882209,0.03279305,0.17995975,0.23417480,1.63897387,81.98434500,4.75000000,1.65750000,0.14716670,18.10720727,2428.75000000,160.00000000,60.25000000,154.25000000,0.34250000,2.43875000,2.69150000,0.98725000,3.22335000,0.68600000,0.85220800,0.14000000,1.70425000,7.51845928,0.05021298,0.15860821,0.63336141,0.66461437,0.03733847,0.01291212,0.11050628,0.03822741,0.36414683,0.13061503,0.39762169,0.13584932,17.26294310,7.07860302,10.12934904,3.92346939,0.67860000,2.04182510,0.13729327,49.95013365,0.12275862,2655.14129609,3.06081882,1955.39037172
ZrTiNbV,BCC,arc melting,,1,298.15000000,1104.00000000,,50.00000000,,https://doi.org/10.1016/j.matdes.2015.06.072,Phase composition and solid solution strengthening effect in TiZrNbMoV high-entropy alloys,2015,S9,ZrTiNbV,0.25000000,0.25000000,0.25000000,0.25000000,0.00000000,0.00000000,0.00000000,0.00000000,0.00000000,0.00000000,0.00000000,0.00000000,0.00000000,0.00000000,0.00000000,0.00011946,3.08740798,142.32866021,0.24630032,0.21008624,0.05311151,1.63091643,0.03524878,-0.00481785,-0.00096531,-0.04103193,0.01651998,0.12823805,0.12805104,1.63378606,70.73472000,4.50000000,1.52500000,0.11171808,18.17120526,2250.50000000,132.00000000,40.50000000,104.00000000,0.35750000,2.34425000,2.58500000,0.80975000,4.08775000,0.50800000,0.82382400,0.09750000,1.77525000,6.46395461,0.06142584,0.18343034,0.13353894,0.21979095,0.04715404,0.01506513,0.13822585,0.04417559,0.10608385,0.03327572,0.18601615,0.06571297,11.61779115,4.95586697,6.54431271,5.08858268,0.90838889,2.11284047,0.17640604,7.62716744,0.13248167,2267.65615201,2.32736046,1550.27654625
ZrTiNbV2,BCC,OTHER,2.97920000,1,298.15000000,918.00000000,,50.00000000,,10.1016/j.msea.2012.12.018,Mechanical properties of low-density  refractory multi-principal element alloys of the Cr–Nb–Ti–V–Zr system,2013,S5,ZrTiNbV2,0.20000000,0.20000000,0.20000000,0.40000000,0.00000000,0.00000000,0.00000000,0.00000000,0.00000000,0.00000000,0.00000000,0.00000000,0.00000000,0.00000000,0.00000000,0.00011480,3.03807143,151.19124744,0.27192685,0.24295558,0.06259188,1.60518375,0.02777186,-0.00971866,-0.00119941,-0.03868992,0.01930933,0.15847667,0.15673477,1.60767828,66.77607600,4.60000000,1.54600000,0.13916734,17.32458618,2237.00000000,137.60000000,41.80000000,108.80000000,0.36000000,2.39980000,2.67360000,0.91380000,4.15920000,0.54900000,0.81685740,0.13200000,1.75980000,6.40040446,0.06541015,0.19854672,0.13138306,0.20759855,0.05004732,0.02117361,0.14619557,0.06158081,0.10633188,0.04169385,0.17838875,0.06675171,11.80151788,4.91770892,6.70616995,4.86994536,0.90417391,2.12500000,0.19727391,9.24690767,0.13328118,2621.05913540,2.42355693,1813.96858801
ZrTiNbVCr,BCC,OTHER,4.72360000,1,298.15000000,1298.00000000,,3.00000000,,10.1016/j.msea.2012.12.018,Mechanical properties of low-density refractory multi-principal element alloys of the Cr–Nb–Ti–V–Zr system,2013,S5,ZrTiNbVCr,0.20000000,0.20000000,0.20000000,0.20000000,0.20000000,0.00000000,0.00000000,0.00000000,0.00000000,0.00000000,0.00000000,0.00000000,0.00000000,0.00000000,0.00000000,0.00013869,3.00969152,161.64544431,0.32207690,0.29310563,0.08097652,1.59137367,0.04213841,0.00381423,0.01316714,-0.02515703,0.01970463,0.19218038,0.20805108,1.59266028,66.98699600,4.80000000,1.55200000,0.17247576,16.88126978,2236.40000000,138.00000000,55.40000000,139.00000000,0.32800000,2.33540000,2.76900000,1.00380000,3.42232000,0.71620000,0.80283140,0.16200000,1.76520000,6.58923181,0.07644541,0.22506248,0.54494701,0.52463754,0.05916635,0.01546002,0.16819162,0.04423589,0.30567568,0.09734187,0.32439811,0.09485704,15.50667787,6.63983809,8.78465776,3.86623848,0.71298333,1.97619048,0.26421949,7.36068870,0.13331694,3726.98204023,3.24192115,2781.68145573
ZrTiNbVMo,BCC+HCP,vacuum arc melting,,1,298.15000000,2222.00000000,,27.06666667,,https://doi.org/10.1016/j.ijrmhm.2023.106547,Effect of Ti content on the microstructure and mechanical properties of TixZrNbMoV lightweight refractory high-entropy alloys,2024,S9,ZrTiNbVMo,0.20000000,0.20000000,0.20000000,0.20000000,0.20000000,0.00000000,0.00000000,0.00000000,0.00000000,0.00000000,0.00000000,0.00000000,0.00000000,0.00000000,0.00000000,0.00013869,3.04975747,166.12271628,0.16208749,0.13311623,-0.00358696,1.60665423,0.01743595,-0.02005066,-0.01153532,-0.04902193,0.03638274,0.20390898,0.23990978,1.61386227,75.77577600,4.80000000,1.65200000,0.16752624,17.37224226,2379.60000000,160.00000000,57.60000000,149.00000000,0.34800000,2.47540000,2.75880000,1.05580000,3.46768000,0.69140000,0.83956460,0.16600000,1.70300000,7.24309046,0.05881049,0.18241536,0.59965992,0.61941619,0.04433548,0.01270090,0.13004057,0.03727733,0.32532566,0.10414509,0.35695369,0.10680646,16.27727644,6.57561463,9.55800144,3.99016488,0.72243333,2.06748466,0.16234340,18.92803229,0.12529417,3110.03842777,3.10751907,2298.63380205
ZrTiVMo,MIX,vacuum arc melting,,1,298.15000000,1323.00000000,1521.90000000,4.50000000,,https://doi.org/10.1016/j.vacuum.2023.112544,Microstructure and mechanical performances of novel multi-phase refractory high entropy alloys in Ti-Zr-V-Mo fabricated by vacuum arc melting,2023,S9,ZrTiVMo,0.25000000,0.25000000,0.25000000,0.25000000,0.00000000,0.00000000,0.00000000,0.00000000,0.00000000,0.00000000,0.00000000,0.00000000,0.00000000,0.00000000,0.00000000,0.00011946,3.03824333,163.54719257,0.20152592,0.16531184,-0.01009614,1.59884557,0.06250231,0.02430241,0.02628822,-0.01191167,0.01026479,0.15858788,0.21178356,1.60776924,71.49312500,4.75000000,1.66500000,0.14832309,17.12017345,2287.00000000,157.50000000,62.50000000,160.00000000,0.33500000,2.43050000,2.77725000,1.01225000,3.77060000,0.69575000,0.91394175,0.13250000,1.76500000,6.93434610,0.06599067,0.20768458,0.59248629,0.62632672,0.04978228,0.01668436,0.14574305,0.04888745,0.35245467,0.12445955,0.39366852,0.13043220,17.57613452,7.23148921,9.95814987,3.99173554,0.79381053,2.00751880,0.21340157,4.37117729,0.13036729,3857.47842212,3.55274247,2937.01059679
