CompID,Composition,Crystal,Processing,GrainSize,Vicker,Tension0_Compression1,temperature,Yield_EXP,UTS_EXP,Elongation_EXP,Elongation_plastic_EXP,Youngs_EXP,Youngs_ROM_ORG,DOI,YEAR,TITLE,ReducedFormula,radius,radius_TC,Tm_ROM,volume,LattPara,CONC0,CONC1,CONC2,CONC3,CONC4,CONC5,CONC6,CONC7,CONC8,CONC9,CONC10,CONC11,CONC12,CONC13,Sconf,sws,Bulk,Eform,Eform_str,Eform_BOKAS,Hmix_TC,Gmix_TC,Hmix_str_TC,Gmix_str_TC,bcc2hcp_Gmix_TC,bcc2hcp_Gmix_TC2CPA,bcc2hcp,amass,VEC,E_negativity,bcc2hcp_Gmix_TC_diff,Exp_Bulk_ROM,Exp_Shear_ROM,Exp_Youngs_ROM,Exp_Poisson_ROM,Exp_Surf_ROM,Cal_Surf_ROM,E_GBR_ROM,DOS_EF_ROM,E_USF_ROM,Exp_Az_ROM,b2h_ROM,density,radius_TC_DELTA,volume_DELTA,Exp_Shear_ROM_DELTA,Exp_Youngs_ROM_DELTA,radius_TC_DISTORT,radius_TC_DISTORT_Max,volume_DISTORT,volume_DISTORT_Max,Exp_Shear_DISTORT,Exp_Shear_DISTORT_Max,Exp_Youngs_DISTORT,Exp_Youngs_DISTORT_Max,ShearBurger,ShearBurger_Surf,USF_Surf,Exp_Poisson_Comp,ElasticEnergy,SH_ratio,temp_ratio,sigma_y0,delta_Eb0,Yield_MC,Elong_M0,Elong_M1,Elong_M2,Elong_M3,Elong_M4,D_Surf_GBR_ROM,ShearBurger_D_Surf_GBR,Predicted_Yield_EXP
0,Al2CrFeCoCuNi,BCC,CAST,,,1,298.15000000,1620.00000000,,,,,156.00000000,10.1007/s11661-005-0218-9,2005,Mechanical performance of the Al x CoCrCuFeNi high-entropy alloy system with multiprincipal elements,Al2CrFeCoCuNi,1.45456064,1.42883475,1530.18000000,12.61377926,2.93286276,0.28600000,0.14300000,0.14300000,0.14300000,0.14300000,0.14300000,0.00000000,0.00000000,0.00000000,0.00000000,0.00000000,0.00000000,0.00000000,0.00000000,0.00015068,2.72468703,146.40354192,0.06842713,0.05465604,-0.06491057,-0.03833217,-0.03111690,-0.05210326,-0.04488799,0.00137983,0.03885219,0.00425876,48.99668174,5.85714286,1.77142857,0.04325002,140.57142857,64.14285714,167.00000000,0.30857143,1.97028571,2.12328571,1.01042857,1.93679143,0.59457143,1.59049300,0.02786200,6.45016518,0.04663453,0.18567968,0.46981178,0.43839533,0.03420863,0.01308391,0.12831868,0.04879974,0.38234908,0.13507936,0.36844945,0.13199520,16.29186015,8.26878055,0.30176914,1.89256199,0.08207317,6.01514739,0.19484636,3151.90144161,2.39700807,2174.19782243,16.43010417,0.32040128,1.81619313,9.06297474,15.40216141,1.20185714,13.55557130,1352.96613908
1,Al2CrFeCoCuNi,BCC,CAST,,,1,773.15000000,1120.00000000,,,,,156.00000000,10.1007/s11661-005-0218-9,2005,Mechanical performance of the Al x CoCrCuFeNi high-entropy alloy system with multiprincipal elements,Al2CrFeCoCuNi,1.45456064,1.42883475,1530.18000000,12.61377926,2.93286276,0.28600000,0.14300000,0.14300000,0.14300000,0.14300000,0.14300000,0.00000000,0.00000000,0.00000000,0.00000000,0.00000000,0.00000000,0.00000000,0.00000000,0.00015068,2.72468703,146.40354192,0.06842713,0.05465604,-0.06491057,-0.03833217,-0.03111690,-0.05210326,-0.04488799,0.00137983,0.03885219,0.00425876,48.99668174,5.85714286,1.77142857,0.04325002,140.57142857,64.14285714,167.00000000,0.30857143,1.97028571,2.12328571,1.01042857,1.93679143,0.59457143,1.59049300,0.02786200,6.45016518,0.04663453,0.18567968,0.46981178,0.43839533,0.03420863,0.01308391,0.12831868,0.04879974,0.38234908,0.13507936,0.36844945,0.13199520,16.29186015,8.26878055,0.30176914,1.89256199,0.08207317,6.01514739,0.50526735,3151.90144161,2.39700807,1395.78244820,16.43010417,0.32040128,1.81619313,9.06297474,15.40216141,1.20185714,13.55557130,991.89942224
2,Al2CrFeCoCuNi,BCC,CAST,,,1,873.15000000,805.00000000,,,,,156.00000000,10.1007/s11661-005-0218-9,2005,Mechanical performance of the Al x CoCrCuFeNi high-entropy alloy system with multiprincipal elements,Al2CrFeCoCuNi,1.45456064,1.42883475,1530.18000000,12.61377926,2.93286276,0.28600000,0.14300000,0.14300000,0.14300000,0.14300000,0.14300000,0.00000000,0.00000000,0.00000000,0.00000000,0.00000000,0.00000000,0.00000000,0.00000000,0.00015068,2.72468703,146.40354192,0.06842713,0.05465604,-0.06491057,-0.03833217,-0.03111690,-0.05210326,-0.04488799,0.00137983,0.03885219,0.00425876,48.99668174,5.85714286,1.77142857,0.04325002,140.57142857,64.14285714,167.00000000,0.30857143,1.97028571,2.12328571,1.01042857,1.93679143,0.59457143,1.59049300,0.02786200,6.45016518,0.04663453,0.18567968,0.46981178,0.43839533,0.03420863,0.01308391,0.12831868,0.04879974,0.38234908,0.13507936,0.36844945,0.13199520,16.29186015,8.26878055,0.30176914,1.89256199,0.08207317,6.01514739,0.57061914,3151.90144161,2.39700807,1256.21136492,16.43010417,0.32040128,1.81619313,9.06297474,15.40216141,1.20185714,13.55557130,631.82045506
3,Al2CrFeCoCuNi,BCC,CAST,,,1,973.15000000,567.00000000,,,,,156.00000000,10.1007/s11661-005-0218-9,2005,Mechanical performance of the Al x CoCrCuFeNi high-entropy alloy system with multiprincipal elements,Al2CrFeCoCuNi,1.45456064,1.42883475,1530.18000000,12.61377926,2.93286276,0.28600000,0.14300000,0.14300000,0.14300000,0.14300000,0.14300000,0.00000000,0.00000000,0.00000000,0.00000000,0.00000000,0.00000000,0.00000000,0.00000000,0.00015068,2.72468703,146.40354192,0.06842713,0.05465604,-0.06491057,-0.03833217,-0.03111690,-0.05210326,-0.04488799,0.00137983,0.03885219,0.00425876,48.99668174,5.85714286,1.77142857,0.04325002,140.57142857,64.14285714,167.00000000,0.30857143,1.97028571,2.12328571,1.01042857,1.93679143,0.59457143,1.59049300,0.02786200,6.45016518,0.04663453,0.18567968,0.46981178,0.43839533,0.03420863,0.01308391,0.12831868,0.04879974,0.38234908,0.13507936,0.36844945,0.13199520,16.29186015,8.26878055,0.30176914,1.89256199,0.08207317,6.01514739,0.63597093,3151.90144161,2.39700807,1130.59667384,16.43010417,0.32040128,1.81619313,9.06297474,15.40216141,1.20185714,13.55557130,474.70119114
4,Al2CrFeCoCuNi,BCC,CAST,,,1,1073.15000000,302.00000000,,,,,156.00000000,10.1007/s11661-005-0218-9,2005,Mechanical performance of the Al x CoCrCuFeNi high-entropy alloy system with multiprincipal elements,Al2CrFeCoCuNi,1.45456064,1.42883475,1530.18000000,12.61377926,2.93286276,0.28600000,0.14300000,0.14300000,0.14300000,0.14300000,0.14300000,0.00000000,0.00000000,0.00000000,0.00000000,0.00000000,0.00000000,0.00000000,0.00000000,0.00015068,2.72468703,146.40354192,0.06842713,0.05465604,-0.06491057,-0.03833217,-0.03111690,-0.05210326,-0.04488799,0.00137983,0.03885219,0.00425876,48.99668174,5.85714286,1.77142857,0.04325002,140.57142857,64.14285714,167.00000000,0.30857143,1.97028571,2.12328571,1.01042857,1.93679143,0.59457143,1.59049300,0.02786200,6.45016518,0.04663453,0.18567968,0.46981178,0.43839533,0.03420863,0.01308391,0.12831868,0.04879974,0.38234908,0.13507936,0.36844945,0.13199520,16.29186015,8.26878055,0.30176914,1.89256199,0.08207317,6.01514739,0.70132272,3151.90144161,2.39700807,1017.54280737,16.43010417,0.32040128,1.81619313,9.06297474,15.40216141,1.20185714,13.55557130,266.34183774
5,Al2CrFeCoCuNi,BCC,CAST,,,1,1173.15000000,214.00000000,,,,,156.00000000,10.1007/s11661-005-0218-9,2005,Mechanical performance of the Al x CoCrCuFeNi high-entropy alloy system with multiprincipal elements,Al2CrFeCoCuNi,1.45456064,1.42883475,1530.18000000,12.61377926,2.93286276,0.28600000,0.14300000,0.14300000,0.14300000,0.14300000,0.14300000,0.00000000,0.00000000,0.00000000,0.00000000,0.00000000,0.00000000,0.00000000,0.00000000,0.00015068,2.72468703,146.40354192,0.06842713,0.05465604,-0.06491057,-0.03833217,-0.03111690,-0.05210326,-0.04488799,0.00137983,0.03885219,0.00425876,48.99668174,5.85714286,1.77142857,0.04325002,140.57142857,64.14285714,167.00000000,0.30857143,1.97028571,2.12328571,1.01042857,1.93679143,0.59457143,1.59049300,0.02786200,6.45016518,0.04663453,0.18567968,0.46981178,0.43839533,0.03420863,0.01308391,0.12831868,0.04879974,0.38234908,0.13507936,0.36844945,0.13199520,16.29186015,8.26878055,0.30176914,1.89256199,0.08207317,6.01514739,0.76667451,3151.90144161,2.39700807,915.79374748,16.43010417,0.32040128,1.81619313,9.06297474,15.40216141,1.20185714,13.55557130,235.51665555
6,Al2CrFeCoCuNi,BCC,CAST,,,1,1273.15000000,116.00000000,,,,,156.00000000,10.1007/s11661-005-0218-9,2005,Mechanical performance of the Al x CoCrCuFeNi high-entropy alloy system with multiprincipal elements,Al2CrFeCoCuNi,1.45456064,1.42883475,1530.18000000,12.61377926,2.93286276,0.28600000,0.14300000,0.14300000,0.14300000,0.14300000,0.14300000,0.00000000,0.00000000,0.00000000,0.00000000,0.00000000,0.00000000,0.00000000,0.00000000,0.00015068,2.72468703,146.40354192,0.06842713,0.05465604,-0.06491057,-0.03833217,-0.03111690,-0.05210326,-0.04488799,0.00137983,0.03885219,0.00425876,48.99668174,5.85714286,1.77142857,0.04325002,140.57142857,64.14285714,167.00000000,0.30857143,1.97028571,2.12328571,1.01042857,1.93679143,0.59457143,1.59049300,0.02786200,6.45016518,0.04663453,0.18567968,0.46981178,0.43839533,0.03420863,0.01308391,0.12831868,0.04879974,0.38234908,0.13507936,0.36844945,0.13199520,16.29186015,8.26878055,0.30176914,1.89256199,0.08207317,6.01514739,0.83202630,3151.90144161,2.39700807,824.21907152,16.43010417,0.32040128,1.81619313,9.06297474,15.40216141,1.20185714,13.55557130,174.72914248
7,Al2CrFeCoCuNi,BCC,CAST,,,1,1373.15000000,79.00000000,,,,,156.00000000,10.1007/s11661-005-0218-9,2005,Mechanical performance of the Al x CoCrCuFeNi high-entropy alloy system with multiprincipal elements,Al2CrFeCoCuNi,1.45456064,1.42883475,1530.18000000,12.61377926,2.93286276,0.28600000,0.14300000,0.14300000,0.14300000,0.14300000,0.14300000,0.00000000,0.00000000,0.00000000,0.00000000,0.00000000,0.00000000,0.00000000,0.00000000,0.00015068,2.72468703,146.40354192,0.06842713,0.05465604,-0.06491057,-0.03833217,-0.03111690,-0.05210326,-0.04488799,0.00137983,0.03885219,0.00425876,48.99668174,5.85714286,1.77142857,0.04325002,140.57142857,64.14285714,167.00000000,0.30857143,1.97028571,2.12328571,1.01042857,1.93679143,0.59457143,1.59049300,0.02786200,6.45016518,0.04663453,0.18567968,0.46981178,0.43839533,0.03420863,0.01308391,0.12831868,0.04879974,0.38234908,0.13507936,0.36844945,0.13199520,16.29186015,8.26878055,0.30176914,1.89256199,0.08207317,6.01514739,0.89737809,3151.90144161,2.39700807,741.80139330,16.43010417,0.32040128,1.81619313,9.06297474,15.40216141,1.20185714,13.55557130,162.44778780
8,AlCrFeCoCuNi,FCC+BCC,CAST,,,1,1273.15000000,47.00000000,,,,,,10.1007/s11661-005-0218-9,2005,Mechanical performance of the Al x CoCrCuFeNi high-entropy alloy system with multiprincipal elements,AlCrFeCoCuNi,1.43323246,1.42116372,1629.65666667,12.17845264,2.89872736,0.16700000,0.16700000,0.16700000,0.16700000,0.16700000,0.16700000,0.00000000,0.00000000,0.00000000,0.00000000,0.00000000,0.00000000,0.00000000,0.00000000,0.00015454,2.68162961,158.11869759,0.08098019,0.06731926,-0.04729923,-0.01740920,-0.01507370,-0.03107013,-0.02873463,0.00457421,0.05179481,-0.00475517,52.66587227,6.33333333,1.79833333,0.05483692,151.33333333,70.50000000,183.16666667,0.30166667,2.10533333,2.27733333,1.10616667,2.13427333,0.66866667,1.66890850,0.04327183,7.18102707,0.03834181,0.15945896,0.39528007,0.36312117,0.02754257,0.00824381,0.10408151,0.03074735,0.33321909,0.08510972,0.31714191,0.08316648,17.69811928,8.40632646,0.31760608,1.86396183,0.07160641,14.46614911,0.78123817,2771.03516078,2.27494810,674.30600606,20.07583917,0.37654238,2.33099270,5.30529656,17.35786197,1.27500000,13.88087787,59.32815262
9,AlCrFeCoCuNi,FCC+BCC,CAST,,,1,1173.15000000,98.00000000,,,,,,10.1007/s11661-005-0218-9,2005,Mechanical performance of the Al x CoCrCuFeNi high-entropy alloy system with multiprincipal elements,AlCrFeCoCuNi,1.43323246,1.42116372,1629.65666667,12.17845264,2.89872736,0.16700000,0.16700000,0.16700000,0.16700000,0.16700000,0.16700000,0.00000000,0.00000000,0.00000000,0.00000000,0.00000000,0.00000000,0.00000000,0.00000000,0.00015454,2.68162961,158.11869759,0.08098019,0.06731926,-0.04729923,-0.01740920,-0.01507370,-0.03107013,-0.02873463,0.00457421,0.05179481,-0.00475517,52.66587227,6.33333333,1.79833333,0.05483692,151.33333333,70.50000000,183.16666667,0.30166667,2.10533333,2.27733333,1.10616667,2.13427333,0.66866667,1.66890850,0.04327183,7.18102707,0.03834181,0.15945896,0.39528007,0.36312117,0.02754257,0.00824381,0.10408151,0.03074735,0.33321909,0.08510972,0.31714191,0.08316648,17.69811928,8.40632646,0.31760608,1.86396183,0.07160641,14.46614911,0.71987556,2771.03516078,2.27494810,753.47176114,20.07583917,0.37654238,2.33099270,5.30529656,17.35786197,1.27500000,13.88087787,126.87583416
10,AlCrFeCoCuNi,FCC+BCC,CAST,,,1,1073.15000000,172.00000000,,,,,,10.1007/s11661-005-0218-9,2005,Mechanical performance of the Al x CoCrCuFeNi high-entropy alloy system with multiprincipal elements,AlCrFeCoCuNi,1.43323246,1.42116372,1629.65666667,12.17845264,2.89872736,0.16700000,0.16700000,0.16700000,0.16700000,0.16700000,0.16700000,0.00000000,0.00000000,0.00000000,0.00000000,0.00000000,0.00000000,0.00000000,0.00000000,0.00015454,2.68162961,158.11869759,0.08098019,0.06731926,-0.04729923,-0.01740920,-0.01507370,-0.03107013,-0.02873463,0.00457421,0.05179481,-0.00475517,52.66587227,6.33333333,1.79833333,0.05483692,151.33333333,70.50000000,183.16666667,0.30166667,2.10533333,2.27733333,1.10616667,2.13427333,0.66866667,1.66890850,0.04327183,7.18102707,0.03834181,0.15945896,0.39528007,0.36312117,0.02754257,0.00824381,0.10408151,0.03074735,0.33321909,0.08510972,0.31714191,0.08316648,17.69811928,8.40632646,0.31760608,1.86396183,0.07160641,14.46614911,0.65851294,2771.03516078,2.27494810,841.93183768,20.07583917,0.37654238,2.33099270,5.30529656,17.35786197,1.27500000,13.88087787,179.09455637
11,AlCrFeCoCuNi,FCC+BCC,CAST,,,1,298.15000000,1125.50000000,,,,,,10.1007/s11661-005-0218-9,2005,Mechanical performance of the Al x CoCrCuFeNi high-entropy alloy system with multiprincipal elements,AlCrFeCoCuNi,1.43323246,1.42116372,1629.65666667,12.17845264,2.89872736,0.16700000,0.16700000,0.16700000,0.16700000,0.16700000,0.16700000,0.00000000,0.00000000,0.00000000,0.00000000,0.00000000,0.00000000,0.00000000,0.00000000,0.00015454,2.68162961,158.11869759,0.08098019,0.06731926,-0.04729923,-0.01740920,-0.01507370,-0.03107013,-0.02873463,0.00457421,0.05179481,-0.00475517,52.66587227,6.33333333,1.79833333,0.05483692,151.33333333,70.50000000,183.16666667,0.30166667,2.10533333,2.27733333,1.10616667,2.13427333,0.66866667,1.66890850,0.04327183,7.18102707,0.03834181,0.15945896,0.39528007,0.36312117,0.02754257,0.00824381,0.10408151,0.03074735,0.33321909,0.08510972,0.31714191,0.08316648,17.69811928,8.40632646,0.31760608,1.86396183,0.07160641,14.46614911,0.18295265,2771.03516078,2.27494810,1880.99698983,20.07583917,0.37654238,2.33099270,5.30529656,17.35786197,1.27500000,13.88087787,1130.26831728
12,AlCrFeCoCuNi,FCC+BCC,CAST,,,1,873.15000000,561.00000000,,,,,,10.1007/s11661-005-0218-9,2005,Mechanical performance of the Al x CoCrCuFeNi high-entropy alloy system with multiprincipal elements,AlCrFeCoCuNi,1.43323246,1.42116372,1629.65666667,12.17845264,2.89872736,0.16700000,0.16700000,0.16700000,0.16700000,0.16700000,0.16700000,0.00000000,0.00000000,0.00000000,0.00000000,0.00000000,0.00000000,0.00000000,0.00000000,0.00015454,2.68162961,158.11869759,0.08098019,0.06731926,-0.04729923,-0.01740920,-0.01507370,-0.03107013,-0.02873463,0.00457421,0.05179481,-0.00475517,52.66587227,6.33333333,1.79833333,0.05483692,151.33333333,70.50000000,183.16666667,0.30166667,2.10533333,2.27733333,1.10616667,2.13427333,0.66866667,1.66890850,0.04327183,7.18102707,0.03834181,0.15945896,0.39528007,0.36312117,0.02754257,0.00824381,0.10408151,0.03074735,0.33321909,0.08510972,0.31714191,0.08316648,17.69811928,8.40632646,0.31760608,1.86396183,0.07160641,14.46614911,0.53578770,2771.03516078,2.27494810,1051.22780002,20.07583917,0.37654238,2.33099270,5.30529656,17.35786197,1.27500000,13.88087787,753.51766972
13,AlCrFeCoCuNi,FCC+BCC,CAST,,,1,973.15000000,307.00000000,,,,,,10.1007/s11661-005-0218-9,2005,Mechanical performance of the Al x CoCrCuFeNi high-entropy alloy system with multiprincipal elements,AlCrFeCoCuNi,1.43323246,1.42116372,1629.65666667,12.17845264,2.89872736,0.16700000,0.16700000,0.16700000,0.16700000,0.16700000,0.16700000,0.00000000,0.00000000,0.00000000,0.00000000,0.00000000,0.00000000,0.00000000,0.00000000,0.00015454,2.68162961,158.11869759,0.08098019,0.06731926,-0.04729923,-0.01740920,-0.01507370,-0.03107013,-0.02873463,0.00457421,0.05179481,-0.00475517,52.66587227,6.33333333,1.79833333,0.05483692,151.33333333,70.50000000,183.16666667,0.30166667,2.10533333,2.27733333,1.10616667,2.13427333,0.66866667,1.66890850,0.04327183,7.18102707,0.03834181,0.15945896,0.39528007,0.36312117,0.02754257,0.00824381,0.10408151,0.03074735,0.33321909,0.08510972,0.31714191,0.08316648,17.69811928,8.40632646,0.31760608,1.86396183,0.07160641,14.46614911,0.59715032,2771.03516078,2.27494810,940.77741974,20.07583917,0.37654238,2.33099270,5.30529656,17.35786197,1.27500000,13.88087787,461.01848304
14,AlCrFeCoCuNi,FCC+BCC,CAST,,,1,1400.00000000,21.40903261,,,,,,10.1007/s11661-005-0218-9,2005,Mechanical performance of the Al x CoCrCuFeNi high-entropy alloy system with multiprincipal elements,AlCrFeCoCuNi,1.43323246,1.42116372,1629.65666667,12.17845264,2.89872736,0.16700000,0.16700000,0.16700000,0.16700000,0.16700000,0.16700000,0.00000000,0.00000000,0.00000000,0.00000000,0.00000000,0.00000000,0.00000000,0.00000000,0.00015454,2.68162961,158.11869759,0.08098019,0.06731926,-0.04729923,-0.01740920,-0.01507370,-0.03107013,-0.02873463,0.00457421,0.05179481,-0.00475517,52.66587227,6.33333333,1.79833333,0.05483692,151.33333333,70.50000000,183.16666667,0.30166667,2.10533333,2.27733333,1.10616667,2.13427333,0.66866667,1.66890850,0.04327183,7.18102707,0.03834181,0.15945896,0.39528007,0.36312117,0.02754257,0.00824381,0.10408151,0.03074735,0.33321909,0.08510972,0.31714191,0.08316648,17.69811928,8.40632646,0.31760608,1.86396183,0.07160641,14.46614911,0.85907666,2771.03516078,2.27494810,585.73706051,20.07583917,0.37654238,2.33099270,5.30529656,17.35786197,1.27500000,13.88087787,34.21059605
15,AlCrFeCuNi,FCC+BCC+B2,POWDER,,,1,1100.00000000,35.98998294,,35.00000000,,,,10.1016/j.jallcom.2019.01.341,2019,Structure formation and mechanical properties of the high-entropy AlCuNiFeCr alloy prepared by mechanical alloying and spark plasma sintering,AlCrFeCuNi,1.44331507,1.42998586,1601.98800000,12.40733710,2.91677453,0.20000000,0.20000000,0.20000000,0.20000000,0.20000000,0.00000000,0.00000000,0.00000000,0.00000000,0.00000000,0.00000000,0.00000000,0.00000000,0.00000000,0.00013869,2.70398476,139.94032098,0.08980402,0.10393184,-0.04758414,-0.09442967,-0.09478666,-0.08030185,-0.08065884,0.06725805,0.13075715,0.19604430,51.41240772,5.80000000,1.78200000,0.07963887,145.60000000,69.40000000,178.00000000,0.30000000,2.01640000,2.17780000,1.18300000,1.79954800,0.77200000,1.78860560,0.06976420,6.88079715,0.03882635,0.16321097,0.43815409,0.40310310,0.02829126,0.00929539,0.10877683,0.03507329,0.36162593,0.10041959,0.34142434,0.09715379,17.53044584,8.69393267,0.38286054,1.85714286,0.07936050,2.35286969,0.68664684,2799.99552139,2.31153669,841.86404661,18.58328520,0.25891223,2.44405032,2.72495411,15.99040280,1.11940000,15.66057338,75.85924753
16,AlCrFeCuNi,FCC+BCC+B2,POWDER,,,1,873.15000000,410.00000000,,35.00000000,,,,10.1016/j.jallcom.2019.01.341,2019,Structure formation and mechanical properties of the high-entropy AlCuNiFeCr alloy prepared by mechanical alloying and spark plasma sintering,AlCrFeCuNi,1.44331507,1.42998586,1601.98800000,12.40733710,2.91677453,0.20000000,0.20000000,0.20000000,0.20000000,0.20000000,0.00000000,0.00000000,0.00000000,0.00000000,0.00000000,0.00000000,0.00000000,0.00000000,0.00000000,0.00013869,2.70398476,139.94032098,0.08980402,0.10393184,-0.04758414,-0.09442967,-0.09478666,-0.08030185,-0.08065884,0.06725805,0.13075715,0.19604430,51.41240772,5.80000000,1.78200000,0.07963887,145.60000000,69.40000000,178.00000000,0.30000000,2.01640000,2.17780000,1.18300000,1.79954800,0.77200000,1.78860560,0.06976420,6.88079715,0.03882635,0.16321097,0.43815409,0.40310310,0.02829126,0.00929539,0.10877683,0.03507329,0.36162593,0.10041959,0.34142434,0.09715379,17.53044584,8.69393267,0.38286054,1.85714286,0.07936050,2.35286969,0.54504154,2799.99552139,2.31153669,1078.63658557,18.58328520,0.25891223,2.44405032,2.72495411,15.99040280,1.11940000,15.66057338,553.21709789
17,AlCrFeCuNi,FCC+BCC+B2,POWDER,,,1,673.15000000,1366.00000000,,17.00000000,,,,10.1016/j.jallcom.2019.01.341,2019,Structure formation and mechanical properties of the high-entropy AlCuNiFeCr alloy prepared by mechanical alloying and spark plasma sintering,AlCrFeCuNi,1.44331507,1.42998586,1601.98800000,12.40733710,2.91677453,0.20000000,0.20000000,0.20000000,0.20000000,0.20000000,0.00000000,0.00000000,0.00000000,0.00000000,0.00000000,0.00000000,0.00000000,0.00000000,0.00000000,0.00013869,2.70398476,139.94032098,0.08980402,0.10393184,-0.04758414,-0.09442967,-0.09478666,-0.08030185,-0.08065884,0.06725805,0.13075715,0.19604430,51.41240772,5.80000000,1.78200000,0.07963887,145.60000000,69.40000000,178.00000000,0.30000000,2.01640000,2.17780000,1.18300000,1.79954800,0.77200000,1.78860560,0.06976420,6.88079715,0.03882635,0.16321097,0.43815409,0.40310310,0.02829126,0.00929539,0.10877683,0.03507329,0.36162593,0.10041959,0.34142434,0.09715379,17.53044584,8.69393267,0.38286054,1.85714286,0.07936050,2.35286969,0.42019666,2799.99552139,2.31153669,1342.05047818,18.58328520,0.25891223,2.44405032,2.72495411,15.99040280,1.11940000,15.66057338,1213.72266966
18,AlCrFeCuNi,FCC+BCC+B2,POWDER,,,1,293.15000000,1511.00000000,,5.00000000,,,,10.1016/j.jallcom.2019.01.341,2019,Structure formation and mechanical properties of the high-entropy AlCuNiFeCr alloy prepared by mechanical alloying and spark plasma sintering,AlCrFeCuNi,1.44331507,1.42998586,1601.98800000,12.40733710,2.91677453,0.20000000,0.20000000,0.20000000,0.20000000,0.20000000,0.00000000,0.00000000,0.00000000,0.00000000,0.00000000,0.00000000,0.00000000,0.00000000,0.00000000,0.00013869,2.70398476,139.94032098,0.08980402,0.10393184,-0.04758414,-0.09442967,-0.09478666,-0.08030185,-0.08065884,0.06725805,0.13075715,0.19604430,51.41240772,5.80000000,1.78200000,0.07963887,145.60000000,69.40000000,178.00000000,0.30000000,2.01640000,2.17780000,1.18300000,1.79954800,0.77200000,1.78860560,0.06976420,6.88079715,0.03882635,0.16321097,0.43815409,0.40310310,0.02829126,0.00929539,0.10877683,0.03507329,0.36162593,0.10041959,0.34142434,0.09715379,17.53044584,8.69393267,0.38286054,1.85714286,0.07936050,2.35286969,0.18299138,2799.99552139,2.31153669,1920.14723783,18.58328520,0.25891223,2.44405032,2.72495411,15.99040280,1.11940000,15.66057338,1342.20980023
19,AlCrFeCuNi,FCC+BCC+B2,POWDER,,,1,1073.15000000,48.00000000,,35.00000000,,,,10.1016/j.jallcom.2019.01.341,2019,Structure formation and mechanical properties of the high-entropy AlCuNiFeCr alloy prepared by mechanical alloying and spark plasma sintering,AlCrFeCuNi,1.44331507,1.42998586,1601.98800000,12.40733710,2.91677453,0.20000000,0.20000000,0.20000000,0.20000000,0.20000000,0.00000000,0.00000000,0.00000000,0.00000000,0.00000000,0.00000000,0.00000000,0.00000000,0.00000000,0.00013869,2.70398476,139.94032098,0.08980402,0.10393184,-0.04758414,-0.09442967,-0.09478666,-0.08030185,-0.08065884,0.06725805,0.13075715,0.19604430,51.41240772,5.80000000,1.78200000,0.07963887,145.60000000,69.40000000,178.00000000,0.30000000,2.01640000,2.17780000,1.18300000,1.79954800,0.77200000,1.78860560,0.06976420,6.88079715,0.03882635,0.16321097,0.43815409,0.40310310,0.02829126,0.00929539,0.10877683,0.03507329,0.36162593,0.10041959,0.34142434,0.09715379,17.53044584,8.69393267,0.38286054,1.85714286,0.07936050,2.35286969,0.66988642,2799.99552139,2.31153669,866.92483080,18.58328520,0.25891223,2.44405032,2.72495411,15.99040280,1.11940000,15.66057338,76.77190527
20,Hf15Zr24Ta9(Ti3Nb2)10,BCC,WROUGHT,,,1,4.35000000,2283.33333333,,,,,100.00000000,10.1016/j.msea.2017.10.073,2018,Mechanical properties and thermally activated plasticity of the Ti30Zr25Hf15Nb20Ta10 high entropy alloy at temperatures 4.2–350 K,Hf15Zr24Ta9(Ti3Nb2)10,1.67655595,1.67718603,2362.26530612,19.74395632,3.40529488,0.15300000,0.24500000,0.09200000,0.30600000,0.20400000,0.00000000,0.00000000,0.00000000,0.00000000,0.00000000,0.00000000,0.00000000,0.00000000,0.00000000,0.00013253,3.17365644,135.52272948,0.14482945,0.08873694,-0.01061453,0.06888601,0.02557947,0.01279350,-0.03051304,-0.01492966,0.03944987,0.05298792,99.89178082,4.29591837,1.46040816,0.05437953,124.93877551,40.05102041,102.36734694,0.35071429,2.29943878,2.47255102,0.64031633,4.33983673,0.51683673,0.96636709,0.01102041,8.40127049,0.04159048,0.12805249,0.24964006,0.32367789,0.03255703,0.00955491,0.09785478,0.02852039,0.16296195,0.04289253,0.22279588,0.06349126,11.81133379,5.13661590,0.22476647,2.08030805,0.08211217,4.54484323,0.00184145,1360.31495323,1.94771099,1331.38105060,28.07677484,15.71304999,17.92147187,16.18693399,47.15435634,1.83223469,6.44640878,1768.14773282
21,Hf15Zr24Ta9(Ti3Nb2)10,BCC,WROUGHT,,,1,77.15000000,1850.00000000,,,,,100.00000000,10.1016/j.msea.2017.10.073,2018,Mechanical properties and thermally activated plasticity of the Ti30Zr25Hf15Nb20Ta10 high entropy alloy at temperatures 4.2–350 K,Hf15Zr24Ta9(Ti3Nb2)10,1.67655595,1.67718603,2362.26530612,19.74395632,3.40529488,0.15300000,0.24500000,0.09200000,0.30600000,0.20400000,0.00000000,0.00000000,0.00000000,0.00000000,0.00000000,0.00000000,0.00000000,0.00000000,0.00000000,0.00013253,3.17365644,135.52272948,0.14482945,0.08873694,-0.01061453,0.06888601,0.02557947,0.01279350,-0.03051304,-0.01492966,0.03944987,0.05298792,99.89178082,4.29591837,1.46040816,0.05437953,124.93877551,40.05102041,102.36734694,0.35071429,2.29943878,2.47255102,0.64031633,4.33983673,0.51683673,0.96636709,0.01102041,8.40127049,0.04159048,0.12805249,0.24964006,0.32367789,0.03255703,0.00955491,0.09785478,0.02852039,0.16296195,0.04289253,0.22279588,0.06349126,11.81133379,5.13661590,0.22476647,2.08030805,0.08211217,4.54484323,0.03265933,1360.31495323,1.94771099,1163.53925388,28.07677484,15.71304999,17.92147187,16.18693399,47.15435634,1.83223469,6.44640878,1768.14773282
22,Hf15Zr24Ta9(Ti3Nb2)10,BCC,WROUGHT,,,1,120.15000000,1520.00000000,,,,,100.00000000,10.1016/j.msea.2017.10.073,2018,Mechanical properties and thermally activated plasticity of the Ti30Zr25Hf15Nb20Ta10 high entropy alloy at temperatures 4.2–350 K,Hf15Zr24Ta9(Ti3Nb2)10,1.67655595,1.67718603,2362.26530612,19.74395632,3.40529488,0.15300000,0.24500000,0.09200000,0.30600000,0.20400000,0.00000000,0.00000000,0.00000000,0.00000000,0.00000000,0.00000000,0.00000000,0.00000000,0.00000000,0.00013253,3.17365644,135.52272948,0.14482945,0.08873694,-0.01061453,0.06888601,0.02557947,0.01279350,-0.03051304,-0.01492966,0.03944987,0.05298792,99.89178082,4.29591837,1.46040816,0.05437953,124.93877551,40.05102041,102.36734694,0.35071429,2.29943878,2.47255102,0.64031633,4.33983673,0.51683673,0.96636709,0.01102041,8.40127049,0.04159048,0.12805249,0.24964006,0.32367789,0.03255703,0.00955491,0.09785478,0.02852039,0.16296195,0.04289253,0.22279588,0.06349126,11.81133379,5.13661590,0.22476647,2.08030805,0.08211217,4.54484323,0.05086220,1360.31495323,1.94771099,1095.93408302,28.07677484,15.71304999,17.92147187,16.18693399,47.15435634,1.83223469,6.44640878,1768.14773282
23,Hf15Zr24Ta9(Ti3Nb2)10,BCC,WROUGHT,,,1,170.15000000,1333.33333333,,,,,100.00000000,10.1016/j.msea.2017.10.073,2018,Mechanical properties and thermally activated plasticity of the Ti30Zr25Hf15Nb20Ta10 high entropy alloy at temperatures 4.2–350 K,Hf15Zr24Ta9(Ti3Nb2)10,1.67655595,1.67718603,2362.26530612,19.74395632,3.40529488,0.15300000,0.24500000,0.09200000,0.30600000,0.20400000,0.00000000,0.00000000,0.00000000,0.00000000,0.00000000,0.00000000,0.00000000,0.00000000,0.00000000,0.00013253,3.17365644,135.52272948,0.14482945,0.08873694,-0.01061453,0.06888601,0.02557947,0.01279350,-0.03051304,-0.01492966,0.03944987,0.05298792,99.89178082,4.29591837,1.46040816,0.05437953,124.93877551,40.05102041,102.36734694,0.35071429,2.29943878,2.47255102,0.64031633,4.33983673,0.51683673,0.96636709,0.01102041,8.40127049,0.04159048,0.12805249,0.24964006,0.32367789,0.03255703,0.00955491,0.09785478,0.02852039,0.16296195,0.04289253,0.22279588,0.06349126,11.81133379,5.13661590,0.22476647,2.08030805,0.08211217,4.54484323,0.07202832,1360.31495323,1.94771099,1026.91248300,28.07677484,15.71304999,17.92147187,16.18693399,47.15435634,1.83223469,6.44640878,1373.05982097
24,Hf15Zr24Ta9(Ti3Nb2)10,BCC,WROUGHT,,,1,230.15000000,1133.33333333,,,,,100.00000000,10.1016/j.msea.2017.10.073,2018,Mechanical properties and thermally activated plasticity of the Ti30Zr25Hf15Nb20Ta10 high entropy alloy at temperatures 4.2–350 K,Hf15Zr24Ta9(Ti3Nb2)10,1.67655595,1.67718603,2362.26530612,19.74395632,3.40529488,0.15300000,0.24500000,0.09200000,0.30600000,0.20400000,0.00000000,0.00000000,0.00000000,0.00000000,0.00000000,0.00000000,0.00000000,0.00000000,0.00000000,0.00013253,3.17365644,135.52272948,0.14482945,0.08873694,-0.01061453,0.06888601,0.02557947,0.01279350,-0.03051304,-0.01492966,0.03944987,0.05298792,99.89178082,4.29591837,1.46040816,0.05437953,124.93877551,40.05102041,102.36734694,0.35071429,2.29943878,2.47255102,0.64031633,4.33983673,0.51683673,0.96636709,0.01102041,8.40127049,0.04159048,0.12805249,0.24964006,0.32367789,0.03255703,0.00955491,0.09785478,0.02852039,0.16296195,0.04289253,0.22279588,0.06349126,11.81133379,5.13661590,0.22476647,2.08030805,0.08211217,4.54484323,0.09742767,1360.31495323,1.94771099,952.53910750,28.07677484,15.71304999,17.92147187,16.18693399,47.15435634,1.83223469,6.44640878,1310.87344807
25,Hf15Zr24Ta9(Ti3Nb2)10,BCC,WROUGHT,,,1,298.15000000,1046.66666667,,,,,100.00000000,10.1016/j.msea.2017.10.073,2018,Mechanical properties and thermally activated plasticity of the Ti30Zr25Hf15Nb20Ta10 high entropy alloy at temperatures 4.2–350 K,Hf15Zr24Ta9(Ti3Nb2)10,1.67655595,1.67718603,2362.26530612,19.74395632,3.40529488,0.15300000,0.24500000,0.09200000,0.30600000,0.20400000,0.00000000,0.00000000,0.00000000,0.00000000,0.00000000,0.00000000,0.00000000,0.00000000,0.00000000,0.00013253,3.17365644,135.52272948,0.14482945,0.08873694,-0.01061453,0.06888601,0.02557947,0.01279350,-0.03051304,-0.01492966,0.03944987,0.05298792,99.89178082,4.29591837,1.46040816,0.05437953,124.93877551,40.05102041,102.36734694,0.35071429,2.29943878,2.47255102,0.64031633,4.33983673,0.51683673,0.96636709,0.01102041,8.40127049,0.04159048,0.12805249,0.24964006,0.32367789,0.03255703,0.00955491,0.09785478,0.02852039,0.16296195,0.04289253,0.22279588,0.06349126,11.81133379,5.13661590,0.22476647,2.08030805,0.08211217,4.54484323,0.12621360,1360.31495323,1.94771099,875.72911261,28.07677484,15.71304999,17.92147187,16.18693399,47.15435634,1.83223469,6.44640878,1116.81654557
26,Hf15Zr24Ta9(Ti3Nb2)10,BCC,WROUGHT,,,1,345.15000000,900.00000000,,,,,100.00000000,10.1016/j.msea.2017.10.073,2018,Mechanical properties and thermally activated plasticity of the Ti30Zr25Hf15Nb20Ta10 high entropy alloy at temperatures 4.2–350 K,Hf15Zr24Ta9(Ti3Nb2)10,1.67655595,1.67718603,2362.26530612,19.74395632,3.40529488,0.15300000,0.24500000,0.09200000,0.30600000,0.20400000,0.00000000,0.00000000,0.00000000,0.00000000,0.00000000,0.00000000,0.00000000,0.00000000,0.00000000,0.00013253,3.17365644,135.52272948,0.14482945,0.08873694,-0.01061453,0.06888601,0.02557947,0.01279350,-0.03051304,-0.01492966,0.03944987,0.05298792,99.89178082,4.29591837,1.46040816,0.05437953,124.93877551,40.05102041,102.36734694,0.35071429,2.29943878,2.47255102,0.64031633,4.33983673,0.51683673,0.96636709,0.01102041,8.40127049,0.04159048,0.12805249,0.24964006,0.32367789,0.03255703,0.00955491,0.09785478,0.02852039,0.16296195,0.04289253,0.22279588,0.06349126,11.81133379,5.13661590,0.22476647,2.08030805,0.08211217,4.54484323,0.14610975,1360.31495323,1.94771099,826.05482654,28.07677484,15.71304999,17.92147187,16.18693399,47.15435634,1.83223469,6.44640878,1047.70607772
27,Hf25Ti25Nb25(VMo)12,BCC,CAST,,,1,298.15000000,1260.00000000,,,,,126.00000000,10.1016/j.jallcom.2016.10.014,2017,Microstructure and mechanical properties of refractory HfMo0.5NbTiV0.5Six high-entropy composites,Hf25Ti25Nb25(VMo)12,1.62856990,1.62916735,2433.06060606,18.06342723,3.30580107,0.25300000,0.25300000,0.25300000,0.12100000,0.12100000,0.00000000,0.00000000,0.00000000,0.00000000,0.00000000,0.00000000,0.00000000,0.00000000,0.00000000,0.00013393,3.08168919,166.75432126,0.14802433,0.10111408,-0.03886352,0.03453706,-0.00745425,-0.01237319,-0.05436450,0.02962302,0.15996636,0.16705085,98.42588384,4.61616162,1.58060606,0.13034334,150.09090909,49.25252525,130.89898990,0.35767677,2.43600000,2.68342424,0.91505051,4.00064444,0.78146465,0.89483072,0.09111111,9.04812441,0.05013368,0.15251864,0.59094011,0.57625925,0.03832694,0.01241454,0.11401222,0.03707320,0.28157732,0.07206328,0.28168543,0.07431413,14.10054343,5.78840042,0.32079830,2.11369713,0.12900234,9.43535613,0.12254113,2157.35230865,2.48850632,1504.65848843,38.92225726,7.31490365,9.22095473,3.02155458,35.76565454,1.76837374,7.97373491,1394.69436011
28,Hf25Ti25Nb25(VMo)12,BCC,CAST,,,1,1273.15000000,368.00000000,,,,,126.00000000,10.1016/j.actamat.2019.06.032,2019,High temperature strength of refractory complex concentrated alloys,Hf25Ti25Nb25(VMo)12,1.62856990,1.62916735,2433.06060606,18.06342723,3.30580107,0.25300000,0.25300000,0.25300000,0.12100000,0.12100000,0.00000000,0.00000000,0.00000000,0.00000000,0.00000000,0.00000000,0.00000000,0.00000000,0.00000000,0.00013393,3.08168919,166.75432126,0.14802433,0.10111408,-0.03886352,0.03453706,-0.00745425,-0.01237319,-0.05436450,0.02962302,0.15996636,0.16705085,98.42588384,4.61616162,1.58060606,0.13034334,150.09090909,49.25252525,130.89898990,0.35767677,2.43600000,2.68342424,0.91505051,4.00064444,0.78146465,0.89483072,0.09111111,9.04812441,0.05013368,0.15251864,0.59094011,0.57625925,0.03832694,0.01241454,0.11401222,0.03707320,0.28157732,0.07206328,0.28168543,0.07431413,14.10054343,5.78840042,0.32079830,2.11369713,0.12900234,9.43535613,0.52327098,2157.35230865,2.48850632,592.66565881,38.92225726,7.31490365,9.22095473,3.02155458,35.76565454,1.76837374,7.97373491,769.18547880
29,Hf25Ti25Nb25(VMo)12,BCC,CAST,,,1,1473.15000000,60.00000000,,,,,126.00000000,10.1016/j.actamat.2019.06.032,2019,High temperature strength of refractory complex concentrated alloys,Hf25Ti25Nb25(VMo)12,1.62856990,1.62916735,2433.06060606,18.06342723,3.30580107,0.25300000,0.25300000,0.25300000,0.12100000,0.12100000,0.00000000,0.00000000,0.00000000,0.00000000,0.00000000,0.00000000,0.00000000,0.00000000,0.00000000,0.00013393,3.08168919,166.75432126,0.14802433,0.10111408,-0.03886352,0.03453706,-0.00745425,-0.01237319,-0.05436450,0.02962302,0.15996636,0.16705085,98.42588384,4.61616162,1.58060606,0.13034334,150.09090909,49.25252525,130.89898990,0.35767677,2.43600000,2.68342424,0.91505051,4.00064444,0.78146465,0.89483072,0.09111111,9.04812441,0.05013368,0.15251864,0.59094011,0.57625925,0.03832694,0.01241454,0.11401222,0.03707320,0.28157732,0.07206328,0.28168543,0.07431413,14.10054343,5.78840042,0.32079830,2.11369713,0.12900234,9.43535613,0.60547197,2157.35230865,2.48850632,483.79837548,38.92225726,7.31490365,9.22095473,3.02155458,35.76565454,1.76837374,7.97373491,130.81565227
30,Hf25Ti25Nb25(VMo)12,BCC,CAST,,,1,1700.00000000,7.66842930,,,,,126.00000000,10.1016/j.actamat.2019.06.032,2019,High temperature strength of refractory complex concentrated alloys,Hf25Ti25Nb25(VMo)12,1.62856990,1.62916735,2433.06060606,18.06342723,3.30580107,0.25300000,0.25300000,0.25300000,0.12100000,0.12100000,0.00000000,0.00000000,0.00000000,0.00000000,0.00000000,0.00000000,0.00000000,0.00000000,0.00000000,0.00013393,3.08168919,166.75432126,0.14802433,0.10111408,-0.03886352,0.03453706,-0.00745425,-0.01237319,-0.05436450,0.02962302,0.15996636,0.16705085,98.42588384,4.61616162,1.58060606,0.13034334,150.09090909,49.25252525,130.89898990,0.35767677,2.43600000,2.68342424,0.91505051,4.00064444,0.78146465,0.89483072,0.09111111,9.04812441,0.05013368,0.15251864,0.59094011,0.57625925,0.03832694,0.01241454,0.11401222,0.03707320,0.28157732,0.07206328,0.28168543,0.07431413,14.10054343,5.78840042,0.32079830,2.11369713,0.12900234,9.43535613,0.69870845,2157.35230865,2.48850632,384.31340565,38.92225726,7.31490365,9.22095473,3.02155458,35.76565454,1.76837374,7.97373491,56.92818548
31,Hf25Ti25Nb25(VMo)12,BCC,CAST,,,1,1400.00000000,116.47997540,,,,,126.00000000,10.1016/j.actamat.2019.06.032,2019,High temperature strength of refractory complex concentrated alloys,Hf25Ti25Nb25(VMo)12,1.62856990,1.62916735,2433.06060606,18.06342723,3.30580107,0.25300000,0.25300000,0.25300000,0.12100000,0.12100000,0.00000000,0.00000000,0.00000000,0.00000000,0.00000000,0.00000000,0.00000000,0.00000000,0.00000000,0.00013393,3.08168919,166.75432126,0.14802433,0.10111408,-0.03886352,0.03453706,-0.00745425,-0.01237319,-0.05436450,0.02962302,0.15996636,0.16705085,98.42588384,4.61616162,1.58060606,0.13034334,150.09090909,49.25252525,130.89898990,0.35767677,2.43600000,2.68342424,0.91505051,4.00064444,0.78146465,0.89483072,0.09111111,9.04812441,0.05013368,0.15251864,0.59094011,0.57625925,0.03832694,0.01241454,0.11401222,0.03707320,0.28157732,0.07206328,0.28168543,0.07431413,14.10054343,5.78840042,0.32079830,2.11369713,0.12900234,9.43535613,0.57540696,2157.35230865,2.48850632,521.07899912,38.92225726,7.31490365,9.22095473,3.02155458,35.76565454,1.76837374,7.97373491,457.50803350
32,Hf3Zr5Ta2(Ti3Nb2)2,bcc,UNKNOWN,0.00000000,0.00000000,1,230.15000000,1133.33333333,0.00000000,0.00000000,0.00000000,0.00000000,0.00000000,UNKNOWN,UNKNOWN,UNKNOWN,Hf3Zr5Ta2(Ti3Nb2)2,1.67698270,1.67762236,2369.20000000,19.75964596,3.40619666,0.15000000,0.25000000,0.10000000,0.30000000,0.20000000,0.00000000,0.00000000,0.00000000,0.00000000,0.00000000,0.00000000,0.00000000,0.00000000,0.00000000,0.00013309,3.17446899,135.72932502,0.14487125,0.08930309,-0.00969751,0.06944522,0.02611704,0.01387706,-0.02945112,-0.01523950,0.03990529,0.05447494,100.61566400,4.30000000,1.45950000,0.05514480,125.35000000,40.25000000,102.85000000,0.35050000,2.30495000,2.47505000,0.64565000,4.33165000,0.52000000,0.97099080,0.01300000,8.45543261,0.04165470,0.12819389,0.25541472,0.33088257,0.03262036,0.00973033,0.09803861,0.02904752,0.16660112,0.04247032,0.22714022,0.06551211,11.87315766,5.15115628,0.22560142,2.07929176,0.08239012,4.54061187,0.09714250,1368.19460037,1.95974625,959.73759789,27.39469590,16.26606012,18.34684809,15.47189876,47.15435634,1.82940000,6.49019223,1118.58886045
33,Hf3Zr5Ta2(Ti3Nb2)2,bcc,UNKNOWN,0.00000000,0.00000000,1,298.15000000,1046.66666667,0.00000000,0.00000000,0.00000000,0.00000000,0.00000000,UNKNOWN,UNKNOWN,UNKNOWN,Hf3Zr5Ta2(Ti3Nb2)2,1.67698270,1.67762236,2369.20000000,19.75964596,3.40619666,0.15000000,0.25000000,0.10000000,0.30000000,0.20000000,0.00000000,0.00000000,0.00000000,0.00000000,0.00000000,0.00000000,0.00000000,0.00000000,0.00000000,0.00013309,3.17446899,135.72932502,0.14487125,0.08930309,-0.00969751,0.06944522,0.02611704,0.01387706,-0.02945112,-0.01523950,0.03990529,0.05447494,100.61566400,4.30000000,1.45950000,0.05514480,125.35000000,40.25000000,102.85000000,0.35050000,2.30495000,2.47505000,0.64565000,4.33165000,0.52000000,0.97099080,0.01300000,8.45543261,0.04165470,0.12819389,0.25541472,0.33088257,0.03262036,0.00973033,0.09803861,0.02904752,0.16660112,0.04247032,0.22714022,0.06551211,11.87315766,5.15115628,0.22560142,2.07929176,0.08239012,4.54061187,0.12584417,1368.19460037,1.95974625,882.79929809,27.39469590,16.26606012,18.34684809,15.47189876,47.15435634,1.82940000,6.49019223,1015.99038727
34,Hf3Zr5Ta2(Ti3Nb2)2,bcc,UNKNOWN,0.00000000,0.00000000,1,170.15000000,1333.33333333,0.00000000,0.00000000,0.00000000,0.00000000,0.00000000,UNKNOWN,UNKNOWN,UNKNOWN,Hf3Zr5Ta2(Ti3Nb2)2,1.67698270,1.67762236,2369.20000000,19.75964596,3.40619666,0.15000000,0.25000000,0.10000000,0.30000000,0.20000000,0.00000000,0.00000000,0.00000000,0.00000000,0.00000000,0.00000000,0.00000000,0.00000000,0.00000000,0.00013309,3.17446899,135.72932502,0.14487125,0.08930309,-0.00969751,0.06944522,0.02611704,0.01387706,-0.02945112,-0.01523950,0.03990529,0.05447494,100.61566400,4.30000000,1.45950000,0.05514480,125.35000000,40.25000000,102.85000000,0.35050000,2.30495000,2.47505000,0.64565000,4.33165000,0.52000000,0.97099080,0.01300000,8.45543261,0.04165470,0.12819389,0.25541472,0.33088257,0.03262036,0.00973033,0.09803861,0.02904752,0.16660112,0.04247032,0.22714022,0.06551211,11.87315766,5.15115628,0.22560142,2.07929176,0.08239012,4.54061187,0.07181749,1368.19460037,1.95974625,1034.23520813,27.39469590,16.26606012,18.34684809,15.47189876,47.15435634,1.82940000,6.49019223,1583.88801515
35,Hf3Zr5Ta2(Ti3Nb2)2,bcc,UNKNOWN,0.00000000,0.00000000,1,120.15000000,1520.00000000,0.00000000,0.00000000,0.00000000,0.00000000,0.00000000,UNKNOWN,UNKNOWN,UNKNOWN,Hf3Zr5Ta2(Ti3Nb2)2,1.67698270,1.67762236,2369.20000000,19.75964596,3.40619666,0.15000000,0.25000000,0.10000000,0.30000000,0.20000000,0.00000000,0.00000000,0.00000000,0.00000000,0.00000000,0.00000000,0.00000000,0.00000000,0.00000000,0.00013309,3.17446899,135.72932502,0.14487125,0.08930309,-0.00969751,0.06944522,0.02611704,0.01387706,-0.02945112,-0.01523950,0.03990529,0.05447494,100.61566400,4.30000000,1.45950000,0.05514480,125.35000000,40.25000000,102.85000000,0.35050000,2.30495000,2.47505000,0.64565000,4.33165000,0.52000000,0.97099080,0.01300000,8.45543261,0.04165470,0.12819389,0.25541472,0.33088257,0.03262036,0.00973033,0.09803861,0.02904752,0.16660112,0.04247032,0.22714022,0.06551211,11.87315766,5.15115628,0.22560142,2.07929176,0.08239012,4.54061187,0.05071332,1368.19460037,1.95974625,1103.37210318,27.39469590,16.26606012,18.34684809,15.47189876,47.15435634,1.82940000,6.49019223,1583.88801515
36,Hf3Zr5Ta2(Ti3Nb2)2,bcc,UNKNOWN,0.00000000,0.00000000,1,345.15000000,900.00000000,0.00000000,0.00000000,0.00000000,0.00000000,0.00000000,UNKNOWN,UNKNOWN,UNKNOWN,Hf3Zr5Ta2(Ti3Nb2)2,1.67698270,1.67762236,2369.20000000,19.75964596,3.40619666,0.15000000,0.25000000,0.10000000,0.30000000,0.20000000,0.00000000,0.00000000,0.00000000,0.00000000,0.00000000,0.00000000,0.00000000,0.00000000,0.00000000,0.00013309,3.17446899,135.72932502,0.14487125,0.08930309,-0.00969751,0.06944522,0.02611704,0.01387706,-0.02945112,-0.01523950,0.03990529,0.05447494,100.61566400,4.30000000,1.45950000,0.05514480,125.35000000,40.25000000,102.85000000,0.35050000,2.30495000,2.47505000,0.64565000,4.33165000,0.52000000,0.97099080,0.01300000,8.45543261,0.04165470,0.12819389,0.25541472,0.33088257,0.03262036,0.00973033,0.09803861,0.02904752,0.16660112,0.04247032,0.22714022,0.06551211,11.87315766,5.15115628,0.22560142,2.07929176,0.08239012,4.54061187,0.14568209,1368.19460037,1.95974625,833.04203512,27.39469590,16.26606012,18.34684809,15.47189876,47.15435634,1.82940000,6.49019223,980.88318637
37,Hf3Zr5Ta2(Ti3Nb2)2,bcc,UNKNOWN,0.00000000,0.00000000,1,77.15000000,1850.00000000,0.00000000,0.00000000,0.00000000,0.00000000,0.00000000,UNKNOWN,UNKNOWN,UNKNOWN,Hf3Zr5Ta2(Ti3Nb2)2,1.67698270,1.67762236,2369.20000000,19.75964596,3.40619666,0.15000000,0.25000000,0.10000000,0.30000000,0.20000000,0.00000000,0.00000000,0.00000000,0.00000000,0.00000000,0.00000000,0.00000000,0.00000000,0.00000000,0.00013309,3.17446899,135.72932502,0.14487125,0.08930309,-0.00969751,0.06944522,0.02611704,0.01387706,-0.02945112,-0.01523950,0.03990529,0.05447494,100.61566400,4.30000000,1.45950000,0.05514480,125.35000000,40.25000000,102.85000000,0.35050000,2.30495000,2.47505000,0.64565000,4.33165000,0.52000000,0.97099080,0.01300000,8.45543261,0.04165470,0.12819389,0.25541472,0.33088257,0.03262036,0.00973033,0.09803861,0.02904752,0.16660112,0.04247032,0.22714022,0.06551211,11.87315766,5.15115628,0.22560142,2.07929176,0.08239012,4.54061187,0.03256373,1368.19460037,1.95974625,1171.09020304,27.39469590,16.26606012,18.34684809,15.47189876,47.15435634,1.82940000,6.49019223,1583.88801515
38,Hf3Zr5Ta2(Ti3Nb2)2,bcc,UNKNOWN,0.00000000,0.00000000,1,4.35000000,2283.33333333,0.00000000,0.00000000,0.00000000,0.00000000,0.00000000,UNKNOWN,UNKNOWN,UNKNOWN,Hf3Zr5Ta2(Ti3Nb2)2,1.67698270,1.67762236,2369.20000000,19.75964596,3.40619666,0.15000000,0.25000000,0.10000000,0.30000000,0.20000000,0.00000000,0.00000000,0.00000000,0.00000000,0.00000000,0.00000000,0.00000000,0.00000000,0.00000000,0.00013309,3.17446899,135.72932502,0.14487125,0.08930309,-0.00969751,0.06944522,0.02611704,0.01387706,-0.02945112,-0.01523950,0.03990529,0.05447494,100.61566400,4.30000000,1.45950000,0.05514480,125.35000000,40.25000000,102.85000000,0.35050000,2.30495000,2.47505000,0.64565000,4.33165000,0.52000000,0.97099080,0.01300000,8.45543261,0.04165470,0.12819389,0.25541472,0.33088257,0.03262036,0.00973033,0.09803861,0.02904752,0.16660112,0.04247032,0.22714022,0.06551211,11.87315766,5.15115628,0.22560142,2.07929176,0.08239012,4.54061187,0.00183606,1368.19460037,1.95974625,1339.21236598,27.39469590,16.26606012,18.34684809,15.47189876,47.15435634,1.82940000,6.49019223,1583.88801515
39,Hf3Zr5Ta5Ti5Nb5Al2,BCC,OTHER,140.00000000,4.90000000,1,298.15000000,1841.00000000,2269.00000000,10.00000000,,,107.00000000,10.1007/s11837-014-1066-0,2014,Microstructure and Properties of Aluminum-Containing Refractory High-Entropy Alloys,Hf3Zr5Ta5Ti5Nb5Al2,1.66359161,1.66010090,2397.18560000,19.18958281,3.37312040,0.12000000,0.20000000,0.20000000,0.20000000,0.20000000,0.08000000,0.00000000,0.00000000,0.00000000,0.00000000,0.00000000,0.00000000,0.00000000,0.00000000,0.00015029,3.15262440,140.87499051,0.07029957,0.02924928,-0.07058371,-0.01550975,-0.04045357,-0.05656004,-0.08150385,0.00825809,0.08481546,0.06906943,106.16637509,4.32000000,1.47880000,0.07655738,132.88000000,42.08000000,109.76000000,0.35240000,2.33696000,2.45280000,0.76600000,3.80335200,0.57740000,1.03146296,0.05723224,9.18693937,0.04387774,0.12934437,0.32143617,0.38524976,0.03364841,0.00882663,0.09521545,0.02530303,0.21938313,0.06362835,0.26644290,0.07359814,12.29244307,5.26001432,0.24707312,2.08832613,0.07819009,23.22876732,0.12437502,1455.93464913,2.00741953,947.62224191,19.84236464,13.83492417,15.20516563,3.28589077,22.14261578,1.68680000,7.28743365,1717.23207254
40,Hf3Zr5Ta5Ti5Nb5Al2,BCC,OTHER,,,1,1400.00000000,132.86169431,,,,,107.00000000,10.1016/j.actamat.2019.06.032,2019,High temperature strength of refractory complex concentrated alloys,Hf3Zr5Ta5Ti5Nb5Al2,1.66359161,1.66010090,2397.18560000,19.18958281,3.37312040,0.12000000,0.20000000,0.20000000,0.20000000,0.20000000,0.08000000,0.00000000,0.00000000,0.00000000,0.00000000,0.00000000,0.00000000,0.00000000,0.00000000,0.00015029,3.15262440,140.87499051,0.07029957,0.02924928,-0.07058371,-0.01550975,-0.04045357,-0.05656004,-0.08150385,0.00825809,0.08481546,0.06906943,106.16637509,4.32000000,1.47880000,0.07655738,132.88000000,42.08000000,109.76000000,0.35240000,2.33696000,2.45280000,0.76600000,3.80335200,0.57740000,1.03146296,0.05723224,9.18693937,0.04387774,0.12934437,0.32143617,0.38524976,0.03364841,0.00882663,0.09521545,0.02530303,0.21938313,0.06362835,0.26644290,0.07359814,12.29244307,5.26001432,0.24707312,2.08832613,0.07819009,23.22876732,0.58401819,1455.93464913,2.00741953,250.18050244,19.84236464,13.83492417,15.20516563,3.28589077,22.14261578,1.68680000,7.28743365,146.54992833
41,Hf3Zr5Ta5Ti5Nb5Al2,BCC,OTHER,,,1,1700.00000000,25.68960878,,,,,107.00000000,10.1016/j.actamat.2019.06.032,2019,High temperature strength of refractory complex concentrated alloys,Hf3Zr5Ta5Ti5Nb5Al2,1.66359161,1.66010090,2397.18560000,19.18958281,3.37312040,0.12000000,0.20000000,0.20000000,0.20000000,0.20000000,0.08000000,0.00000000,0.00000000,0.00000000,0.00000000,0.00000000,0.00000000,0.00000000,0.00000000,0.00015029,3.15262440,140.87499051,0.07029957,0.02924928,-0.07058371,-0.01550975,-0.04045357,-0.05656004,-0.08150385,0.00825809,0.08481546,0.06906943,106.16637509,4.32000000,1.47880000,0.07655738,132.88000000,42.08000000,109.76000000,0.35240000,2.33696000,2.45280000,0.76600000,3.80335200,0.57740000,1.03146296,0.05723224,9.18693937,0.04387774,0.12934437,0.32143617,0.38524976,0.03364841,0.00882663,0.09521545,0.02530303,0.21938313,0.06362835,0.26644290,0.07359814,12.29244307,5.26001432,0.24707312,2.08832613,0.07819009,23.22876732,0.70916495,1455.93464913,2.00741953,171.53344057,19.84236464,13.83492417,15.20516563,3.28589077,22.14261578,1.68680000,7.28743365,54.01742171
42,Hf3Zr5Ta5Ti5Nb5Al2,BCC,OTHER,,,1,1473.15000000,89.00000000,,,,,107.00000000,10.1016/j.actamat.2019.06.032,2019,High temperature strength of refractory complex concentrated alloys,Hf3Zr5Ta5Ti5Nb5Al2,1.66359161,1.66010090,2397.18560000,19.18958281,3.37312040,0.12000000,0.20000000,0.20000000,0.20000000,0.20000000,0.08000000,0.00000000,0.00000000,0.00000000,0.00000000,0.00000000,0.00000000,0.00000000,0.00000000,0.00015029,3.15262440,140.87499051,0.07029957,0.02924928,-0.07058371,-0.01550975,-0.04045357,-0.05656004,-0.08150385,0.00825809,0.08481546,0.06906943,106.16637509,4.32000000,1.47880000,0.07655738,132.88000000,42.08000000,109.76000000,0.35240000,2.33696000,2.45280000,0.76600000,3.80335200,0.57740000,1.03146296,0.05723224,9.18693937,0.04387774,0.12934437,0.32143617,0.38524976,0.03364841,0.00882663,0.09521545,0.02530303,0.21938313,0.06362835,0.26644290,0.07359814,12.29244307,5.26001432,0.24707312,2.08832613,0.07819009,23.22876732,0.61453314,1455.93464913,2.00741953,228.18549819,19.84236464,13.83492417,15.20516563,3.28589077,22.14261578,1.68680000,7.28743365,108.57120486
43,Hf3Zr5Ta5Ti5Nb5Al2,BCC,OTHER,,,1,1273.15000000,298.00000000,,,,,107.00000000,10.1016/j.actamat.2019.06.032,2019,High temperature strength of refractory complex concentrated alloys,Hf3Zr5Ta5Ti5Nb5Al2,1.66359161,1.66010090,2397.18560000,19.18958281,3.37312040,0.12000000,0.20000000,0.20000000,0.20000000,0.20000000,0.08000000,0.00000000,0.00000000,0.00000000,0.00000000,0.00000000,0.00000000,0.00000000,0.00000000,0.00015029,3.15262440,140.87499051,0.07029957,0.02924928,-0.07058371,-0.01550975,-0.04045357,-0.05656004,-0.08150385,0.00825809,0.08481546,0.06906943,106.16637509,4.32000000,1.47880000,0.07655738,132.88000000,42.08000000,109.76000000,0.35240000,2.33696000,2.45280000,0.76600000,3.80335200,0.57740000,1.03146296,0.05723224,9.18693937,0.04387774,0.12934437,0.32143617,0.38524976,0.03364841,0.00882663,0.09521545,0.02530303,0.21938313,0.06362835,0.26644290,0.07359814,12.29244307,5.26001432,0.24707312,2.08832613,0.07819009,23.22876732,0.53110197,1455.93464913,2.00741953,293.46601505,19.84236464,13.83492417,15.20516563,3.28589077,22.14261578,1.68680000,7.28743365,318.91676319
44,Hf3Zr5Ta5Ti5Nb5Al2,BCC,OTHER,,,1,1073.15000000,796.00000000,834.00000000,50.00000000,,,107.00000000,10.1007/s11837-014-1066-0,2014,Microstructure and Properties of Aluminum-Containing Refractory High-Entropy Alloys,Hf3Zr5Ta5Ti5Nb5Al2,1.66359161,1.66010090,2397.18560000,19.18958281,3.37312040,0.12000000,0.20000000,0.20000000,0.20000000,0.20000000,0.08000000,0.00000000,0.00000000,0.00000000,0.00000000,0.00000000,0.00000000,0.00000000,0.00000000,0.00015029,3.15262440,140.87499051,0.07029957,0.02924928,-0.07058371,-0.01550975,-0.04045357,-0.05656004,-0.08150385,0.00825809,0.08481546,0.06906943,106.16637509,4.32000000,1.47880000,0.07655738,132.88000000,42.08000000,109.76000000,0.35240000,2.33696000,2.45280000,0.76600000,3.80335200,0.57740000,1.03146296,0.05723224,9.18693937,0.04387774,0.12934437,0.32143617,0.38524976,0.03364841,0.00882663,0.09521545,0.02530303,0.21938313,0.06362835,0.26644290,0.07359814,12.29244307,5.26001432,0.24707312,2.08832613,0.07819009,23.22876732,0.44767080,1455.93464913,2.00741953,377.42232819,19.84236464,13.83492417,15.20516563,3.28589077,22.14261578,1.68680000,7.28743365,752.21276202
45,Hf7Zr12Ta30Ti17Nb30,BCC,CAST,,,1,573.15000000,590.00000000,,,,,122.00000000,10.1080/14786435.2015.1028506,2015,Plastic deformation properties of Zr–Nb–Ti–Ta–Hf high-entropy alloys,Hf7Zr12Ta30Ti17Nb30,1.65047951,1.65139896,2679.94791667,18.84804569,3.35298883,0.07300000,0.12500000,0.31200000,0.17700000,0.31200000,0.00000000,0.00000000,0.00000000,0.00000000,0.00000000,0.00000000,0.00000000,0.00000000,0.00000000,0.00012791,3.13253106,159.74395238,0.10318293,0.07330360,0.00118792,0.03354030,-0.00172720,0.00366097,-0.03160653,0.03252292,0.16184643,0.18277268,118.47380000,4.62500000,1.50250000,0.12932352,153.96875000,46.91666667,125.54166667,0.35739583,2.59584375,2.68095833,0.98697917,3.61953125,0.73494792,1.04348999,0.14666667,10.43771385,0.03371688,0.10729842,0.29952002,0.34569056,0.02476276,0.00636744,0.07451089,0.01910844,0.21716986,0.08356561,0.25778533,0.09536578,13.62353738,5.24821164,0.28312487,2.11233586,0.07912980,10.22001705,0.21386610,1284.71630971,1.95567788,612.89008556,31.66453988,15.75455918,20.00196535,0.59787543,16.09588618,1.69397917,8.04232875,675.23300566
46,Hf7Zr12Ta30Ti17Nb30,BCC,CAST,,,1,473.15000000,650.00000000,,,,,122.00000000,10.1080/14786435.2015.1028506,2015,Plastic deformation properties of Zr–Nb–Ti–Ta–Hf high-entropy alloys,Hf7Zr12Ta30Ti17Nb30,1.65047951,1.65139896,2679.94791667,18.84804569,3.35298883,0.07300000,0.12500000,0.31200000,0.17700000,0.31200000,0.00000000,0.00000000,0.00000000,0.00000000,0.00000000,0.00000000,0.00000000,0.00000000,0.00000000,0.00012791,3.13253106,159.74395238,0.10318293,0.07330360,0.00118792,0.03354030,-0.00172720,0.00366097,-0.03160653,0.03252292,0.16184643,0.18277268,118.47380000,4.62500000,1.50250000,0.12932352,153.96875000,46.91666667,125.54166667,0.35739583,2.59584375,2.68095833,0.98697917,3.61953125,0.73494792,1.04348999,0.14666667,10.43771385,0.03371688,0.10729842,0.29952002,0.34569056,0.02476276,0.00636744,0.07451089,0.01910844,0.21716986,0.08356561,0.25778533,0.09536578,13.62353738,5.24821164,0.28312487,2.11233586,0.07912980,10.22001705,0.17655194,1284.71630971,1.95567788,663.75296157,31.66453988,15.75455918,20.00196535,0.59787543,16.09588618,1.69397917,8.04232875,757.17143421
47,Hf7Zr12Ta30Ti17Nb30,BCC,CAST,,,1,373.15000000,765.00000000,,,,,122.00000000,10.1080/14786435.2015.1028506,2015,Plastic deformation properties of Zr–Nb–Ti–Ta–Hf high-entropy alloys,Hf7Zr12Ta30Ti17Nb30,1.65047951,1.65139896,2679.94791667,18.84804569,3.35298883,0.07300000,0.12500000,0.31200000,0.17700000,0.31200000,0.00000000,0.00000000,0.00000000,0.00000000,0.00000000,0.00000000,0.00000000,0.00000000,0.00000000,0.00012791,3.13253106,159.74395238,0.10318293,0.07330360,0.00118792,0.03354030,-0.00172720,0.00366097,-0.03160653,0.03252292,0.16184643,0.18277268,118.47380000,4.62500000,1.50250000,0.12932352,153.96875000,46.91666667,125.54166667,0.35739583,2.59584375,2.68095833,0.98697917,3.61953125,0.73494792,1.04348999,0.14666667,10.43771385,0.03371688,0.10729842,0.29952002,0.34569056,0.02476276,0.00636744,0.07451089,0.01910844,0.21716986,0.08356561,0.25778533,0.09536578,13.62353738,5.24821164,0.28312487,2.11233586,0.07912980,10.22001705,0.13923778,1284.71630971,1.95567788,754.65956133,31.66453988,15.75455918,20.00196535,0.59787543,16.09588618,1.69397917,8.04232875,810.29966758
48,Hf7Zr12Ta30Ti17Nb30,BCC,CAST,,,1,333.15000000,795.00000000,,,,,122.00000000,10.1080/14786435.2015.1028506,2015,Plastic deformation properties of Zr–Nb–Ti–Ta–Hf high-entropy alloys,Hf7Zr12Ta30Ti17Nb30,1.65047951,1.65139896,2679.94791667,18.84804569,3.35298883,0.07300000,0.12500000,0.31200000,0.17700000,0.31200000,0.00000000,0.00000000,0.00000000,0.00000000,0.00000000,0.00000000,0.00000000,0.00000000,0.00000000,0.00012791,3.13253106,159.74395238,0.10318293,0.07330360,0.00118792,0.03354030,-0.00172720,0.00366097,-0.03160653,0.03252292,0.16184643,0.18277268,118.47380000,4.62500000,1.50250000,0.12932352,153.96875000,46.91666667,125.54166667,0.35739583,2.59584375,2.68095833,0.98697917,3.61953125,0.73494792,1.04348999,0.14666667,10.43771385,0.03371688,0.10729842,0.29952002,0.34569056,0.02476276,0.00636744,0.07451089,0.01910844,0.21716986,0.08356561,0.25778533,0.09536578,13.62353738,5.24821164,0.28312487,2.11233586,0.07912980,10.22001705,0.12431212,1284.71630971,1.95567788,793.25053137,31.66453988,15.75455918,20.00196535,0.59787543,16.09588618,1.69397917,8.04232875,874.09019854
49,Hf7Zr12Ta30Ti17Nb30,BCC,CAST,,,1,298.15000000,845.00000000,,,,,122.00000000,10.1080/14786435.2015.1028506,2015,Plastic deformation properties of Zr–Nb–Ti–Ta–Hf high-entropy alloys,Hf7Zr12Ta30Ti17Nb30,1.65047951,1.65139896,2679.94791667,18.84804569,3.35298883,0.07300000,0.12500000,0.31200000,0.17700000,0.31200000,0.00000000,0.00000000,0.00000000,0.00000000,0.00000000,0.00000000,0.00000000,0.00000000,0.00000000,0.00012791,3.13253106,159.74395238,0.10318293,0.07330360,0.00118792,0.03354030,-0.00172720,0.00366097,-0.03160653,0.03252292,0.16184643,0.18277268,118.47380000,4.62500000,1.50250000,0.12932352,153.96875000,46.91666667,125.54166667,0.35739583,2.59584375,2.68095833,0.98697917,3.61953125,0.73494792,1.04348999,0.14666667,10.43771385,0.03371688,0.10729842,0.29952002,0.34569056,0.02476276,0.00636744,0.07451089,0.01910844,0.21716986,0.08356561,0.25778533,0.09536578,13.62353738,5.24821164,0.28312487,2.11233586,0.07912980,10.22001705,0.11125216,1284.71630971,1.95567788,828.30477333,31.66453988,15.75455918,20.00196535,0.59787543,16.09588618,1.69397917,8.04232875,912.81466046
50,HfTaTiNb,BCC,ANNEAL,,,1,873.15000000,473.00000000,,,,,119.00000000,10.1016/j.actamat.2019.06.006,2019,Solid-solution strengthening in refractory high entropy alloys,HfTaTiNb,1.65334807,1.65429126,2621.75000000,18.93113725,3.35790883,0.25000000,0.25000000,0.25000000,0.25000000,0.00000000,0.00000000,0.00000000,0.00000000,0.00000000,0.00000000,0.00000000,0.00000000,0.00000000,0.00000000,0.00011946,3.13549725,160.56968890,0.12195304,0.07551190,-0.02334124,0.06527024,0.02293761,0.01882909,-0.02350353,0.01088541,0.11159919,0.12424881,125.05281500,4.50000000,1.48500000,0.10071378,146.75000000,44.75000000,121.25000000,0.35750000,2.52450000,2.64975000,0.87650000,4.11875000,0.68625000,1.07713100,0.08000000,10.96897791,0.03260191,0.10390768,0.30777002,0.32872860,0.02460951,0.00898460,0.07512697,0.02742919,0.21870031,0.07235221,0.23200785,0.07683842,13.01345370,5.15486381,0.27183601,2.11284047,0.05711984,4.79848758,0.33304091,1174.40305043,1.83419546,352.95544002,29.45351359,18.06419490,14.44675330,5.54143454,35.82149211,1.77325000,7.33875861,468.80091703
51,HfTaTiNb,BCC,ANNEAL,,,1,293.15000000,847.00000000,,,,,119.00000000,10.1016/j.actamat.2019.06.006,2019,Solid-solution strengthening in refractory high entropy alloys,HfTaTiNb,1.65334807,1.65429126,2621.75000000,18.93113725,3.35790883,0.25000000,0.25000000,0.25000000,0.25000000,0.00000000,0.00000000,0.00000000,0.00000000,0.00000000,0.00000000,0.00000000,0.00000000,0.00000000,0.00000000,0.00011946,3.13549725,160.56968890,0.12195304,0.07551190,-0.02334124,0.06527024,0.02293761,0.01882909,-0.02350353,0.01088541,0.11159919,0.12424881,125.05281500,4.50000000,1.48500000,0.10071378,146.75000000,44.75000000,121.25000000,0.35750000,2.52450000,2.64975000,0.87650000,4.11875000,0.68625000,1.07713100,0.08000000,10.96897791,0.03260191,0.10390768,0.30777002,0.32872860,0.02460951,0.00898460,0.07512697,0.02742919,0.21870031,0.07235221,0.23200785,0.07683842,13.01345370,5.15486381,0.27183601,2.11284047,0.05711984,4.79848758,0.11181463,1174.40305043,1.83419546,743.83902321,29.45351359,18.06419490,14.44675330,5.54143454,35.82149211,1.77325000,7.33875861,879.86847575
52,HfTaTiNb,BCC,ANNEAL,,,1,473.15000000,610.00000000,,,,,119.00000000,10.1016/j.actamat.2019.06.006,2019,Solid-solution strengthening in refractory high entropy alloys,HfTaTiNb,1.65334807,1.65429126,2621.75000000,18.93113725,3.35790883,0.25000000,0.25000000,0.25000000,0.25000000,0.00000000,0.00000000,0.00000000,0.00000000,0.00000000,0.00000000,0.00000000,0.00000000,0.00000000,0.00000000,0.00011946,3.13549725,160.56968890,0.12195304,0.07551190,-0.02334124,0.06527024,0.02293761,0.01882909,-0.02350353,0.01088541,0.11159919,0.12424881,125.05281500,4.50000000,1.48500000,0.10071378,146.75000000,44.75000000,121.25000000,0.35750000,2.52450000,2.64975000,0.87650000,4.11875000,0.68625000,1.07713100,0.08000000,10.96897791,0.03260191,0.10390768,0.30777002,0.32872860,0.02460951,0.00898460,0.07512697,0.02742919,0.21870031,0.07235221,0.23200785,0.07683842,13.01345370,5.15486381,0.27183601,2.11284047,0.05711984,4.79848758,0.18047106,1174.40305043,1.83419546,612.20746277,29.45351359,18.06419490,14.44675330,5.54143454,35.82149211,1.77325000,7.33875861,549.83501522
53,HfTaTiNbMo,BCC,CAST,,,1,1273.15000000,778.00000000,,,,,155.00000000,10.3390/e21010015,2018,"Effects of Mo, Nb, Ta, Ti, and Zr on Mechanical Properties of Equiatomic Hf-Mo-Nb-Ta-Ti-Zr Alloys",HfTaTiNbMo,1.63287314,1.63059560,2676.60000000,18.22820008,3.31582240,0.20000000,0.20000000,0.20000000,0.20000000,0.20000000,0.00000000,0.00000000,0.00000000,0.00000000,0.00000000,0.00000000,0.00000000,0.00000000,0.00000000,0.00013869,3.09012376,180.71553924,0.07362192,0.03646900,-0.06645961,0.00244900,-0.03463636,-0.03470392,-0.07178927,0.07469424,0.23341703,0.24231096,119.23025200,4.80000000,1.62000000,0.15872279,171.80000000,61.00000000,162.80000000,0.34800000,2.61960000,2.81060000,1.10920000,3.49248000,0.98900000,1.04221020,0.15200000,10.86155658,0.03901897,0.12162619,0.56977532,0.55543202,0.02916676,0.00879751,0.08759775,0.02656454,0.35563650,0.10025706,0.35664531,0.09822612,17.51667723,6.68677555,0.37753856,2.06748466,0.08854565,151.58009512,0.47565942,1918.49505455,2.63543829,566.41229073,13.84936564,0.27174384,0.27164590,2.72495411,18.47535121,1.70140000,10.29544918,795.58024576
54,HfTaTiNbMo,BCC,CAST,,,1,2000.00000000,236.53285843,,,,,155.00000000,10.3390/e21010015,2018,"Effects of Mo, Nb, Ta, Ti, and Zr on Mechanical Properties of Equiatomic Hf-Mo-Nb-Ta-Ti-Zr Alloys",HfTaTiNbMo,1.63287314,1.63059560,2676.60000000,18.22820008,3.31582240,0.20000000,0.20000000,0.20000000,0.20000000,0.20000000,0.00000000,0.00000000,0.00000000,0.00000000,0.00000000,0.00000000,0.00000000,0.00000000,0.00000000,0.00013869,3.09012376,180.71553924,0.07362192,0.03646900,-0.06645961,0.00244900,-0.03463636,-0.03470392,-0.07178927,0.07469424,0.23341703,0.24231096,119.23025200,4.80000000,1.62000000,0.15872279,171.80000000,61.00000000,162.80000000,0.34800000,2.61960000,2.81060000,1.10920000,3.49248000,0.98900000,1.04221020,0.15200000,10.86155658,0.03901897,0.12162619,0.56977532,0.55543202,0.02916676,0.00879751,0.08759775,0.02656454,0.35563650,0.10025706,0.35664531,0.09822612,17.51667723,6.68677555,0.37753856,2.06748466,0.08854565,151.58009512,0.74721662,1918.49505455,2.63543829,282.26059241,13.84936564,0.27174384,0.27164590,2.72495411,18.47535121,1.70140000,10.29544918,163.04428125
55,HfTaTiNbMo,BCC,CAST,,,1,1673.15000000,367.00000000,,,,,155.00000000,10.3390/e21010015,2018,"Effects of Mo, Nb, Ta, Ti, and Zr on Mechanical Properties of Equiatomic Hf-Mo-Nb-Ta-Ti-Zr Alloys",HfTaTiNbMo,1.63287314,1.63059560,2676.60000000,18.22820008,3.31582240,0.20000000,0.20000000,0.20000000,0.20000000,0.20000000,0.00000000,0.00000000,0.00000000,0.00000000,0.00000000,0.00000000,0.00000000,0.00000000,0.00000000,0.00013869,3.09012376,180.71553924,0.07362192,0.03646900,-0.06645961,0.00244900,-0.03463636,-0.03470392,-0.07178927,0.07469424,0.23341703,0.24231096,119.23025200,4.80000000,1.62000000,0.15872279,171.80000000,61.00000000,162.80000000,0.34800000,2.61960000,2.81060000,1.10920000,3.49248000,0.98900000,1.04221020,0.15200000,10.86155658,0.03901897,0.12162619,0.56977532,0.55543202,0.02916676,0.00879751,0.08759775,0.02656454,0.35563650,0.10025706,0.35664531,0.09822612,17.51667723,6.68677555,0.37753856,2.06748466,0.08854565,151.58009512,0.62510274,1918.49505455,2.63543829,386.07402344,13.84936564,0.27174384,0.27164590,2.72495411,18.47535121,1.70140000,10.29544918,368.92091802
56,HfTaTiNbMo,BCC,CAST,,,1,1473.15000000,699.00000000,,,,,155.00000000,10.3390/e21010015,2018,"Effects of Mo, Nb, Ta, Ti, and Zr on Mechanical Properties of Equiatomic Hf-Mo-Nb-Ta-Ti-Zr Alloys",HfTaTiNbMo,1.63287314,1.63059560,2676.60000000,18.22820008,3.31582240,0.20000000,0.20000000,0.20000000,0.20000000,0.20000000,0.00000000,0.00000000,0.00000000,0.00000000,0.00000000,0.00000000,0.00000000,0.00000000,0.00000000,0.00013869,3.09012376,180.71553924,0.07362192,0.03646900,-0.06645961,0.00244900,-0.03463636,-0.03470392,-0.07178927,0.07469424,0.23341703,0.24231096,119.23025200,4.80000000,1.62000000,0.15872279,171.80000000,61.00000000,162.80000000,0.34800000,2.61960000,2.81060000,1.10920000,3.49248000,0.98900000,1.04221020,0.15200000,10.86155658,0.03901897,0.12162619,0.56977532,0.55543202,0.02916676,0.00879751,0.08759775,0.02656454,0.35563650,0.10025706,0.35664531,0.09822612,17.51667723,6.68677555,0.37753856,2.06748466,0.08854565,151.58009512,0.55038108,1918.49505455,2.63543829,467.62920355,13.84936564,0.27174384,0.27164590,2.72495411,18.47535121,1.70140000,10.29544918,603.41299510
57,HfTaTiNbMo,BCC,CAST,,,1,1073.15000000,822.00000000,,,,,155.00000000,10.3390/e21010015,2018,"Effects of Mo, Nb, Ta, Ti, and Zr on Mechanical Properties of Equiatomic Hf-Mo-Nb-Ta-Ti-Zr Alloys",HfTaTiNbMo,1.63287314,1.63059560,2676.60000000,18.22820008,3.31582240,0.20000000,0.20000000,0.20000000,0.20000000,0.20000000,0.00000000,0.00000000,0.00000000,0.00000000,0.00000000,0.00000000,0.00000000,0.00000000,0.00000000,0.00013869,3.09012376,180.71553924,0.07362192,0.03646900,-0.06645961,0.00244900,-0.03463636,-0.03470392,-0.07178927,0.07469424,0.23341703,0.24231096,119.23025200,4.80000000,1.62000000,0.15872279,171.80000000,61.00000000,162.80000000,0.34800000,2.61960000,2.81060000,1.10920000,3.49248000,0.98900000,1.04221020,0.15200000,10.86155658,0.03901897,0.12162619,0.56977532,0.55543202,0.02916676,0.00879751,0.08759775,0.02656454,0.35563650,0.10025706,0.35664531,0.09822612,17.51667723,6.68677555,0.37753856,2.06748466,0.08854565,151.58009512,0.40093776,1918.49505455,2.63543829,686.06254840,13.84936564,0.27174384,0.27164590,2.72495411,18.47535121,1.70140000,10.29544918,914.57686616
58,HfTaTiNbMo,BCC,CAST,,,1,298.15000000,1369.00000000,,27.00000000,,,155.00000000,10.3390/e21010015,2018,"Effects of Mo, Nb, Ta, Ti, and Zr on Mechanical Properties of Equiatomic Hf-Mo-Nb-Ta-Ti-Zr Alloys",HfTaTiNbMo,1.63287314,1.63059560,2676.60000000,18.22820008,3.31582240,0.20000000,0.20000000,0.20000000,0.20000000,0.20000000,0.00000000,0.00000000,0.00000000,0.00000000,0.00000000,0.00000000,0.00000000,0.00000000,0.00000000,0.00013869,3.09012376,180.71553924,0.07362192,0.03646900,-0.06645961,0.00244900,-0.03463636,-0.03470392,-0.07178927,0.07469424,0.23341703,0.24231096,119.23025200,4.80000000,1.62000000,0.15872279,171.80000000,61.00000000,162.80000000,0.34800000,2.61960000,2.81060000,1.10920000,3.49248000,0.98900000,1.04221020,0.15200000,10.86155658,0.03901897,0.12162619,0.56977532,0.55543202,0.02916676,0.00879751,0.08759775,0.02656454,0.35563650,0.10025706,0.35664531,0.09822612,17.51667723,6.68677555,0.37753856,2.06748466,0.08854565,151.58009512,0.11139132,1918.49505455,2.63543829,1359.84517689,13.84936564,0.27174384,0.27164590,2.72495411,18.47535121,1.70140000,10.29544918,1447.07298118
59,HfTaTiNbMo,BCC,CAST,,,1,1700.00000000,353.99274128,,,,,155.00000000,10.3390/e21010015,2018,"Effects of Mo, Nb, Ta, Ti, and Zr on Mechanical Properties of Equiatomic Hf-Mo-Nb-Ta-Ti-Zr Alloys",HfTaTiNbMo,1.63287314,1.63059560,2676.60000000,18.22820008,3.31582240,0.20000000,0.20000000,0.20000000,0.20000000,0.20000000,0.00000000,0.00000000,0.00000000,0.00000000,0.00000000,0.00000000,0.00000000,0.00000000,0.00000000,0.00013869,3.09012376,180.71553924,0.07362192,0.03646900,-0.06645961,0.00244900,-0.03463636,-0.03470392,-0.07178927,0.07469424,0.23341703,0.24231096,119.23025200,4.80000000,1.62000000,0.15872279,171.80000000,61.00000000,162.80000000,0.34800000,2.61960000,2.81060000,1.10920000,3.49248000,0.98900000,1.04221020,0.15200000,10.86155658,0.03901897,0.12162619,0.56977532,0.55543202,0.02916676,0.00879751,0.08759775,0.02656454,0.35563650,0.10025706,0.35664531,0.09822612,17.51667723,6.68677555,0.37753856,2.06748466,0.08854565,151.58009512,0.63513413,1918.49505455,2.63543829,376.26759194,13.84936564,0.27174384,0.27164590,2.72495411,18.47535121,1.70140000,10.29544918,317.32581302
60,HfZr2(Ti2V)2,BCC,CAST,,3.31534000,1,1100.00000000,68.92750836,,50.00000000,,,100.00000000,10.1007/s40195-019-00921-3,2019,A Novel Series of Refractory High-Entropy Alloys Ti2ZrHf0.5VNbx with High Specific Yield Strength and Good Ductility,HfZr2(Ti2V)2,1.63701461,1.64122426,2099.11111111,18.36121387,3.32386820,0.11100000,0.22200000,0.44400000,0.22200000,0.00000000,0.00000000,0.00000000,0.00000000,0.00000000,0.00000000,0.00000000,0.00000000,0.00000000,0.00000000,0.00010968,3.10310100,129.57520271,0.26980979,0.20752275,0.02453994,0.07486214,0.03169002,0.01257510,-0.03059701,-0.00227026,0.03460376,0.00775991,72.69877778,4.22222222,1.48666667,0.03687402,115.55555556,40.66666667,103.55555556,0.34111111,2.20411111,2.51733333,0.57322222,4.91088889,0.46000000,0.98245467,-0.02222222,6.57468748,0.06225389,0.18699782,0.15465543,0.23077900,0.04831606,0.01587767,0.14222839,0.04711839,0.12733983,0.04678038,0.19522336,0.07199446,11.70612083,5.31103935,0.20870091,2.03541315,0.21367135,3.07532346,0.52403134,2222.77613755,2.33309459,675.77616906,47.34806346,13.78454605,10.34946848,5.44237784,47.47807456,1.94411111,6.02132294,87.29100237
61,HfZr2(Ti2V)2,BCC,CAST,,3.31534000,1,1400.00000000,6.62732751,,50.00000000,,,100.00000000,10.1007/s40195-019-00921-3,2019,A Novel Series of Refractory High-Entropy Alloys Ti2ZrHf0.5VNbx with High Specific Yield Strength and Good Ductility,HfZr2(Ti2V)2,1.63701461,1.64122426,2099.11111111,18.36121387,3.32386820,0.11100000,0.22200000,0.44400000,0.22200000,0.00000000,0.00000000,0.00000000,0.00000000,0.00000000,0.00000000,0.00000000,0.00000000,0.00000000,0.00000000,0.00010968,3.10310100,129.57520271,0.26980979,0.20752275,0.02453994,0.07486214,0.03169002,0.01257510,-0.03059701,-0.00227026,0.03460376,0.00775991,72.69877778,4.22222222,1.48666667,0.03687402,115.55555556,40.66666667,103.55555556,0.34111111,2.20411111,2.51733333,0.57322222,4.91088889,0.46000000,0.98245467,-0.02222222,6.57468748,0.06225389,0.18699782,0.15465543,0.23077900,0.04831606,0.01587767,0.14222839,0.04711839,0.12733983,0.04678038,0.19522336,0.07199446,11.70612083,5.31103935,0.20870091,2.03541315,0.21367135,3.07532346,0.66694897,2222.77613755,2.33309459,488.40212953,47.34806346,13.78454605,10.34946848,5.44237784,47.47807456,1.94411111,6.02132294,19.08338212
62,HfZr2(Ti2V)2,BCC,CAST,,3.31534000,1,298.15000000,1160.00000000,,50.00000000,,,100.00000000,10.1007/s40195-019-00921-3,2019,A Novel Series of Refractory High-Entropy Alloys Ti2ZrHf0.5VNbx with High Specific Yield Strength and Good Ductility,HfZr2(Ti2V)2,1.63701461,1.64122426,2099.11111111,18.36121387,3.32386820,0.11100000,0.22200000,0.44400000,0.22200000,0.00000000,0.00000000,0.00000000,0.00000000,0.00000000,0.00000000,0.00000000,0.00000000,0.00000000,0.00000000,0.00010968,3.10310100,129.57520271,0.26980979,0.20752275,0.02453994,0.07486214,0.03169002,0.01257510,-0.03059701,-0.00227026,0.03460376,0.00775991,72.69877778,4.22222222,1.48666667,0.03687402,115.55555556,40.66666667,103.55555556,0.34111111,2.20411111,2.51733333,0.57322222,4.91088889,0.46000000,0.98245467,-0.02222222,6.57468748,0.06225389,0.18699782,0.15465543,0.23077900,0.04831606,0.01587767,0.14222839,0.04711839,0.12733983,0.04678038,0.19522336,0.07199446,11.70612083,5.31103935,0.20870091,2.03541315,0.21367135,3.07532346,0.14203631,2222.77613755,2.33309459,1520.74708170,47.34806346,13.78454605,10.34946848,5.44237784,47.47807456,1.94411111,6.02132294,1159.41288995
63,HfZr2(Ti2V)2,BCC,CAST,,3.31534000,1,873.15000000,405.00000000,,50.00000000,,,100.00000000,10.1007/s40195-019-00921-3,2019,A Novel Series of Refractory High-Entropy Alloys Ti2ZrHf0.5VNbx with High Specific Yield Strength and Good Ductility,HfZr2(Ti2V)2,1.63701461,1.64122426,2099.11111111,18.36121387,3.32386820,0.11100000,0.22200000,0.44400000,0.22200000,0.00000000,0.00000000,0.00000000,0.00000000,0.00000000,0.00000000,0.00000000,0.00000000,0.00000000,0.00000000,0.00010968,3.10310100,129.57520271,0.26980979,0.20752275,0.02453994,0.07486214,0.03169002,0.01257510,-0.03059701,-0.00227026,0.03460376,0.00775991,72.69877778,4.22222222,1.48666667,0.03687402,115.55555556,40.66666667,103.55555556,0.34111111,2.20411111,2.51733333,0.57322222,4.91088889,0.46000000,0.98245467,-0.02222222,6.57468748,0.06225389,0.18699782,0.15465543,0.23077900,0.04831606,0.01587767,0.14222839,0.04711839,0.12733983,0.04678038,0.19522336,0.07199446,11.70612083,5.31103935,0.20870091,2.03541315,0.21367135,3.07532346,0.41596178,2222.77613755,2.33309459,863.85633289,47.34806346,13.78454605,10.34946848,5.44237784,47.47807456,1.94411111,6.02132294,518.42805147
64,HfZr2(Ti2V)2,BCC,CAST,,3.31534000,1,1073.15000000,85.00000000,,50.00000000,,,100.00000000,10.1007/s40195-019-00921-3,2019,A Novel Series of Refractory High-Entropy Alloys Ti2ZrHf0.5VNbx with High Specific Yield Strength and Good Ductility,HfZr2(Ti2V)2,1.63701461,1.64122426,2099.11111111,18.36121387,3.32386820,0.11100000,0.22200000,0.44400000,0.22200000,0.00000000,0.00000000,0.00000000,0.00000000,0.00000000,0.00000000,0.00000000,0.00000000,0.00000000,0.00000000,0.00010968,3.10310100,129.57520271,0.26980979,0.20752275,0.02453994,0.07486214,0.03169002,0.01257510,-0.03059701,-0.00227026,0.03460376,0.00775991,72.69877778,4.22222222,1.48666667,0.03687402,115.55555556,40.66666667,103.55555556,0.34111111,2.20411111,2.51733333,0.57322222,4.91088889,0.46000000,0.98245467,-0.02222222,6.57468748,0.06225389,0.18699782,0.15465543,0.23077900,0.04831606,0.01587767,0.14222839,0.04711839,0.12733983,0.04678038,0.19522336,0.07199446,11.70612083,5.31103935,0.20870091,2.03541315,0.21367135,3.07532346,0.51124021,2222.77613755,2.33309459,695.70422203,47.34806346,13.78454605,10.34946848,5.44237784,47.47807456,1.94411111,6.02132294,87.29100237
65,HfZr2Ti4(NbV)2,BCC,CAST,,3.04192000,1,1100.00000000,159.80235518,,50.00000000,,,101.00000000,10.1007/s40195-019-00921-3,2019,A Novel Series of Refractory High-Entropy Alloys Ti2ZrHf0.5VNbx with High Specific Yield Strength and Good Ductility,HfZr2Ti4(NbV)2,1.63488862,1.63870480,2217.45454545,18.29103629,3.31962813,0.09100000,0.18200000,0.36400000,0.18200000,0.18200000,0.00000000,0.00000000,0.00000000,0.00000000,0.00000000,0.00000000,0.00000000,0.00000000,0.00000000,0.00013066,3.09921541,138.09331333,0.22048854,0.16952642,0.02189035,0.05570418,0.01391268,0.00474206,-0.03704945,0.00331424,0.07790914,0.07150708,76.37288727,4.36363636,1.50727273,0.07459489,125.45454545,40.18181818,103.81818182,0.35181818,2.28609091,2.54781818,0.69263636,4.42818182,0.52727273,0.90238218,0.03636364,6.93346443,0.05646238,0.17020814,0.14387433,0.20828854,0.04325630,0.01176205,0.12752845,0.03491298,0.11613498,0.03689876,0.17544846,0.05398396,11.55179974,5.05307978,0.23064382,2.08555399,0.16347167,5.20119213,0.49606428,2001.26037681,2.19214212,563.58861350,44.64890799,14.40626845,17.21541868,1.24045007,45.97184281,1.85518182,6.22677498,191.20609510
66,HfZr2Ti4(NbV)2,BCC,CAST,,3.04192000,1,1400.00000000,17.28404335,,50.00000000,,,101.00000000,10.1007/s40195-019-00921-3,2019,A Novel Series of Refractory High-Entropy Alloys Ti2ZrHf0.5VNbx with High Specific Yield Strength and Good Ductility,HfZr2Ti4(NbV)2,1.63488862,1.63870480,2217.45454545,18.29103629,3.31962813,0.09100000,0.18200000,0.36400000,0.18200000,0.18200000,0.00000000,0.00000000,0.00000000,0.00000000,0.00000000,0.00000000,0.00000000,0.00000000,0.00000000,0.00013066,3.09921541,138.09331333,0.22048854,0.16952642,0.02189035,0.05570418,0.01391268,0.00474206,-0.03704945,0.00331424,0.07790914,0.07150708,76.37288727,4.36363636,1.50727273,0.07459489,125.45454545,40.18181818,103.81818182,0.35181818,2.28609091,2.54781818,0.69263636,4.42818182,0.52727273,0.90238218,0.03636364,6.93346443,0.05646238,0.17020814,0.14387433,0.20828854,0.04325630,0.01176205,0.12752845,0.03491298,0.11613498,0.03689876,0.17544846,0.05398396,11.55179974,5.05307978,0.23064382,2.08555399,0.16347167,5.20119213,0.63135454,2001.26037681,2.19214212,398.90465544,44.64890799,14.40626845,17.21541868,1.24045007,45.97184281,1.85518182,6.22677498,39.04581073
67,HfZr2Ti4(NbV)2,BCC,CAST,,3.04192000,1,1073.15000000,195.00000000,,50.00000000,,,101.00000000,10.1007/s40195-019-00921-3,2019,A Novel Series of Refractory High-Entropy Alloys Ti2ZrHf0.5VNbx with High Specific Yield Strength and Good Ductility,HfZr2Ti4(NbV)2,1.63488862,1.63870480,2217.45454545,18.29103629,3.31962813,0.09100000,0.18200000,0.36400000,0.18200000,0.18200000,0.00000000,0.00000000,0.00000000,0.00000000,0.00000000,0.00000000,0.00000000,0.00000000,0.00000000,0.00013066,3.09921541,138.09331333,0.22048854,0.16952642,0.02189035,0.05570418,0.01391268,0.00474206,-0.03704945,0.00331424,0.07790914,0.07150708,76.37288727,4.36363636,1.50727273,0.07459489,125.45454545,40.18181818,103.81818182,0.35181818,2.28609091,2.54781818,0.69263636,4.42818182,0.52727273,0.90238218,0.03636364,6.93346443,0.05646238,0.17020814,0.14387433,0.20828854,0.04325630,0.01176205,0.12752845,0.03491298,0.11613498,0.03689876,0.17544846,0.05398396,11.55179974,5.05307978,0.23064382,2.08555399,0.16347167,5.20119213,0.48395581,2001.26037681,2.19214212,581.29360232,44.64890799,14.40626845,17.21541868,1.24045007,45.97184281,1.85518182,6.22677498,212.53834415
68,HfZr2Ti4(NbV)2,BCC,CAST,,3.04192000,1,873.15000000,859.00000000,,50.00000000,,,101.00000000,10.1007/s40195-019-00921-3,2019,A Novel Series of Refractory High-Entropy Alloys Ti2ZrHf0.5VNbx with High Specific Yield Strength and Good Ductility,HfZr2Ti4(NbV)2,1.63488862,1.63870480,2217.45454545,18.29103629,3.31962813,0.09100000,0.18200000,0.36400000,0.18200000,0.18200000,0.00000000,0.00000000,0.00000000,0.00000000,0.00000000,0.00000000,0.00000000,0.00000000,0.00000000,0.00013066,3.09921541,138.09331333,0.22048854,0.16952642,0.02189035,0.05570418,0.01391268,0.00474206,-0.03704945,0.00331424,0.07790914,0.07150708,76.37288727,4.36363636,1.50727273,0.07459489,125.45454545,40.18181818,103.81818182,0.35181818,2.28609091,2.54781818,0.69263636,4.42818182,0.52727273,0.90238218,0.03636364,6.93346443,0.05646238,0.17020814,0.14387433,0.20828854,0.04325630,0.01176205,0.12752845,0.03491298,0.11613498,0.03689876,0.17544846,0.05398396,11.55179974,5.05307978,0.23064382,2.08555399,0.16347167,5.20119213,0.39376230,2001.26037681,2.19214212,731.90988631,44.64890799,14.40626845,17.21541868,1.24045007,45.97184281,1.85518182,6.22677498,770.46742382
69,HfZr2Ti4(NbV)2,BCC,CAST,,3.04192000,1,298.15000000,980.00000000,,50.00000000,,,101.00000000,10.1007/s40195-019-00921-3,2019,A Novel Series of Refractory High-Entropy Alloys Ti2ZrHf0.5VNbx with High Specific Yield Strength and Good Ductility,HfZr2Ti4(NbV)2,1.63488862,1.63870480,2217.45454545,18.29103629,3.31962813,0.09100000,0.18200000,0.36400000,0.18200000,0.18200000,0.00000000,0.00000000,0.00000000,0.00000000,0.00000000,0.00000000,0.00000000,0.00000000,0.00000000,0.00013066,3.09921541,138.09331333,0.22048854,0.16952642,0.02189035,0.05570418,0.01391268,0.00474206,-0.03704945,0.00331424,0.07790914,0.07150708,76.37288727,4.36363636,1.50727273,0.07459489,125.45454545,40.18181818,103.81818182,0.35181818,2.28609091,2.54781818,0.69263636,4.42818182,0.52727273,0.90238218,0.03636364,6.93346443,0.05646238,0.17020814,0.14387433,0.20828854,0.04325630,0.01176205,0.12752845,0.03491298,0.11613498,0.03689876,0.17544846,0.05398396,11.55179974,5.05307978,0.23064382,2.08555399,0.16347167,5.20119213,0.13445597,2001.26037681,2.19214212,1342.38180470,44.64890799,14.40626845,17.21541868,1.24045007,45.97184281,1.85518182,6.22677498,1031.26641930
70,HfZr2Ti4NbV2,BCC,CAST,,3.16050000,1,298.15000000,1065.00000000,,50.00000000,,,100.00000000,10.1007/s40195-019-00921-3,2019,A Novel Series of Refractory High-Entropy Alloys Ti2ZrHf0.5VNbx with High Specific Yield Strength and Good Ductility,HfZr2Ti4NbV2,1.63584532,1.63966499,2164.20000000,18.32259403,3.32153616,0.10000000,0.20000000,0.40000000,0.10000000,0.20000000,0.00000000,0.00000000,0.00000000,0.00000000,0.00000000,0.00000000,0.00000000,0.00000000,0.00000000,0.00012674,3.09947496,134.26016355,0.23425392,0.17819559,0.02254235,0.06451750,0.02278746,0.00845917,-0.03327087,-0.00233956,0.05528094,0.04279618,74.71953800,4.30000000,1.49800000,0.05762050,121.00000000,40.40000000,103.70000000,0.34700000,2.24920000,2.53410000,0.63890000,4.64540000,0.49700000,0.93841480,0.01000000,6.77168289,0.05914802,0.17801382,0.14900908,0.21867116,0.04559515,0.01356318,0.13433282,0.04025457,0.12141053,0.04127667,0.18462261,0.06187667,11.62120017,5.16681494,0.22096746,2.06278714,0.17059163,4.25156480,0.13776453,2105.05701463,2.25825707,1425.59914084,44.31223552,11.36286713,9.72153960,1.05938361,48.97782194,1.89520000,6.13191229,1071.77300341
71,HfZr2Ti4NbV2,BCC,CAST,,3.16050000,1,1100.00000000,107.86892987,,50.00000000,,,100.00000000,10.1007/s40195-019-00921-3,2019,A Novel Series of Refractory High-Entropy Alloys Ti2ZrHf0.5VNbx with High Specific Yield Strength and Good Ductility,HfZr2Ti4NbV2,1.63584532,1.63966499,2164.20000000,18.32259403,3.32153616,0.10000000,0.20000000,0.40000000,0.10000000,0.20000000,0.00000000,0.00000000,0.00000000,0.00000000,0.00000000,0.00000000,0.00000000,0.00000000,0.00000000,0.00012674,3.09947496,134.26016355,0.23425392,0.17819559,0.02254235,0.06451750,0.02278746,0.00845917,-0.03327087,-0.00233956,0.05528094,0.04279618,74.71953800,4.30000000,1.49800000,0.05762050,121.00000000,40.40000000,103.70000000,0.34700000,2.24920000,2.53410000,0.63890000,4.64540000,0.49700000,0.93841480,0.01000000,6.77168289,0.05914802,0.17801382,0.14900908,0.21867116,0.04559515,0.01356318,0.13433282,0.04025457,0.12141053,0.04127667,0.18462261,0.06187667,11.62120017,5.16681494,0.22096746,2.06278714,0.17059163,4.25156480,0.50827095,2105.05701463,2.25825707,615.22618333,44.31223552,11.36286713,9.72153960,1.05938361,48.97782194,1.89520000,6.13191229,149.62495474
72,HfZr2Ti4NbV2,BCC,CAST,,3.16050000,1,1073.15000000,135.00000000,,50.00000000,,,100.00000000,10.1007/s40195-019-00921-3,2019,A Novel Series of Refractory High-Entropy Alloys Ti2ZrHf0.5VNbx with High Specific Yield Strength and Good Ductility,HfZr2Ti4NbV2,1.63584532,1.63966499,2164.20000000,18.32259403,3.32153616,0.10000000,0.20000000,0.40000000,0.10000000,0.20000000,0.00000000,0.00000000,0.00000000,0.00000000,0.00000000,0.00000000,0.00000000,0.00000000,0.00000000,0.00012674,3.09947496,134.26016355,0.23425392,0.17819559,0.02254235,0.06451750,0.02278746,0.00845917,-0.03327087,-0.00233956,0.05528094,0.04279618,74.71953800,4.30000000,1.49800000,0.05762050,121.00000000,40.40000000,103.70000000,0.34700000,2.24920000,2.53410000,0.63890000,4.64540000,0.49700000,0.93841480,0.01000000,6.77168289,0.05914802,0.17801382,0.14900908,0.21867116,0.04559515,0.01356318,0.13433282,0.04025457,0.12141053,0.04127667,0.18462261,0.06187667,11.62120017,5.16681494,0.22096746,2.06278714,0.17059163,4.25156480,0.49586452,2105.05701463,2.25825707,633.97897561,44.31223552,11.36286713,9.72153960,1.05938361,48.97782194,1.89520000,6.13191229,157.91045195
73,HfZr2Ti4NbV2,BCC,CAST,,3.16050000,1,873.15000000,718.00000000,,50.00000000,,,100.00000000,10.1007/s40195-019-00921-3,2019,A Novel Series of Refractory High-Entropy Alloys Ti2ZrHf0.5VNbx with High Specific Yield Strength and Good Ductility,HfZr2Ti4NbV2,1.63584532,1.63966499,2164.20000000,18.32259403,3.32153616,0.10000000,0.20000000,0.40000000,0.10000000,0.20000000,0.00000000,0.00000000,0.00000000,0.00000000,0.00000000,0.00000000,0.00000000,0.00000000,0.00000000,0.00012674,3.09947496,134.26016355,0.23425392,0.17819559,0.02254235,0.06451750,0.02278746,0.00845917,-0.03327087,-0.00233956,0.05528094,0.04279618,74.71953800,4.30000000,1.49800000,0.05762050,121.00000000,40.40000000,103.70000000,0.34700000,2.24920000,2.53410000,0.63890000,4.64540000,0.49700000,0.93841480,0.01000000,6.77168289,0.05914802,0.17801382,0.14900908,0.21867116,0.04559515,0.01356318,0.13433282,0.04025457,0.12141053,0.04127667,0.18462261,0.06187667,11.62120017,5.16681494,0.22096746,2.06278714,0.17059163,4.25156480,0.40345162,2105.05701463,2.25825707,792.87990452,44.31223552,11.36286713,9.72153960,1.05938361,48.97782194,1.89520000,6.13191229,678.28032669
74,HfZr2Ti4NbV2,BCC,CAST,,3.16050000,1,1400.00000000,8.79448387,,50.00000000,,,100.00000000,10.1007/s40195-019-00921-3,2019,A Novel Series of Refractory High-Entropy Alloys Ti2ZrHf0.5VNbx with High Specific Yield Strength and Good Ductility,HfZr2Ti4NbV2,1.63584532,1.63966499,2164.20000000,18.32259403,3.32153616,0.10000000,0.20000000,0.40000000,0.10000000,0.20000000,0.00000000,0.00000000,0.00000000,0.00000000,0.00000000,0.00000000,0.00000000,0.00000000,0.00000000,0.00012674,3.09947496,134.26016355,0.23425392,0.17819559,0.02254235,0.06451750,0.02278746,0.00845917,-0.03327087,-0.00233956,0.05528094,0.04279618,74.71953800,4.30000000,1.49800000,0.05762050,121.00000000,40.40000000,103.70000000,0.34700000,2.24920000,2.53410000,0.63890000,4.64540000,0.49700000,0.93841480,0.01000000,6.77168289,0.05914802,0.17801382,0.14900908,0.21867116,0.04559515,0.01356318,0.13433282,0.04025457,0.12141053,0.04127667,0.18462261,0.06187667,11.62120017,5.16681494,0.22096746,2.06278714,0.17059163,4.25156480,0.64689031,2105.05701463,2.25825707,439.88178398,44.31223552,11.36286713,9.72153960,1.05938361,48.97782194,1.89520000,6.13191229,26.51412690
75,HfZrTaNbMo,BCC,CAST,,,1,1700.00000000,262.46347180,,,,,141.00000000,10.3390/e21010015,2018,"Effects of Mo, Nb, Ta, Ti, and Zr on Mechanical Properties of Equiatomic Hf-Mo-Nb-Ta-Ti-Zr Alloys",HfZrTaNbMo,1.66411807,1.65990718,2714.00000000,19.29290418,3.37916346,0.20000000,0.20000000,0.20000000,0.20000000,0.20000000,0.00000000,0.00000000,0.00000000,0.00000000,0.00000000,0.00000000,0.00000000,0.00000000,0.00000000,0.00013869,3.14287968,177.37065726,0.09007462,0.05799288,-0.03122316,0.02170854,-0.01462408,-0.01037321,-0.04670582,0.05648054,0.22109894,0.24546232,127.90165200,4.80000000,1.57800000,0.16461840,168.60000000,58.80000000,153.00000000,0.35200000,2.59960000,2.72960000,1.09900000,3.41088000,0.96000000,0.97663320,0.15600000,11.00849477,0.04997143,0.15073003,0.61369820,0.63630732,0.03887470,0.00963185,0.11594333,0.02845751,0.37653403,0.10563930,0.40869708,0.10844692,17.20747546,6.61927814,0.36928758,2.08641975,0.14488578,17.33909104,0.62638172,2491.82536835,3.12110858,629.71053202,11.00689328,0.08257587,0.09811205,2.72495411,10.96884005,1.63060000,10.55284892,268.01370466
76,HfZrTaNbMo,BCC,CAST,,,1,1473.15000000,694.00000000,,,,,141.00000000,10.3390/e21010015,2018,"Effects of Mo, Nb, Ta, Ti, and Zr on Mechanical Properties of Equiatomic Hf-Mo-Nb-Ta-Ti-Zr Alloys",HfZrTaNbMo,1.66411807,1.65990718,2714.00000000,19.29290418,3.37916346,0.20000000,0.20000000,0.20000000,0.20000000,0.20000000,0.00000000,0.00000000,0.00000000,0.00000000,0.00000000,0.00000000,0.00000000,0.00000000,0.00000000,0.00013869,3.14287968,177.37065726,0.09007462,0.05799288,-0.03122316,0.02170854,-0.01462408,-0.01037321,-0.04670582,0.05648054,0.22109894,0.24546232,127.90165200,4.80000000,1.57800000,0.16461840,168.60000000,58.80000000,153.00000000,0.35200000,2.59960000,2.72960000,1.09900000,3.41088000,0.96000000,0.97663320,0.15600000,11.00849477,0.04997143,0.15073003,0.61369820,0.63630732,0.03887470,0.00963185,0.11594333,0.02845751,0.37653403,0.10563930,0.40869708,0.10844692,17.20747546,6.61927814,0.36928758,2.08641975,0.14488578,17.33909104,0.54279661,2491.82536835,3.12110858,756.58129402,11.00689328,0.08257587,0.09811205,2.72495411,10.96884005,1.63060000,10.55284892,610.47726880
77,HfZrTaNbMo,BCC,CAST,,,1,1673.15000000,278.00000000,,,,,141.00000000,10.3390/e21010015,2018,"Effects of Mo, Nb, Ta, Ti, and Zr on Mechanical Properties of Equiatomic Hf-Mo-Nb-Ta-Ti-Zr Alloys",HfZrTaNbMo,1.66411807,1.65990718,2714.00000000,19.29290418,3.37916346,0.20000000,0.20000000,0.20000000,0.20000000,0.20000000,0.00000000,0.00000000,0.00000000,0.00000000,0.00000000,0.00000000,0.00000000,0.00000000,0.00000000,0.00013869,3.14287968,177.37065726,0.09007462,0.05799288,-0.03122316,0.02170854,-0.01462408,-0.01037321,-0.04670582,0.05648054,0.22109894,0.24546232,127.90165200,4.80000000,1.57800000,0.16461840,168.60000000,58.80000000,153.00000000,0.35200000,2.59960000,2.72960000,1.09900000,3.41088000,0.96000000,0.97663320,0.15600000,11.00849477,0.04997143,0.15073003,0.61369820,0.63630732,0.03887470,0.00963185,0.11594333,0.02845751,0.37653403,0.10563930,0.40869708,0.10844692,17.20747546,6.61927814,0.36928758,2.08641975,0.14488578,17.33909104,0.61648858,2491.82536835,3.12110858,643.54066366,11.00689328,0.08257587,0.09811205,2.72495411,10.96884005,1.63060000,10.55284892,296.35188919
78,HfZrTaNbMo,BCC,CAST,,,1,1273.15000000,927.00000000,,,,,141.00000000,10.3390/e21010015,2018,"Effects of Mo, Nb, Ta, Ti, and Zr on Mechanical Properties of Equiatomic Hf-Mo-Nb-Ta-Ti-Zr Alloys",HfZrTaNbMo,1.66411807,1.65990718,2714.00000000,19.29290418,3.37916346,0.20000000,0.20000000,0.20000000,0.20000000,0.20000000,0.00000000,0.00000000,0.00000000,0.00000000,0.00000000,0.00000000,0.00000000,0.00000000,0.00000000,0.00013869,3.14287968,177.37065726,0.09007462,0.05799288,-0.03122316,0.02170854,-0.01462408,-0.01037321,-0.04670582,0.05648054,0.22109894,0.24546232,127.90165200,4.80000000,1.57800000,0.16461840,168.60000000,58.80000000,153.00000000,0.35200000,2.59960000,2.72960000,1.09900000,3.41088000,0.96000000,0.97663320,0.15600000,11.00849477,0.04997143,0.15073003,0.61369820,0.63630732,0.03887470,0.00963185,0.11594333,0.02845751,0.37653403,0.10563930,0.40869708,0.10844692,17.20747546,6.61927814,0.36928758,2.08641975,0.14488578,17.33909104,0.46910464,2491.82536835,3.12110858,889.47798762,11.00689328,0.08257587,0.09811205,2.72495411,10.96884005,1.63060000,10.55284892,868.31606837
79,HfZrTaNbMo,BCC,CAST,,,1,1073.15000000,1005.00000000,,,,,141.00000000,10.3390/e21010015,2018,"Effects of Mo, Nb, Ta, Ti, and Zr on Mechanical Properties of Equiatomic Hf-Mo-Nb-Ta-Ti-Zr Alloys",HfZrTaNbMo,1.66411807,1.65990718,2714.00000000,19.29290418,3.37916346,0.20000000,0.20000000,0.20000000,0.20000000,0.20000000,0.00000000,0.00000000,0.00000000,0.00000000,0.00000000,0.00000000,0.00000000,0.00000000,0.00000000,0.00013869,3.14287968,177.37065726,0.09007462,0.05799288,-0.03122316,0.02170854,-0.01462408,-0.01037321,-0.04670582,0.05648054,0.22109894,0.24546232,127.90165200,4.80000000,1.57800000,0.16461840,168.60000000,58.80000000,153.00000000,0.35200000,2.59960000,2.72960000,1.09900000,3.41088000,0.96000000,0.97663320,0.15600000,11.00849477,0.04997143,0.15073003,0.61369820,0.63630732,0.03887470,0.00963185,0.11594333,0.02845751,0.37653403,0.10563930,0.40869708,0.10844692,17.20747546,6.61927814,0.36928758,2.08641975,0.14488578,17.33909104,0.39541268,2491.82536835,3.12110858,1045.71854567,11.00689328,0.08257587,0.09811205,2.72495411,10.96884005,1.63060000,10.55284892,1029.53046346
80,HfZrTaNbMo,BCC,CAST,,,1,298.15000000,1524.00000000,,16.00000000,,,141.00000000,10.3390/e21010015,2018,"Effects of Mo, Nb, Ta, Ti, and Zr on Mechanical Properties of Equiatomic Hf-Mo-Nb-Ta-Ti-Zr Alloys",HfZrTaNbMo,1.66411807,1.65990718,2714.00000000,19.29290418,3.37916346,0.20000000,0.20000000,0.20000000,0.20000000,0.20000000,0.00000000,0.00000000,0.00000000,0.00000000,0.00000000,0.00000000,0.00000000,0.00000000,0.00000000,0.00013869,3.14287968,177.37065726,0.09007462,0.05799288,-0.03122316,0.02170854,-0.01462408,-0.01037321,-0.04670582,0.05648054,0.22109894,0.24546232,127.90165200,4.80000000,1.57800000,0.16461840,168.60000000,58.80000000,153.00000000,0.35200000,2.59960000,2.72960000,1.09900000,3.41088000,0.96000000,0.97663320,0.15600000,11.00849477,0.04997143,0.15073003,0.61369820,0.63630732,0.03887470,0.00963185,0.11594333,0.02845751,0.37653403,0.10563930,0.40869708,0.10844692,17.20747546,6.61927814,0.36928758,2.08641975,0.14488578,17.33909104,0.10985630,2491.82536835,3.12110858,1843.60011922,11.00689328,0.08257587,0.09811205,2.72495411,10.96884005,1.63060000,10.55284892,1551.77868124
81,HfZrTaNbMo,BCC,CAST,,,1,2000.00000000,138.04104437,,,,,141.00000000,10.3390/e21010015,2018,"Effects of Mo, Nb, Ta, Ti, and Zr on Mechanical Properties of Equiatomic Hf-Mo-Nb-Ta-Ti-Zr Alloys",HfZrTaNbMo,1.66411807,1.65990718,2714.00000000,19.29290418,3.37916346,0.20000000,0.20000000,0.20000000,0.20000000,0.20000000,0.00000000,0.00000000,0.00000000,0.00000000,0.00000000,0.00000000,0.00000000,0.00000000,0.00000000,0.00013869,3.14287968,177.37065726,0.09007462,0.05799288,-0.03122316,0.02170854,-0.01462408,-0.01037321,-0.04670582,0.05648054,0.22109894,0.24546232,127.90165200,4.80000000,1.57800000,0.16461840,168.60000000,58.80000000,153.00000000,0.35200000,2.59960000,2.72960000,1.09900000,3.41088000,0.96000000,0.97663320,0.15600000,11.00849477,0.04997143,0.15073003,0.61369820,0.63630732,0.03887470,0.00963185,0.11594333,0.02845751,0.37653403,0.10563930,0.40869708,0.10844692,17.20747546,6.61927814,0.36928758,2.08641975,0.14488578,17.33909104,0.73691968,2491.82536835,3.12110858,493.99385766,11.00689328,0.08257587,0.09811205,2.72495411,10.96884005,1.63060000,10.55284892,163.68942832
82,HfZrTaTiMo,BCC,CAST,,,1,298.15000000,1600.00000000,,4.00000000,,,143.00000000,10.3390/e21010015,2018,"Effects of Mo, Nb, Ta, Ti, and Zr on Mechanical Properties of Equiatomic Hf-Mo-Nb-Ta-Ti-Zr Alloys",HfZrTaTiMo,1.66200028,1.65648758,2552.20000000,19.22602376,3.37525423,0.20000000,0.20000000,0.20000000,0.20000000,0.20000000,0.00000000,0.00000000,0.00000000,0.00000000,0.00000000,0.00000000,0.00000000,0.00000000,0.00000000,0.00013869,3.13830819,164.38295936,0.12991549,0.08081252,-0.04597909,0.05807388,0.01842665,0.00897092,-0.03067631,0.02092263,0.12908237,0.15984571,118.89377600,4.60000000,1.56600000,0.10815974,156.00000000,60.00000000,155.20000000,0.33600000,2.48860000,2.69580000,0.92600000,3.96548000,0.87300000,1.09743540,0.07600000,10.26878449,0.05071719,0.15323532,0.59113826,0.62090673,0.03939552,0.00956216,0.11764321,0.02823000,0.36955041,0.10295708,0.40604176,0.10669234,17.53833544,7.04747064,0.35079965,2.01204819,0.14664389,6.09510122,0.11682078,2476.39130778,3.13212107,1833.69199492,18.14483811,0.56267102,1.88163681,2.72495411,15.22850991,1.76980000,9.90978384,1583.23014521
83,HfZrTaTiMo,BCC,CAST,,,1,1700.00000000,235.67258779,,,,,143.00000000,10.3390/e21010015,2018,"Effects of Mo, Nb, Ta, Ti, and Zr on Mechanical Properties of Equiatomic Hf-Mo-Nb-Ta-Ti-Zr Alloys",HfZrTaTiMo,1.66200028,1.65648758,2552.20000000,19.22602376,3.37525423,0.20000000,0.20000000,0.20000000,0.20000000,0.20000000,0.00000000,0.00000000,0.00000000,0.00000000,0.00000000,0.00000000,0.00000000,0.00000000,0.00000000,0.00013869,3.13830819,164.38295936,0.12991549,0.08081252,-0.04597909,0.05807388,0.01842665,0.00897092,-0.03067631,0.02092263,0.12908237,0.15984571,118.89377600,4.60000000,1.56600000,0.10815974,156.00000000,60.00000000,155.20000000,0.33600000,2.48860000,2.69580000,0.92600000,3.96548000,0.87300000,1.09743540,0.07600000,10.26878449,0.05071719,0.15323532,0.59113826,0.62090673,0.03939552,0.00956216,0.11764321,0.02823000,0.36955041,0.10295708,0.40604176,0.10669234,17.53833544,7.04747064,0.35079965,2.01204819,0.14664389,6.09510122,0.66609200,2476.39130778,3.13212107,628.84410270,18.14483811,0.56267102,1.88163681,2.72495411,15.22850991,1.76980000,9.90978384,223.70445871
84,HfZrTaTiMo,BCC,CAST,,,1,2000.00000000,115.54678779,,,,,143.00000000,10.3390/e21010015,2018,"Effects of Mo, Nb, Ta, Ti, and Zr on Mechanical Properties of Equiatomic Hf-Mo-Nb-Ta-Ti-Zr Alloys",HfZrTaTiMo,1.66200028,1.65648758,2552.20000000,19.22602376,3.37525423,0.20000000,0.20000000,0.20000000,0.20000000,0.20000000,0.00000000,0.00000000,0.00000000,0.00000000,0.00000000,0.00000000,0.00000000,0.00000000,0.00000000,0.00013869,3.13830819,164.38295936,0.12991549,0.08081252,-0.04597909,0.05807388,0.01842665,0.00897092,-0.03067631,0.02092263,0.12908237,0.15984571,118.89377600,4.60000000,1.56600000,0.10815974,156.00000000,60.00000000,155.20000000,0.33600000,2.48860000,2.69580000,0.92600000,3.96548000,0.87300000,1.09743540,0.07600000,10.26878449,0.05071719,0.15323532,0.59113826,0.62090673,0.03939552,0.00956216,0.11764321,0.02823000,0.36955041,0.10295708,0.40604176,0.10669234,17.53833544,7.04747064,0.35079965,2.01204819,0.14664389,6.09510122,0.78363765,2476.39130778,3.13212107,493.73536692,18.14483811,0.56267102,1.88163681,2.72495411,15.22850991,1.76980000,9.90978384,128.71548812
85,HfZrTaTiMo,BCC,CAST,,,1,1473.15000000,404.00000000,,,,,143.00000000,10.3390/e21010015,2018,"Effects of Mo, Nb, Ta, Ti, and Zr on Mechanical Properties of Equiatomic Hf-Mo-Nb-Ta-Ti-Zr Alloys",HfZrTaTiMo,1.66200028,1.65648758,2552.20000000,19.22602376,3.37525423,0.20000000,0.20000000,0.20000000,0.20000000,0.20000000,0.00000000,0.00000000,0.00000000,0.00000000,0.00000000,0.00000000,0.00000000,0.00000000,0.00000000,0.00013869,3.13830819,164.38295936,0.12991549,0.08081252,-0.04597909,0.05807388,0.01842665,0.00897092,-0.03067631,0.02092263,0.12908237,0.15984571,118.89377600,4.60000000,1.56600000,0.10815974,156.00000000,60.00000000,155.20000000,0.33600000,2.48860000,2.69580000,0.92600000,3.96548000,0.87300000,1.09743540,0.07600000,10.26878449,0.05071719,0.15323532,0.59113826,0.62090673,0.03939552,0.00956216,0.11764321,0.02823000,0.36955041,0.10295708,0.40604176,0.10669234,17.53833544,7.04747064,0.35079965,2.01204819,0.14664389,6.09510122,0.57720790,2476.39130778,3.13212107,755.05286427,18.14483811,0.56267102,1.88163681,2.72495411,15.22850991,1.76980000,9.90978384,350.05591884
86,HfZrTaTiMo,BCC,CAST,,,1,1273.15000000,855.00000000,,,,,143.00000000,10.3390/e21010015,2018,"Effects of Mo, Nb, Ta, Ti, and Zr on Mechanical Properties of Equiatomic Hf-Mo-Nb-Ta-Ti-Zr Alloys",HfZrTaTiMo,1.66200028,1.65648758,2552.20000000,19.22602376,3.37525423,0.20000000,0.20000000,0.20000000,0.20000000,0.20000000,0.00000000,0.00000000,0.00000000,0.00000000,0.00000000,0.00000000,0.00000000,0.00000000,0.00000000,0.00013869,3.13830819,164.38295936,0.12991549,0.08081252,-0.04597909,0.05807388,0.01842665,0.00897092,-0.03067631,0.02092263,0.12908237,0.15984571,118.89377600,4.60000000,1.56600000,0.10815974,156.00000000,60.00000000,155.20000000,0.33600000,2.48860000,2.69580000,0.92600000,3.96548000,0.87300000,1.09743540,0.07600000,10.26878449,0.05071719,0.15323532,0.59113826,0.62090673,0.03939552,0.00956216,0.11764321,0.02823000,0.36955041,0.10295708,0.40604176,0.10669234,17.53833544,7.04747064,0.35079965,2.01204819,0.14664389,6.09510122,0.49884413,2476.39130778,3.13212107,887.17615940,18.14483811,0.56267102,1.88163681,2.72495411,15.22850991,1.76980000,9.90978384,887.67855191
87,HfZrTaTiMo,BCC,CAST,,,1,1073.15000000,1045.00000000,,,,,143.00000000,10.3390/e21010015,2018,"Effects of Mo, Nb, Ta, Ti, and Zr on Mechanical Properties of Equiatomic Hf-Mo-Nb-Ta-Ti-Zr Alloys",HfZrTaTiMo,1.66200028,1.65648758,2552.20000000,19.22602376,3.37525423,0.20000000,0.20000000,0.20000000,0.20000000,0.20000000,0.00000000,0.00000000,0.00000000,0.00000000,0.00000000,0.00000000,0.00000000,0.00000000,0.00000000,0.00013869,3.13830819,164.38295936,0.12991549,0.08081252,-0.04597909,0.05807388,0.01842665,0.00897092,-0.03067631,0.02092263,0.12908237,0.15984571,118.89377600,4.60000000,1.56600000,0.10815974,156.00000000,60.00000000,155.20000000,0.33600000,2.48860000,2.69580000,0.92600000,3.96548000,0.87300000,1.09743540,0.07600000,10.26878449,0.05071719,0.15323532,0.59113826,0.62090673,0.03939552,0.00956216,0.11764321,0.02823000,0.36955041,0.10295708,0.40604176,0.10669234,17.53833544,7.04747064,0.35079965,2.01204819,0.14664389,6.09510122,0.42048037,2476.39130778,3.13212107,1042.41911401,18.14483811,0.56267102,1.88163681,2.72495411,15.22850991,1.76980000,9.90978384,1104.75043994
88,HfZrTaTiMo,BCC,CAST,,,1,1400.00000000,480.68466198,,,,,143.00000000,10.3390/e21010015,2018,"Effects of Mo, Nb, Ta, Ti, and Zr on Mechanical Properties of Equiatomic Hf-Mo-Nb-Ta-Ti-Zr Alloys",HfZrTaTiMo,1.66200028,1.65648758,2552.20000000,19.22602376,3.37525423,0.20000000,0.20000000,0.20000000,0.20000000,0.20000000,0.00000000,0.00000000,0.00000000,0.00000000,0.00000000,0.00000000,0.00000000,0.00000000,0.00000000,0.00013869,3.13830819,164.38295936,0.12991549,0.08081252,-0.04597909,0.05807388,0.01842665,0.00897092,-0.03067631,0.02092263,0.12908237,0.15984571,118.89377600,4.60000000,1.56600000,0.10815974,156.00000000,60.00000000,155.20000000,0.33600000,2.48860000,2.69580000,0.92600000,3.96548000,0.87300000,1.09743540,0.07600000,10.26878449,0.05071719,0.15323532,0.59113826,0.62090673,0.03939552,0.00956216,0.11764321,0.02823000,0.36955041,0.10295708,0.40604176,0.10669234,17.53833544,7.04747064,0.35079965,2.01204819,0.14664389,6.09510122,0.54854635,2476.39130778,3.13212107,800.92481112,18.14483811,0.56267102,1.88163681,2.72495411,15.22850991,1.76980000,9.90978384,520.99252953
89,HfZrTaTiNb,BCC,OTHER,,,1,2000.00000000,15.98794704,,,,,107.00000000,10.1016/j.actamat.2019.06.032,2019,High temperature strength of refractory complex concentrated alloys,HfZrTaTiNb,1.67686993,1.67773632,2523.00000000,19.75393464,3.40586845,0.20000000,0.20000000,0.20000000,0.20000000,0.20000000,0.00000000,0.00000000,0.00000000,0.00000000,0.00000000,0.00000000,0.00000000,0.00000000,0.00000000,0.00013869,3.17523461,147.40813347,0.13576187,0.08665891,-0.00835625,0.07318701,0.03022910,0.02408404,-0.01887386,-0.01449557,0.06438016,0.08982691,118.28705200,4.40000000,1.45400000,0.07887573,135.60000000,42.40000000,110.40000000,0.35400000,2.41960000,2.54200000,0.76400000,4.21920000,0.59900000,1.02534120,0.04800000,9.94335602,0.04023782,0.12419667,0.31096320,0.37803765,0.03151117,0.00769545,0.09503376,0.02299041,0.20925790,0.06205392,0.26052880,0.07254599,12.50617086,5.16869353,0.24756158,2.09597523,0.08124698,4.78112767,0.79270709,1396.47226306,2.03149849,116.22140036,33.12611258,13.31107978,13.72993247,2.72495411,34.68889264,1.77800000,7.03384188,18.09889538
90,HfZrTaTiNb,BCC,OTHER,,,1,1400.00000000,117.30287227,,,,,107.00000000,10.1016/j.actamat.2019.06.032,2019,High temperature strength of refractory complex concentrated alloys,HfZrTaTiNb,1.67686993,1.67773632,2523.00000000,19.75393464,3.40586845,0.20000000,0.20000000,0.20000000,0.20000000,0.20000000,0.00000000,0.00000000,0.00000000,0.00000000,0.00000000,0.00000000,0.00000000,0.00000000,0.00000000,0.00013869,3.17523461,147.40813347,0.13576187,0.08665891,-0.00835625,0.07318701,0.03022910,0.02408404,-0.01887386,-0.01449557,0.06438016,0.08982691,118.28705200,4.40000000,1.45400000,0.07887573,135.60000000,42.40000000,110.40000000,0.35400000,2.41960000,2.54200000,0.76400000,4.21920000,0.59900000,1.02534120,0.04800000,9.94335602,0.04023782,0.12419667,0.31096320,0.37803765,0.03151117,0.00769545,0.09503376,0.02299041,0.20925790,0.06205392,0.26052880,0.07254599,12.50617086,5.16869353,0.24756158,2.09597523,0.08124698,4.78112767,0.55489497,1396.47226306,2.03149849,245.02475691,33.12611258,13.31107978,13.72993247,2.72495411,34.68889264,1.77800000,7.03384188,187.54446584
91,HfZrTaTiNb,BCC,OTHER,,,1,1700.00000000,43.30625947,,,,,107.00000000,10.1016/j.actamat.2019.06.032,2019,High temperature strength of refractory complex concentrated alloys,HfZrTaTiNb,1.67686993,1.67773632,2523.00000000,19.75393464,3.40586845,0.20000000,0.20000000,0.20000000,0.20000000,0.20000000,0.00000000,0.00000000,0.00000000,0.00000000,0.00000000,0.00000000,0.00000000,0.00000000,0.00000000,0.00013869,3.17523461,147.40813347,0.13576187,0.08665891,-0.00835625,0.07318701,0.03022910,0.02408404,-0.01887386,-0.01449557,0.06438016,0.08982691,118.28705200,4.40000000,1.45400000,0.07887573,135.60000000,42.40000000,110.40000000,0.35400000,2.41960000,2.54200000,0.76400000,4.21920000,0.59900000,1.02534120,0.04800000,9.94335602,0.04023782,0.12419667,0.31096320,0.37803765,0.03151117,0.00769545,0.09503376,0.02299041,0.20925790,0.06205392,0.26052880,0.07254599,12.50617086,5.16869353,0.24756158,2.09597523,0.08124698,4.78112767,0.67380103,1396.47226306,2.03149849,168.75165294,33.12611258,13.31107978,13.72993247,2.72495411,34.68889264,1.77800000,7.03384188,36.98056618
92,HfZrTaTiNb,BCC,CAST,,,1,298.15000000,956.83333333,,,,,107.00000000,10.1016/j.matchar.2015.11.018,2016,Mechanical behavior and microstructure of Ti20Hf20Zr20Ta20Nb20 high-entropy alloy loaded under quasi-static and dynamic compression conditions,HfZrTaTiNb,1.67686993,1.67773632,2523.00000000,19.75393464,3.40586845,0.20000000,0.20000000,0.20000000,0.20000000,0.20000000,0.00000000,0.00000000,0.00000000,0.00000000,0.00000000,0.00000000,0.00000000,0.00000000,0.00000000,0.00013869,3.17523461,147.40813347,0.13576187,0.08665891,-0.00835625,0.07318701,0.03022910,0.02408404,-0.01887386,-0.01449557,0.06438016,0.08982691,118.28705200,4.40000000,1.45400000,0.07887573,135.60000000,42.40000000,110.40000000,0.35400000,2.41960000,2.54200000,0.76400000,4.21920000,0.59900000,1.02534120,0.04800000,9.94335602,0.04023782,0.12419667,0.31096320,0.37803765,0.03151117,0.00769545,0.09503376,0.02299041,0.20925790,0.06205392,0.26052880,0.07254599,12.50617086,5.16869353,0.24756158,2.09597523,0.08124698,4.78112767,0.11817281,1396.47226306,2.03149849,912.78026377,33.12611258,13.31107978,13.72993247,2.72495411,34.68889264,1.77800000,7.03384188,1214.62289932
93,HfZrTaTiNb,BCC,OTHER,,,1,873.15000000,675.00000000,,50.00000000,,,107.00000000,10.1007/s10853-012-6260-2,2012,Microstructure and elevated temperature properties of a refractory TaNbHfZrTi alloy,HfZrTaTiNb,1.67686993,1.67773632,2523.00000000,19.75393464,3.40586845,0.20000000,0.20000000,0.20000000,0.20000000,0.20000000,0.00000000,0.00000000,0.00000000,0.00000000,0.00000000,0.00000000,0.00000000,0.00000000,0.00000000,0.00013869,3.17523461,147.40813347,0.13576187,0.08665891,-0.00835625,0.07318701,0.03022910,0.02408404,-0.01887386,-0.01449557,0.06438016,0.08982691,118.28705200,4.40000000,1.45400000,0.07887573,135.60000000,42.40000000,110.40000000,0.35400000,2.41960000,2.54200000,0.76400000,4.21920000,0.59900000,1.02534120,0.04800000,9.94335602,0.04023782,0.12419667,0.31096320,0.37803765,0.03151117,0.00769545,0.09503376,0.02299041,0.20925790,0.06205392,0.26052880,0.07254599,12.50617086,5.16869353,0.24756158,2.09597523,0.08124698,4.78112767,0.34607610,1396.47226306,2.03149849,471.67419011,33.12611258,13.31107978,13.72993247,2.72495411,34.68889264,1.77800000,7.03384188,701.06811688
94,HfZrTaTiNb,BCC,OTHER,,,1,1073.15000000,535.00000000,,50.00000000,,,107.00000000,10.1007/s10853-012-6260-2,2012,Microstructure and elevated temperature properties of a refractory TaNbHfZrTi alloy,HfZrTaTiNb,1.67686993,1.67773632,2523.00000000,19.75393464,3.40586845,0.20000000,0.20000000,0.20000000,0.20000000,0.20000000,0.00000000,0.00000000,0.00000000,0.00000000,0.00000000,0.00000000,0.00000000,0.00000000,0.00000000,0.00013869,3.17523461,147.40813347,0.13576187,0.08665891,-0.00835625,0.07318701,0.03022910,0.02408404,-0.01887386,-0.01449557,0.06438016,0.08982691,118.28705200,4.40000000,1.45400000,0.07887573,135.60000000,42.40000000,110.40000000,0.35400000,2.41960000,2.54200000,0.76400000,4.21920000,0.59900000,1.02534120,0.04800000,9.94335602,0.04023782,0.12419667,0.31096320,0.37803765,0.03151117,0.00769545,0.09503376,0.02299041,0.20925790,0.06205392,0.26052880,0.07254599,12.50617086,5.16869353,0.24756158,2.09597523,0.08124698,4.78112767,0.42534681,1396.47226306,2.03149849,367.84723117,33.12611258,13.31107978,13.72993247,2.72495411,34.68889264,1.77800000,7.03384188,577.59149231
95,HfZrTaTiNb,BCC,OTHER,,,1,1273.15000000,295.00000000,,,,,107.00000000,10.1016/j.actamat.2019.06.032,2019,High temperature strength of refractory complex concentrated alloys,HfZrTaTiNb,1.67686993,1.67773632,2523.00000000,19.75393464,3.40586845,0.20000000,0.20000000,0.20000000,0.20000000,0.20000000,0.00000000,0.00000000,0.00000000,0.00000000,0.00000000,0.00000000,0.00000000,0.00000000,0.00000000,0.00013869,3.17523461,147.40813347,0.13576187,0.08665891,-0.00835625,0.07318701,0.03022910,0.02408404,-0.01887386,-0.01449557,0.06438016,0.08982691,118.28705200,4.40000000,1.45400000,0.07887573,135.60000000,42.40000000,110.40000000,0.35400000,2.41960000,2.54200000,0.76400000,4.21920000,0.59900000,1.02534120,0.04800000,9.94335602,0.04023782,0.12419667,0.31096320,0.37803765,0.03151117,0.00769545,0.09503376,0.02299041,0.20925790,0.06205392,0.26052880,0.07254599,12.50617086,5.16869353,0.24756158,2.09597523,0.08124698,4.78112767,0.50461752,1396.47226306,2.03149849,286.87511065,33.12611258,13.31107978,13.72993247,2.72495411,34.68889264,1.77800000,7.03384188,271.84061701
96,HfZrTaTiNb,BCC,OTHER,,,1,1473.15000000,92.00000000,,,,,107.00000000,10.1016/j.actamat.2019.06.032,2019,High temperature strength of refractory complex concentrated alloys,HfZrTaTiNb,1.67686993,1.67773632,2523.00000000,19.75393464,3.40586845,0.20000000,0.20000000,0.20000000,0.20000000,0.20000000,0.00000000,0.00000000,0.00000000,0.00000000,0.00000000,0.00000000,0.00000000,0.00000000,0.00000000,0.00013869,3.17523461,147.40813347,0.13576187,0.08665891,-0.00835625,0.07318701,0.03022910,0.02408404,-0.01887386,-0.01449557,0.06438016,0.08982691,118.28705200,4.40000000,1.45400000,0.07887573,135.60000000,42.40000000,110.40000000,0.35400000,2.41960000,2.54200000,0.76400000,4.21920000,0.59900000,1.02534120,0.04800000,9.94335602,0.04023782,0.12419667,0.31096320,0.37803765,0.03151117,0.00769545,0.09503376,0.02299041,0.20925790,0.06205392,0.26052880,0.07254599,12.50617086,5.16869353,0.24756158,2.09597523,0.08124698,4.78112767,0.58388823,1396.47226306,2.03149849,223.72692285,33.12611258,13.31107978,13.72993247,2.72495411,34.68889264,1.77800000,7.03384188,115.15297745
97,HfZrTaTiNb,BCC,OTHER,,,1,673.15000000,790.00000000,,50.00000000,,,107.00000000,10.1007/s10853-012-6260-2,2012,Microstructure and elevated temperature properties of a refractory TaNbHfZrTi alloy,HfZrTaTiNb,1.67686993,1.67773632,2523.00000000,19.75393464,3.40586845,0.20000000,0.20000000,0.20000000,0.20000000,0.20000000,0.00000000,0.00000000,0.00000000,0.00000000,0.00000000,0.00000000,0.00000000,0.00000000,0.00000000,0.00013869,3.17523461,147.40813347,0.13576187,0.08665891,-0.00835625,0.07318701,0.03022910,0.02408404,-0.01887386,-0.01449557,0.06438016,0.08982691,118.28705200,4.40000000,1.45400000,0.07887573,135.60000000,42.40000000,110.40000000,0.35400000,2.41960000,2.54200000,0.76400000,4.21920000,0.59900000,1.02534120,0.04800000,9.94335602,0.04023782,0.12419667,0.31096320,0.37803765,0.03151117,0.00769545,0.09503376,0.02299041,0.20925790,0.06205392,0.26052880,0.07254599,12.50617086,5.16869353,0.24756158,2.09597523,0.08124698,4.78112767,0.26680539,1396.47226306,2.03149849,604.80689472,33.12611258,13.31107978,13.72993247,2.72495411,34.68889264,1.77800000,7.03384188,670.71100806
98,HfZrTaTiNbMo,BCC,CAST,,,1,298.15000000,1512.00000000,,12.00000000,,,137.00000000,10.3390/e21010015,2018,"Effects of Mo, Nb, Ta, Ti, and Zr on Mechanical Properties of Equiatomic Hf-Mo-Nb-Ta-Ti-Zr Alloys",HfZrTaTiNbMo,1.65588717,1.65183047,2585.16666667,19.01403737,3.36280316,0.16700000,0.16700000,0.16700000,0.16700000,0.16700000,0.16700000,0.00000000,0.00000000,0.00000000,0.00000000,0.00000000,0.00000000,0.00000000,0.00000000,0.00015454,3.13022485,166.38993465,0.10607677,0.06515763,-0.03824285,0.03222071,-0.00668414,-0.00869843,-0.04760328,0.03662565,0.16748190,0.19294543,114.56254333,4.66666667,1.57166667,0.13085625,158.33333333,56.33333333,146.83333333,0.34666667,2.51633333,2.69400000,0.97666667,3.68056667,0.86583333,1.00487217,0.11333333,10.00501392,0.04713014,0.14403688,0.59289823,0.61250352,0.03619492,0.00777022,0.10813385,0.02306140,0.34470306,0.08843871,0.37475504,0.09026853,16.40580434,6.51972620,0.34408531,2.06122451,0.11810094,12.39907220,0.11533106,2210.90007627,2.83599480,1597.82581142,18.52969075,0.35286416,0.05255890,5.30529656,20.18739984,1.71733333,9.55306932,1494.26476241
99,HfZrTaTiNbMo,BCC,CAST,,,1,1073.15000000,1007.00000000,,,,,137.00000000,10.3390/e21010015,2018,"Effects of Mo, Nb, Ta, Ti, and Zr on Mechanical Properties of Equiatomic Hf-Mo-Nb-Ta-Ti-Zr Alloys",HfZrTaTiNbMo,1.65588717,1.65183047,2585.16666667,19.01403737,3.36280316,0.16700000,0.16700000,0.16700000,0.16700000,0.16700000,0.16700000,0.00000000,0.00000000,0.00000000,0.00000000,0.00000000,0.00000000,0.00000000,0.00000000,0.00015454,3.13022485,166.38993465,0.10607677,0.06515763,-0.03824285,0.03222071,-0.00668414,-0.00869843,-0.04760328,0.03662565,0.16748190,0.19294543,114.56254333,4.66666667,1.57166667,0.13085625,158.33333333,56.33333333,146.83333333,0.34666667,2.51633333,2.69400000,0.97666667,3.68056667,0.86583333,1.00487217,0.11333333,10.00501392,0.04713014,0.14403688,0.59289823,0.61250352,0.03619492,0.00777022,0.10813385,0.02306140,0.34470306,0.08843871,0.37475504,0.09026853,16.40580434,6.51972620,0.34408531,2.06122451,0.11810094,12.39907220,0.41511830,2210.90007627,2.83599480,850.26575282,18.52969075,0.35286416,0.05255890,5.30529656,20.18739984,1.71733333,9.55306932,996.41535252
100,HfZrTaTiNbMo,BCC,CAST,,,1,1473.15000000,556.00000000,,,,,137.00000000,10.3390/e21010015,2018,"Effects of Mo, Nb, Ta, Ti, and Zr on Mechanical Properties of Equiatomic Hf-Mo-Nb-Ta-Ti-Zr Alloys",HfZrTaTiNbMo,1.65588717,1.65183047,2585.16666667,19.01403737,3.36280316,0.16700000,0.16700000,0.16700000,0.16700000,0.16700000,0.16700000,0.00000000,0.00000000,0.00000000,0.00000000,0.00000000,0.00000000,0.00000000,0.00000000,0.00015454,3.13022485,166.38993465,0.10607677,0.06515763,-0.03824285,0.03222071,-0.00668414,-0.00869843,-0.04760328,0.03662565,0.16748190,0.19294543,114.56254333,4.66666667,1.57166667,0.13085625,158.33333333,56.33333333,146.83333333,0.34666667,2.51633333,2.69400000,0.97666667,3.68056667,0.86583333,1.00487217,0.11333333,10.00501392,0.04713014,0.14403688,0.59289823,0.61250352,0.03619492,0.00777022,0.10813385,0.02306140,0.34470306,0.08843871,0.37475504,0.09026853,16.40580434,6.51972620,0.34408531,2.06122451,0.11810094,12.39907220,0.56984721,2210.90007627,2.83599480,595.47632941,18.52969075,0.35286416,0.05255890,5.30529656,20.18739984,1.71733333,9.55306932,506.21774432
101,HfZrTaTiNbMo,BCC,CAST,,,1,1273.15000000,814.00000000,,,,,137.00000000,10.3390/e21010015,2018,"Effects of Mo, Nb, Ta, Ti, and Zr on Mechanical Properties of Equiatomic Hf-Mo-Nb-Ta-Ti-Zr Alloys",HfZrTaTiNbMo,1.65588717,1.65183047,2585.16666667,19.01403737,3.36280316,0.16700000,0.16700000,0.16700000,0.16700000,0.16700000,0.16700000,0.00000000,0.00000000,0.00000000,0.00000000,0.00000000,0.00000000,0.00000000,0.00000000,0.00015454,3.13022485,166.38993465,0.10607677,0.06515763,-0.03824285,0.03222071,-0.00668414,-0.00869843,-0.04760328,0.03662565,0.16748190,0.19294543,114.56254333,4.66666667,1.57166667,0.13085625,158.33333333,56.33333333,146.83333333,0.34666667,2.51633333,2.69400000,0.97666667,3.68056667,0.86583333,1.00487217,0.11333333,10.00501392,0.04713014,0.14403688,0.59289823,0.61250352,0.03619492,0.00777022,0.10813385,0.02306140,0.34470306,0.08843871,0.37475504,0.09026853,16.40580434,6.51972620,0.34408531,2.06122451,0.11810094,12.39907220,0.49248275,2210.90007627,2.83599480,711.55683506,18.52969075,0.35286416,0.05255890,5.30529656,20.18739984,1.71733333,9.55306932,889.64273709
102,HfZrTaTiNbMo,BCC,CAST,,,1,2000.00000000,254.28236092,,,,,137.00000000,10.3390/e21010015,2018,"Effects of Mo, Nb, Ta, Ti, and Zr on Mechanical Properties of Equiatomic Hf-Mo-Nb-Ta-Ti-Zr Alloys",HfZrTaTiNbMo,1.65588717,1.65183047,2585.16666667,19.01403737,3.36280316,0.16700000,0.16700000,0.16700000,0.16700000,0.16700000,0.16700000,0.00000000,0.00000000,0.00000000,0.00000000,0.00000000,0.00000000,0.00000000,0.00000000,0.00015454,3.13022485,166.38993465,0.10607677,0.06515763,-0.03824285,0.03222071,-0.00668414,-0.00869843,-0.04760328,0.03662565,0.16748190,0.19294543,114.56254333,4.66666667,1.57166667,0.13085625,158.33333333,56.33333333,146.83333333,0.34666667,2.51633333,2.69400000,0.97666667,3.68056667,0.86583333,1.00487217,0.11333333,10.00501392,0.04713014,0.14403688,0.59289823,0.61250352,0.03619492,0.00777022,0.10813385,0.02306140,0.34470306,0.08843871,0.37475504,0.09026853,16.40580434,6.51972620,0.34408531,2.06122451,0.11810094,12.39907220,0.77364451,2210.90007627,2.83599480,372.49306696,18.52969075,0.35286416,0.05255890,5.30529656,20.18739984,1.71733333,9.55306932,198.25597995
103,HfZrTaTiNbMo,BCC,CAST,,,1,1700.00000000,396.99244711,,,,,137.00000000,10.3390/e21010015,2018,"Effects of Mo, Nb, Ta, Ti, and Zr on Mechanical Properties of Equiatomic Hf-Mo-Nb-Ta-Ti-Zr Alloys",HfZrTaTiNbMo,1.65588717,1.65183047,2585.16666667,19.01403737,3.36280316,0.16700000,0.16700000,0.16700000,0.16700000,0.16700000,0.16700000,0.00000000,0.00000000,0.00000000,0.00000000,0.00000000,0.00000000,0.00000000,0.00000000,0.00015454,3.13022485,166.38993465,0.10607677,0.06515763,-0.03824285,0.03222071,-0.00668414,-0.00869843,-0.04760328,0.03662565,0.16748190,0.19294543,114.56254333,4.66666667,1.57166667,0.13085625,158.33333333,56.33333333,146.83333333,0.34666667,2.51633333,2.69400000,0.97666667,3.68056667,0.86583333,1.00487217,0.11333333,10.00501392,0.04713014,0.14403688,0.59289823,0.61250352,0.03619492,0.00777022,0.10813385,0.02306140,0.34470306,0.08843871,0.37475504,0.09026853,16.40580434,6.51972620,0.34408531,2.06122451,0.11810094,12.39907220,0.65759783,2210.90007627,2.83599480,486.55936047,18.52969075,0.35286416,0.05255890,5.30529656,20.18739984,1.71733333,9.55306932,278.36750677
104,HfZrTaTiNbMo,BCC,CAST,,,1,1400.00000000,619.79526418,,,,,137.00000000,10.3390/e21010015,2018,"Effects of Mo, Nb, Ta, Ti, and Zr on Mechanical Properties of Equiatomic Hf-Mo-Nb-Ta-Ti-Zr Alloys",HfZrTaTiNbMo,1.65588717,1.65183047,2585.16666667,19.01403737,3.36280316,0.16700000,0.16700000,0.16700000,0.16700000,0.16700000,0.16700000,0.00000000,0.00000000,0.00000000,0.00000000,0.00000000,0.00000000,0.00000000,0.00000000,0.00015454,3.13022485,166.38993465,0.10607677,0.06515763,-0.03824285,0.03222071,-0.00668414,-0.00869843,-0.04760328,0.03662565,0.16748190,0.19294543,114.56254333,4.66666667,1.57166667,0.13085625,158.33333333,56.33333333,146.83333333,0.34666667,2.51633333,2.69400000,0.97666667,3.68056667,0.86583333,1.00487217,0.11333333,10.00501392,0.04713014,0.14403688,0.59289823,0.61250352,0.03619492,0.00777022,0.10813385,0.02306140,0.34470306,0.08843871,0.37475504,0.09026853,16.40580434,6.51972620,0.34408531,2.06122451,0.11810094,12.39907220,0.54155116,2210.90007627,2.83599480,635.55548346,18.52969075,0.35286416,0.05255890,5.30529656,20.18739984,1.71733333,9.55306932,664.64459376
105,HfZrTaTiNbMoW,BCC+Laves,CAST,,,1,1473.15000000,703.00000000,,35.00000000,,,,10.1016/j.jallcom.2019.06.138,2019,Microstructures and mechanical properties of HfNbTaTiZrW and HfNbTaTiZrMoW refractory high-entropy alloys,HfZrTaTiNbMoW,1.64230627,1.63878613,2743.71428571,18.53811028,3.33450842,0.14300000,0.14300000,0.14300000,0.14300000,0.14300000,0.14300000,0.14300000,0.00000000,0.00000000,0.00000000,0.00000000,0.00000000,0.00000000,0.00000000,0.00016777,3.10227676,185.39729546,0.09614350,0.06106995,-0.03093854,0.03084431,-0.00556987,-0.00422923,-0.04064341,0.04911770,0.22254045,0.26533228,124.45932286,4.85714286,1.68428571,0.17342275,180.00000000,71.28571429,184.57142857,0.33714286,2.68185714,2.88128571,1.21000000,3.25212857,1.12785714,1.00417614,0.17428571,11.14836981,0.04864664,0.14972722,0.67241562,0.67405041,0.03708607,0.00729019,0.11010796,0.02154664,0.42396782,0.08145977,0.44246922,0.08151957,20.58566762,7.67590015,0.42055079,2.01724139,0.12689689,14.92348892,0.53691815,2862.54500221,3.53921284,1000.56250903,7.80348666,0.21182093,0.15103604,5.94134890,7.89492987,1.67128571,12.31726419,700.03383624
106,HfZrTaTiNbMoW,BCC+Laves,CAST,,,1,1273.15000000,736.00000000,,35.00000000,,,,10.1016/j.jallcom.2019.06.138,2019,Microstructures and mechanical properties of HfNbTaTiZrW and HfNbTaTiZrMoW refractory high-entropy alloys,HfZrTaTiNbMoW,1.64230627,1.63878613,2743.71428571,18.53811028,3.33450842,0.14300000,0.14300000,0.14300000,0.14300000,0.14300000,0.14300000,0.14300000,0.00000000,0.00000000,0.00000000,0.00000000,0.00000000,0.00000000,0.00000000,0.00016777,3.10227676,185.39729546,0.09614350,0.06106995,-0.03093854,0.03084431,-0.00556987,-0.00422923,-0.04064341,0.04911770,0.22254045,0.26533228,124.45932286,4.85714286,1.68428571,0.17342275,180.00000000,71.28571429,184.57142857,0.33714286,2.68185714,2.88128571,1.21000000,3.25212857,1.12785714,1.00417614,0.17428571,11.14836981,0.04864664,0.14972722,0.67241562,0.67405041,0.03708607,0.00729019,0.11010796,0.02154664,0.42396782,0.08145977,0.44246922,0.08151957,20.58566762,7.67590015,0.42055079,2.01724139,0.12689689,14.92348892,0.46402426,2862.54500221,3.53921284,1154.04133082,7.80348666,0.21182093,0.15103604,5.94134890,7.89492987,1.67128571,12.31726419,776.40145692
107,HfZrTaTiNbMoW,BCC+Laves,CAST,,,1,1073.15000000,1065.00000000,,35.00000000,,,,10.1016/j.jallcom.2019.06.138,2019,Microstructures and mechanical properties of HfNbTaTiZrW and HfNbTaTiZrMoW refractory high-entropy alloys,HfZrTaTiNbMoW,1.64230627,1.63878613,2743.71428571,18.53811028,3.33450842,0.14300000,0.14300000,0.14300000,0.14300000,0.14300000,0.14300000,0.14300000,0.00000000,0.00000000,0.00000000,0.00000000,0.00000000,0.00000000,0.00000000,0.00016777,3.10227676,185.39729546,0.09614350,0.06106995,-0.03093854,0.03084431,-0.00556987,-0.00422923,-0.04064341,0.04911770,0.22254045,0.26533228,124.45932286,4.85714286,1.68428571,0.17342275,180.00000000,71.28571429,184.57142857,0.33714286,2.68185714,2.88128571,1.21000000,3.25212857,1.12785714,1.00417614,0.17428571,11.14836981,0.04864664,0.14972722,0.67241562,0.67405041,0.03708607,0.00729019,0.11010796,0.02154664,0.42396782,0.08145977,0.44246922,0.08151957,20.58566762,7.67590015,0.42055079,2.01724139,0.12689689,14.92348892,0.39113038,2862.54500221,3.53921284,1331.06265848,7.80348666,0.21182093,0.15103604,5.94134890,7.89492987,1.67128571,12.31726419,953.27895147
108,HfZrTaTiNbMoW,BCC+Laves,CAST,31.70000000,,1,298.15000000,1637.00000000,,15.50000000,,,,10.1016/j.jallcom.2019.06.138,2019,Microstructures and mechanical properties of HfNbTaTiZrW and HfNbTaTiZrMoW refractory high-entropy alloys,HfZrTaTiNbMoW,1.64230627,1.63878613,2743.71428571,18.53811028,3.33450842,0.14300000,0.14300000,0.14300000,0.14300000,0.14300000,0.14300000,0.14300000,0.00000000,0.00000000,0.00000000,0.00000000,0.00000000,0.00000000,0.00000000,0.00016777,3.10227676,185.39729546,0.09614350,0.06106995,-0.03093854,0.03084431,-0.00556987,-0.00422923,-0.04064341,0.04911770,0.22254045,0.26533228,124.45932286,4.85714286,1.68428571,0.17342275,180.00000000,71.28571429,184.57142857,0.33714286,2.68185714,2.88128571,1.21000000,3.25212857,1.12785714,1.00417614,0.17428571,11.14836981,0.04864664,0.14972722,0.67241562,0.67405041,0.03708607,0.00729019,0.11010796,0.02154664,0.42396782,0.08145977,0.44246922,0.08151957,20.58566762,7.67590015,0.42055079,2.01724139,0.12689689,14.92348892,0.10866656,2862.54500221,3.53921284,2177.74756322,7.80348666,0.21182093,0.15103604,5.94134890,7.89492987,1.67128571,12.31726419,1672.33194745
109,HfZrTaTiNbMoW,BCC+Laves,CAST,,,1,2000.00000000,406.77429902,,35.00000000,,,,10.1016/j.jallcom.2019.06.138,2019,Microstructures and mechanical properties of HfNbTaTiZrW and HfNbTaTiZrMoW refractory high-entropy alloys,HfZrTaTiNbMoW,1.64230627,1.63878613,2743.71428571,18.53811028,3.33450842,0.14300000,0.14300000,0.14300000,0.14300000,0.14300000,0.14300000,0.14300000,0.00000000,0.00000000,0.00000000,0.00000000,0.00000000,0.00000000,0.00000000,0.00016777,3.10227676,185.39729546,0.09614350,0.06106995,-0.03093854,0.03084431,-0.00556987,-0.00422923,-0.04064341,0.04911770,0.22254045,0.26533228,124.45932286,4.85714286,1.68428571,0.17342275,180.00000000,71.28571429,184.57142857,0.33714286,2.68185714,2.88128571,1.21000000,3.25212857,1.12785714,1.00417614,0.17428571,11.14836981,0.04864664,0.14972722,0.67241562,0.67405041,0.03708607,0.00729019,0.11010796,0.02154664,0.42396782,0.08145977,0.44246922,0.08151957,20.58566762,7.67590015,0.42055079,2.01724139,0.12689689,14.92348892,0.72893887,2862.54500221,3.53921284,687.03830715,7.80348666,0.21182093,0.15103604,5.94134890,7.89492987,1.67128571,12.31726419,345.56517044
110,HfZrTaTiNbMoW,BCC+Laves,CAST,,,1,1700.00000000,555.45543093,,35.00000000,,,,10.1016/j.jallcom.2019.06.138,2019,Microstructures and mechanical properties of HfNbTaTiZrW and HfNbTaTiZrMoW refractory high-entropy alloys,HfZrTaTiNbMoW,1.64230627,1.63878613,2743.71428571,18.53811028,3.33450842,0.14300000,0.14300000,0.14300000,0.14300000,0.14300000,0.14300000,0.14300000,0.00000000,0.00000000,0.00000000,0.00000000,0.00000000,0.00000000,0.00000000,0.00016777,3.10227676,185.39729546,0.09614350,0.06106995,-0.03093854,0.03084431,-0.00556987,-0.00422923,-0.04064341,0.04911770,0.22254045,0.26533228,124.45932286,4.85714286,1.68428571,0.17342275,180.00000000,71.28571429,184.57142857,0.33714286,2.68185714,2.88128571,1.21000000,3.25212857,1.12785714,1.00417614,0.17428571,11.14836981,0.04864664,0.14972722,0.67241562,0.67405041,0.03708607,0.00729019,0.11010796,0.02154664,0.42396782,0.08145977,0.44246922,0.08151957,20.58566762,7.67590015,0.42055079,2.01724139,0.12689689,14.92348892,0.61959804,2862.54500221,3.53921284,851.03350443,7.80348666,0.21182093,0.15103604,5.94134890,7.89492987,1.67128571,12.31726419,520.71728235
111,HfZrTaTiNbMoW,BCC+Laves,CAST,,,1,1400.00000000,758.48139003,,35.00000000,,,,10.1016/j.jallcom.2019.06.138,2019,Microstructures and mechanical properties of HfNbTaTiZrW and HfNbTaTiZrMoW refractory high-entropy alloys,HfZrTaTiNbMoW,1.64230627,1.63878613,2743.71428571,18.53811028,3.33450842,0.14300000,0.14300000,0.14300000,0.14300000,0.14300000,0.14300000,0.14300000,0.00000000,0.00000000,0.00000000,0.00000000,0.00000000,0.00000000,0.00000000,0.00016777,3.10227676,185.39729546,0.09614350,0.06106995,-0.03093854,0.03084431,-0.00556987,-0.00422923,-0.04064341,0.04911770,0.22254045,0.26533228,124.45932286,4.85714286,1.68428571,0.17342275,180.00000000,71.28571429,184.57142857,0.33714286,2.68185714,2.88128571,1.21000000,3.25212857,1.12785714,1.00417614,0.17428571,11.14836981,0.04864664,0.14972722,0.67241562,0.67405041,0.03708607,0.00729019,0.11010796,0.02154664,0.42396782,0.08145977,0.44246922,0.08151957,20.58566762,7.67590015,0.42055079,2.01724139,0.12689689,14.92348892,0.51025721,2862.54500221,3.53921284,1054.17415321,7.80348666,0.21182093,0.15103604,5.94134890,7.89492987,1.67128571,12.31726419,735.75473939
112,HfZrTaTiNbW,BCC+Laves,CAST,,,1,1273.15000000,409.00000000,,35.00000000,,,,10.1016/j.jallcom.2019.06.138,2019,Microstructures and mechanical properties of HfNbTaTiZrW and HfNbTaTiZrMoW refractory high-entropy alloys,HfZrTaTiNbW,1.65752842,1.65737471,2718.33333333,19.06288455,3.36568038,0.16700000,0.16700000,0.16700000,0.16700000,0.16700000,0.16700000,0.00000000,0.00000000,0.00000000,0.00000000,0.00000000,0.00000000,0.00000000,0.00000000,0.00015454,3.13241999,172.74702127,0.12597958,0.08506045,-0.01228181,0.05824343,0.01939425,0.01732429,-0.02152488,0.01297537,0.15017544,0.19521166,129.21254333,4.66666667,1.60500000,0.13720006,164.66666667,62.16666667,160.50000000,0.34166667,2.62883333,2.78583333,1.07166667,3.62958333,0.94916667,1.02111767,0.13000000,11.25551707,0.04577256,0.14038830,0.73687535,0.73724789,0.03528633,0.00763477,0.10508842,0.02261139,0.38316388,0.10222571,0.40702110,0.10237562,18.12012062,6.89283737,0.36106004,2.03797470,0.11358380,7.21259465,0.46835684,2322.39183680,3.06125116,812.46622583,10.72422115,0.47938842,0.07212810,5.30529656,13.53757935,1.71416667,10.57080442,523.60993472
113,HfZrTaTiNbW,BCC+Laves,CAST,,,1,1073.15000000,577.00000000,,35.00000000,,,,10.1016/j.jallcom.2019.06.138,2019,Microstructures and mechanical properties of HfNbTaTiZrW and HfNbTaTiZrMoW refractory high-entropy alloys,HfZrTaTiNbW,1.65752842,1.65737471,2718.33333333,19.06288455,3.36568038,0.16700000,0.16700000,0.16700000,0.16700000,0.16700000,0.16700000,0.00000000,0.00000000,0.00000000,0.00000000,0.00000000,0.00000000,0.00000000,0.00000000,0.00015454,3.13241999,172.74702127,0.12597958,0.08506045,-0.01228181,0.05824343,0.01939425,0.01732429,-0.02152488,0.01297537,0.15017544,0.19521166,129.21254333,4.66666667,1.60500000,0.13720006,164.66666667,62.16666667,160.50000000,0.34166667,2.62883333,2.78583333,1.07166667,3.62958333,0.94916667,1.02111767,0.13000000,11.25551707,0.04577256,0.14038830,0.73687535,0.73724789,0.03528633,0.00763477,0.10508842,0.02261139,0.38316388,0.10222571,0.40702110,0.10237562,18.12012062,6.89283737,0.36106004,2.03797470,0.11358380,7.21259465,0.39478234,2322.39183680,3.06125116,958.20650938,10.72422115,0.47938842,0.07212810,5.30529656,13.53757935,1.71416667,10.57080442,732.49345969
114,HfZrTaTiNbW,BCC+Laves,CAST,,,1,1700.00000000,257.71987755,,35.00000000,,,,10.1016/j.jallcom.2019.06.138,2019,Microstructures and mechanical properties of HfNbTaTiZrW and HfNbTaTiZrMoW refractory high-entropy alloys,HfZrTaTiNbW,1.65752842,1.65737471,2718.33333333,19.06288455,3.36568038,0.16700000,0.16700000,0.16700000,0.16700000,0.16700000,0.16700000,0.00000000,0.00000000,0.00000000,0.00000000,0.00000000,0.00000000,0.00000000,0.00000000,0.00015454,3.13241999,172.74702127,0.12597958,0.08506045,-0.01228181,0.05824343,0.01939425,0.01732429,-0.02152488,0.01297537,0.15017544,0.19521166,129.21254333,4.66666667,1.60500000,0.13720006,164.66666667,62.16666667,160.50000000,0.34166667,2.62883333,2.78583333,1.07166667,3.62958333,0.94916667,1.02111767,0.13000000,11.25551707,0.04577256,0.14038830,0.73687535,0.73724789,0.03528633,0.00763477,0.10508842,0.02261139,0.38316388,0.10222571,0.40702110,0.10237562,18.12012062,6.89283737,0.36106004,2.03797470,0.11358380,7.21259465,0.62538320,2322.39183680,3.06125116,571.31837590,10.72422115,0.47938842,0.07212810,5.30529656,13.53757935,1.71416667,10.57080442,224.07531640
115,HfZrTaTiNbW,BCC+Laves,CAST,,,1,1400.00000000,379.02290411,,35.00000000,,,,10.1016/j.jallcom.2019.06.138,2019,Microstructures and mechanical properties of HfNbTaTiZrW and HfNbTaTiZrMoW refractory high-entropy alloys,HfZrTaTiNbW,1.65752842,1.65737471,2718.33333333,19.06288455,3.36568038,0.16700000,0.16700000,0.16700000,0.16700000,0.16700000,0.16700000,0.00000000,0.00000000,0.00000000,0.00000000,0.00000000,0.00000000,0.00000000,0.00000000,0.00015454,3.13241999,172.74702127,0.12597958,0.08506045,-0.01228181,0.05824343,0.01939425,0.01732429,-0.02152488,0.01297537,0.15017544,0.19521166,129.21254333,4.66666667,1.60500000,0.13720006,164.66666667,62.16666667,160.50000000,0.34166667,2.62883333,2.78583333,1.07166667,3.62958333,0.94916667,1.02111767,0.13000000,11.25551707,0.04577256,0.14038830,0.73687535,0.73724789,0.03528633,0.00763477,0.10508842,0.02261139,0.38316388,0.10222571,0.40702110,0.10237562,18.12012062,6.89283737,0.36106004,2.03797470,0.11358380,7.21259465,0.51502146,2322.39183680,3.06125116,731.74353404,10.72422115,0.47938842,0.07212810,5.30529656,13.53757935,1.71416667,10.57080442,421.27168958
116,HfZrTaTiNbW,BCC+Laves,CAST,,,1,2000.00000000,175.23884326,,35.00000000,,,,10.1016/j.jallcom.2019.06.138,2019,Microstructures and mechanical properties of HfNbTaTiZrW and HfNbTaTiZrMoW refractory high-entropy alloys,HfZrTaTiNbW,1.65752842,1.65737471,2718.33333333,19.06288455,3.36568038,0.16700000,0.16700000,0.16700000,0.16700000,0.16700000,0.16700000,0.00000000,0.00000000,0.00000000,0.00000000,0.00000000,0.00000000,0.00000000,0.00000000,0.00015454,3.13241999,172.74702127,0.12597958,0.08506045,-0.01228181,0.05824343,0.01939425,0.01732429,-0.02152488,0.01297537,0.15017544,0.19521166,129.21254333,4.66666667,1.60500000,0.13720006,164.66666667,62.16666667,160.50000000,0.34166667,2.62883333,2.78583333,1.07166667,3.62958333,0.94916667,1.02111767,0.13000000,11.25551707,0.04577256,0.14038830,0.73687535,0.73724789,0.03528633,0.00763477,0.10508842,0.02261139,0.38316388,0.10222571,0.40702110,0.10237562,18.12012062,6.89283737,0.36106004,2.03797470,0.11358380,7.21259465,0.73574494,2322.39183680,3.06125116,446.06432644,10.72422115,0.47938842,0.07212810,5.30529656,13.53757935,1.71416667,10.57080442,138.36478118
117,HfZrTaTiNbW,BCC+Laves,CAST,29.40000000,,1,298.15000000,1550.00000000,,26.30000000,,,,10.1016/j.jallcom.2019.06.138,2019,Microstructures and mechanical properties of HfNbTaTiZrW and HfNbTaTiZrMoW refractory high-entropy alloys,HfZrTaTiNbW,1.65752842,1.65737471,2718.33333333,19.06288455,3.36568038,0.16700000,0.16700000,0.16700000,0.16700000,0.16700000,0.16700000,0.00000000,0.00000000,0.00000000,0.00000000,0.00000000,0.00000000,0.00000000,0.00000000,0.00015454,3.13241999,172.74702127,0.12597958,0.08506045,-0.01228181,0.05824343,0.01939425,0.01732429,-0.02152488,0.01297537,0.15017544,0.19521166,129.21254333,4.66666667,1.60500000,0.13720006,164.66666667,62.16666667,160.50000000,0.34166667,2.62883333,2.78583333,1.07166667,3.62958333,0.94916667,1.02111767,0.13000000,11.25551707,0.04577256,0.14038830,0.73687535,0.73724789,0.03528633,0.00763477,0.10508842,0.02261139,0.38316388,0.10222571,0.40702110,0.10237562,18.12012062,6.89283737,0.36106004,2.03797470,0.11358380,7.21259465,0.10968118,2322.39183680,3.06125116,1710.39321123,10.72422115,0.47938842,0.07212810,5.30529656,13.53757935,1.71416667,10.57080442,1528.62042499
118,HfZrTaTiNbW,BCC+Laves,CAST,,,1,1473.15000000,345.00000000,,35.00000000,,,,10.1016/j.jallcom.2019.06.138,2019,Microstructures and mechanical properties of HfNbTaTiZrW and HfNbTaTiZrMoW refractory high-entropy alloys,HfZrTaTiNbW,1.65752842,1.65737471,2718.33333333,19.06288455,3.36568038,0.16700000,0.16700000,0.16700000,0.16700000,0.16700000,0.16700000,0.00000000,0.00000000,0.00000000,0.00000000,0.00000000,0.00000000,0.00000000,0.00000000,0.00015454,3.13241999,172.74702127,0.12597958,0.08506045,-0.01228181,0.05824343,0.01939425,0.01732429,-0.02152488,0.01297537,0.15017544,0.19521166,129.21254333,4.66666667,1.60500000,0.13720006,164.66666667,62.16666667,160.50000000,0.34166667,2.62883333,2.78583333,1.07166667,3.62958333,0.94916667,1.02111767,0.13000000,11.25551707,0.04577256,0.14038830,0.73687535,0.73724789,0.03528633,0.00763477,0.10508842,0.02261139,0.38316388,0.10222571,0.40702110,0.10237562,18.12012062,6.89283737,0.36106004,2.03797470,0.11358380,7.21259465,0.54193133,2322.39183680,3.06125116,688.89259429,10.72422115,0.47938842,0.07212810,5.30529656,13.53757935,1.71416667,10.57080442,436.24840329
119,HfZrTiNb,BCC,CAST,,,1,1073.15000000,303.00000000,,51.00000000,,,89.00000000,10.1007/s12598-019-01310-6,2019,Microstructure and mechanical properties of NbZrTi and NbHfZrTi alloys,HfZrTiNb,1.68988009,1.69023213,2331.25000000,20.20453195,3.43157053,0.25000000,0.25000000,0.25000000,0.25000000,0.00000000,0.00000000,0.00000000,0.00000000,0.00000000,0.00000000,0.00000000,0.00000000,0.00000000,0.00000000,0.00011946,3.19748986,135.02439155,0.14722703,0.08584833,-0.02609310,0.07140231,0.02440272,0.01002361,-0.03697598,-0.02310184,0.02705218,0.03799173,102.62184500,4.25000000,1.44250000,0.05015401,119.50000000,36.25000000,91.50000000,0.35750000,2.23700000,2.40650000,0.58000000,4.46400000,0.47375000,0.88744575,-0.01500000,8.43413247,0.04139591,0.12540829,0.14646042,0.21617531,0.03284524,0.00892254,0.09872548,0.02657059,0.11215883,0.03488936,0.17125063,0.04996848,10.77287381,4.81576835,0.21177917,2.11284047,0.08708217,3.90036175,0.46033244,1222.46646540,1.79756698,270.69163689,51.20048935,15.55397537,15.94006769,5.54143454,52.14692901,1.82650000,5.89809680,337.50449183
120,HfZrTiNb,BCC,CAST,,,1,1273.15000000,154.00000000,,51.00000000,,,89.00000000,10.1007/s12598-019-01310-6,2019,Microstructure and mechanical properties of NbZrTi and NbHfZrTi alloys,HfZrTiNb,1.68988009,1.69023213,2331.25000000,20.20453195,3.43157053,0.25000000,0.25000000,0.25000000,0.25000000,0.00000000,0.00000000,0.00000000,0.00000000,0.00000000,0.00000000,0.00000000,0.00000000,0.00000000,0.00000000,0.00011946,3.19748986,135.02439155,0.14722703,0.08584833,-0.02609310,0.07140231,0.02440272,0.01002361,-0.03697598,-0.02310184,0.02705218,0.03799173,102.62184500,4.25000000,1.44250000,0.05015401,119.50000000,36.25000000,91.50000000,0.35750000,2.23700000,2.40650000,0.58000000,4.46400000,0.47375000,0.88744575,-0.01500000,8.43413247,0.04139591,0.12540829,0.14646042,0.21617531,0.03284524,0.00892254,0.09872548,0.02657059,0.11215883,0.03488936,0.17125063,0.04996848,10.77287381,4.81576835,0.21177917,2.11284047,0.08708217,3.90036175,0.54612332,1222.46646540,1.79756698,204.38481773,51.20048935,15.55397537,15.94006769,5.54143454,52.14692901,1.82650000,5.89809680,158.72388373
121,HfZrTiNb,BCC,CAST,,,1,2000.00000000,13.16239828,,51.00000000,,,89.00000000,10.1007/s12598-019-01310-6,2019,Microstructure and mechanical properties of NbZrTi and NbHfZrTi alloys,HfZrTiNb,1.68988009,1.69023213,2331.25000000,20.20453195,3.43157053,0.25000000,0.25000000,0.25000000,0.25000000,0.00000000,0.00000000,0.00000000,0.00000000,0.00000000,0.00000000,0.00000000,0.00000000,0.00000000,0.00000000,0.00011946,3.19748986,135.02439155,0.14722703,0.08584833,-0.02609310,0.07140231,0.02440272,0.01002361,-0.03697598,-0.02310184,0.02705218,0.03799173,102.62184500,4.25000000,1.44250000,0.05015401,119.50000000,36.25000000,91.50000000,0.35750000,2.23700000,2.40650000,0.58000000,4.46400000,0.47375000,0.88744575,-0.01500000,8.43413247,0.04139591,0.12540829,0.14646042,0.21617531,0.03284524,0.00892254,0.09872548,0.02657059,0.11215883,0.03488936,0.17125063,0.04996848,10.77287381,4.81576835,0.21177917,2.11284047,0.08708217,3.90036175,0.85790885,1222.46646540,1.79756698,73.61645362,51.20048935,15.55397537,15.94006769,5.54143454,52.14692901,1.82650000,5.89809680,48.76559070
122,HfZrTiNb,BCC,CAST,,3.43980000,1,298.15000000,1000.00000000,,52.00000000,,,89.00000000,10.1007/s12598-019-01310-6,2019,Microstructure and mechanical properties of NbZrTi and NbHfZrTi alloys,HfZrTiNb,1.68988009,1.69023213,2331.25000000,20.20453195,3.43157053,0.25000000,0.25000000,0.25000000,0.25000000,0.00000000,0.00000000,0.00000000,0.00000000,0.00000000,0.00000000,0.00000000,0.00000000,0.00000000,0.00000000,0.00011946,3.19748986,135.02439155,0.14722703,0.08584833,-0.02609310,0.07140231,0.02440272,0.01002361,-0.03697598,-0.02310184,0.02705218,0.03799173,102.62184500,4.25000000,1.44250000,0.05015401,119.50000000,36.25000000,91.50000000,0.35750000,2.23700000,2.40650000,0.58000000,4.46400000,0.47375000,0.88744575,-0.01500000,8.43413247,0.04139591,0.12540829,0.14646042,0.21617531,0.03284524,0.00892254,0.09872548,0.02657059,0.11215883,0.03488936,0.17125063,0.04996848,10.77287381,4.81576835,0.21177917,2.11284047,0.08708217,3.90036175,0.12789276,1222.46646540,1.79756698,763.06276239,51.20048935,15.55397537,15.94006769,5.54143454,52.14692901,1.82650000,5.89809680,1025.66247926
123,HfZrTiNb,BCC,CAST,,,1,1400.00000000,100.25377874,,51.00000000,,,89.00000000,10.1007/s12598-019-01310-6,2019,Microstructure and mechanical properties of NbZrTi and NbHfZrTi alloys,HfZrTiNb,1.68988009,1.69023213,2331.25000000,20.20453195,3.43157053,0.25000000,0.25000000,0.25000000,0.25000000,0.00000000,0.00000000,0.00000000,0.00000000,0.00000000,0.00000000,0.00000000,0.00000000,0.00000000,0.00000000,0.00011946,3.19748986,135.02439155,0.14722703,0.08584833,-0.02609310,0.07140231,0.02440272,0.01002361,-0.03697598,-0.02310184,0.02705218,0.03799173,102.62184500,4.25000000,1.44250000,0.05015401,119.50000000,36.25000000,91.50000000,0.35750000,2.23700000,2.40650000,0.58000000,4.46400000,0.47375000,0.88744575,-0.01500000,8.43413247,0.04139591,0.12540829,0.14646042,0.21617531,0.03284524,0.00892254,0.09872548,0.02657059,0.11215883,0.03488936,0.17125063,0.04996848,10.77287381,4.81576835,0.21177917,2.11284047,0.08708217,3.90036175,0.60053619,1222.46646540,1.79756698,171.02260243,51.20048935,15.55397537,15.94006769,5.54143454,52.14692901,1.82650000,5.89809680,111.08425776
124,HfZrTiNb,BCC,CAST,,,1,1700.00000000,36.32602600,,51.00000000,,,89.00000000,10.1007/s12598-019-01310-6,2019,Microstructure and mechanical properties of NbZrTi and NbHfZrTi alloys,HfZrTiNb,1.68988009,1.69023213,2331.25000000,20.20453195,3.43157053,0.25000000,0.25000000,0.25000000,0.25000000,0.00000000,0.00000000,0.00000000,0.00000000,0.00000000,0.00000000,0.00000000,0.00000000,0.00000000,0.00000000,0.00011946,3.19748986,135.02439155,0.14722703,0.08584833,-0.02609310,0.07140231,0.02440272,0.01002361,-0.03697598,-0.02310184,0.02705218,0.03799173,102.62184500,4.25000000,1.44250000,0.05015401,119.50000000,36.25000000,91.50000000,0.35750000,2.23700000,2.40650000,0.58000000,4.46400000,0.47375000,0.88744575,-0.01500000,8.43413247,0.04139591,0.12540829,0.14646042,0.21617531,0.03284524,0.00892254,0.09872548,0.02657059,0.11215883,0.03488936,0.17125063,0.04996848,10.77287381,4.81576835,0.21177917,2.11284047,0.08708217,3.90036175,0.72922252,1222.46646540,1.79756698,112.20551448,51.20048935,15.55397537,15.94006769,5.54143454,52.14692901,1.82650000,5.89809680,52.71759268
125,HfZrTiNbMo,BCC,CAST,,,1,1700.00000000,107.54091235,,,,,128.00000000,10.3390/e21010015,2018,"Effects of Mo, Nb, Ta, Ti, and Zr on Mechanical Properties of Equiatomic Hf-Mo-Nb-Ta-Ti-Zr Alloys",HfZrTiNbMo,1.66209875,1.65594704,2444.20000000,19.21743866,3.37475176,0.20000000,0.20000000,0.20000000,0.20000000,0.20000000,0.00000000,0.00000000,0.00000000,0.00000000,0.00000000,0.00000000,0.00000000,0.00000000,0.00000000,0.00013869,3.13673492,160.27930136,0.11843962,0.06933665,-0.04881942,0.03372155,-0.00794206,-0.01538141,-0.05704502,0.02478212,0.14305710,0.17020638,101.28547600,4.60000000,1.58600000,0.11827498,150.00000000,54.20000000,139.00000000,0.34800000,2.38960000,2.61600000,0.87200000,3.76868000,0.81900000,0.89046200,0.07600000,8.75187415,0.05080946,0.15325583,0.66813109,0.69520380,0.03945128,0.00955252,0.11757636,0.02824133,0.35011912,0.11211238,0.37554795,0.11532477,15.84060452,6.62897745,0.34273519,2.06748466,0.14017362,10.05255028,0.69552410,2319.97533173,2.88005403,522.52555597,18.80433299,0.32473630,0.22979928,2.72495411,20.75085754,1.74400000,9.08291543,130.91472057
126,HfZrTiNbMo,BCC,CAST,,,1,298.15000000,1587.80000000,,20.00000000,,,128.00000000,10.3390/e21010015,2018,"Effects of Mo, Nb, Ta, Ti, and Zr on Mechanical Properties of Equiatomic Hf-Mo-Nb-Ta-Ti-Zr Alloys",HfZrTiNbMo,1.66209875,1.65594704,2444.20000000,19.21743866,3.37475176,0.20000000,0.20000000,0.20000000,0.20000000,0.20000000,0.00000000,0.00000000,0.00000000,0.00000000,0.00000000,0.00000000,0.00000000,0.00000000,0.00000000,0.00013869,3.13673492,160.27930136,0.11843962,0.06933665,-0.04881942,0.03372155,-0.00794206,-0.01538141,-0.05704502,0.02478212,0.14305710,0.17020638,101.28547600,4.60000000,1.58600000,0.11827498,150.00000000,54.20000000,139.00000000,0.34800000,2.38960000,2.61600000,0.87200000,3.76868000,0.81900000,0.89046200,0.07600000,8.75187415,0.05080946,0.15325583,0.66813109,0.69520380,0.03945128,0.00955252,0.11757636,0.02824133,0.35011912,0.11211238,0.37554795,0.11532477,15.84060452,6.62897745,0.34273519,2.06748466,0.14017362,10.05255028,0.12198265,2319.97533173,2.88005403,1683.23278748,18.80433299,0.32473630,0.22979928,2.72495411,20.75085754,1.74400000,9.08291543,1503.42360107
127,HfZrTiNbMo,BCC,CAST,,,1,1073.15000000,827.00000000,,,,,128.00000000,10.3390/e21010015,2018,"Effects of Mo, Nb, Ta, Ti, and Zr on Mechanical Properties of Equiatomic Hf-Mo-Nb-Ta-Ti-Zr Alloys",HfZrTiNbMo,1.66209875,1.65594704,2444.20000000,19.21743866,3.37475176,0.20000000,0.20000000,0.20000000,0.20000000,0.20000000,0.00000000,0.00000000,0.00000000,0.00000000,0.00000000,0.00000000,0.00000000,0.00000000,0.00000000,0.00013869,3.13673492,160.27930136,0.11843962,0.06933665,-0.04881942,0.03372155,-0.00794206,-0.01538141,-0.05704502,0.02478212,0.14305710,0.17020638,101.28547600,4.60000000,1.58600000,0.11827498,150.00000000,54.20000000,139.00000000,0.34800000,2.38960000,2.61600000,0.87200000,3.76868000,0.81900000,0.89046200,0.07600000,8.75187415,0.05080946,0.15325583,0.66813109,0.69520380,0.03945128,0.00955252,0.11757636,0.02824133,0.35011912,0.11211238,0.37554795,0.11532477,15.84060452,6.62897745,0.34273519,2.06748466,0.14017362,10.05255028,0.43905982,2319.97533173,2.88005403,905.35280919,18.80433299,0.32473630,0.22979928,2.72495411,20.75085754,1.74400000,9.08291543,852.53066006
128,HfZrTiNbMo,BCC,CAST,,,1,1273.15000000,663.66666667,,,,,128.00000000,10.3390/e21010015,2018,"Effects of Mo, Nb, Ta, Ti, and Zr on Mechanical Properties of Equiatomic Hf-Mo-Nb-Ta-Ti-Zr Alloys",HfZrTiNbMo,1.66209875,1.65594704,2444.20000000,19.21743866,3.37475176,0.20000000,0.20000000,0.20000000,0.20000000,0.20000000,0.00000000,0.00000000,0.00000000,0.00000000,0.00000000,0.00000000,0.00000000,0.00000000,0.00000000,0.00013869,3.13673492,160.27930136,0.11843962,0.06933665,-0.04881942,0.03372155,-0.00794206,-0.01538141,-0.05704502,0.02478212,0.14305710,0.17020638,101.28547600,4.60000000,1.58600000,0.11827498,150.00000000,54.20000000,139.00000000,0.34800000,2.38960000,2.61600000,0.87200000,3.76868000,0.81900000,0.89046200,0.07600000,8.75187415,0.05080946,0.15325583,0.66813109,0.69520380,0.03945128,0.00955252,0.11757636,0.02824133,0.35011912,0.11211238,0.37554795,0.11532477,15.84060452,6.62897745,0.34273519,2.06748466,0.14017362,10.05255028,0.52088618,2319.97533173,2.88005403,759.72425338,18.80433299,0.32473630,0.22979928,2.72495411,20.75085754,1.74400000,9.08291543,623.37886416
129,HfZrTiNbMo,BCC,CAST,,,1,1473.15000000,225.00000000,,,,,128.00000000,10.3390/e21010015,2018,"Effects of Mo, Nb, Ta, Ti, and Zr on Mechanical Properties of Equiatomic Hf-Mo-Nb-Ta-Ti-Zr Alloys",HfZrTiNbMo,1.66209875,1.65594704,2444.20000000,19.21743866,3.37475176,0.20000000,0.20000000,0.20000000,0.20000000,0.20000000,0.00000000,0.00000000,0.00000000,0.00000000,0.00000000,0.00000000,0.00000000,0.00000000,0.00000000,0.00013869,3.13673492,160.27930136,0.11843962,0.06933665,-0.04881942,0.03372155,-0.00794206,-0.01538141,-0.05704502,0.02478212,0.14305710,0.17020638,101.28547600,4.60000000,1.58600000,0.11827498,150.00000000,54.20000000,139.00000000,0.34800000,2.38960000,2.61600000,0.87200000,3.76868000,0.81900000,0.89046200,0.07600000,8.75187415,0.05080946,0.15325583,0.66813109,0.69520380,0.03945128,0.00955252,0.11757636,0.02824133,0.35011912,0.11211238,0.37554795,0.11532477,15.84060452,6.62897745,0.34273519,2.06748466,0.14017362,10.05255028,0.60271254,2319.97533173,2.88005403,637.52046199,18.80433299,0.32473630,0.22979928,2.72495411,20.75085754,1.74400000,9.08291543,225.39830016
130,HfZrTiNbMo,BCC,CAST,,,1,1400.00000000,285.47360551,,,,,128.00000000,10.3390/e21010015,2018,"Effects of Mo, Nb, Ta, Ti, and Zr on Mechanical Properties of Equiatomic Hf-Mo-Nb-Ta-Ti-Zr Alloys",HfZrTiNbMo,1.66209875,1.65594704,2444.20000000,19.21743866,3.37475176,0.20000000,0.20000000,0.20000000,0.20000000,0.20000000,0.00000000,0.00000000,0.00000000,0.00000000,0.00000000,0.00000000,0.00000000,0.00000000,0.00000000,0.00013869,3.13673492,160.27930136,0.11843962,0.06933665,-0.04881942,0.03372155,-0.00794206,-0.01538141,-0.05704502,0.02478212,0.14305710,0.17020638,101.28547600,4.60000000,1.58600000,0.11827498,150.00000000,54.20000000,139.00000000,0.34800000,2.38960000,2.61600000,0.87200000,3.76868000,0.81900000,0.89046200,0.07600000,8.75187415,0.05080946,0.15325583,0.66813109,0.69520380,0.03945128,0.00955252,0.11757636,0.02824133,0.35011912,0.11211238,0.37554795,0.11532477,15.84060452,6.62897745,0.34273519,2.06748466,0.14017362,10.05255028,0.57278455,2319.97533173,2.88005403,679.75174280,18.80433299,0.32473630,0.22979928,2.72495411,20.75085754,1.74400000,9.08291543,332.01647680
131,HfZrTiNbMo,BCC,CAST,,,1,2000.00000000,40.51179375,,,,,128.00000000,10.3390/e21010015,2018,"Effects of Mo, Nb, Ta, Ti, and Zr on Mechanical Properties of Equiatomic Hf-Mo-Nb-Ta-Ti-Zr Alloys",HfZrTiNbMo,1.66209875,1.65594704,2444.20000000,19.21743866,3.37475176,0.20000000,0.20000000,0.20000000,0.20000000,0.20000000,0.00000000,0.00000000,0.00000000,0.00000000,0.00000000,0.00000000,0.00000000,0.00000000,0.00000000,0.00013869,3.13673492,160.27930136,0.11843962,0.06933665,-0.04881942,0.03372155,-0.00794206,-0.01538141,-0.05704502,0.02478212,0.14305710,0.17020638,101.28547600,4.60000000,1.58600000,0.11827498,150.00000000,54.20000000,139.00000000,0.34800000,2.38960000,2.61600000,0.87200000,3.76868000,0.81900000,0.89046200,0.07600000,8.75187415,0.05080946,0.15325583,0.66813109,0.69520380,0.03945128,0.00955252,0.11757636,0.02824133,0.35011912,0.11211238,0.37554795,0.11532477,15.84060452,6.62897745,0.34273519,2.06748466,0.14017362,10.05255028,0.81826364,2319.97533173,2.88005403,401.66569566,18.80433299,0.32473630,0.22979928,2.72495411,20.75085754,1.74400000,9.08291543,82.13828899
132,Mn21Al12Cr17Fe35Ni13,B2+BCC,CAST,,,1,673.15000000,833.00000000,,,,,,10.1016/j.jallcom.2018.08.093,2019,Effect of Al on structure and mechanical properties of Fe-Mn-Cr-Ni-Al non-equiatomic high entropy alloys with high Fe content,Mn21Al12Cr17Fe35Ni13,1.43514831,1.43044130,1693.95755102,12.22269480,2.90223330,0.21400000,0.12200000,0.17300000,0.35700000,0.13300000,0.00000000,0.00000000,0.00000000,0.00000000,0.00000000,0.00000000,0.00000000,0.00000000,0.00000000,0.00013151,2.65994006,202.24042578,-0.03729197,-0.01273908,-0.06976537,-0.10983768,-0.11255740,-0.08528479,-0.08800451,0.01897222,0.08378105,0.14703262,51.82653376,7.09183673,1.72418367,0.06480883,147.71428571,79.64285714,201.28571429,0.27540816,2.06280612,2.47944898,1.33496939,2.18382857,1.02418367,1.26662106,0.06664276,7.04100398,0.03099126,0.13289479,0.30055550,0.28079129,0.02187693,0.00649117,0.08432924,0.02501430,0.27517799,0.07833627,0.26021098,0.07460979,20.01749757,9.70401308,0.49650021,1.76017461,0.07204052,2.02824955,0.39738304,2274.59156647,2.19864899,1049.82332697,48.23715874,0.50547099,2.40746904,13.04948871,39.55127840,1.27381633,15.71458702,890.44908901
133,Mn21Al12Cr17Fe35Ni13,B2+BCC,CAST,175.00000000,,1,298.15000000,942.00000000,,,,,,10.1016/j.jallcom.2018.08.093,2019,Effect of Al on structure and mechanical properties of Fe-Mn-Cr-Ni-Al non-equiatomic high entropy alloys with high Fe content,Mn21Al12Cr17Fe35Ni13,1.43514831,1.43044130,1693.95755102,12.22269480,2.90223330,0.21400000,0.12200000,0.17300000,0.35700000,0.13300000,0.00000000,0.00000000,0.00000000,0.00000000,0.00000000,0.00000000,0.00000000,0.00000000,0.00000000,0.00013151,2.65994006,202.24042578,-0.03729197,-0.01273908,-0.06976537,-0.10983768,-0.11255740,-0.08528479,-0.08800451,0.01897222,0.08378105,0.14703262,51.82653376,7.09183673,1.72418367,0.06480883,147.71428571,79.64285714,201.28571429,0.27540816,2.06280612,2.47944898,1.33496939,2.18382857,1.02418367,1.26662106,0.06664276,7.04100398,0.03099126,0.13289479,0.30055550,0.28079129,0.02187693,0.00649117,0.08432924,0.02501430,0.27517799,0.07833627,0.26021098,0.07460979,20.01749757,9.70401308,0.49650021,1.76017461,0.07204052,2.02824955,0.17600795,2274.59156647,2.19864899,1527.20191133,48.23715874,0.50547099,2.40746904,13.04948871,39.55127840,1.27381633,15.71458702,1011.21275105
134,Mn21Al12Cr17Fe35Ni13,B2+BCC,CAST,,,1,873.15000000,326.00000000,,,,,,10.1016/j.jallcom.2018.08.093,2019,Effect of Al on structure and mechanical properties of Fe-Mn-Cr-Ni-Al non-equiatomic high entropy alloys with high Fe content,Mn21Al12Cr17Fe35Ni13,1.43514831,1.43044130,1693.95755102,12.22269480,2.90223330,0.21400000,0.12200000,0.17300000,0.35700000,0.13300000,0.00000000,0.00000000,0.00000000,0.00000000,0.00000000,0.00000000,0.00000000,0.00000000,0.00000000,0.00013151,2.65994006,202.24042578,-0.03729197,-0.01273908,-0.06976537,-0.10983768,-0.11255740,-0.08528479,-0.08800451,0.01897222,0.08378105,0.14703262,51.82653376,7.09183673,1.72418367,0.06480883,147.71428571,79.64285714,201.28571429,0.27540816,2.06280612,2.47944898,1.33496939,2.18382857,1.02418367,1.26662106,0.06664276,7.04100398,0.03099126,0.13289479,0.30055550,0.28079129,0.02187693,0.00649117,0.08432924,0.02501430,0.27517799,0.07833627,0.26021098,0.07460979,20.01749757,9.70401308,0.49650021,1.76017461,0.07204052,2.02824955,0.51544975,2274.59156647,2.19864899,834.35386187,48.23715874,0.50547099,2.40746904,13.04948871,39.55127840,1.27381633,15.71458702,515.30910387
135,Mn22Al9Cr18Fe36Ni13,B2+BCC,CAST,,,1,673.15000000,943.00000000,,,,,,10.1016/j.jallcom.2018.08.093,2019,Effect of Al on structure and mechanical properties of Fe-Mn-Cr-Ni-Al non-equiatomic high entropy alloys with high Fe content,Mn22Al9Cr18Fe36Ni13,1.43030063,1.42877730,1721.61102041,12.12320935,2.89433769,0.22400000,0.09200000,0.18400000,0.36700000,0.13300000,0.00000000,0.00000000,0.00000000,0.00000000,0.00000000,0.00000000,0.00000000,0.00000000,0.00000000,0.00012946,2.65072706,207.05402552,-0.03475973,-0.00943390,-0.05612977,-0.08510349,-0.08912025,-0.05977767,-0.06379443,0.00939450,0.07881974,0.11522777,52.66157997,7.21428571,1.72632653,0.06942523,150.00000000,81.67346939,206.16326531,0.27224490,2.09175510,2.53281633,1.36713265,2.22611980,1.06142857,1.26089348,0.07282777,7.21316180,0.02759614,0.11896322,0.27202008,0.25230693,0.01901406,0.00582735,0.07407861,0.02263431,0.24471370,0.07166411,0.23030302,0.06788379,20.47202655,9.78700927,0.50743444,1.74817724,0.06980138,2.61890610,0.39100005,1994.11507023,2.06774519,876.40562814,40.74857799,7.84760364,9.71823882,13.14698596,32.40513936,1.29714286,15.78239929,897.06353799
136,Mn22Al9Cr18Fe36Ni13,B2+BCC,CAST,,,1,873.15000000,359.00000000,,,,,,10.1016/j.jallcom.2018.08.093,2019,Effect of Al on structure and mechanical properties of Fe-Mn-Cr-Ni-Al non-equiatomic high entropy alloys with high Fe content,Mn22Al9Cr18Fe36Ni13,1.43030063,1.42877730,1721.61102041,12.12320935,2.89433769,0.22400000,0.09200000,0.18400000,0.36700000,0.13300000,0.00000000,0.00000000,0.00000000,0.00000000,0.00000000,0.00000000,0.00000000,0.00000000,0.00000000,0.00012946,2.65072706,207.05402552,-0.03475973,-0.00943390,-0.05612977,-0.08510349,-0.08912025,-0.05977767,-0.06379443,0.00939450,0.07881974,0.11522777,52.66157997,7.21428571,1.72632653,0.06942523,150.00000000,81.67346939,206.16326531,0.27224490,2.09175510,2.53281633,1.36713265,2.22611980,1.06142857,1.26089348,0.07282777,7.21316180,0.02759614,0.11896322,0.27202008,0.25230693,0.01901406,0.00582735,0.07407861,0.02263431,0.24471370,0.07166411,0.23030302,0.06788379,20.47202655,9.78700927,0.50743444,1.74817724,0.06980138,2.61890610,0.50717031,1994.11507023,2.06774519,686.47272540,40.74857799,7.84760364,9.71823882,13.14698596,32.40513936,1.29714286,15.78239929,436.27986523
137,Mn22Al9Cr18Fe36Ni13,B2+BCC,CAST,175.00000000,,1,298.15000000,994.00000000,,,,,,10.1016/j.jallcom.2018.08.093,2019,Effect of Al on structure and mechanical properties of Fe-Mn-Cr-Ni-Al non-equiatomic high entropy alloys with high Fe content,Mn22Al9Cr18Fe36Ni13,1.43030063,1.42877730,1721.61102041,12.12320935,2.89433769,0.22400000,0.09200000,0.18400000,0.36700000,0.13300000,0.00000000,0.00000000,0.00000000,0.00000000,0.00000000,0.00000000,0.00000000,0.00000000,0.00000000,0.00012946,2.65072706,207.05402552,-0.03475973,-0.00943390,-0.05612977,-0.08510349,-0.08912025,-0.05977767,-0.06379443,0.00939450,0.07881974,0.11522777,52.66157997,7.21428571,1.72632653,0.06942523,150.00000000,81.67346939,206.16326531,0.27224490,2.09175510,2.53281633,1.36713265,2.22611980,1.06142857,1.26089348,0.07282777,7.21316180,0.02759614,0.11896322,0.27202008,0.25230693,0.01901406,0.00582735,0.07407861,0.02263431,0.24471370,0.07166411,0.23030302,0.06788379,20.47202655,9.78700927,0.50743444,1.74817724,0.06980138,2.61890610,0.17318082,1994.11507023,2.06774519,1311.51479237,40.74857799,7.84760364,9.71823882,13.14698596,32.40513936,1.29714286,15.78239929,1008.01421425
138,Mn23Al5Cr18Fe37Ni14,FCC+BCC,CAST,,,1,298.15000000,550.00000000,,,,,,10.1016/j.jallcom.2018.08.093,2019,Effect of Al on structure and mechanical properties of Fe-Mn-Cr-Ni-Al non-equiatomic high entropy alloys with high Fe content,Mn23Al5Cr18Fe37Ni14,1.42326001,1.42517966,1753.01649485,11.98456721,2.88326206,0.23700000,0.05200000,0.18600000,0.38100000,0.14400000,0.00000000,0.00000000,0.00000000,0.00000000,0.00000000,0.00000000,0.00000000,0.00000000,0.00000000,0.00012534,2.64056133,212.90671463,-0.02120946,0.00522811,-0.03306538,-0.05835597,-0.06442146,-0.03191840,-0.03798389,0.00670433,0.07743686,0.10629446,53.83902194,7.42268041,1.73226804,0.07073254,153.25773196,83.89690722,211.68041237,0.26927835,2.13143299,2.58508247,1.40319588,2.31271526,1.09185567,1.27663984,0.07546958,7.45974875,0.02195881,0.09532213,0.22811796,0.20807132,0.01450466,0.00465061,0.05843471,0.01848702,0.19484115,0.05963155,0.18134559,0.05577813,20.94887474,9.82854016,0.51226366,1.73702031,0.06725416,3.76522393,0.17007826,1511.52663607,1.80371135,944.78467225,10.96873234,11.06721821,12.89877551,20.84121397,22.17123216,1.32112371,15.85686078,650.00547585
139,Mn23Al5Cr18Fe37Ni14,FCC+BCC,CAST,,,1,673.15000000,469.00000000,,,,,,10.1016/j.jallcom.2018.08.093,2019,Effect of Al on structure and mechanical properties of Fe-Mn-Cr-Ni-Al non-equiatomic high entropy alloys with high Fe content,Mn23Al5Cr18Fe37Ni14,1.42326001,1.42517966,1753.01649485,11.98456721,2.88326206,0.23700000,0.05200000,0.18600000,0.38100000,0.14400000,0.00000000,0.00000000,0.00000000,0.00000000,0.00000000,0.00000000,0.00000000,0.00000000,0.00000000,0.00012534,2.64056133,212.90671463,-0.02120946,0.00522811,-0.03306538,-0.05835597,-0.06442146,-0.03191840,-0.03798389,0.00670433,0.07743686,0.10629446,53.83902194,7.42268041,1.73226804,0.07073254,153.25773196,83.89690722,211.68041237,0.26927835,2.13143299,2.58508247,1.40319588,2.31271526,1.09185567,1.27663984,0.07546958,7.45974875,0.02195881,0.09532213,0.22811796,0.20807132,0.01450466,0.00465061,0.05843471,0.01848702,0.19484115,0.05963155,0.18134559,0.05577813,20.94887474,9.82854016,0.51226366,1.73702031,0.06725416,3.76522393,0.38399525,1511.52663607,1.80371135,588.98629599,10.96873234,11.06721821,12.89877551,20.84121397,22.17123216,1.32112371,15.85686078,509.67628564
140,Mn23Al5Cr18Fe37Ni14,FCC+BCC,CAST,,,1,873.15000000,272.00000000,,,,,,10.1016/j.jallcom.2018.08.093,2019,Effect of Al on structure and mechanical properties of Fe-Mn-Cr-Ni-Al non-equiatomic high entropy alloys with high Fe content,Mn23Al5Cr18Fe37Ni14,1.42326001,1.42517966,1753.01649485,11.98456721,2.88326206,0.23700000,0.05200000,0.18600000,0.38100000,0.14400000,0.00000000,0.00000000,0.00000000,0.00000000,0.00000000,0.00000000,0.00000000,0.00000000,0.00000000,0.00012534,2.64056133,212.90671463,-0.02120946,0.00522811,-0.03306538,-0.05835597,-0.06442146,-0.03191840,-0.03798389,0.00670433,0.07743686,0.10629446,53.83902194,7.42268041,1.73226804,0.07073254,153.25773196,83.89690722,211.68041237,0.26927835,2.13143299,2.58508247,1.40319588,2.31271526,1.09185567,1.27663984,0.07546958,7.45974875,0.02195881,0.09532213,0.22811796,0.20807132,0.01450466,0.00465061,0.05843471,0.01848702,0.19484115,0.05963155,0.18134559,0.05577813,20.94887474,9.82854016,0.51226366,1.73702031,0.06725416,3.76522393,0.49808430,1511.52663607,1.80371135,445.13799783,10.96873234,11.06721821,12.89877551,20.84121397,22.17123216,1.32112371,15.85686078,331.44434002
141,Mn24AlCr19Fe39Ni14,FCC+BCC,CAST,,,1,873.15000000,155.00000000,,,,,,10.1016/j.jallcom.2018.08.093,2019,Effect of Al on structure and mechanical properties of Fe-Mn-Cr-Ni-Al non-equiatomic high entropy alloys with high Fe content,Mn24AlCr19Fe39Ni14,1.41659797,1.42094782,1790.00329897,11.85074094,2.87248983,0.24700000,0.01000000,0.19600000,0.40200000,0.14400000,0.00000000,0.00000000,0.00000000,0.00000000,0.00000000,0.00000000,0.00000000,0.00000000,0.00000000,0.00011687,2.63335202,218.85933802,0.00985264,0.03198073,0.00072727,-0.00801564,-0.01510062,0.01411244,0.00702747,0.00584246,0.07136518,0.05797424,54.98023834,7.59793814,1.73670103,0.07607853,156.53608247,86.52577320,218.06185567,0.26546392,2.17363918,2.64954639,1.44851546,2.36800680,1.13927835,1.27412640,0.08326936,7.70389771,0.01256341,0.05526439,0.17578502,0.15347886,0.00784902,0.00262220,0.03629898,0.01173072,0.12963812,0.04173613,0.11612725,0.03708292,21.52457676,9.90255280,0.52413407,1.72280703,0.06426708,26.09954474,0.48779240,745.40657619,1.27197526,131.68187340,57.35887945,12.40829491,11.36890010,20.85188981,38.01291796,1.34455670,16.00867911,190.13083770
142,Mn24AlCr19Fe39Ni14,FCC+BCC,CAST,,,1,298.15000000,354.00000000,,,,,,10.1016/j.jallcom.2018.08.093,2019,Effect of Al on structure and mechanical properties of Fe-Mn-Cr-Ni-Al non-equiatomic high entropy alloys with high Fe content,Mn24AlCr19Fe39Ni14,1.41659797,1.42094782,1790.00329897,11.85074094,2.87248983,0.24700000,0.01000000,0.19600000,0.40200000,0.14400000,0.00000000,0.00000000,0.00000000,0.00000000,0.00000000,0.00000000,0.00000000,0.00000000,0.00000000,0.00011687,2.63335202,218.85933802,0.00985264,0.03198073,0.00072727,-0.00801564,-0.01510062,0.01411244,0.00702747,0.00584246,0.07136518,0.05797424,54.98023834,7.59793814,1.73670103,0.07607853,156.53608247,86.52577320,218.06185567,0.26546392,2.17363918,2.64954639,1.44851546,2.36800680,1.13927835,1.27412640,0.08326936,7.70389771,0.01256341,0.05526439,0.17578502,0.15347886,0.00784902,0.00262220,0.03629898,0.01173072,0.12963812,0.04173613,0.11612725,0.03708292,21.52457676,9.90255280,0.52413407,1.72280703,0.06426708,26.09954474,0.16656394,745.40657619,1.27197526,392.63923722,57.35887945,12.40829491,11.36890010,20.85188981,38.01291796,1.34455670,16.00867911,490.85962181
143,Mn24AlCr19Fe39Ni14,FCC+BCC,CAST,,,1,673.15000000,260.00000000,,,,,,10.1016/j.jallcom.2018.08.093,2019,Effect of Al on structure and mechanical properties of Fe-Mn-Cr-Ni-Al non-equiatomic high entropy alloys with high Fe content,Mn24AlCr19Fe39Ni14,1.41659797,1.42094782,1790.00329897,11.85074094,2.87248983,0.24700000,0.01000000,0.19600000,0.40200000,0.14400000,0.00000000,0.00000000,0.00000000,0.00000000,0.00000000,0.00000000,0.00000000,0.00000000,0.00000000,0.00011687,2.63335202,218.85933802,0.00985264,0.03198073,0.00072727,-0.00801564,-0.01510062,0.01411244,0.00702747,0.00584246,0.07136518,0.05797424,54.98023834,7.59793814,1.73670103,0.07607853,156.53608247,86.52577320,218.06185567,0.26546392,2.17363918,2.64954639,1.44851546,2.36800680,1.13927835,1.27412640,0.08326936,7.70389771,0.01256341,0.05526439,0.17578502,0.15347886,0.00784902,0.00262220,0.03629898,0.01173072,0.12963812,0.04173613,0.11612725,0.03708292,21.52457676,9.90255280,0.52413407,1.72280703,0.06426708,26.09954474,0.37606076,745.40657619,1.27197526,195.87298364,57.35887945,12.40829491,11.36890010,20.85188981,38.01291796,1.34455670,16.00867911,218.21367760
144,Mn5Cr4Fe8Ni3,FCC+BCC,CAST,75.00000000,,1,298.15000000,219.00000000,,,,,,10.1016/j.jallcom.2018.08.093,2019,Effect of Al on structure and mechanical properties of Fe-Mn-Cr-Ni-Al non-equiatomic high entropy alloys with high Fe content,Mn5Cr4Fe8Ni3,1.41477156,1.42212002,1799.35000000,11.81497725,2.86959734,0.25000000,0.20000000,0.40000000,0.15000000,0.00000000,0.00000000,0.00000000,0.00000000,0.00000000,0.00000000,0.00000000,0.00000000,0.00000000,0.00000000,0.00011371,2.63207923,220.56205892,0.02677081,0.05446115,0.01478646,0.00042877,-0.01015276,0.02811910,0.01753758,-0.00641721,0.07131972,0.06272158,55.27574125,7.65000000,1.73800000,0.07773693,157.40000000,87.20000000,219.70000000,0.26450000,2.18380000,2.66645000,1.45725000,2.38886600,1.14850000,1.27935625,0.08486765,7.76874881,0.00956822,0.03828984,0.16102486,0.13726938,0.00537751,0.00161873,0.02925380,0.00883228,0.10935252,0.03595219,0.09509039,0.03100804,21.67045742,9.92327934,0.52591812,1.71923861,0.01207492,477.19129426,0.16569872,459.28375442,0.99929906,216.19980117,53.14436052,10.93427718,10.41734778,3.98155261,38.04048908,1.35465000,15.99708959,345.90624509
145,Mn5Cr4Fe8Ni3,FCC+BCC,CAST,,,1,673.15000000,132.00000000,,,,,,10.1016/j.jallcom.2018.08.093,2019,Effect of Al on structure and mechanical properties of Fe-Mn-Cr-Ni-Al non-equiatomic high entropy alloys with high Fe content,Mn5Cr4Fe8Ni3,1.41477156,1.42212002,1799.35000000,11.81497725,2.86959734,0.25000000,0.20000000,0.40000000,0.15000000,0.00000000,0.00000000,0.00000000,0.00000000,0.00000000,0.00000000,0.00000000,0.00000000,0.00000000,0.00000000,0.00011371,2.63207923,220.56205892,0.02677081,0.05446115,0.01478646,0.00042877,-0.01015276,0.02811910,0.01753758,-0.00641721,0.07131972,0.06272158,55.27574125,7.65000000,1.73800000,0.07773693,157.40000000,87.20000000,219.70000000,0.26450000,2.18380000,2.66645000,1.45725000,2.38886600,1.14850000,1.27935625,0.08486765,7.76874881,0.00956822,0.03828984,0.16102486,0.13726938,0.00537751,0.00161873,0.02925380,0.00883228,0.10935252,0.03595219,0.09509039,0.03100804,21.67045742,9.92327934,0.52591812,1.71923861,0.01207492,477.19129426,0.37410732,459.28375442,0.99929906,83.80791405,53.14436052,10.93427718,10.41734778,3.98155261,38.04048908,1.35465000,15.99708959,135.75402024
146,Mn5Cr4Fe8Ni3,FCC+BCC,CAST,,,1,873.15000000,115.00000000,,,,,,10.1016/j.jallcom.2018.08.093,2019,Effect of Al on structure and mechanical properties of Fe-Mn-Cr-Ni-Al non-equiatomic high entropy alloys with high Fe content,Mn5Cr4Fe8Ni3,1.41477156,1.42212002,1799.35000000,11.81497725,2.86959734,0.25000000,0.20000000,0.40000000,0.15000000,0.00000000,0.00000000,0.00000000,0.00000000,0.00000000,0.00000000,0.00000000,0.00000000,0.00000000,0.00000000,0.00011371,2.63207923,220.56205892,0.02677081,0.05446115,0.01478646,0.00042877,-0.01015276,0.02811910,0.01753758,-0.00641721,0.07131972,0.06272158,55.27574125,7.65000000,1.73800000,0.07773693,157.40000000,87.20000000,219.70000000,0.26450000,2.18380000,2.66645000,1.45725000,2.38886600,1.14850000,1.27935625,0.08486765,7.76874881,0.00956822,0.03828984,0.16102486,0.13726938,0.00537751,0.00161873,0.02925380,0.00883228,0.10935252,0.03595219,0.09509039,0.03100804,21.67045742,9.92327934,0.52591812,1.71923861,0.01207492,477.19129426,0.48525857,459.28375442,0.99929906,50.55695318,53.14436052,10.93427718,10.41734778,3.98155261,38.04048908,1.35465000,15.99708959,151.07463169
147,Ta23Ti4V23(CrW)23,BCC+Laves,POWDER,,,1,1473.15000000,750.00000000,,1.50000000,,,,10.1016/j.matchemphys.2017.06.054,2018,The effect of Ti on the sintering and mechanical properties of refractory high-entropy alloy TixWTaVCr fabricated via spark plasma sintering for fusion plasma-facing materials,Ta23Ti4V23(CrW)23,1.53121684,1.53278974,2799.66666667,14.92083580,3.10175660,0.24000000,0.04200000,0.24000000,0.24000000,0.24000000,0.00000000,0.00000000,0.00000000,0.00000000,0.00000000,0.00000000,0.00000000,0.00000000,0.00000000,0.00012953,2.91194036,225.52641949,0.18700420,0.18345811,0.00641285,0.00153761,-0.02297876,-0.00200847,-0.02652484,0.13574860,0.40953586,0.42419049,114.05368792,5.43750000,1.77718750,0.30677554,203.79166667,95.27083333,245.37500000,0.30083333,2.90188542,3.36843750,1.74500000,2.39624271,1.60250000,1.02639680,0.36239583,12.69303786,0.05073102,0.14436187,0.46795469,0.44055370,0.03969271,0.01182406,0.11070619,0.03236955,0.35233787,0.09826574,0.32704956,0.09410534,25.59165140,8.81897377,0.55222718,1.86054826,0.16594652,235.85323262,0.52618764,3271.57012227,3.52058679,1137.18973323,3.33515589,0.07721500,0.08677453,13.15563485,2.45347999,1.62343750,15.76386612,708.62199835
148,Ta23Ti4V23(CrW)23,BCC+Laves,POWDER,,7.00700000,1,298.15000000,2034.00000000,,1.50000000,,,,10.1016/j.matchemphys.2017.06.054,2018,The effect of Ti on the sintering and mechanical properties of refractory high-entropy alloy TixWTaVCr fabricated via spark plasma sintering for fusion plasma-facing materials,Ta23Ti4V23(CrW)23,1.53121684,1.53278974,2799.66666667,14.92083580,3.10175660,0.24000000,0.04200000,0.24000000,0.24000000,0.24000000,0.00000000,0.00000000,0.00000000,0.00000000,0.00000000,0.00000000,0.00000000,0.00000000,0.00000000,0.00012953,2.91194036,225.52641949,0.18700420,0.18345811,0.00641285,0.00153761,-0.02297876,-0.00200847,-0.02652484,0.13574860,0.40953586,0.42419049,114.05368792,5.43750000,1.77718750,0.30677554,203.79166667,95.27083333,245.37500000,0.30083333,2.90188542,3.36843750,1.74500000,2.39624271,1.60250000,1.02639680,0.36239583,12.69303786,0.05073102,0.14436187,0.46795469,0.44055370,0.03969271,0.01182406,0.11070619,0.03236955,0.35233787,0.09826574,0.32704956,0.09410534,25.59165140,8.81897377,0.55222718,1.86054826,0.16594652,235.85323262,0.10649482,3271.57012227,3.52058679,2486.16489317,3.33515589,0.07721500,0.08677453,13.15563485,2.45347999,1.62343750,15.76386612,2055.29555330
149,Ta23Ti6V23(CrW)23,BCC+Laves,POWDER,,7.64400000,1,298.15000000,2050.00000000,,1.50000000,,,,10.1016/j.matchemphys.2017.06.054,2018,The effect of Ti on the sintering and mechanical properties of refractory high-entropy alloy TixWTaVCr fabricated via spark plasma sintering for fusion plasma-facing materials,Ta23Ti6V23(CrW)23,1.53292124,1.53506142,2782.14285714,14.97368881,3.10541467,0.23500000,0.06100000,0.23500000,0.23500000,0.23500000,0.00000000,0.00000000,0.00000000,0.00000000,0.00000000,0.00000000,0.00000000,0.00000000,0.00000000,0.00013201,2.91502894,223.19907056,0.20235538,0.19714480,0.00594623,0.00329695,-0.02409935,-0.00191363,-0.02930993,0.10191412,0.40165435,0.41835604,112.70293918,5.40816327,1.77234694,0.29974023,201.81632653,94.22448980,242.73469388,0.30122449,2.88552041,3.35104082,1.71683673,2.44997245,1.57785714,1.02883905,0.35295918,12.49844066,0.05081659,0.14431600,0.47457608,0.44717381,0.03980180,0.01171862,0.11104076,0.03208917,0.35483036,0.09767480,0.33020750,0.09365045,25.34043267,8.78192806,0.54681892,1.86214953,0.16446084,111.39554132,0.10716560,3237.97997709,3.49551834,2456.92663729,3.80661532,0.07721500,0.08677453,13.39334560,3.52149990,1.63420408,15.50628405,2062.76145654
150,Ta23Ti6V23(CrW)23,BCC+Laves,POWDER,,,1,1473.15000000,586.00000000,,1.50000000,,,,10.1016/j.matchemphys.2017.06.054,2018,The effect of Ti on the sintering and mechanical properties of refractory high-entropy alloy TixWTaVCr fabricated via spark plasma sintering for fusion plasma-facing materials,Ta23Ti6V23(CrW)23,1.53292124,1.53506142,2782.14285714,14.97368881,3.10541467,0.23500000,0.06100000,0.23500000,0.23500000,0.23500000,0.00000000,0.00000000,0.00000000,0.00000000,0.00000000,0.00000000,0.00000000,0.00000000,0.00000000,0.00013201,2.91502894,223.19907056,0.20235538,0.19714480,0.00594623,0.00329695,-0.02409935,-0.00191363,-0.02930993,0.10191412,0.40165435,0.41835604,112.70293918,5.40816327,1.77234694,0.29974023,201.81632653,94.22448980,242.73469388,0.30122449,2.88552041,3.35104082,1.71683673,2.44997245,1.57785714,1.02883905,0.35295918,12.49844066,0.05081659,0.14431600,0.47457608,0.44717381,0.03980180,0.01171862,0.11104076,0.03208917,0.35483036,0.09767480,0.33020750,0.09365045,25.34043267,8.78192806,0.54681892,1.86214953,0.16446084,111.39554132,0.52950193,3237.97997709,3.49551834,1117.01663989,3.80661532,0.07721500,0.08677453,13.39334560,3.52149990,1.63420408,15.50628405,679.19900007
151,TaNbMoW,BCC,CAST,,,1,1073.15000000,552.00000000,,40.00000000,,,250.00000000,10.1016/j.intermet.2011.01.004,2011,Mechanical properties of Nb25Mo25Ta25W25 and V20Nb20Mo20Ta20W20 refractory high entropy alloys,TaNbMoW,1.59048630,1.58486405,3157.75000000,16.83280329,3.22895616,0.25000000,0.25000000,0.25000000,0.25000000,0.00000000,0.00000000,0.00000000,0.00000000,0.00000000,0.00000000,0.00000000,0.00000000,0.00000000,0.00000000,0.00011946,3.02207957,233.52707828,-0.04563347,-0.04563347,-0.06274716,-0.10485312,-0.13074463,-0.10485312,-0.13074463,0.16622545,0.48064596,0.51998611,138.40856500,5.50000000,1.90500000,0.31442051,238.00000000,98.00000000,257.75000000,0.33250000,3.12000000,3.30700000,1.84500000,1.79122500,1.70750000,1.00537650,0.39500000,13.65387465,0.02292950,0.06567358,0.49239320,0.46330988,0.01799885,0.00477458,0.05204603,0.01396394,0.39784172,0.12147923,0.37777802,0.11728030,27.40430897,8.78343236,0.54727564,1.99625468,0.04412727,3.59769772,0.33984641,1293.32170970,2.53271648,443.60510266,4.22614023,0.12925173,0.11487250,5.54143454,3.82985611,1.46200000,18.74439738,564.34346447
152,TaNbMoW,BCC,CAST,,,1,1873.15000000,405.00000000,,40.00000000,,,250.00000000,10.1016/j.intermet.2011.01.004,2011,Mechanical properties of Nb25Mo25Ta25W25 and V20Nb20Mo20Ta20W20 refractory high entropy alloys,TaNbMoW,1.59048630,1.58486405,3157.75000000,16.83280329,3.22895616,0.25000000,0.25000000,0.25000000,0.25000000,0.00000000,0.00000000,0.00000000,0.00000000,0.00000000,0.00000000,0.00000000,0.00000000,0.00000000,0.00000000,0.00011946,3.02207957,233.52707828,-0.04563347,-0.04563347,-0.06274716,-0.10485312,-0.13074463,-0.10485312,-0.13074463,0.16622545,0.48064596,0.51998611,138.40856500,5.50000000,1.90500000,0.31442051,238.00000000,98.00000000,257.75000000,0.33250000,3.12000000,3.30700000,1.84500000,1.79122500,1.70750000,1.00537650,0.39500000,13.65387465,0.02292950,0.06567358,0.49239320,0.46330988,0.01799885,0.00477458,0.05204603,0.01396394,0.39784172,0.12147923,0.37777802,0.11728030,27.40430897,8.78343236,0.54727564,1.99625468,0.04412727,3.59769772,0.59319135,1293.32170970,2.53271648,199.78810753,4.22614023,0.12925173,0.11487250,5.54143454,3.82985611,1.46200000,18.74439738,455.78306574
153,TaNbMoW,BCC,OTHER,,,1,1273.15000000,548.00000000,,,,,250.00000000,10.1016/j.actamat.2019.06.032,2019,High temperature strength of refractory complex concentrated alloys,TaNbMoW,1.59048630,1.58486405,3157.75000000,16.83280329,3.22895616,0.25000000,0.25000000,0.25000000,0.25000000,0.00000000,0.00000000,0.00000000,0.00000000,0.00000000,0.00000000,0.00000000,0.00000000,0.00000000,0.00000000,0.00011946,3.02207957,233.52707828,-0.04563347,-0.04563347,-0.06274716,-0.10485312,-0.13074463,-0.10485312,-0.13074463,0.16622545,0.48064596,0.51998611,138.40856500,5.50000000,1.90500000,0.31442051,238.00000000,98.00000000,257.75000000,0.33250000,3.12000000,3.30700000,1.84500000,1.79122500,1.70750000,1.00537650,0.39500000,13.65387465,0.02292950,0.06567358,0.49239320,0.46330988,0.01799885,0.00477458,0.05204603,0.01396394,0.39784172,0.12147923,0.37777802,0.11728030,27.40430897,8.78343236,0.54727564,1.99625468,0.04412727,3.59769772,0.40318265,1293.32170970,2.53271648,363.40408768,4.22614023,0.12925173,0.11487250,5.54143454,3.82985611,1.46200000,18.74439738,554.75793730
154,TaNbMoW,BCC,CAST,,,1,2000.00000000,388.60175172,,40.00000000,,,250.00000000,10.1016/j.intermet.2011.01.004,2011,Mechanical properties of Nb25Mo25Ta25W25 and V20Nb20Mo20Ta20W20 refractory high entropy alloys,TaNbMoW,1.59048630,1.58486405,3157.75000000,16.83280329,3.22895616,0.25000000,0.25000000,0.25000000,0.25000000,0.00000000,0.00000000,0.00000000,0.00000000,0.00000000,0.00000000,0.00000000,0.00000000,0.00000000,0.00000000,0.00011946,3.02207957,233.52707828,-0.04563347,-0.04563347,-0.06274716,-0.10485312,-0.13074463,-0.10485312,-0.13074463,0.16622545,0.48064596,0.51998611,138.40856500,5.50000000,1.90500000,0.31442051,238.00000000,98.00000000,257.75000000,0.33250000,3.12000000,3.30700000,1.84500000,1.79122500,1.70750000,1.00537650,0.39500000,13.65387465,0.02292950,0.06567358,0.49239320,0.46330988,0.01799885,0.00477458,0.05204603,0.01396394,0.39784172,0.12147923,0.37777802,0.11728030,27.40430897,8.78343236,0.54727564,1.99625468,0.04412727,3.59769772,0.63336236,1293.32170970,2.53271648,176.05133301,4.22614023,0.12925173,0.11487250,5.54143454,3.82985611,1.46200000,18.74439738,387.70702475
155,TaNbMoW,BCC,CAST,,,1,1673.15000000,421.00000000,,40.00000000,,,250.00000000,10.1016/j.intermet.2011.01.004,2011,Mechanical properties of Nb25Mo25Ta25W25 and V20Nb20Mo20Ta20W20 refractory high entropy alloys,TaNbMoW,1.59048630,1.58486405,3157.75000000,16.83280329,3.22895616,0.25000000,0.25000000,0.25000000,0.25000000,0.00000000,0.00000000,0.00000000,0.00000000,0.00000000,0.00000000,0.00000000,0.00000000,0.00000000,0.00000000,0.00011946,3.02207957,233.52707828,-0.04563347,-0.04563347,-0.06274716,-0.10485312,-0.13074463,-0.10485312,-0.13074463,0.16622545,0.48064596,0.51998611,138.40856500,5.50000000,1.90500000,0.31442051,238.00000000,98.00000000,257.75000000,0.33250000,3.12000000,3.30700000,1.84500000,1.79122500,1.70750000,1.00537650,0.39500000,13.65387465,0.02292950,0.06567358,0.49239320,0.46330988,0.01799885,0.00477458,0.05204603,0.01396394,0.39784172,0.12147923,0.37777802,0.11728030,27.40430897,8.78343236,0.54727564,1.99625468,0.04412727,3.59769772,0.52985512,1293.32170970,2.53271648,243.88009644,4.22614023,0.12925173,0.11487250,5.54143454,3.82985611,1.46200000,18.74439738,457.56516048
156,TaNbMoW,BCC,POWDER,,4.94410000,1,298.15000000,1066.75000000,,7.50000000,3.80000000,,250.00000000,10.1007/s10853-019-03567-9,2019,Correction to: Effect of Si additions on microstructure and mechanical properties of refractory NbTaWMo high-entropy alloys,TaNbMoW,1.59048630,1.58486405,3157.75000000,16.83280329,3.22895616,0.25000000,0.25000000,0.25000000,0.25000000,0.00000000,0.00000000,0.00000000,0.00000000,0.00000000,0.00000000,0.00000000,0.00000000,0.00000000,0.00000000,0.00011946,3.02207957,233.52707828,-0.04563347,-0.04563347,-0.06274716,-0.10485312,-0.13074463,-0.10485312,-0.13074463,0.16622545,0.48064596,0.51998611,138.40856500,5.50000000,1.90500000,0.31442051,238.00000000,98.00000000,257.75000000,0.33250000,3.12000000,3.30700000,1.84500000,1.79122500,1.70750000,1.00537650,0.39500000,13.65387465,0.02292950,0.06567358,0.49239320,0.46330988,0.01799885,0.00477458,0.05204603,0.01396394,0.39784172,0.12147923,0.37777802,0.11728030,27.40430897,8.78343236,0.54727564,1.99625468,0.04412727,3.59769772,0.09441849,1293.32170970,2.53271648,906.60187927,4.22614023,0.12925173,0.11487250,5.54143454,3.82985611,1.46200000,18.74439738,1172.02336399
157,TaNbMoW,BCC,CAST,,,1,873.15000000,561.00000000,,40.00000000,,,250.00000000,10.1016/j.intermet.2011.01.004,2011,Mechanical properties of Nb25Mo25Ta25W25 and V20Nb20Mo20Ta20W20 refractory high entropy alloys,TaNbMoW,1.59048630,1.58486405,3157.75000000,16.83280329,3.22895616,0.25000000,0.25000000,0.25000000,0.25000000,0.00000000,0.00000000,0.00000000,0.00000000,0.00000000,0.00000000,0.00000000,0.00000000,0.00000000,0.00000000,0.00011946,3.02207957,233.52707828,-0.04563347,-0.04563347,-0.06274716,-0.10485312,-0.13074463,-0.10485312,-0.13074463,0.16622545,0.48064596,0.51998611,138.40856500,5.50000000,1.90500000,0.31442051,238.00000000,98.00000000,257.75000000,0.33250000,3.12000000,3.30700000,1.84500000,1.79122500,1.70750000,1.00537650,0.39500000,13.65387465,0.02292950,0.06567358,0.49239320,0.46330988,0.01799885,0.00477458,0.05204603,0.01396394,0.39784172,0.12147923,0.37777802,0.11728030,27.40430897,8.78343236,0.54727564,1.99625468,0.04412727,3.59769772,0.27651017,1293.32170970,2.53271648,541.50598130,4.22614023,0.12925173,0.11487250,5.54143454,3.82985611,1.46200000,18.74439738,598.10120130
158,TaNbMoW,BCC,OTHER,,,1,1473.15000000,506.00000000,,,,,250.00000000,10.1016/j.actamat.2019.06.032,2019,High temperature strength of refractory complex concentrated alloys,TaNbMoW,1.59048630,1.58486405,3157.75000000,16.83280329,3.22895616,0.25000000,0.25000000,0.25000000,0.25000000,0.00000000,0.00000000,0.00000000,0.00000000,0.00000000,0.00000000,0.00000000,0.00000000,0.00000000,0.00000000,0.00011946,3.02207957,233.52707828,-0.04563347,-0.04563347,-0.06274716,-0.10485312,-0.13074463,-0.10485312,-0.13074463,0.16622545,0.48064596,0.51998611,138.40856500,5.50000000,1.90500000,0.31442051,238.00000000,98.00000000,257.75000000,0.33250000,3.12000000,3.30700000,1.84500000,1.79122500,1.70750000,1.00537650,0.39500000,13.65387465,0.02292950,0.06567358,0.49239320,0.46330988,0.01799885,0.00477458,0.05204603,0.01396394,0.39784172,0.12147923,0.37777802,0.11728030,27.40430897,8.78343236,0.54727564,1.99625468,0.04412727,3.59769772,0.46651888,1293.32170970,2.53271648,297.70291223,4.22614023,0.12925173,0.11487250,5.54143454,3.82985611,1.46200000,18.74439738,494.84393856
159,TaNbVMoW,BCC,CAST,,,1,2000.00000000,442.50617833,,40.00000000,,,229.00000000,10.1016/j.intermet.2011.01.004,2011,Mechanical properties of Nb25Mo25Ta25W25 and V20Nb20Mo20Ta20W20 refractory high entropy alloys,TaNbVMoW,1.57076678,1.57113806,2962.80000000,16.20039620,3.18800170,0.20000000,0.20000000,0.20000000,0.20000000,0.20000000,0.00000000,0.00000000,0.00000000,0.00000000,0.00000000,0.00000000,0.00000000,0.00000000,0.00000000,0.00013869,2.99063852,224.14998189,0.04218059,0.04218059,-0.04351952,-0.07844072,-0.10509877,-0.07844072,-0.10509877,0.13529227,0.43662156,0.46687543,120.91515200,5.40000000,1.85000000,0.30132928,222.40000000,87.80000000,231.80000000,0.34000000,3.02040000,3.25120000,1.74200000,2.32198000,1.53000000,0.96209940,0.37000000,12.39380002,0.03285872,0.09547860,0.54371816,0.51230594,0.02563214,0.00694725,0.07454383,0.02025261,0.39546579,0.09370766,0.37797597,0.08896303,24.24061821,8.02563177,0.50655542,2.03030303,0.06790704,5.23851099,0.67503713,1951.89015640,2.83442119,328.53001122,4.45462209,0.12411820,0.11487250,2.72495411,2.87667624,1.50920000,16.06189916,405.52731919
160,TaNbVMoW,BCC,POWDER,,,1,298.15000000,1701.33333333,3472.00000000,,,,229.00000000,10.1016/j.msea.2017.12.021,2018,Ultra-high strength WNbMoTaV high-entropy alloys with fine grain structure fabricated by powder metallurgical process,TaNbVMoW,1.57076678,1.57113806,2962.80000000,16.20039620,3.18800170,0.20000000,0.20000000,0.20000000,0.20000000,0.20000000,0.00000000,0.00000000,0.00000000,0.00000000,0.00000000,0.00000000,0.00000000,0.00000000,0.00000000,0.00013869,2.99063852,224.14998189,0.04218059,0.04218059,-0.04351952,-0.07844072,-0.10509877,-0.07844072,-0.10509877,0.13529227,0.43662156,0.46687543,120.91515200,5.40000000,1.85000000,0.30132928,222.40000000,87.80000000,231.80000000,0.34000000,3.02040000,3.25120000,1.74200000,2.32198000,1.53000000,0.96209940,0.37000000,12.39380002,0.03285872,0.09547860,0.54371816,0.51230594,0.02563214,0.00694725,0.07454383,0.02025261,0.39546579,0.09370766,0.37797597,0.08896303,24.24061821,8.02563177,0.50655542,2.03030303,0.06790704,5.23851099,0.10063116,1951.89015640,2.83442119,1410.43805729,4.45462209,0.12411820,0.11487250,2.72495411,2.87667624,1.50920000,16.06189916,1618.77551629
161,TaNbVMoW,BCC,CAST,,,1,873.15000000,862.00000000,,13.00000000,,,229.00000000,10.1016/j.intermet.2011.01.004,2011,Mechanical properties of Nb25Mo25Ta25W25 and V20Nb20Mo20Ta20W20 refractory high entropy alloys,TaNbVMoW,1.57076678,1.57113806,2962.80000000,16.20039620,3.18800170,0.20000000,0.20000000,0.20000000,0.20000000,0.20000000,0.00000000,0.00000000,0.00000000,0.00000000,0.00000000,0.00000000,0.00000000,0.00000000,0.00000000,0.00013869,2.99063852,224.14998189,0.04218059,0.04218059,-0.04351952,-0.07844072,-0.10509877,-0.07844072,-0.10509877,0.13529227,0.43662156,0.46687543,120.91515200,5.40000000,1.85000000,0.30132928,222.40000000,87.80000000,231.80000000,0.34000000,3.02040000,3.25120000,1.74200000,2.32198000,1.53000000,0.96209940,0.37000000,12.39380002,0.03285872,0.09547860,0.54371816,0.51230594,0.02563214,0.00694725,0.07454383,0.02025261,0.39546579,0.09370766,0.37797597,0.08896303,24.24061821,8.02563177,0.50655542,2.03030303,0.06790704,5.23851099,0.29470433,1951.89015640,2.83442119,896.59966205,4.45462209,0.12411820,0.11487250,2.72495411,2.87667624,1.50920000,16.06189916,847.62710935
162,TaNbVMoW,BCC,CAST,,,1,1073.15000000,846.00000000,,17.00000000,,,229.00000000,10.1016/j.intermet.2011.01.004,2011,Mechanical properties of Nb25Mo25Ta25W25 and V20Nb20Mo20Ta20W20 refractory high entropy alloys,TaNbVMoW,1.57076678,1.57113806,2962.80000000,16.20039620,3.18800170,0.20000000,0.20000000,0.20000000,0.20000000,0.20000000,0.00000000,0.00000000,0.00000000,0.00000000,0.00000000,0.00000000,0.00000000,0.00000000,0.00000000,0.00013869,2.99063852,224.14998189,0.04218059,0.04218059,-0.04351952,-0.07844072,-0.10509877,-0.07844072,-0.10509877,0.13529227,0.43662156,0.46687543,120.91515200,5.40000000,1.85000000,0.30132928,222.40000000,87.80000000,231.80000000,0.34000000,3.02040000,3.25120000,1.74200000,2.32198000,1.53000000,0.96209940,0.37000000,12.39380002,0.03285872,0.09547860,0.54371816,0.51230594,0.02563214,0.00694725,0.07454383,0.02025261,0.39546579,0.09370766,0.37797597,0.08896303,24.24061821,8.02563177,0.50655542,2.03030303,0.06790704,5.23851099,0.36220805,1951.89015640,2.83442119,750.25783294,4.45462209,0.12411820,0.11487250,2.72495411,2.87667624,1.50920000,16.06189916,820.31651927
163,TaNbVMoW,BCC,OTHER,,,1,1273.15000000,842.00000000,,,,,229.00000000,10.1016/j.actamat.2019.06.032,2019,High temperature strength of refractory complex concentrated alloys,TaNbVMoW,1.57076678,1.57113806,2962.80000000,16.20039620,3.18800170,0.20000000,0.20000000,0.20000000,0.20000000,0.20000000,0.00000000,0.00000000,0.00000000,0.00000000,0.00000000,0.00000000,0.00000000,0.00000000,0.00000000,0.00013869,2.99063852,224.14998189,0.04218059,0.04218059,-0.04351952,-0.07844072,-0.10509877,-0.07844072,-0.10509877,0.13529227,0.43662156,0.46687543,120.91515200,5.40000000,1.85000000,0.30132928,222.40000000,87.80000000,231.80000000,0.34000000,3.02040000,3.25120000,1.74200000,2.32198000,1.53000000,0.96209940,0.37000000,12.39380002,0.03285872,0.09547860,0.54371816,0.51230594,0.02563214,0.00694725,0.07454383,0.02025261,0.39546579,0.09370766,0.37797597,0.08896303,24.24061821,8.02563177,0.50655542,2.03030303,0.06790704,5.23851099,0.42971176,1951.89015640,2.83442119,627.80172658,4.45462209,0.12411820,0.11487250,2.72495411,2.87667624,1.50920000,16.06189916,855.15338387
164,TaNbVMoW,BCC,OTHER,,,1,1473.15000000,735.00000000,,,,,229.00000000,10.1016/j.actamat.2019.06.032,2019,High temperature strength of refractory complex concentrated alloys,TaNbVMoW,1.57076678,1.57113806,2962.80000000,16.20039620,3.18800170,0.20000000,0.20000000,0.20000000,0.20000000,0.20000000,0.00000000,0.00000000,0.00000000,0.00000000,0.00000000,0.00000000,0.00000000,0.00000000,0.00000000,0.00013869,2.99063852,224.14998189,0.04218059,0.04218059,-0.04351952,-0.07844072,-0.10509877,-0.07844072,-0.10509877,0.13529227,0.43662156,0.46687543,120.91515200,5.40000000,1.85000000,0.30132928,222.40000000,87.80000000,231.80000000,0.34000000,3.02040000,3.25120000,1.74200000,2.32198000,1.53000000,0.96209940,0.37000000,12.39380002,0.03285872,0.09547860,0.54371816,0.51230594,0.02563214,0.00694725,0.07454383,0.02025261,0.39546579,0.09370766,0.37797597,0.08896303,24.24061821,8.02563177,0.50655542,2.03030303,0.06790704,5.23851099,0.49721547,1951.89015640,2.83442119,525.33274641,4.45462209,0.12411820,0.11487250,2.72495411,2.87667624,1.50920000,16.06189916,782.95811615
165,TaNbVMoW,BCC,CAST,,,1,1673.15000000,656.00000000,,40.00000000,,,229.00000000,10.1016/j.intermet.2011.01.004,2011,Mechanical properties of Nb25Mo25Ta25W25 and V20Nb20Mo20Ta20W20 refractory high entropy alloys,TaNbVMoW,1.57076678,1.57113806,2962.80000000,16.20039620,3.18800170,0.20000000,0.20000000,0.20000000,0.20000000,0.20000000,0.00000000,0.00000000,0.00000000,0.00000000,0.00000000,0.00000000,0.00000000,0.00000000,0.00000000,0.00013869,2.99063852,224.14998189,0.04218059,0.04218059,-0.04351952,-0.07844072,-0.10509877,-0.07844072,-0.10509877,0.13529227,0.43662156,0.46687543,120.91515200,5.40000000,1.85000000,0.30132928,222.40000000,87.80000000,231.80000000,0.34000000,3.02040000,3.25120000,1.74200000,2.32198000,1.53000000,0.96209940,0.37000000,12.39380002,0.03285872,0.09547860,0.54371816,0.51230594,0.02563214,0.00694725,0.07454383,0.02025261,0.39546579,0.09370766,0.37797597,0.08896303,24.24061821,8.02563177,0.50655542,2.03030303,0.06790704,5.23851099,0.56471918,1951.89015640,2.83442119,439.58861973,4.45462209,0.12411820,0.11487250,2.72495411,2.87667624,1.50920000,16.06189916,606.06277376
166,TaNbVMoW,BCC,CAST,,,1,1873.15000000,477.00000000,,40.00000000,,,229.00000000,10.1016/j.intermet.2011.01.004,2011,Mechanical properties of Nb25Mo25Ta25W25 and V20Nb20Mo20Ta20W20 refractory high entropy alloys,TaNbVMoW,1.57076678,1.57113806,2962.80000000,16.20039620,3.18800170,0.20000000,0.20000000,0.20000000,0.20000000,0.20000000,0.00000000,0.00000000,0.00000000,0.00000000,0.00000000,0.00000000,0.00000000,0.00000000,0.00000000,0.00013869,2.99063852,224.14998189,0.04218059,0.04218059,-0.04351952,-0.07844072,-0.10509877,-0.07844072,-0.10509877,0.13529227,0.43662156,0.46687543,120.91515200,5.40000000,1.85000000,0.30132928,222.40000000,87.80000000,231.80000000,0.34000000,3.02040000,3.25120000,1.74200000,2.32198000,1.53000000,0.96209940,0.37000000,12.39380002,0.03285872,0.09547860,0.54371816,0.51230594,0.02563214,0.00694725,0.07454383,0.02025261,0.39546579,0.09370766,0.37797597,0.08896303,24.24061821,8.02563177,0.50655542,2.03030303,0.06790704,5.23851099,0.63222290,1951.89015640,2.83442119,367.83953774,4.45462209,0.12411820,0.11487250,2.72495411,2.87667624,1.50920000,16.06189916,508.18766126
167,TaTiCrMo,BCC+Laves,ANNEAL,,,1,373.15000000,1506.00000000,,,,,,10.1016/j.actamat.2019.06.006,2019,Solid-solution strengthening in refractory high entropy alloys,TaTiCrMo,1.55583485,1.55156217,2576.75000000,15.68533898,3.15385194,0.25000000,0.25000000,0.25000000,0.25000000,0.00000000,0.00000000,0.00000000,0.00000000,0.00000000,0.00000000,0.00000000,0.00000000,0.00000000,0.00000000,0.00011946,2.94843092,202.16023601,0.17910295,0.15782643,-0.00715040,0.04792882,0.01299260,0.02665229,-0.00828392,0.08297867,0.32349704,0.35761749,94.18774500,5.25000000,1.71500000,0.24051838,185.25000000,88.00000000,227.50000000,0.29500000,2.63750000,3.13975000,1.42125000,2.50425000,1.42375000,1.08609450,0.26500000,9.97125641,0.05295621,0.14375699,0.38325959,0.36186398,0.04177055,0.01451276,0.11533018,0.03983309,0.31450957,0.09691888,0.29696867,0.09466057,24.03557993,9.11301609,0.53981043,1.83687943,0.18601684,6.42249656,0.14481420,2954.15874742,3.37999428,2107.83498928,6.54715181,0.00000000,0.05258883,5.54143454,14.71143831,1.71850000,13.98637180,1501.15190557
168,TaTiCrMo,BCC+Laves,ANNEAL,,,1,293.15000000,1795.00000000,,,,,,10.1016/j.actamat.2019.06.006,2019,Solid-solution strengthening in refractory high entropy alloys,TaTiCrMo,1.55583485,1.55156217,2576.75000000,15.68533898,3.15385194,0.25000000,0.25000000,0.25000000,0.25000000,0.00000000,0.00000000,0.00000000,0.00000000,0.00000000,0.00000000,0.00000000,0.00000000,0.00000000,0.00000000,0.00011946,2.94843092,202.16023601,0.17910295,0.15782643,-0.00715040,0.04792882,0.01299260,0.02665229,-0.00828392,0.08297867,0.32349704,0.35761749,94.18774500,5.25000000,1.71500000,0.24051838,185.25000000,88.00000000,227.50000000,0.29500000,2.63750000,3.13975000,1.42125000,2.50425000,1.42375000,1.08609450,0.26500000,9.97125641,0.05295621,0.14375699,0.38325959,0.36186398,0.04177055,0.01451276,0.11533018,0.03983309,0.31450957,0.09691888,0.29696867,0.09466057,24.03557993,9.11301609,0.53981043,1.83687943,0.18601684,6.42249656,0.11376734,2954.15874742,3.37999428,2233.59208102,6.54715181,0.00000000,0.05258883,5.54143454,14.71143831,1.71850000,13.98637180,1845.63749727
169,TaTiCrMo,BCC+Laves,ANNEAL,,,1,473.15000000,1266.00000000,,,,,,10.1016/j.actamat.2019.06.006,2019,Solid-solution strengthening in refractory high entropy alloys,TaTiCrMo,1.55583485,1.55156217,2576.75000000,15.68533898,3.15385194,0.25000000,0.25000000,0.25000000,0.25000000,0.00000000,0.00000000,0.00000000,0.00000000,0.00000000,0.00000000,0.00000000,0.00000000,0.00000000,0.00000000,0.00011946,2.94843092,202.16023601,0.17910295,0.15782643,-0.00715040,0.04792882,0.01299260,0.02665229,-0.00828392,0.08297867,0.32349704,0.35761749,94.18774500,5.25000000,1.71500000,0.24051838,185.25000000,88.00000000,227.50000000,0.29500000,2.63750000,3.13975000,1.42125000,2.50425000,1.42375000,1.08609450,0.26500000,9.97125641,0.05295621,0.14375699,0.38325959,0.36186398,0.04177055,0.01451276,0.11533018,0.03983309,0.31450957,0.09691888,0.29696867,0.09466057,24.03557993,9.11301609,0.53981043,1.83687943,0.18601684,6.42249656,0.18362278,2954.15874742,3.37999428,1962.68748312,6.54715181,0.00000000,0.05258883,5.54143454,14.71143831,1.71850000,13.98637180,1204.40624491
170,TaTiCrMo,BCC+Laves,ANNEAL,,,1,573.15000000,1183.00000000,,,,,,10.1016/j.actamat.2019.06.006,2019,Solid-solution strengthening in refractory high entropy alloys,TaTiCrMo,1.55583485,1.55156217,2576.75000000,15.68533898,3.15385194,0.25000000,0.25000000,0.25000000,0.25000000,0.00000000,0.00000000,0.00000000,0.00000000,0.00000000,0.00000000,0.00000000,0.00000000,0.00000000,0.00000000,0.00011946,2.94843092,202.16023601,0.17910295,0.15782643,-0.00715040,0.04792882,0.01299260,0.02665229,-0.00828392,0.08297867,0.32349704,0.35761749,94.18774500,5.25000000,1.71500000,0.24051838,185.25000000,88.00000000,227.50000000,0.29500000,2.63750000,3.13975000,1.42125000,2.50425000,1.42375000,1.08609450,0.26500000,9.97125641,0.05295621,0.14375699,0.38325959,0.36186398,0.04177055,0.01451276,0.11533018,0.03983309,0.31450957,0.09691888,0.29696867,0.09466057,24.03557993,9.11301609,0.53981043,1.83687943,0.18601684,6.42249656,0.22243136,2954.15874742,3.37999428,1827.49816614,6.54715181,0.00000000,0.05258883,5.54143454,14.71143831,1.71850000,13.98637180,1203.70625517
171,TaTiCrMo,BCC+Laves,ANNEAL,,,1,673.15000000,1175.00000000,,,,,,10.1016/j.actamat.2019.06.006,2019,Solid-solution strengthening in refractory high entropy alloys,TaTiCrMo,1.55583485,1.55156217,2576.75000000,15.68533898,3.15385194,0.25000000,0.25000000,0.25000000,0.25000000,0.00000000,0.00000000,0.00000000,0.00000000,0.00000000,0.00000000,0.00000000,0.00000000,0.00000000,0.00000000,0.00011946,2.94843092,202.16023601,0.17910295,0.15782643,-0.00715040,0.04792882,0.01299260,0.02665229,-0.00828392,0.08297867,0.32349704,0.35761749,94.18774500,5.25000000,1.71500000,0.24051838,185.25000000,88.00000000,227.50000000,0.29500000,2.63750000,3.13975000,1.42125000,2.50425000,1.42375000,1.08609450,0.26500000,9.97125641,0.05295621,0.14375699,0.38325959,0.36186398,0.04177055,0.01451276,0.11533018,0.03983309,0.31450957,0.09691888,0.29696867,0.09466057,24.03557993,9.11301609,0.53981043,1.83687943,0.18601684,6.42249656,0.26123993,2954.15874742,3.37999428,1699.99146026,6.54715181,0.00000000,0.05258883,5.54143454,14.71143831,1.71850000,13.98637180,1141.22205098
172,TaTiCrMo,BCC+Laves,ANNEAL,,,1,873.15000000,1162.00000000,,,,,,10.1016/j.actamat.2019.06.006,2019,Solid-solution strengthening in refractory high entropy alloys,TaTiCrMo,1.55583485,1.55156217,2576.75000000,15.68533898,3.15385194,0.25000000,0.25000000,0.25000000,0.25000000,0.00000000,0.00000000,0.00000000,0.00000000,0.00000000,0.00000000,0.00000000,0.00000000,0.00000000,0.00000000,0.00011946,2.94843092,202.16023601,0.17910295,0.15782643,-0.00715040,0.04792882,0.01299260,0.02665229,-0.00828392,0.08297867,0.32349704,0.35761749,94.18774500,5.25000000,1.71500000,0.24051838,185.25000000,88.00000000,227.50000000,0.29500000,2.63750000,3.13975000,1.42125000,2.50425000,1.42375000,1.08609450,0.26500000,9.97125641,0.05295621,0.14375699,0.38325959,0.36186398,0.04177055,0.01451276,0.11533018,0.03983309,0.31450957,0.09691888,0.29696867,0.09466057,24.03557993,9.11301609,0.53981043,1.83687943,0.18601684,6.42249656,0.33885709,2954.15874742,3.37999428,1538.54893385,6.54715181,0.00000000,0.05258883,5.54143454,14.71143831,1.71850000,13.98637180,1141.22205098
173,TaTiCrMo,BCC+Laves,ANNEAL,,,1,1073.15000000,1162.00000000,,,,,,10.1016/j.actamat.2019.06.006,2019,Solid-solution strengthening in refractory high entropy alloys,TaTiCrMo,1.55583485,1.55156217,2576.75000000,15.68533898,3.15385194,0.25000000,0.25000000,0.25000000,0.25000000,0.00000000,0.00000000,0.00000000,0.00000000,0.00000000,0.00000000,0.00000000,0.00000000,0.00000000,0.00000000,0.00011946,2.94843092,202.16023601,0.17910295,0.15782643,-0.00715040,0.04792882,0.01299260,0.02665229,-0.00828392,0.08297867,0.32349704,0.35761749,94.18774500,5.25000000,1.71500000,0.24051838,185.25000000,88.00000000,227.50000000,0.29500000,2.63750000,3.13975000,1.42125000,2.50425000,1.42375000,1.08609450,0.26500000,9.97125641,0.05295621,0.14375699,0.38325959,0.36186398,0.04177055,0.01451276,0.11533018,0.03983309,0.31450957,0.09691888,0.29696867,0.09466057,24.03557993,9.11301609,0.53981043,1.83687943,0.18601684,6.42249656,0.41647424,2954.15874742,3.37999428,1324.99631804,6.54715181,0.00000000,0.05258883,5.54143454,14.71143831,1.71850000,13.98637180,1168.97356020
174,TaTiCrMo,BCC+Laves,ANNEAL,,,1,1273.15000000,1159.00000000,,,,,,10.1016/j.actamat.2019.06.006,2019,Solid-solution strengthening in refractory high entropy alloys,TaTiCrMo,1.55583485,1.55156217,2576.75000000,15.68533898,3.15385194,0.25000000,0.25000000,0.25000000,0.25000000,0.00000000,0.00000000,0.00000000,0.00000000,0.00000000,0.00000000,0.00000000,0.00000000,0.00000000,0.00000000,0.00011946,2.94843092,202.16023601,0.17910295,0.15782643,-0.00715040,0.04792882,0.01299260,0.02665229,-0.00828392,0.08297867,0.32349704,0.35761749,94.18774500,5.25000000,1.71500000,0.24051838,185.25000000,88.00000000,227.50000000,0.29500000,2.63750000,3.13975000,1.42125000,2.50425000,1.42375000,1.08609450,0.26500000,9.97125641,0.05295621,0.14375699,0.38325959,0.36186398,0.04177055,0.01451276,0.11533018,0.03983309,0.31450957,0.09691888,0.29696867,0.09466057,24.03557993,9.11301609,0.53981043,1.83687943,0.18601684,6.42249656,0.49409139,2954.15874742,3.37999428,1141.08508621,6.54715181,0.00000000,0.05258883,5.54143454,14.71143831,1.71850000,13.98637180,995.45617354
175,TaTiNb,BCC,WROUGHT,,,1,2000.00000000,88.23986956,,,,,136.00000000,10.1016/j.actamat.2019.06.006,2019,Solid-solution strengthening in refractory high entropy alloys,TaTiNb,1.62162788,1.62123998,2660.33333333,17.88482895,3.29486983,0.33300000,0.33300000,0.33300000,0.00000000,0.00000000,0.00000000,0.00000000,0.00000000,0.00000000,0.00000000,0.00000000,0.00000000,0.00000000,0.00000000,0.00009466,3.08284212,161.61807796,0.08614643,0.05777773,-0.00816888,0.01813060,-0.01916109,-0.01023810,-0.04752979,0.04503369,0.17841603,0.19969882,107.24042000,4.66666667,1.54666667,0.13338234,159.00000000,49.66666667,135.66666667,0.35333333,2.63500000,2.76166667,1.03166667,3.50833333,0.77500000,1.08834867,0.16666667,9.95687624,0.00306543,0.00907981,0.25165548,0.26442187,0.00234759,0.00096932,0.00708476,0.00293315,0.18419114,0.07475460,0.19097151,0.07842335,14.17209019,5.37840235,0.29411765,2.09278349,0.00058401,13.88999455,0.75178549,49.90433941,0.37631390,0.00007400,73.37797207,17.82231346,20.68603678,3.80378988,70.94942608,1.73000000,8.19195965,91.52942102
176,TaTiNb,BCC,WROUGHT,,,1,293.15000000,573.00000000,,,,,136.00000000,10.1016/j.actamat.2019.06.006,2019,Solid-solution strengthening in refractory high entropy alloys,TaTiNb,1.62162788,1.62123998,2660.33333333,17.88482895,3.29486983,0.33300000,0.33300000,0.33300000,0.00000000,0.00000000,0.00000000,0.00000000,0.00000000,0.00000000,0.00000000,0.00000000,0.00000000,0.00000000,0.00000000,0.00009466,3.08284212,161.61807796,0.08614643,0.05777773,-0.00816888,0.01813060,-0.01916109,-0.01023810,-0.04752979,0.04503369,0.17841603,0.19969882,107.24042000,4.66666667,1.54666667,0.13338234,159.00000000,49.66666667,135.66666667,0.35333333,2.63500000,2.76166667,1.03166667,3.50833333,0.77500000,1.08834867,0.16666667,9.95687624,0.00306543,0.00907981,0.25165548,0.26442187,0.00234759,0.00096932,0.00708476,0.00293315,0.18419114,0.07475460,0.19097151,0.07842335,14.17209019,5.37840235,0.29411765,2.09278349,0.00058401,13.88999455,0.11019296,49.90433941,0.37631390,6.97854174,73.37797207,17.82231346,20.68603678,3.80378988,70.94942608,1.73000000,8.19195965,692.14676713
177,TaTiNb,BCC,WROUGHT,,,1,373.15000000,486.00000000,,,,,136.00000000,10.1016/j.actamat.2019.06.006,2019,Solid-solution strengthening in refractory high entropy alloys,TaTiNb,1.62162788,1.62123998,2660.33333333,17.88482895,3.29486983,0.33300000,0.33300000,0.33300000,0.00000000,0.00000000,0.00000000,0.00000000,0.00000000,0.00000000,0.00000000,0.00000000,0.00000000,0.00000000,0.00000000,0.00009466,3.08284212,161.61807796,0.08614643,0.05777773,-0.00816888,0.01813060,-0.01916109,-0.01023810,-0.04752979,0.04503369,0.17841603,0.19969882,107.24042000,4.66666667,1.54666667,0.13338234,159.00000000,49.66666667,135.66666667,0.35333333,2.63500000,2.76166667,1.03166667,3.50833333,0.77500000,1.08834867,0.16666667,9.95687624,0.00306543,0.00907981,0.25165548,0.26442187,0.00234759,0.00096932,0.00708476,0.00293315,0.18419114,0.07475460,0.19097151,0.07842335,14.17209019,5.37840235,0.29411765,2.09278349,0.00058401,13.88999455,0.14026438,49.90433941,0.37631390,4.07950968,73.37797207,17.82231346,20.68603678,3.80378988,70.94942608,1.73000000,8.19195965,612.40312777
178,TaTiNb,BCC,WROUGHT,,,1,473.15000000,378.00000000,,,,,136.00000000,10.1016/j.actamat.2019.06.006,2019,Solid-solution strengthening in refractory high entropy alloys,TaTiNb,1.62162788,1.62123998,2660.33333333,17.88482895,3.29486983,0.33300000,0.33300000,0.33300000,0.00000000,0.00000000,0.00000000,0.00000000,0.00000000,0.00000000,0.00000000,0.00000000,0.00000000,0.00000000,0.00000000,0.00009466,3.08284212,161.61807796,0.08614643,0.05777773,-0.00816888,0.01813060,-0.01916109,-0.01023810,-0.04752979,0.04503369,0.17841603,0.19969882,107.24042000,4.66666667,1.54666667,0.13338234,159.00000000,49.66666667,135.66666667,0.35333333,2.63500000,2.76166667,1.03166667,3.50833333,0.77500000,1.08834867,0.16666667,9.95687624,0.00306543,0.00907981,0.25165548,0.26442187,0.00234759,0.00096932,0.00708476,0.00293315,0.18419114,0.07475460,0.19097151,0.07842335,14.17209019,5.37840235,0.29411765,2.09278349,0.00058401,13.88999455,0.17785365,49.90433941,0.37631390,2.08526895,73.37797207,17.82231346,20.68603678,3.80378988,70.94942608,1.73000000,8.19195965,323.94476349
179,TaTiNb,BCC,WROUGHT,,,1,573.15000000,314.00000000,,,,,136.00000000,10.1016/j.actamat.2019.06.006,2019,Solid-solution strengthening in refractory high entropy alloys,TaTiNb,1.62162788,1.62123998,2660.33333333,17.88482895,3.29486983,0.33300000,0.33300000,0.33300000,0.00000000,0.00000000,0.00000000,0.00000000,0.00000000,0.00000000,0.00000000,0.00000000,0.00000000,0.00000000,0.00000000,0.00009466,3.08284212,161.61807796,0.08614643,0.05777773,-0.00816888,0.01813060,-0.01916109,-0.01023810,-0.04752979,0.04503369,0.17841603,0.19969882,107.24042000,4.66666667,1.54666667,0.13338234,159.00000000,49.66666667,135.66666667,0.35333333,2.63500000,2.76166667,1.03166667,3.50833333,0.77500000,1.08834867,0.16666667,9.95687624,0.00306543,0.00907981,0.25165548,0.26442187,0.00234759,0.00096932,0.00708476,0.00293315,0.18419114,0.07475460,0.19097151,0.07842335,14.17209019,5.37840235,0.29411765,2.09278349,0.00058401,13.88999455,0.21544293,49.90433941,0.37631390,1.06589932,73.37797207,17.82231346,20.68603678,3.80378988,70.94942608,1.73000000,8.19195965,296.57834628
180,TaTiNb,BCC,WROUGHT,,,1,673.15000000,232.00000000,,,,,136.00000000,10.1016/j.actamat.2019.06.006,2019,Solid-solution strengthening in refractory high entropy alloys,TaTiNb,1.62162788,1.62123998,2660.33333333,17.88482895,3.29486983,0.33300000,0.33300000,0.33300000,0.00000000,0.00000000,0.00000000,0.00000000,0.00000000,0.00000000,0.00000000,0.00000000,0.00000000,0.00000000,0.00000000,0.00009466,3.08284212,161.61807796,0.08614643,0.05777773,-0.00816888,0.01813060,-0.01916109,-0.01023810,-0.04752979,0.04503369,0.17841603,0.19969882,107.24042000,4.66666667,1.54666667,0.13338234,159.00000000,49.66666667,135.66666667,0.35333333,2.63500000,2.76166667,1.03166667,3.50833333,0.77500000,1.08834867,0.16666667,9.95687624,0.00306543,0.00907981,0.25165548,0.26442187,0.00234759,0.00096932,0.00708476,0.00293315,0.18419114,0.07475460,0.19097151,0.07842335,14.17209019,5.37840235,0.29411765,2.09278349,0.00058401,13.88999455,0.25303220,49.90433941,0.37631390,0.54484164,73.37797207,17.82231346,20.68603678,3.80378988,70.94942608,1.73000000,8.19195965,263.58617003
181,TaTiNb,BCC,WROUGHT,,,1,873.15000000,222.00000000,,,,,136.00000000,10.1016/j.actamat.2019.06.006,2019,Solid-solution strengthening in refractory high entropy alloys,TaTiNb,1.62162788,1.62123998,2660.33333333,17.88482895,3.29486983,0.33300000,0.33300000,0.33300000,0.00000000,0.00000000,0.00000000,0.00000000,0.00000000,0.00000000,0.00000000,0.00000000,0.00000000,0.00000000,0.00000000,0.00009466,3.08284212,161.61807796,0.08614643,0.05777773,-0.00816888,0.01813060,-0.01916109,-0.01023810,-0.04752979,0.04503369,0.17841603,0.19969882,107.24042000,4.66666667,1.54666667,0.13338234,159.00000000,49.66666667,135.66666667,0.35333333,2.63500000,2.76166667,1.03166667,3.50833333,0.77500000,1.08834867,0.16666667,9.95687624,0.00306543,0.00907981,0.25165548,0.26442187,0.00234759,0.00096932,0.00708476,0.00293315,0.18419114,0.07475460,0.19097151,0.07842335,14.17209019,5.37840235,0.29411765,2.09278349,0.00058401,13.88999455,0.32821075,49.90433941,0.37631390,0.14235690,73.37797207,17.82231346,20.68603678,3.80378988,70.94942608,1.73000000,8.19195965,263.58617003
182,TaTiNb,BCC,WROUGHT,,,1,1073.15000000,210.00000000,,,,,136.00000000,10.1016/j.actamat.2019.06.006,2019,Solid-solution strengthening in refractory high entropy alloys,TaTiNb,1.62162788,1.62123998,2660.33333333,17.88482895,3.29486983,0.33300000,0.33300000,0.33300000,0.00000000,0.00000000,0.00000000,0.00000000,0.00000000,0.00000000,0.00000000,0.00000000,0.00000000,0.00000000,0.00000000,0.00009466,3.08284212,161.61807796,0.08614643,0.05777773,-0.00816888,0.01813060,-0.01916109,-0.01023810,-0.04752979,0.04503369,0.17841603,0.19969882,107.24042000,4.66666667,1.54666667,0.13338234,159.00000000,49.66666667,135.66666667,0.35333333,2.63500000,2.76166667,1.03166667,3.50833333,0.77500000,1.08834867,0.16666667,9.95687624,0.00306543,0.00907981,0.25165548,0.26442187,0.00234759,0.00096932,0.00708476,0.00293315,0.18419114,0.07475460,0.19097151,0.07842335,14.17209019,5.37840235,0.29411765,2.09278349,0.00058401,13.88999455,0.40338930,49.90433941,0.37631390,0.03719519,73.37797207,17.82231346,20.68603678,3.80378988,70.94942608,1.73000000,8.19195965,244.35386593
183,TaTiNb,BCC,WROUGHT,,,1,1273.15000000,160.00000000,,,,,136.00000000,10.1016/j.actamat.2019.06.006,2019,Solid-solution strengthening in refractory high entropy alloys,TaTiNb,1.62162788,1.62123998,2660.33333333,17.88482895,3.29486983,0.33300000,0.33300000,0.33300000,0.00000000,0.00000000,0.00000000,0.00000000,0.00000000,0.00000000,0.00000000,0.00000000,0.00000000,0.00000000,0.00000000,0.00009466,3.08284212,161.61807796,0.08614643,0.05777773,-0.00816888,0.01813060,-0.01916109,-0.01023810,-0.04752979,0.04503369,0.17841603,0.19969882,107.24042000,4.66666667,1.54666667,0.13338234,159.00000000,49.66666667,135.66666667,0.35333333,2.63500000,2.76166667,1.03166667,3.50833333,0.77500000,1.08834867,0.16666667,9.95687624,0.00306543,0.00907981,0.25165548,0.26442187,0.00234759,0.00096932,0.00708476,0.00293315,0.18419114,0.07475460,0.19097151,0.07842335,14.17209019,5.37840235,0.29411765,2.09278349,0.00058401,13.88999455,0.47856785,49.90433941,0.37631390,0.00971840,73.37797207,17.82231346,20.68603678,3.80378988,70.94942608,1.73000000,8.19195965,199.33782362
184,TaTiNb,BCC,WROUGHT,,,1,1700.00000000,112.80792252,,,,,136.00000000,10.1016/j.actamat.2019.06.006,2019,Solid-solution strengthening in refractory high entropy alloys,TaTiNb,1.62162788,1.62123998,2660.33333333,17.88482895,3.29486983,0.33300000,0.33300000,0.33300000,0.00000000,0.00000000,0.00000000,0.00000000,0.00000000,0.00000000,0.00000000,0.00000000,0.00000000,0.00000000,0.00000000,0.00009466,3.08284212,161.61807796,0.08614643,0.05777773,-0.00816888,0.01813060,-0.01916109,-0.01023810,-0.04752979,0.04503369,0.17841603,0.19969882,107.24042000,4.66666667,1.54666667,0.13338234,159.00000000,49.66666667,135.66666667,0.35333333,2.63500000,2.76166667,1.03166667,3.50833333,0.77500000,1.08834867,0.16666667,9.95687624,0.00306543,0.00907981,0.25165548,0.26442187,0.00234759,0.00096932,0.00708476,0.00293315,0.18419114,0.07475460,0.19097151,0.07842335,14.17209019,5.37840235,0.29411765,2.09278349,0.00058401,13.88999455,0.63901767,49.90433941,0.37631390,0.00055406,73.37797207,17.82231346,20.68603678,3.80378988,70.94942608,1.73000000,8.19195965,170.89098140
185,TaTiNb,BCC,WROUGHT,,,1,1400.00000000,144.21629867,,,,,136.00000000,10.1016/j.actamat.2019.06.006,2019,Solid-solution strengthening in refractory high entropy alloys,TaTiNb,1.62162788,1.62123998,2660.33333333,17.88482895,3.29486983,0.33300000,0.33300000,0.33300000,0.00000000,0.00000000,0.00000000,0.00000000,0.00000000,0.00000000,0.00000000,0.00000000,0.00000000,0.00000000,0.00000000,0.00009466,3.08284212,161.61807796,0.08614643,0.05777773,-0.00816888,0.01813060,-0.01916109,-0.01023810,-0.04752979,0.04503369,0.17841603,0.19969882,107.24042000,4.66666667,1.54666667,0.13338234,159.00000000,49.66666667,135.66666667,0.35333333,2.63500000,2.76166667,1.03166667,3.50833333,0.77500000,1.08834867,0.16666667,9.95687624,0.00306543,0.00907981,0.25165548,0.26442187,0.00234759,0.00096932,0.00708476,0.00293315,0.18419114,0.07475460,0.19097151,0.07842335,14.17209019,5.37840235,0.29411765,2.09278349,0.00058401,13.88999455,0.52624984,49.90433941,0.37631390,0.00414855,73.37797207,17.82231346,20.68603678,3.80378988,70.94942608,1.73000000,8.19195965,170.85566509
186,TaTiNbAl,BCC,CAST,,,1,473.15000000,740.00000000,,,,,120.00000000,10.1016/j.actamat.2019.06.006,2019,Solid-solution strengthening in refractory high entropy alloys,TaTiNbAl,1.61185333,1.59824851,2228.58000000,17.25248207,3.25557117,0.25000000,0.25000000,0.25000000,0.25000000,0.00000000,0.00000000,0.00000000,0.00000000,0.00000000,0.00000000,0.00000000,0.00000000,0.00000000,0.00000000,0.00011946,3.05587516,140.15361715,-0.01188793,-0.03316446,-0.14086128,-0.13608511,-0.14067322,-0.15736163,-0.16194974,0.01517319,0.10864210,0.08422921,87.17569965,4.25000000,1.56250000,0.09346891,138.25000000,43.75000000,119.25000000,0.35250000,2.26625000,2.37100000,0.88275000,2.81922500,0.61875000,1.09626150,0.10885075,8.39060450,0.02133791,0.03688438,0.34070755,0.35316704,0.01638969,0.00596281,0.02514096,0.00897852,0.25083225,0.07874670,0.25631094,0.08157789,12.33490709,5.44287130,0.27302813,2.08880309,0.00499255,1.95634713,0.21231008,284.20802247,0.81305998,65.37259004,56.13998765,12.40129999,16.04338806,5.54143454,39.14487755,1.48825000,8.28819559,784.50443489
187,TaTiNbAl,BCC,CAST,,,1,293.15000000,1152.00000000,,,,,120.00000000,10.1016/j.actamat.2019.06.006,2019,Solid-solution strengthening in refractory high entropy alloys,TaTiNbAl,1.61185333,1.59824851,2228.58000000,17.25248207,3.25557117,0.25000000,0.25000000,0.25000000,0.25000000,0.00000000,0.00000000,0.00000000,0.00000000,0.00000000,0.00000000,0.00000000,0.00000000,0.00000000,0.00000000,0.00011946,3.05587516,140.15361715,-0.01188793,-0.03316446,-0.14086128,-0.13608511,-0.14067322,-0.15736163,-0.16194974,0.01517319,0.10864210,0.08422921,87.17569965,4.25000000,1.56250000,0.09346891,138.25000000,43.75000000,119.25000000,0.35250000,2.26625000,2.37100000,0.88275000,2.81922500,0.61875000,1.09626150,0.10885075,8.39060450,0.02133791,0.03688438,0.34070755,0.35316704,0.01638969,0.00596281,0.02514096,0.00897852,0.25083225,0.07874670,0.25631094,0.08157789,12.33490709,5.44287130,0.27302813,2.08880309,0.00499255,1.95634713,0.13154116,284.20802247,0.81305998,114.34073138,56.13998765,12.40129999,16.04338806,5.54143454,39.14487755,1.48825000,8.28819559,1042.11778343
188,TaTiNbAl,BCC,CAST,,,1,373.15000000,740.00000000,,,,,120.00000000,10.1016/j.actamat.2019.06.006,2019,Solid-solution strengthening in refractory high entropy alloys,TaTiNbAl,1.61185333,1.59824851,2228.58000000,17.25248207,3.25557117,0.25000000,0.25000000,0.25000000,0.25000000,0.00000000,0.00000000,0.00000000,0.00000000,0.00000000,0.00000000,0.00000000,0.00000000,0.00000000,0.00000000,0.00011946,3.05587516,140.15361715,-0.01188793,-0.03316446,-0.14086128,-0.13608511,-0.14067322,-0.15736163,-0.16194974,0.01517319,0.10864210,0.08422921,87.17569965,4.25000000,1.56250000,0.09346891,138.25000000,43.75000000,119.25000000,0.35250000,2.26625000,2.37100000,0.88275000,2.81922500,0.61875000,1.09626150,0.10885075,8.39060450,0.02133791,0.03688438,0.34070755,0.35316704,0.01638969,0.00596281,0.02514096,0.00897852,0.25083225,0.07874670,0.25631094,0.08157789,12.33490709,5.44287130,0.27302813,2.08880309,0.00499255,1.95634713,0.16743846,284.20802247,0.81305998,89.18411576,56.13998765,12.40129999,16.04338806,5.54143454,39.14487755,1.48825000,8.28819559,950.23871138
189,TaTiNbMo,BCC,ANNEAL,,,1,333.15000000,1071.00000000,,,,,179.00000000,10.1016/j.actamat.2019.06.006,2019,Solid-solution strengthening in refractory high entropy alloys,TaTiNbMo,1.60396426,1.59798441,2719.25000000,17.29146783,3.25802155,0.25000000,0.25000000,0.25000000,0.25000000,0.00000000,0.00000000,0.00000000,0.00000000,0.00000000,0.00000000,0.00000000,0.00000000,0.00000000,0.00000000,0.00011946,3.04043892,186.53829362,0.01777363,-0.00350289,-0.07461517,-0.05492505,-0.08783266,-0.07620157,-0.10910919,0.11970877,0.31743524,0.32783529,104.41531500,5.00000000,1.70000000,0.19772647,187.25000000,68.75000000,184.00000000,0.34250000,2.72625000,2.93475000,1.28375000,2.87810000,1.13125000,1.04189325,0.23500000,10.02724753,0.02021336,0.05655207,0.50589909,0.48529596,0.01536148,0.00558394,0.04482692,0.01628648,0.33507150,0.11019478,0.32846658,0.10641115,19.39801480,7.11527366,0.41494727,2.04182510,0.03135429,5.91434977,0.12251540,766.00876459,1.67706111,441.35627184,6.21553617,0.36348474,0.71969305,5.54143454,19.25014612,1.65100000,11.74925185,1006.19297898
190,TaTiNbMo,BCC,ANNEAL,,,1,1700.00000000,461.66885758,,,,,179.00000000,10.1016/j.actamat.2019.06.006,2019,Solid-solution strengthening in refractory high entropy alloys,TaTiNbMo,1.60396426,1.59798441,2719.25000000,17.29146783,3.25802155,0.25000000,0.25000000,0.25000000,0.25000000,0.00000000,0.00000000,0.00000000,0.00000000,0.00000000,0.00000000,0.00000000,0.00000000,0.00000000,0.00000000,0.00011946,3.04043892,186.53829362,0.01777363,-0.00350289,-0.07461517,-0.05492505,-0.08783266,-0.07620157,-0.10910919,0.11970877,0.31743524,0.32783529,104.41531500,5.00000000,1.70000000,0.19772647,187.25000000,68.75000000,184.00000000,0.34250000,2.72625000,2.93475000,1.28375000,2.87810000,1.13125000,1.04189325,0.23500000,10.02724753,0.02021336,0.05655207,0.50589909,0.48529596,0.01536148,0.00558394,0.04482692,0.01628648,0.33507150,0.11019478,0.32846658,0.10641115,19.39801480,7.11527366,0.41494727,2.04182510,0.03135429,5.91434977,0.62517238,766.00876459,1.67706111,59.22171002,6.21553617,0.36348474,0.71969305,5.54143454,19.25014612,1.65100000,11.74925185,428.18121604
191,TaTiNbMo,BCC,ANNEAL,,,1,1400.00000000,494.29741379,,,,,179.00000000,10.1016/j.actamat.2019.06.006,2019,Solid-solution strengthening in refractory high entropy alloys,TaTiNbMo,1.60396426,1.59798441,2719.25000000,17.29146783,3.25802155,0.25000000,0.25000000,0.25000000,0.25000000,0.00000000,0.00000000,0.00000000,0.00000000,0.00000000,0.00000000,0.00000000,0.00000000,0.00000000,0.00000000,0.00011946,3.04043892,186.53829362,0.01777363,-0.00350289,-0.07461517,-0.05492505,-0.08783266,-0.07620157,-0.10910919,0.11970877,0.31743524,0.32783529,104.41531500,5.00000000,1.70000000,0.19772647,187.25000000,68.75000000,184.00000000,0.34250000,2.72625000,2.93475000,1.28375000,2.87810000,1.13125000,1.04189325,0.23500000,10.02724753,0.02021336,0.05655207,0.50589909,0.48529596,0.01536148,0.00558394,0.04482692,0.01628648,0.33507150,0.11019478,0.32846658,0.10641115,19.39801480,7.11527366,0.41494727,2.04182510,0.03135429,5.91434977,0.51484784,766.00876459,1.67706111,93.04062374,6.21553617,0.36348474,0.71969305,5.54143454,19.25014612,1.65100000,11.74925185,478.31240182
192,TaTiNbMo,BCC,ANNEAL,,,1,293.15000000,1210.00000000,,,,,179.00000000,10.1016/j.actamat.2019.06.006,2019,Solid-solution strengthening in refractory high entropy alloys,TaTiNbMo,1.60396426,1.59798441,2719.25000000,17.29146783,3.25802155,0.25000000,0.25000000,0.25000000,0.25000000,0.00000000,0.00000000,0.00000000,0.00000000,0.00000000,0.00000000,0.00000000,0.00000000,0.00000000,0.00000000,0.00011946,3.04043892,186.53829362,0.01777363,-0.00350289,-0.07461517,-0.05492505,-0.08783266,-0.07620157,-0.10910919,0.11970877,0.31743524,0.32783529,104.41531500,5.00000000,1.70000000,0.19772647,187.25000000,68.75000000,184.00000000,0.34250000,2.72625000,2.93475000,1.28375000,2.87810000,1.13125000,1.04189325,0.23500000,10.02724753,0.02021336,0.05655207,0.50589909,0.48529596,0.01536148,0.00558394,0.04482692,0.01628648,0.33507150,0.11019478,0.32846658,0.10641115,19.39801480,7.11527366,0.41494727,2.04182510,0.03135429,5.91434977,0.10780546,766.00876459,1.67706111,467.89264307,6.21553617,0.36348474,0.71969305,5.54143454,19.25014612,1.65100000,11.74925185,1066.21876645
193,TaTiNbMo,BCC,ANNEAL,,,1,373.15000000,1029.00000000,,,,,179.00000000,10.1016/j.actamat.2019.06.006,2019,Solid-solution strengthening in refractory high entropy alloys,TaTiNbMo,1.60396426,1.59798441,2719.25000000,17.29146783,3.25802155,0.25000000,0.25000000,0.25000000,0.25000000,0.00000000,0.00000000,0.00000000,0.00000000,0.00000000,0.00000000,0.00000000,0.00000000,0.00000000,0.00000000,0.00011946,3.04043892,186.53829362,0.01777363,-0.00350289,-0.07461517,-0.05492505,-0.08783266,-0.07620157,-0.10910919,0.11970877,0.31743524,0.32783529,104.41531500,5.00000000,1.70000000,0.19772647,187.25000000,68.75000000,184.00000000,0.34250000,2.72625000,2.93475000,1.28375000,2.87810000,1.13125000,1.04189325,0.23500000,10.02724753,0.02021336,0.05655207,0.50589909,0.48529596,0.01536148,0.00558394,0.04482692,0.01628648,0.33507150,0.11019478,0.32846658,0.10641115,19.39801480,7.11527366,0.41494727,2.04182510,0.03135429,5.91434977,0.13722534,766.00876459,1.67706111,415.86384658,6.21553617,0.36348474,0.71969305,5.54143454,19.25014612,1.65100000,11.74925185,1024.66252607
194,TaTiNbMo,BCC,ANNEAL,,,1,473.15000000,868.00000000,,,,,179.00000000,10.1016/j.actamat.2019.06.006,2019,Solid-solution strengthening in refractory high entropy alloys,TaTiNbMo,1.60396426,1.59798441,2719.25000000,17.29146783,3.25802155,0.25000000,0.25000000,0.25000000,0.25000000,0.00000000,0.00000000,0.00000000,0.00000000,0.00000000,0.00000000,0.00000000,0.00000000,0.00000000,0.00000000,0.00011946,3.04043892,186.53829362,0.01777363,-0.00350289,-0.07461517,-0.05492505,-0.08783266,-0.07620157,-0.10910919,0.11970877,0.31743524,0.32783529,104.41531500,5.00000000,1.70000000,0.19772647,187.25000000,68.75000000,184.00000000,0.34250000,2.72625000,2.93475000,1.28375000,2.87810000,1.13125000,1.04189325,0.23500000,10.02724753,0.02021336,0.05655207,0.50589909,0.48529596,0.01536148,0.00558394,0.04482692,0.01628648,0.33507150,0.11019478,0.32846658,0.10641115,19.39801480,7.11527366,0.41494727,2.04182510,0.03135429,5.91434977,0.17400018,766.00876459,1.67706111,375.67022673,6.21553617,0.36348474,0.71969305,5.54143454,19.25014612,1.65100000,11.74925185,895.04215129
195,TaTiNbMo,BCC,ANNEAL,,,1,573.15000000,732.00000000,,,,,179.00000000,10.1016/j.actamat.2019.06.006,2019,Solid-solution strengthening in refractory high entropy alloys,TaTiNbMo,1.60396426,1.59798441,2719.25000000,17.29146783,3.25802155,0.25000000,0.25000000,0.25000000,0.25000000,0.00000000,0.00000000,0.00000000,0.00000000,0.00000000,0.00000000,0.00000000,0.00000000,0.00000000,0.00000000,0.00011946,3.04043892,186.53829362,0.01777363,-0.00350289,-0.07461517,-0.05492505,-0.08783266,-0.07620157,-0.10910919,0.11970877,0.31743524,0.32783529,104.41531500,5.00000000,1.70000000,0.19772647,187.25000000,68.75000000,184.00000000,0.34250000,2.72625000,2.93475000,1.28375000,2.87810000,1.13125000,1.04189325,0.23500000,10.02724753,0.02021336,0.05655207,0.50589909,0.48529596,0.01536148,0.00558394,0.04482692,0.01628648,0.33507150,0.11019478,0.32846658,0.10641115,19.39801480,7.11527366,0.41494727,2.04182510,0.03135429,5.91434977,0.21077503,766.00876459,1.67706111,323.15401319,6.21553617,0.36348474,0.71969305,5.54143454,19.25014612,1.65100000,11.74925185,714.09233869
196,TaTiNbMo,BCC,ANNEAL,,,1,2000.00000000,430.91538111,,,,,179.00000000,10.1016/j.actamat.2019.06.006,2019,Solid-solution strengthening in refractory high entropy alloys,TaTiNbMo,1.60396426,1.59798441,2719.25000000,17.29146783,3.25802155,0.25000000,0.25000000,0.25000000,0.25000000,0.00000000,0.00000000,0.00000000,0.00000000,0.00000000,0.00000000,0.00000000,0.00000000,0.00000000,0.00000000,0.00011946,3.04043892,186.53829362,0.01777363,-0.00350289,-0.07461517,-0.05492505,-0.08783266,-0.07620157,-0.10910919,0.11970877,0.31743524,0.32783529,104.41531500,5.00000000,1.70000000,0.19772647,187.25000000,68.75000000,184.00000000,0.34250000,2.72625000,2.93475000,1.28375000,2.87810000,1.13125000,1.04189325,0.23500000,10.02724753,0.02021336,0.05655207,0.50589909,0.48529596,0.01536148,0.00558394,0.04482692,0.01628648,0.33507150,0.11019478,0.32846658,0.10641115,19.39801480,7.11527366,0.41494727,2.04182510,0.03135429,5.91434977,0.73549692,766.00876459,1.67706111,37.69547964,6.21553617,0.36348474,0.71969305,5.54143454,19.25014612,1.65100000,11.74925185,338.15707217
197,TaTiNbMo,BCC,ANNEAL,,,1,873.15000000,593.00000000,,,,,179.00000000,10.1016/j.actamat.2019.06.006,2019,Solid-solution strengthening in refractory high entropy alloys,TaTiNbMo,1.60396426,1.59798441,2719.25000000,17.29146783,3.25802155,0.25000000,0.25000000,0.25000000,0.25000000,0.00000000,0.00000000,0.00000000,0.00000000,0.00000000,0.00000000,0.00000000,0.00000000,0.00000000,0.00000000,0.00011946,3.04043892,186.53829362,0.01777363,-0.00350289,-0.07461517,-0.05492505,-0.08783266,-0.07620157,-0.10910919,0.11970877,0.31743524,0.32783529,104.41531500,5.00000000,1.70000000,0.19772647,187.25000000,68.75000000,184.00000000,0.34250000,2.72625000,2.93475000,1.28375000,2.87810000,1.13125000,1.04189325,0.23500000,10.02724753,0.02021336,0.05655207,0.50589909,0.48529596,0.01536148,0.00558394,0.04482692,0.01628648,0.33507150,0.11019478,0.32846658,0.10641115,19.39801480,7.11527366,0.41494727,2.04182510,0.03135429,5.91434977,0.32109957,766.00876459,1.67706111,205.69222875,6.21553617,0.36348474,0.71969305,5.54143454,19.25014612,1.65100000,11.74925185,618.27228886
198,TaTiNbMo,BCC,ANNEAL,,,1,673.15000000,685.00000000,,,,,179.00000000,10.1016/j.actamat.2019.06.006,2019,Solid-solution strengthening in refractory high entropy alloys,TaTiNbMo,1.60396426,1.59798441,2719.25000000,17.29146783,3.25802155,0.25000000,0.25000000,0.25000000,0.25000000,0.00000000,0.00000000,0.00000000,0.00000000,0.00000000,0.00000000,0.00000000,0.00000000,0.00000000,0.00000000,0.00011946,3.04043892,186.53829362,0.01777363,-0.00350289,-0.07461517,-0.05492505,-0.08783266,-0.07620157,-0.10910919,0.11970877,0.31743524,0.32783529,104.41531500,5.00000000,1.70000000,0.19772647,187.25000000,68.75000000,184.00000000,0.34250000,2.72625000,2.93475000,1.28375000,2.87810000,1.13125000,1.04189325,0.23500000,10.02724753,0.02021336,0.05655207,0.50589909,0.48529596,0.01536148,0.00558394,0.04482692,0.01628648,0.33507150,0.11019478,0.32846658,0.10641115,19.39801480,7.11527366,0.41494727,2.04182510,0.03135429,5.91434977,0.24754988,766.00876459,1.67706111,277.97921903,6.21553617,0.36348474,0.71969305,5.54143454,19.25014612,1.65100000,11.74925185,674.05405440
199,TaTiNbMo,BCC,ANNEAL,,,1,1273.15000000,539.00000000,,,,,179.00000000,10.1016/j.actamat.2019.06.006,2019,Solid-solution strengthening in refractory high entropy alloys,TaTiNbMo,1.60396426,1.59798441,2719.25000000,17.29146783,3.25802155,0.25000000,0.25000000,0.25000000,0.25000000,0.00000000,0.00000000,0.00000000,0.00000000,0.00000000,0.00000000,0.00000000,0.00000000,0.00000000,0.00000000,0.00011946,3.04043892,186.53829362,0.01777363,-0.00350289,-0.07461517,-0.05492505,-0.08783266,-0.07620157,-0.10910919,0.11970877,0.31743524,0.32783529,104.41531500,5.00000000,1.70000000,0.19772647,187.25000000,68.75000000,184.00000000,0.34250000,2.72625000,2.93475000,1.28375000,2.87810000,1.13125000,1.04189325,0.23500000,10.02724753,0.02021336,0.05655207,0.50589909,0.48529596,0.01536148,0.00558394,0.04482692,0.01628648,0.33507150,0.11019478,0.32846658,0.10641115,19.39801480,7.11527366,0.41494727,2.04182510,0.03135429,5.91434977,0.46819895,766.00876459,1.67706111,112.62349251,6.21553617,0.36348474,0.71969305,5.54143454,19.25014612,1.65100000,11.74925185,506.89669980
200,TaTiNbMo,BCC,ANNEAL,,,1,1073.15000000,564.00000000,,,,,179.00000000,10.1016/j.actamat.2019.06.006,2019,Solid-solution strengthening in refractory high entropy alloys,TaTiNbMo,1.60396426,1.59798441,2719.25000000,17.29146783,3.25802155,0.25000000,0.25000000,0.25000000,0.25000000,0.00000000,0.00000000,0.00000000,0.00000000,0.00000000,0.00000000,0.00000000,0.00000000,0.00000000,0.00000000,0.00011946,3.04043892,186.53829362,0.01777363,-0.00350289,-0.07461517,-0.05492505,-0.08783266,-0.07620157,-0.10910919,0.11970877,0.31743524,0.32783529,104.41531500,5.00000000,1.70000000,0.19772647,187.25000000,68.75000000,184.00000000,0.34250000,2.72625000,2.93475000,1.28375000,2.87810000,1.13125000,1.04189325,0.23500000,10.02724753,0.02021336,0.05655207,0.50589909,0.48529596,0.01536148,0.00558394,0.04482692,0.01628648,0.33507150,0.11019478,0.32846658,0.10641115,19.39801480,7.11527366,0.41494727,2.04182510,0.03135429,5.91434977,0.39464926,766.00876459,1.67706111,152.20307876,6.21553617,0.36348474,0.71969305,5.54143454,19.25014612,1.65100000,11.74925185,597.55167583
201,TaTiNbMoW,BCC,CAST,,,1,298.15000000,1380.33333333,2005.00000000,,,,222.00000000,10.1016/j.intermet.2017.01.007,2017,Effect of Ti additions on mechanical properties of NbMoTaW and VNbMoTaW refractory high entropy alloys,TaTiNbMoW,1.59533558,1.58948722,2914.40000000,16.99611887,3.23936525,0.20000000,0.20000000,0.20000000,0.20000000,0.20000000,0.00000000,0.00000000,0.00000000,0.00000000,0.00000000,0.00000000,0.00000000,0.00000000,0.00000000,0.00013869,3.02319166,209.11892695,0.00330158,-0.01371964,-0.06734975,-0.05114828,-0.08094582,-0.06816950,-0.09796703,0.13367923,0.37762475,0.40098930,120.30025200,5.20000000,1.83200000,0.24394552,211.80000000,87.20000000,229.40000000,0.33000000,2.91600000,3.14880000,1.54900000,2.43878000,1.44500000,1.03351460,0.29600000,11.75347184,0.02153606,0.06083809,0.55347986,0.52714654,0.01680559,0.00400501,0.04850360,0.01169274,0.40271903,0.09506712,0.38951733,0.09108152,24.46284903,8.38918005,0.49554184,1.98507463,0.03404528,7.90251261,0.10230236,1031.47336285,2.15427339,687.91140832,5.35456006,0.26114432,0.35291658,2.72495411,4.21456057,1.59980000,15.29119204,1222.25336550
202,TaTiNbMoW,BCC,CAST,,,1,873.15000000,689.00000000,1681.00000000,,,,222.00000000,10.1016/j.intermet.2017.01.007,2017,Effect of Ti additions on mechanical properties of NbMoTaW and VNbMoTaW refractory high entropy alloys,TaTiNbMoW,1.59533558,1.58948722,2914.40000000,16.99611887,3.23936525,0.20000000,0.20000000,0.20000000,0.20000000,0.20000000,0.00000000,0.00000000,0.00000000,0.00000000,0.00000000,0.00000000,0.00000000,0.00000000,0.00000000,0.00013869,3.02319166,209.11892695,0.00330158,-0.01371964,-0.06734975,-0.05114828,-0.08094582,-0.06816950,-0.09796703,0.13367923,0.37762475,0.40098930,120.30025200,5.20000000,1.83200000,0.24394552,211.80000000,87.20000000,229.40000000,0.33000000,2.91600000,3.14880000,1.54900000,2.43878000,1.44500000,1.03351460,0.29600000,11.75347184,0.02153606,0.06083809,0.55347986,0.52714654,0.01680559,0.00400501,0.04850360,0.01169274,0.40271903,0.09506712,0.38951733,0.09108152,24.46284903,8.38918005,0.49554184,1.98507463,0.03404528,7.90251261,0.29959855,1031.47336285,2.15427339,370.62351325,5.35456006,0.26114432,0.35291658,2.72495411,4.21456057,1.59980000,15.29119204,663.31732947
203,TaTiNbMoW,BCC,CAST,,,1,1073.15000000,674.00000000,1618.00000000,,,,222.00000000,10.1016/j.intermet.2017.01.007,2017,Effect of Ti additions on mechanical properties of NbMoTaW and VNbMoTaW refractory high entropy alloys,TaTiNbMoW,1.59533558,1.58948722,2914.40000000,16.99611887,3.23936525,0.20000000,0.20000000,0.20000000,0.20000000,0.20000000,0.00000000,0.00000000,0.00000000,0.00000000,0.00000000,0.00000000,0.00000000,0.00000000,0.00000000,0.00013869,3.02319166,209.11892695,0.00330158,-0.01371964,-0.06734975,-0.05114828,-0.08094582,-0.06816950,-0.09796703,0.13367923,0.37762475,0.40098930,120.30025200,5.20000000,1.83200000,0.24394552,211.80000000,87.20000000,229.40000000,0.33000000,2.91600000,3.14880000,1.54900000,2.43878000,1.44500000,1.03351460,0.29600000,11.75347184,0.02153606,0.06083809,0.55347986,0.52714654,0.01680559,0.00400501,0.04850360,0.01169274,0.40271903,0.09506712,0.38951733,0.09108152,24.46284903,8.38918005,0.49554184,1.98507463,0.03404528,7.90251261,0.36822330,1031.47336285,2.15427339,293.16489496,5.35456006,0.26114432,0.35291658,2.72495411,4.21456057,1.59980000,15.29119204,611.20622262
204,TaTiNbMoW,BCC,CAST,,,1,2000.00000000,483.99912358,,,,,222.00000000,10.1016/j.actamat.2019.06.032,2019,High temperature strength of refractory complex concentrated alloys,TaTiNbMoW,1.59533558,1.58948722,2914.40000000,16.99611887,3.23936525,0.20000000,0.20000000,0.20000000,0.20000000,0.20000000,0.00000000,0.00000000,0.00000000,0.00000000,0.00000000,0.00000000,0.00000000,0.00000000,0.00000000,0.00013869,3.02319166,209.11892695,0.00330158,-0.01371964,-0.06734975,-0.05114828,-0.08094582,-0.06816950,-0.09796703,0.13367923,0.37762475,0.40098930,120.30025200,5.20000000,1.83200000,0.24394552,211.80000000,87.20000000,229.40000000,0.33000000,2.91600000,3.14880000,1.54900000,2.43878000,1.44500000,1.03351460,0.29600000,11.75347184,0.02153606,0.06083809,0.55347986,0.52714654,0.01680559,0.00400501,0.04850360,0.01169274,0.40271903,0.09506712,0.38951733,0.09108152,24.46284903,8.38918005,0.49554184,1.98507463,0.03404528,7.90251261,0.68624760,1031.47336285,2.15427339,98.91177064,5.35456006,0.26114432,0.35291658,2.72495411,4.21456057,1.59980000,15.29119204,454.48685268
205,TaTiNbMoW,BCC,CAST,,,1,1273.15000000,620.00000000,,,,,222.00000000,10.1016/j.actamat.2019.06.032,2019,High temperature strength of refractory complex concentrated alloys,TaTiNbMoW,1.59533558,1.58948722,2914.40000000,16.99611887,3.23936525,0.20000000,0.20000000,0.20000000,0.20000000,0.20000000,0.00000000,0.00000000,0.00000000,0.00000000,0.00000000,0.00000000,0.00000000,0.00000000,0.00000000,0.00013869,3.02319166,209.11892695,0.00330158,-0.01371964,-0.06734975,-0.05114828,-0.08094582,-0.06816950,-0.09796703,0.13367923,0.37762475,0.40098930,120.30025200,5.20000000,1.83200000,0.24394552,211.80000000,87.20000000,229.40000000,0.33000000,2.91600000,3.14880000,1.54900000,2.43878000,1.44500000,1.03351460,0.29600000,11.75347184,0.02153606,0.06083809,0.55347986,0.52714654,0.01680559,0.00400501,0.04850360,0.01169274,0.40271903,0.09506712,0.38951733,0.09108152,24.46284903,8.38918005,0.49554184,1.98507463,0.03404528,7.90251261,0.43684806,1031.47336285,2.15427339,231.89477344,5.35456006,0.26114432,0.35291658,2.72495411,4.21456057,1.59980000,15.29119204,601.17094538
206,TaTiNbMoW,BCC,CAST,,,1,1700.00000000,523.84806091,,,,,222.00000000,10.1016/j.actamat.2019.06.032,2019,High temperature strength of refractory complex concentrated alloys,TaTiNbMoW,1.59533558,1.58948722,2914.40000000,16.99611887,3.23936525,0.20000000,0.20000000,0.20000000,0.20000000,0.20000000,0.00000000,0.00000000,0.00000000,0.00000000,0.00000000,0.00000000,0.00000000,0.00000000,0.00000000,0.00013869,3.02319166,209.11892695,0.00330158,-0.01371964,-0.06734975,-0.05114828,-0.08094582,-0.06816950,-0.09796703,0.13367923,0.37762475,0.40098930,120.30025200,5.20000000,1.83200000,0.24394552,211.80000000,87.20000000,229.40000000,0.33000000,2.91600000,3.14880000,1.54900000,2.43878000,1.44500000,1.03351460,0.29600000,11.75347184,0.02153606,0.06083809,0.55347986,0.52714654,0.01680559,0.00400501,0.04850360,0.01169274,0.40271903,0.09506712,0.38951733,0.09108152,24.46284903,8.38918005,0.49554184,1.98507463,0.03404528,7.90251261,0.58331046,1031.47336285,2.15427339,140.59810992,5.35456006,0.26114432,0.35291658,2.72495411,4.21456057,1.59980000,15.29119204,544.31327395
207,TaTiNbMoW,BCC,CAST,,,1,1473.15000000,586.00000000,,,,,222.00000000,10.1016/j.actamat.2019.06.032,2019,High temperature strength of refractory complex concentrated alloys,TaTiNbMoW,1.59533558,1.58948722,2914.40000000,16.99611887,3.23936525,0.20000000,0.20000000,0.20000000,0.20000000,0.20000000,0.00000000,0.00000000,0.00000000,0.00000000,0.00000000,0.00000000,0.00000000,0.00000000,0.00000000,0.00013869,3.02319166,209.11892695,0.00330158,-0.01371964,-0.06734975,-0.05114828,-0.08094582,-0.06816950,-0.09796703,0.13367923,0.37762475,0.40098930,120.30025200,5.20000000,1.83200000,0.24394552,211.80000000,87.20000000,229.40000000,0.33000000,2.91600000,3.14880000,1.54900000,2.43878000,1.44500000,1.03351460,0.29600000,11.75347184,0.02153606,0.06083809,0.55347986,0.52714654,0.01680559,0.00400501,0.04850360,0.01169274,0.40271903,0.09506712,0.38951733,0.09108152,24.46284903,8.38918005,0.49554184,1.98507463,0.03404528,7.90251261,0.50547282,1031.47336285,2.15427339,183.42982694,5.35456006,0.26114432,0.35291658,2.72495411,4.21456057,1.59980000,15.29119204,573.94069555
208,TaTiNbMoW,BCC,CAST,,,1,1400.00000000,566.12664012,,,,,222.00000000,10.1016/j.actamat.2019.06.032,2019,High temperature strength of refractory complex concentrated alloys,TaTiNbMoW,1.59533558,1.58948722,2914.40000000,16.99611887,3.23936525,0.20000000,0.20000000,0.20000000,0.20000000,0.20000000,0.00000000,0.00000000,0.00000000,0.00000000,0.00000000,0.00000000,0.00000000,0.00000000,0.00000000,0.00013869,3.02319166,209.11892695,0.00330158,-0.01371964,-0.06734975,-0.05114828,-0.08094582,-0.06816950,-0.09796703,0.13367923,0.37762475,0.40098930,120.30025200,5.20000000,1.83200000,0.24394552,211.80000000,87.20000000,229.40000000,0.33000000,2.91600000,3.14880000,1.54900000,2.43878000,1.44500000,1.03351460,0.29600000,11.75347184,0.02153606,0.06083809,0.55347986,0.52714654,0.01680559,0.00400501,0.04850360,0.01169274,0.40271903,0.09506712,0.38951733,0.09108152,24.46284903,8.38918005,0.49554184,1.98507463,0.03404528,7.90251261,0.48037332,1031.47336285,2.15427339,199.85314574,5.35456006,0.26114432,0.35291658,2.72495411,4.21456057,1.59980000,15.29119204,579.39980497
209,TaTiNbVMoW,BCC,CAST,,,1,1400.00000000,691.06207244,,,,,209.00000000,10.1016/j.actamat.2019.06.032,2019,High temperature strength of refractory complex concentrated alloys,TaTiNbVMoW,1.57809444,1.57685744,2792.50000000,16.43784471,3.20350168,0.16700000,0.16700000,0.16700000,0.16700000,0.16700000,0.16700000,0.00000000,0.00000000,0.00000000,0.00000000,0.00000000,0.00000000,0.00000000,0.00000000,0.00015454,2.99494033,205.37270518,0.05841832,0.04423397,-0.04862385,-0.04100229,-0.07120036,-0.05518664,-0.08538471,0.11210672,0.35688871,0.37825369,108.74046000,5.16666667,1.79833333,0.24478199,203.16666667,80.50000000,212.50000000,0.33666667,2.86700000,3.12866667,1.51250000,2.77315000,1.34083333,0.99276067,0.29166667,10.98488935,0.03177623,0.09119156,0.57808483,0.54908291,0.02484887,0.00613609,0.07213496,0.01786447,0.38627632,0.08360784,0.37379232,0.08010063,22.33322639,7.78975458,0.46767818,2.01507539,0.05778002,10.52496702,0.50134288,1666.46214222,2.54451107,415.29673794,6.21319333,0.16938569,0.10375067,5.30529656,4.14929719,1.61616667,13.81864062,737.00230600
210,TaTiNbVMoW,BCC,CAST,,,1,1700.00000000,568.72634362,,,,,209.00000000,10.1016/j.actamat.2019.06.032,2019,High temperature strength of refractory complex concentrated alloys,TaTiNbVMoW,1.57809444,1.57685744,2792.50000000,16.43784471,3.20350168,0.16700000,0.16700000,0.16700000,0.16700000,0.16700000,0.16700000,0.00000000,0.00000000,0.00000000,0.00000000,0.00000000,0.00000000,0.00000000,0.00000000,0.00015454,2.99494033,205.37270518,0.05841832,0.04423397,-0.04862385,-0.04100229,-0.07120036,-0.05518664,-0.08538471,0.11210672,0.35688871,0.37825369,108.74046000,5.16666667,1.79833333,0.24478199,203.16666667,80.50000000,212.50000000,0.33666667,2.86700000,3.12866667,1.51250000,2.77315000,1.34083333,0.99276067,0.29166667,10.98488935,0.03177623,0.09119156,0.57808483,0.54908291,0.02484887,0.00613609,0.07213496,0.01786447,0.38627632,0.08360784,0.37379232,0.08010063,22.33322639,7.78975458,0.46767818,2.01507539,0.05778002,10.52496702,0.60877350,1666.46214222,2.54451107,308.35472371,6.21319333,0.16938569,0.10375067,5.30529656,4.14929719,1.61616667,13.81864062,579.85875717
211,TaTiNbVMoW,BCC,CAST,,,1,2000.00000000,468.04717959,,,,,209.00000000,10.1016/j.actamat.2019.06.032,2019,High temperature strength of refractory complex concentrated alloys,TaTiNbVMoW,1.57809444,1.57685744,2792.50000000,16.43784471,3.20350168,0.16700000,0.16700000,0.16700000,0.16700000,0.16700000,0.16700000,0.00000000,0.00000000,0.00000000,0.00000000,0.00000000,0.00000000,0.00000000,0.00000000,0.00015454,2.99494033,205.37270518,0.05841832,0.04423397,-0.04862385,-0.04100229,-0.07120036,-0.05518664,-0.08538471,0.11210672,0.35688871,0.37825369,108.74046000,5.16666667,1.79833333,0.24478199,203.16666667,80.50000000,212.50000000,0.33666667,2.86700000,3.12866667,1.51250000,2.77315000,1.34083333,0.99276067,0.29166667,10.98488935,0.03177623,0.09119156,0.57808483,0.54908291,0.02484887,0.00613609,0.07213496,0.01786447,0.38627632,0.08360784,0.37379232,0.08010063,22.33322639,7.78975458,0.46767818,2.01507539,0.05778002,10.52496702,0.71620412,1666.46214222,2.54451107,228.95107750,6.21319333,0.16938569,0.10375067,5.30529656,4.14929719,1.61616667,13.81864062,404.57902909
212,TaTiNbVMoW,BCC,CAST,,,1,1273.15000000,752.90000000,,,,,209.00000000,10.1016/j.actamat.2019.06.032,2019,High temperature strength of refractory complex concentrated alloys,TaTiNbVMoW,1.57809444,1.57685744,2792.50000000,16.43784471,3.20350168,0.16700000,0.16700000,0.16700000,0.16700000,0.16700000,0.16700000,0.00000000,0.00000000,0.00000000,0.00000000,0.00000000,0.00000000,0.00000000,0.00000000,0.00015454,2.99494033,205.37270518,0.05841832,0.04423397,-0.04862385,-0.04100229,-0.07120036,-0.05518664,-0.08538471,0.11210672,0.35688871,0.37825369,108.74046000,5.16666667,1.79833333,0.24478199,203.16666667,80.50000000,212.50000000,0.33666667,2.86700000,3.12866667,1.51250000,2.77315000,1.34083333,0.99276067,0.29166667,10.98488935,0.03177623,0.09119156,0.57808483,0.54908291,0.02484887,0.00613609,0.07213496,0.01786447,0.38627632,0.08360784,0.37379232,0.08010063,22.33322639,7.78975458,0.46767818,2.01507539,0.05778002,10.52496702,0.45591764,1666.46214222,2.54451107,471.01443411,6.21319333,0.16938569,0.10375067,5.30529656,4.14929719,1.61616667,13.81864062,722.59824780
213,TaTiNbVMoW,BCC,CAST,,,1,1473.15000000,659.00000000,,,,,209.00000000,10.1016/j.actamat.2019.06.032,2019,High temperature strength of refractory complex concentrated alloys,TaTiNbVMoW,1.57809444,1.57685744,2792.50000000,16.43784471,3.20350168,0.16700000,0.16700000,0.16700000,0.16700000,0.16700000,0.16700000,0.00000000,0.00000000,0.00000000,0.00000000,0.00000000,0.00000000,0.00000000,0.00000000,0.00015454,2.99494033,205.37270518,0.05841832,0.04423397,-0.04862385,-0.04100229,-0.07120036,-0.05518664,-0.08538471,0.11210672,0.35688871,0.37825369,108.74046000,5.16666667,1.79833333,0.24478199,203.16666667,80.50000000,212.50000000,0.33666667,2.86700000,3.12866667,1.51250000,2.77315000,1.34083333,0.99276067,0.29166667,10.98488935,0.03177623,0.09119156,0.57808483,0.54908291,0.02484887,0.00613609,0.07213496,0.01786447,0.38627632,0.08360784,0.37379232,0.08010063,22.33322639,7.78975458,0.46767818,2.01507539,0.05778002,10.52496702,0.52753805,1666.46214222,2.54451107,386.21482484,6.21319333,0.16938569,0.10375067,5.30529656,4.14929719,1.61616667,13.81864062,638.71524156
214,TaTiNbVMoW,BCC,CAST,,,1,298.15000000,1515.00000000,2135.00000000,,,,209.00000000,10.1016/j.intermet.2017.01.007,2017,Effect of Ti additions on mechanical properties of NbMoTaW and VNbMoTaW refractory high entropy alloys,TaTiNbVMoW,1.57809444,1.57685744,2792.50000000,16.43784471,3.20350168,0.16700000,0.16700000,0.16700000,0.16700000,0.16700000,0.16700000,0.00000000,0.00000000,0.00000000,0.00000000,0.00000000,0.00000000,0.00000000,0.00000000,0.00015454,2.99494033,205.37270518,0.05841832,0.04423397,-0.04862385,-0.04100229,-0.07120036,-0.05518664,-0.08538471,0.11210672,0.35688871,0.37825369,108.74046000,5.16666667,1.79833333,0.24478199,203.16666667,80.50000000,212.50000000,0.33666667,2.86700000,3.12866667,1.51250000,2.77315000,1.34083333,0.99276067,0.29166667,10.98488935,0.03177623,0.09119156,0.57808483,0.54908291,0.02484887,0.00613609,0.07213496,0.01786447,0.38627632,0.08360784,0.37379232,0.08010063,22.33322639,7.78975458,0.46767818,2.01507539,0.05778002,10.52496702,0.10676813,1666.46214222,2.54451107,1169.70954393,6.21319333,0.16938569,0.10375067,5.30529656,4.14929719,1.61616667,13.81864062,1496.90777446
215,TaTiNbVMoW,BCC,CAST,,,1,873.15000000,973.00000000,1590.00000000,,,,209.00000000,10.1016/j.intermet.2017.01.007,2017,Effect of Ti additions on mechanical properties of NbMoTaW and VNbMoTaW refractory high entropy alloys,TaTiNbVMoW,1.57809444,1.57685744,2792.50000000,16.43784471,3.20350168,0.16700000,0.16700000,0.16700000,0.16700000,0.16700000,0.16700000,0.00000000,0.00000000,0.00000000,0.00000000,0.00000000,0.00000000,0.00000000,0.00000000,0.00015454,2.99494033,205.37270518,0.05841832,0.04423397,-0.04862385,-0.04100229,-0.07120036,-0.05518664,-0.08538471,0.11210672,0.35688871,0.37825369,108.74046000,5.16666667,1.79833333,0.24478199,203.16666667,80.50000000,212.50000000,0.33666667,2.86700000,3.12866667,1.51250000,2.77315000,1.34083333,0.99276067,0.29166667,10.98488935,0.03177623,0.09119156,0.57808483,0.54908291,0.02484887,0.00613609,0.07213496,0.01786447,0.38627632,0.08360784,0.37379232,0.08010063,22.33322639,7.78975458,0.46767818,2.01507539,0.05778002,10.52496702,0.31267681,1666.46214222,2.54451107,700.55908299,6.21319333,0.16938569,0.10375067,5.30529656,4.14929719,1.61616667,13.81864062,990.58845938
216,TaTiNbVMoW,BCC,CAST,,,1,1073.15000000,791.30000000,1180.00000000,,,,209.00000000,10.1016/j.intermet.2017.01.007,2017,Effect of Ti additions on mechanical properties of NbMoTaW and VNbMoTaW refractory high entropy alloys,TaTiNbVMoW,1.57809444,1.57685744,2792.50000000,16.43784471,3.20350168,0.16700000,0.16700000,0.16700000,0.16700000,0.16700000,0.16700000,0.00000000,0.00000000,0.00000000,0.00000000,0.00000000,0.00000000,0.00000000,0.00000000,0.00015454,2.99494033,205.37270518,0.05841832,0.04423397,-0.04862385,-0.04100229,-0.07120036,-0.05518664,-0.08538471,0.11210672,0.35688871,0.37825369,108.74046000,5.16666667,1.79833333,0.24478199,203.16666667,80.50000000,212.50000000,0.33666667,2.86700000,3.12866667,1.51250000,2.77315000,1.34083333,0.99276067,0.29166667,10.98488935,0.03177623,0.09119156,0.57808483,0.54908291,0.02484887,0.00613609,0.07213496,0.01786447,0.38627632,0.08360784,0.37379232,0.08010063,22.33322639,7.78975458,0.46767818,2.01507539,0.05778002,10.52496702,0.38429722,1666.46214222,2.54451107,574.43314670,6.21319333,0.16938569,0.10375067,5.30529656,4.14929719,1.61616667,13.81864062,857.83528194
217,TaTiNbW,BCC,ANNEAL,,,1,1400.00000000,422.51298767,,,,,198.00000000,10.1016/j.actamat.2019.06.006,2019,Solid-solution strengthening in refractory high entropy alloys,TaTiNbW,1.60642612,1.60277497,2919.00000000,17.36027592,3.26233739,0.25000000,0.25000000,0.25000000,0.25000000,0.00000000,0.00000000,0.00000000,0.00000000,0.00000000,0.00000000,0.00000000,0.00000000,0.00000000,0.00000000,0.00011946,3.04604225,196.07392354,0.04619993,0.02492340,-0.04591763,-0.03035959,-0.06108131,-0.05163611,-0.08235783,0.11139222,0.31863441,0.33294408,126.39031500,5.00000000,1.75000000,0.20724218,196.75000000,77.50000000,204.50000000,0.33500000,2.89500000,3.07250000,1.42625000,2.80162500,1.25625000,1.06626150,0.26000000,12.08945065,0.01764414,0.04895096,0.63753558,0.60246503,0.01356147,0.00491972,0.03860653,0.01398923,0.38913111,0.13174888,0.37771729,0.12633288,21.89581965,7.56332285,0.43393782,2.00751880,0.02534096,11.48593904,0.47961631,696.41445538,1.70453204,87.51091144,44.27387046,0.29668965,0.20754375,5.54143454,27.38792679,1.64625000,13.30042196,450.45756831
218,TaTiNbW,BCC,ANNEAL,,,1,1700.00000000,347.34806405,,,,,198.00000000,10.1016/j.actamat.2019.06.006,2019,Solid-solution strengthening in refractory high entropy alloys,TaTiNbW,1.60642612,1.60277497,2919.00000000,17.36027592,3.26233739,0.25000000,0.25000000,0.25000000,0.25000000,0.00000000,0.00000000,0.00000000,0.00000000,0.00000000,0.00000000,0.00000000,0.00000000,0.00000000,0.00000000,0.00011946,3.04604225,196.07392354,0.04619993,0.02492340,-0.04591763,-0.03035959,-0.06108131,-0.05163611,-0.08235783,0.11139222,0.31863441,0.33294408,126.39031500,5.00000000,1.75000000,0.20724218,196.75000000,77.50000000,204.50000000,0.33500000,2.89500000,3.07250000,1.42625000,2.80162500,1.25625000,1.06626150,0.26000000,12.08945065,0.01764414,0.04895096,0.63753558,0.60246503,0.01356147,0.00491972,0.03860653,0.01398923,0.38913111,0.13174888,0.37771729,0.12633288,21.89581965,7.56332285,0.43393782,2.00751880,0.02534096,11.48593904,0.58239123,696.41445538,1.70453204,56.10898883,44.27387046,0.29668965,0.20754375,5.54143454,27.38792679,1.64625000,13.30042196,405.47263270
219,TaTiNbW,BCC,ANNEAL,,,1,2000.00000000,285.55495598,,,,,198.00000000,10.1016/j.actamat.2019.06.006,2019,Solid-solution strengthening in refractory high entropy alloys,TaTiNbW,1.60642612,1.60277497,2919.00000000,17.36027592,3.26233739,0.25000000,0.25000000,0.25000000,0.25000000,0.00000000,0.00000000,0.00000000,0.00000000,0.00000000,0.00000000,0.00000000,0.00000000,0.00000000,0.00000000,0.00011946,3.04604225,196.07392354,0.04619993,0.02492340,-0.04591763,-0.03035959,-0.06108131,-0.05163611,-0.08235783,0.11139222,0.31863441,0.33294408,126.39031500,5.00000000,1.75000000,0.20724218,196.75000000,77.50000000,204.50000000,0.33500000,2.89500000,3.07250000,1.42625000,2.80162500,1.25625000,1.06626150,0.26000000,12.08945065,0.01764414,0.04895096,0.63753558,0.60246503,0.01356147,0.00491972,0.03860653,0.01398923,0.38913111,0.13174888,0.37771729,0.12633288,21.89581965,7.56332285,0.43393782,2.00751880,0.02534096,11.48593904,0.68516615,696.41445538,1.70453204,35.97515528,44.27387046,0.29668965,0.20754375,5.54143454,27.38792679,1.64625000,13.30042196,340.83728122
220,TaTiNbW,BCC,ANNEAL,,,1,473.15000000,869.00000000,,,,,198.00000000,10.1016/j.actamat.2019.06.006,2019,Solid-solution strengthening in refractory high entropy alloys,TaTiNbW,1.60642612,1.60277497,2919.00000000,17.36027592,3.26233739,0.25000000,0.25000000,0.25000000,0.25000000,0.00000000,0.00000000,0.00000000,0.00000000,0.00000000,0.00000000,0.00000000,0.00000000,0.00000000,0.00000000,0.00011946,3.04604225,196.07392354,0.04619993,0.02492340,-0.04591763,-0.03035959,-0.06108131,-0.05163611,-0.08235783,0.11139222,0.31863441,0.33294408,126.39031500,5.00000000,1.75000000,0.20724218,196.75000000,77.50000000,204.50000000,0.33500000,2.89500000,3.07250000,1.42625000,2.80162500,1.25625000,1.06626150,0.26000000,12.08945065,0.01764414,0.04895096,0.63753558,0.60246503,0.01356147,0.00491972,0.03860653,0.01398923,0.38913111,0.13174888,0.37771729,0.12633288,21.89581965,7.56332285,0.43393782,2.00751880,0.02534096,11.48593904,0.16209318,696.41445538,1.70453204,345.48378274,44.27387046,0.29668965,0.20754375,5.54143454,27.38792679,1.64625000,13.30042196,885.41138768
221,TaTiNbW,BCC,ANNEAL,,,1,293.15000000,1054.00000000,,,,,198.00000000,10.1016/j.actamat.2019.06.006,2019,Solid-solution strengthening in refractory high entropy alloys,TaTiNbW,1.60642612,1.60277497,2919.00000000,17.36027592,3.26233739,0.25000000,0.25000000,0.25000000,0.25000000,0.00000000,0.00000000,0.00000000,0.00000000,0.00000000,0.00000000,0.00000000,0.00000000,0.00000000,0.00000000,0.00011946,3.04604225,196.07392354,0.04619993,0.02492340,-0.04591763,-0.03035959,-0.06108131,-0.05163611,-0.08235783,0.11139222,0.31863441,0.33294408,126.39031500,5.00000000,1.75000000,0.20724218,196.75000000,77.50000000,204.50000000,0.33500000,2.89500000,3.07250000,1.42625000,2.80162500,1.25625000,1.06626150,0.26000000,12.08945065,0.01764414,0.04895096,0.63753558,0.60246503,0.01356147,0.00491972,0.03860653,0.01398923,0.38913111,0.13174888,0.37771729,0.12633288,21.89581965,7.56332285,0.43393782,2.00751880,0.02534096,11.48593904,0.10042823,696.41445538,1.70453204,428.30303521,44.27387046,0.29668965,0.20754375,5.54143454,27.38792679,1.64625000,13.30042196,1013.09063810
222,TaTiNbW,BCC,ANNEAL,,,1,373.15000000,968.00000000,,,,,198.00000000,10.1016/j.actamat.2019.06.006,2019,Solid-solution strengthening in refractory high entropy alloys,TaTiNbW,1.60642612,1.60277497,2919.00000000,17.36027592,3.26233739,0.25000000,0.25000000,0.25000000,0.25000000,0.00000000,0.00000000,0.00000000,0.00000000,0.00000000,0.00000000,0.00000000,0.00000000,0.00000000,0.00000000,0.00011946,3.04604225,196.07392354,0.04619993,0.02492340,-0.04591763,-0.03035959,-0.06108131,-0.05163611,-0.08235783,0.11139222,0.31863441,0.33294408,126.39031500,5.00000000,1.75000000,0.20724218,196.75000000,77.50000000,204.50000000,0.33500000,2.89500000,3.07250000,1.42625000,2.80162500,1.25625000,1.06626150,0.26000000,12.08945065,0.01764414,0.04895096,0.63753558,0.60246503,0.01356147,0.00491972,0.03860653,0.01398923,0.38913111,0.13174888,0.37771729,0.12633288,21.89581965,7.56332285,0.43393782,2.00751880,0.02534096,11.48593904,0.12783487,696.41445538,1.70453204,381.51081731,44.27387046,0.29668965,0.20754375,5.54143454,27.38792679,1.64625000,13.30042196,957.12349289
223,TaTiNbW,BCC,ANNEAL,,,1,573.15000000,754.00000000,,,,,198.00000000,10.1016/j.actamat.2019.06.006,2019,Solid-solution strengthening in refractory high entropy alloys,TaTiNbW,1.60642612,1.60277497,2919.00000000,17.36027592,3.26233739,0.25000000,0.25000000,0.25000000,0.25000000,0.00000000,0.00000000,0.00000000,0.00000000,0.00000000,0.00000000,0.00000000,0.00000000,0.00000000,0.00000000,0.00011946,3.04604225,196.07392354,0.04619993,0.02492340,-0.04591763,-0.03035959,-0.06108131,-0.05163611,-0.08235783,0.11139222,0.31863441,0.33294408,126.39031500,5.00000000,1.75000000,0.20724218,196.75000000,77.50000000,204.50000000,0.33500000,2.89500000,3.07250000,1.42625000,2.80162500,1.25625000,1.06626150,0.26000000,12.08945065,0.01764414,0.04895096,0.63753558,0.60246503,0.01356147,0.00491972,0.03860653,0.01398923,0.38913111,0.13174888,0.37771729,0.12633288,21.89581965,7.56332285,0.43393782,2.00751880,0.02534096,11.48593904,0.19635149,696.41445538,1.70453204,297.90954012,44.27387046,0.29668965,0.20754375,5.54143454,27.38792679,1.64625000,13.30042196,675.26195141
224,TaTiNbW,BCC,ANNEAL,,,1,673.15000000,627.00000000,,,,,198.00000000,10.1016/j.actamat.2019.06.006,2019,Solid-solution strengthening in refractory high entropy alloys,TaTiNbW,1.60642612,1.60277497,2919.00000000,17.36027592,3.26233739,0.25000000,0.25000000,0.25000000,0.25000000,0.00000000,0.00000000,0.00000000,0.00000000,0.00000000,0.00000000,0.00000000,0.00000000,0.00000000,0.00000000,0.00011946,3.04604225,196.07392354,0.04619993,0.02492340,-0.04591763,-0.03035959,-0.06108131,-0.05163611,-0.08235783,0.11139222,0.31863441,0.33294408,126.39031500,5.00000000,1.75000000,0.20724218,196.75000000,77.50000000,204.50000000,0.33500000,2.89500000,3.07250000,1.42625000,2.80162500,1.25625000,1.06626150,0.26000000,12.08945065,0.01764414,0.04895096,0.63753558,0.60246503,0.01356147,0.00491972,0.03860653,0.01398923,0.38913111,0.13174888,0.37771729,0.12633288,21.89581965,7.56332285,0.43393782,2.00751880,0.02534096,11.48593904,0.23060980,696.41445538,1.70453204,256.88642573,44.27387046,0.29668965,0.20754375,5.54143454,27.38792679,1.64625000,13.30042196,672.68146714
225,TaTiNbW,BCC,ANNEAL,,,1,873.15000000,596.00000000,,,,,198.00000000,10.1016/j.actamat.2019.06.006,2019,Solid-solution strengthening in refractory high entropy alloys,TaTiNbW,1.60642612,1.60277497,2919.00000000,17.36027592,3.26233739,0.25000000,0.25000000,0.25000000,0.25000000,0.00000000,0.00000000,0.00000000,0.00000000,0.00000000,0.00000000,0.00000000,0.00000000,0.00000000,0.00000000,0.00011946,3.04604225,196.07392354,0.04619993,0.02492340,-0.04591763,-0.03035959,-0.06108131,-0.05163611,-0.08235783,0.11139222,0.31863441,0.33294408,126.39031500,5.00000000,1.75000000,0.20724218,196.75000000,77.50000000,204.50000000,0.33500000,2.89500000,3.07250000,1.42625000,2.80162500,1.25625000,1.06626150,0.26000000,12.08945065,0.01764414,0.04895096,0.63753558,0.60246503,0.01356147,0.00491972,0.03860653,0.01398923,0.38913111,0.13174888,0.37771729,0.12633288,21.89581965,7.56332285,0.43393782,2.00751880,0.02534096,11.48593904,0.29912641,696.41445538,1.70453204,191.00935853,44.27387046,0.29668965,0.20754375,5.54143454,27.38792679,1.64625000,13.30042196,605.09403917
226,TaTiNbW,BCC,ANNEAL,,,1,1073.15000000,564.00000000,,,,,198.00000000,10.1016/j.actamat.2019.06.006,2019,Solid-solution strengthening in refractory high entropy alloys,TaTiNbW,1.60642612,1.60277497,2919.00000000,17.36027592,3.26233739,0.25000000,0.25000000,0.25000000,0.25000000,0.00000000,0.00000000,0.00000000,0.00000000,0.00000000,0.00000000,0.00000000,0.00000000,0.00000000,0.00000000,0.00011946,3.04604225,196.07392354,0.04619993,0.02492340,-0.04591763,-0.03035959,-0.06108131,-0.05163611,-0.08235783,0.11139222,0.31863441,0.33294408,126.39031500,5.00000000,1.75000000,0.20724218,196.75000000,77.50000000,204.50000000,0.33500000,2.89500000,3.07250000,1.42625000,2.80162500,1.25625000,1.06626150,0.26000000,12.08945065,0.01764414,0.04895096,0.63753558,0.60246503,0.01356147,0.00491972,0.03860653,0.01398923,0.38913111,0.13174888,0.37771729,0.12633288,21.89581965,7.56332285,0.43393782,2.00751880,0.02534096,11.48593904,0.36764303,696.41445538,1.70453204,142.02609166,44.27387046,0.29668965,0.20754375,5.54143454,27.38792679,1.64625000,13.30042196,552.98293232
227,TaTiNbW,BCC,ANNEAL,,,1,1273.15000000,459.00000000,,,,,198.00000000,10.1016/j.actamat.2019.06.006,2019,Solid-solution strengthening in refractory high entropy alloys,TaTiNbW,1.60642612,1.60277497,2919.00000000,17.36027592,3.26233739,0.25000000,0.25000000,0.25000000,0.25000000,0.00000000,0.00000000,0.00000000,0.00000000,0.00000000,0.00000000,0.00000000,0.00000000,0.00000000,0.00000000,0.00011946,3.04604225,196.07392354,0.04619993,0.02492340,-0.04591763,-0.03035959,-0.06108131,-0.05163611,-0.08235783,0.11139222,0.31863441,0.33294408,126.39031500,5.00000000,1.75000000,0.20724218,196.75000000,77.50000000,204.50000000,0.33500000,2.89500000,3.07250000,1.42625000,2.80162500,1.25625000,1.06626150,0.26000000,12.08945065,0.01764414,0.04895096,0.63753558,0.60246503,0.01356147,0.00491972,0.03860653,0.01398923,0.38913111,0.13174888,0.37771729,0.12633288,21.89581965,7.56332285,0.43393782,2.00751880,0.02534096,11.48593904,0.43615964,696.41445538,1.70453204,105.60430581,44.27387046,0.29668965,0.20754375,5.54143454,27.38792679,1.64625000,13.30042196,516.41551995
228,TaVCrW,BCC+Laves,POWDER,,7.00700000,1,298.15000000,2327.00000000,,1.50000000,,,,10.1016/j.matchemphys.2017.06.054,2018,The effect of Ti on the sintering and mechanical properties of refractory high-entropy alloy TixWTaVCr fabricated via spark plasma sintering for fusion plasma-facing materials,TaVCrW,1.52758572,1.53046979,2837.00000000,14.80865093,3.09396334,0.25000000,0.25000000,0.25000000,0.25000000,0.00000000,0.00000000,0.00000000,0.00000000,0.00000000,0.00000000,0.00000000,0.00000000,0.00000000,0.00000000,0.00011946,2.91440544,230.48468462,0.23437398,0.23437398,0.01154058,-0.00555089,-0.03366238,-0.00555089,-0.03366238,0.10942223,0.43118603,0.44794583,116.93137000,5.50000000,1.78750000,0.32176380,208.00000000,97.50000000,251.00000000,0.30000000,2.93675000,3.40550000,1.80500000,2.28177500,1.65500000,1.02119375,0.38250000,13.11187909,0.05050188,0.14417574,0.45346210,0.42602479,0.03937955,0.01202401,0.10976261,0.03289744,0.34607754,0.10016604,0.31932172,0.09478510,26.12464582,8.89576771,0.56354814,1.85714286,0.18293185,61.05558658,0.10509341,3334.20995348,3.56843739,2540.93852086,3.79112432,0.07282161,0.08677453,5.54143454,2.77419016,1.60050000,16.32280276,2052.07705978
229,TaVCrW,BCC+Laves,POWDER,,,1,1473.15000000,979.00000000,,1.50000000,,,,10.1016/j.matchemphys.2017.06.054,2018,The effect of Ti on the sintering and mechanical properties of refractory high-entropy alloy TixWTaVCr fabricated via spark plasma sintering for fusion plasma-facing materials,TaVCrW,1.52758572,1.53046979,2837.00000000,14.80865093,3.09396334,0.25000000,0.25000000,0.25000000,0.25000000,0.00000000,0.00000000,0.00000000,0.00000000,0.00000000,0.00000000,0.00000000,0.00000000,0.00000000,0.00000000,0.00011946,2.91440544,230.48468462,0.23437398,0.23437398,0.01154058,-0.00555089,-0.03366238,-0.00555089,-0.03366238,0.10942223,0.43118603,0.44794583,116.93137000,5.50000000,1.78750000,0.32176380,208.00000000,97.50000000,251.00000000,0.30000000,2.93675000,3.40550000,1.80500000,2.28177500,1.65500000,1.02119375,0.38250000,13.11187909,0.05050188,0.14417574,0.45346210,0.42602479,0.03937955,0.01202401,0.10976261,0.03289744,0.34607754,0.10016604,0.31932172,0.09478510,26.12464582,8.89576771,0.56354814,1.85714286,0.18293185,61.05558658,0.51926331,3334.20995348,3.56843739,1175.50241559,3.79112432,0.07282161,0.08677453,5.54143454,2.77419016,1.60050000,16.32280276,708.62199835
230,Ti2Nb2Al2V2Cr,BCC,ANNEAL,,,1,298.15000000,1300.00000000,1430.00000000,,,,119.00000000,10.1016/j.jallcom.2015.08.224,2015,"Structure and mechanical properties of the AlCrxNbTiV (x = 0, 0.5, 1, 1.5) high entropy alloys",Ti2Nb2Al2V2Cr,1.56241661,1.55123443,1977.18222222,15.66217227,3.15229847,0.22200000,0.22200000,0.22200000,0.22200000,0.11100000,0.00000000,0.00000000,0.00000000,0.00000000,0.00000000,0.00000000,0.00000000,0.00000000,0.00000000,0.00013620,2.94029642,148.83761203,0.03082329,0.01015693,-0.08630668,-0.08385512,-0.09214449,-0.10452148,-0.11281085,0.00359600,0.14511392,0.09180211,54.37654858,4.44444444,1.60222222,0.14151792,132.00000000,47.22222222,124.11111111,0.34333333,2.15266667,2.48455556,0.94466667,2.85826667,0.71000000,0.87923211,0.13675622,5.76512908,0.04518903,0.13059389,0.53225381,0.47088208,0.03541306,0.00818862,0.10144327,0.02354252,0.28180274,0.07295773,0.26668412,0.07132512,12.89152761,5.98863158,0.32982347,2.04568526,0.09934387,3.21135107,0.15079541,1610.02885757,1.82518059,1011.09707840,24.54091907,5.13529634,9.03353189,5.23648036,12.35046632,1.53988889,8.37172584,1404.75557542
231,Ti2Nb2Al2V2Cr,BCC,ANNEAL,,,1,1273.15000000,40.00000000,80.00000000,,,,119.00000000,10.1016/j.jallcom.2015.08.224,2015,"Structure and mechanical properties of the AlCrxNbTiV (x = 0, 0.5, 1, 1.5) high entropy alloys",Ti2Nb2Al2V2Cr,1.56241661,1.55123443,1977.18222222,15.66217227,3.15229847,0.22200000,0.22200000,0.22200000,0.22200000,0.11100000,0.00000000,0.00000000,0.00000000,0.00000000,0.00000000,0.00000000,0.00000000,0.00000000,0.00000000,0.00013620,2.94029642,148.83761203,0.03082329,0.01015693,-0.08630668,-0.08385512,-0.09214449,-0.10452148,-0.11281085,0.00359600,0.14511392,0.09180211,54.37654858,4.44444444,1.60222222,0.14151792,132.00000000,47.22222222,124.11111111,0.34333333,2.15266667,2.48455556,0.94466667,2.85826667,0.71000000,0.87923211,0.13675622,5.76512908,0.04518903,0.13059389,0.53225381,0.47088208,0.03541306,0.00818862,0.10144327,0.02354252,0.28180274,0.07295773,0.26668412,0.07132512,12.89152761,5.98863158,0.32982347,2.04568526,0.09934387,3.21135107,0.64392143,1610.02885757,1.82518059,276.56521872,24.54091907,5.13529634,9.03353189,5.23648036,12.35046632,1.53988889,8.37172584,131.60034242
232,Ti2Nb2Al2V2Cr,BCC,ANNEAL,,,1,1073.15000000,640.00000000,685.00000000,,,,119.00000000,10.1016/j.jallcom.2015.08.224,2015,"Structure and mechanical properties of the AlCrxNbTiV (x = 0, 0.5, 1, 1.5) high entropy alloys",Ti2Nb2Al2V2Cr,1.56241661,1.55123443,1977.18222222,15.66217227,3.15229847,0.22200000,0.22200000,0.22200000,0.22200000,0.11100000,0.00000000,0.00000000,0.00000000,0.00000000,0.00000000,0.00000000,0.00000000,0.00000000,0.00000000,0.00013620,2.94029642,148.83761203,0.03082329,0.01015693,-0.08630668,-0.08385512,-0.09214449,-0.10452148,-0.11281085,0.00359600,0.14511392,0.09180211,54.37654858,4.44444444,1.60222222,0.14151792,132.00000000,47.22222222,124.11111111,0.34333333,2.15266667,2.48455556,0.94466667,2.85826667,0.71000000,0.87923211,0.13675622,5.76512908,0.04518903,0.13059389,0.53225381,0.47088208,0.03541306,0.00818862,0.10144327,0.02354252,0.28180274,0.07295773,0.26668412,0.07132512,12.89152761,5.98863158,0.32982347,2.04568526,0.09934387,3.21135107,0.54276737,1610.02885757,1.82518059,364.73513673,24.54091907,5.13529634,9.03353189,5.23648036,12.35046632,1.53988889,8.37172584,633.75043351
233,Ti2Nb2Al2V2Cr,BCC,ANNEAL,,,1,1400.00000000,14.38968721,80.00000000,,,,119.00000000,10.1016/j.jallcom.2015.08.224,2015,"Structure and mechanical properties of the AlCrxNbTiV (x = 0, 0.5, 1, 1.5) high entropy alloys",Ti2Nb2Al2V2Cr,1.56241661,1.55123443,1977.18222222,15.66217227,3.15229847,0.22200000,0.22200000,0.22200000,0.22200000,0.11100000,0.00000000,0.00000000,0.00000000,0.00000000,0.00000000,0.00000000,0.00000000,0.00000000,0.00000000,0.00013620,2.94029642,148.83761203,0.03082329,0.01015693,-0.08630668,-0.08385512,-0.09214449,-0.10452148,-0.11281085,0.00359600,0.14511392,0.09180211,54.37654858,4.44444444,1.60222222,0.14151792,132.00000000,47.22222222,124.11111111,0.34333333,2.15266667,2.48455556,0.94466667,2.85826667,0.71000000,0.87923211,0.13675622,5.76512908,0.04518903,0.13059389,0.53225381,0.47088208,0.03541306,0.00818862,0.10144327,0.02354252,0.28180274,0.07295773,0.26668412,0.07132512,12.89152761,5.98863158,0.32982347,2.04568526,0.09934387,3.21135107,0.70807839,1610.02885757,1.82518059,232.04561739,24.54091907,5.13529634,9.03353189,5.23648036,12.35046632,1.53988889,8.37172584,91.66716922
234,Ti2Nb2Al2V2Cr,BCC,ANNEAL,,,1,873.15000000,1005.00000000,1045.00000000,,,,119.00000000,10.1016/j.jallcom.2015.08.224,2015,"Structure and mechanical properties of the AlCrxNbTiV (x = 0, 0.5, 1, 1.5) high entropy alloys",Ti2Nb2Al2V2Cr,1.56241661,1.55123443,1977.18222222,15.66217227,3.15229847,0.22200000,0.22200000,0.22200000,0.22200000,0.11100000,0.00000000,0.00000000,0.00000000,0.00000000,0.00000000,0.00000000,0.00000000,0.00000000,0.00000000,0.00013620,2.94029642,148.83761203,0.03082329,0.01015693,-0.08630668,-0.08385512,-0.09214449,-0.10452148,-0.11281085,0.00359600,0.14511392,0.09180211,54.37654858,4.44444444,1.60222222,0.14151792,132.00000000,47.22222222,124.11111111,0.34333333,2.15266667,2.48455556,0.94466667,2.85826667,0.71000000,0.87923211,0.13675622,5.76512908,0.04518903,0.13059389,0.53225381,0.47088208,0.03541306,0.00818862,0.10144327,0.02354252,0.28180274,0.07295773,0.26668412,0.07132512,12.89152761,5.98863158,0.32982347,2.04568526,0.09934387,3.21135107,0.44161332,1610.02885757,1.82518059,481.01391991,24.54091907,5.13529634,9.03353189,5.23648036,12.35046632,1.53988889,8.37172584,953.74072941
235,Ti2Nb2Al2V2Cr3,BCC+Laves,ANNEAL,,,1,298.15000000,1700.00000000,1700.00000000,,,,,10.1016/j.jallcom.2015.08.224,2015,"Structure and mechanical properties of the AlCrxNbTiV (x = 0, 0.5, 1, 1.5) high entropy alloys",Ti2Nb2Al2V2Cr3,1.53885068,1.52823128,2014.05818182,14.94591088,3.10349318,0.18200000,0.18200000,0.18200000,0.18200000,0.27300000,0.00000000,0.00000000,0.00000000,0.00000000,0.00000000,0.00000000,0.00000000,0.00000000,0.00000000,0.00013743,2.88837153,165.21487907,0.04957913,0.03308029,-0.07067324,-0.09063712,-0.10549326,-0.10713596,-0.12199210,0.04104209,0.23237611,0.25445899,53.94373975,4.72727273,1.61272727,0.19133401,137.45454545,59.54545455,152.27272727,0.31909091,2.17945455,2.67009091,1.09654545,2.47687273,0.94454545,0.85007373,0.18825509,5.99332815,0.05323373,0.15786915,0.58181762,0.52386418,0.04179798,0.01373993,0.12089052,0.03967476,0.37246930,0.13260088,0.34634171,0.12215985,16.00405522,7.34314704,0.43338617,1.93724967,0.13290382,3.05375490,0.14803445,2431.25638143,2.40339902,1678.43069267,17.10322118,0.23346997,2.01298284,1.26366358,13.28435940,1.57354545,10.17069778,1494.15305812
236,Ti2Nb2Al2V2Cr3,BCC+Laves,ANNEAL,,,1,873.15000000,1370.00000000,1480.00000000,,,,,10.1016/j.jallcom.2015.08.224,2015,"Structure and mechanical properties of the AlCrxNbTiV (x = 0, 0.5, 1, 1.5) high entropy alloys",Ti2Nb2Al2V2Cr3,1.53885068,1.52823128,2014.05818182,14.94591088,3.10349318,0.18200000,0.18200000,0.18200000,0.18200000,0.27300000,0.00000000,0.00000000,0.00000000,0.00000000,0.00000000,0.00000000,0.00000000,0.00000000,0.00000000,0.00013743,2.88837153,165.21487907,0.04957913,0.03308029,-0.07067324,-0.09063712,-0.10549326,-0.10713596,-0.12199210,0.04104209,0.23237611,0.25445899,53.94373975,4.72727273,1.61272727,0.19133401,137.45454545,59.54545455,152.27272727,0.31909091,2.17945455,2.67009091,1.09654545,2.47687273,0.94454545,0.85007373,0.18825509,5.99332815,0.05323373,0.15786915,0.58181762,0.52386418,0.04179798,0.01373993,0.12089052,0.03967476,0.37246930,0.13260088,0.34634171,0.12215985,16.00405522,7.34314704,0.43338617,1.93724967,0.13290382,3.05375490,0.43352769,2431.25638143,2.40339902,971.36666758,17.10322118,0.23346997,2.01298284,1.26366358,13.28435940,1.57354545,10.17069778,1149.59113505
237,Ti2Nb2Al2V2Cr3,BCC+Laves,ANNEAL,,,1,1073.15000000,970.00000000,1045.00000000,,,,,10.1016/j.jallcom.2015.08.224,2015,"Structure and mechanical properties of the AlCrxNbTiV (x = 0, 0.5, 1, 1.5) high entropy alloys",Ti2Nb2Al2V2Cr3,1.53885068,1.52823128,2014.05818182,14.94591088,3.10349318,0.18200000,0.18200000,0.18200000,0.18200000,0.27300000,0.00000000,0.00000000,0.00000000,0.00000000,0.00000000,0.00000000,0.00000000,0.00000000,0.00000000,0.00013743,2.88837153,165.21487907,0.04957913,0.03308029,-0.07067324,-0.09063712,-0.10549326,-0.10713596,-0.12199210,0.04104209,0.23237611,0.25445899,53.94373975,4.72727273,1.61272727,0.19133401,137.45454545,59.54545455,152.27272727,0.31909091,2.17945455,2.67009091,1.09654545,2.47687273,0.94454545,0.85007373,0.18825509,5.99332815,0.05323373,0.15786915,0.58181762,0.52386418,0.04179798,0.01373993,0.12089052,0.03967476,0.37246930,0.13260088,0.34634171,0.12215985,16.00405522,7.34314704,0.43338617,1.93724967,0.13290382,3.05375490,0.53282969,2431.25638143,2.40339902,787.25695171,17.10322118,0.23346997,2.01298284,1.26366358,13.28435940,1.57354545,10.17069778,788.36760575
238,Ti2Nb2Al2V2Cr3,BCC+Laves,ANNEAL,,,1,1273.15000000,75.00000000,105.00000000,,,,,10.1016/j.jallcom.2015.08.224,2015,"Structure and mechanical properties of the AlCrxNbTiV (x = 0, 0.5, 1, 1.5) high entropy alloys",Ti2Nb2Al2V2Cr3,1.53885068,1.52823128,2014.05818182,14.94591088,3.10349318,0.18200000,0.18200000,0.18200000,0.18200000,0.27300000,0.00000000,0.00000000,0.00000000,0.00000000,0.00000000,0.00000000,0.00000000,0.00000000,0.00000000,0.00013743,2.88837153,165.21487907,0.04957913,0.03308029,-0.07067324,-0.09063712,-0.10549326,-0.10713596,-0.12199210,0.04104209,0.23237611,0.25445899,53.94373975,4.72727273,1.61272727,0.19133401,137.45454545,59.54545455,152.27272727,0.31909091,2.17945455,2.67009091,1.09654545,2.47687273,0.94454545,0.85007373,0.18825509,5.99332815,0.05323373,0.15786915,0.58181762,0.52386418,0.04179798,0.01373993,0.12089052,0.03967476,0.37246930,0.13260088,0.34634171,0.12215985,16.00405522,7.34314704,0.43338617,1.93724967,0.13290382,3.05375490,0.63213169,2431.25638143,2.40339902,638.04279959,17.10322118,0.23346997,2.01298284,1.26366358,13.28435940,1.57354545,10.17069778,153.96309331
239,Ti2Nb2Al2V2Cr3,BCC+Laves,ANNEAL,,,1,1400.00000000,29.85090874,105.00000000,,,,,10.1016/j.jallcom.2015.08.224,2015,"Structure and mechanical properties of the AlCrxNbTiV (x = 0, 0.5, 1, 1.5) high entropy alloys",Ti2Nb2Al2V2Cr3,1.53885068,1.52823128,2014.05818182,14.94591088,3.10349318,0.18200000,0.18200000,0.18200000,0.18200000,0.27300000,0.00000000,0.00000000,0.00000000,0.00000000,0.00000000,0.00000000,0.00000000,0.00000000,0.00000000,0.00013743,2.88837153,165.21487907,0.04957913,0.03308029,-0.07067324,-0.09063712,-0.10549326,-0.10713596,-0.12199210,0.04104209,0.23237611,0.25445899,53.94373975,4.72727273,1.61272727,0.19133401,137.45454545,59.54545455,152.27272727,0.31909091,2.17945455,2.67009091,1.09654545,2.47687273,0.94454545,0.85007373,0.18825509,5.99332815,0.05323373,0.15786915,0.58181762,0.52386418,0.04179798,0.01373993,0.12089052,0.03967476,0.37246930,0.13260088,0.34634171,0.12215985,16.00405522,7.34314704,0.43338617,1.93724967,0.13290382,3.05375490,0.69511398,2431.25638143,2.40339902,558.42379065,17.10322118,0.23346997,2.01298284,1.26366358,13.28435940,1.57354545,10.17069778,80.26924694
240,Ti4Nb2AlVCr2,BCC+Laves,ANNEAL,,,1,1700.00000000,7.44596826,,,,,,10.1016/j.matlet.2016.11.030,2017,Precipitation-strengthened refractory Al 0.5 CrNbTi 2 V 0.5 high entropy alloy,Ti4Nb2AlVCr2,1.56496005,1.55930869,2074.03200000,15.85932138,3.16546998,0.40000000,0.20000000,0.10000000,0.10000000,0.20000000,0.00000000,0.00000000,0.00000000,0.00000000,0.00000000,0.00000000,0.00000000,0.00000000,0.00000000,0.00012674,2.94166562,153.90219012,0.07710010,0.04260666,-0.04803026,-0.04344530,-0.06407186,-0.07793874,-0.09856530,0.02459090,0.16364748,0.17535887,55.91959986,4.60000000,1.59200000,0.13905658,132.80000000,55.50000000,143.00000000,0.32200000,2.20920000,2.66710000,0.92460000,3.13461000,0.82100000,0.90150930,0.12454030,5.85502628,0.05181172,0.14246509,0.54545811,0.48625290,0.04105432,0.01456415,0.11439510,0.03974476,0.31308272,0.09825209,0.28948072,0.09101914,15.21464464,6.88694760,0.37162774,1.94985251,0.12280198,6.05064464,0.81965948,1993.32572623,2.22937965,290.57424185,17.85361886,0.21487963,2.03276571,4.03182169,25.60887423,1.74250000,8.73150338,22.44972153
241,Ti4Nb2AlVCr2,BCC+Laves,ANNEAL,,,1,1273.15000000,90.00000000,,,,,,10.1016/j.matlet.2016.11.030,2017,Precipitation-strengthened refractory Al 0.5 CrNbTi 2 V 0.5 high entropy alloy,Ti4Nb2AlVCr2,1.56496005,1.55930869,2074.03200000,15.85932138,3.16546998,0.40000000,0.20000000,0.10000000,0.10000000,0.20000000,0.00000000,0.00000000,0.00000000,0.00000000,0.00000000,0.00000000,0.00000000,0.00000000,0.00000000,0.00012674,2.94166562,153.90219012,0.07710010,0.04260666,-0.04803026,-0.04344530,-0.06407186,-0.07793874,-0.09856530,0.02459090,0.16364748,0.17535887,55.91959986,4.60000000,1.59200000,0.13905658,132.80000000,55.50000000,143.00000000,0.32200000,2.20920000,2.66710000,0.92460000,3.13461000,0.82100000,0.90150930,0.12454030,5.85502628,0.05181172,0.14246509,0.54545811,0.48625290,0.04105432,0.01456415,0.11439510,0.03974476,0.31308272,0.09825209,0.28948072,0.09101914,15.21464464,6.88694760,0.37162774,1.94985251,0.12280198,6.05064464,0.61385263,1993.32572623,2.22937965,471.24582671,17.85361886,0.21487963,2.03276571,4.03182169,25.60887423,1.74250000,8.73150338,129.74638730
242,Ti4Nb2AlVCr2,BCC,CAST,,,1,298.15000000,1290.00000000,,,,,134.00000000,10.1016/j.matlet.2016.11.030,2017,Precipitation-strengthened refractory Al 0.5 CrNbTi 2 V 0.5 high entropy alloy,Ti4Nb2AlVCr2,1.56496005,1.55930869,2074.03200000,15.85932138,3.16546998,0.40000000,0.20000000,0.10000000,0.10000000,0.20000000,0.00000000,0.00000000,0.00000000,0.00000000,0.00000000,0.00000000,0.00000000,0.00000000,0.00000000,0.00012674,2.94166562,153.90219012,0.07710010,0.04260666,-0.04803026,-0.04344530,-0.06407186,-0.07793874,-0.09856530,0.02459090,0.16364748,0.17535887,55.91959986,4.60000000,1.59200000,0.13905658,132.80000000,55.50000000,143.00000000,0.32200000,2.20920000,2.66710000,0.92460000,3.13461000,0.82100000,0.90150930,0.12454030,5.85502628,0.05181172,0.14246509,0.54545811,0.48625290,0.04105432,0.01456415,0.11439510,0.03974476,0.31308272,0.09825209,0.28948072,0.09101914,15.21464464,6.88694760,0.37162774,1.94985251,0.12280198,6.05064464,0.14375381,1993.32572623,2.22937965,1344.38777233,17.85361886,0.21487963,2.03276571,4.03182169,25.60887423,1.74250000,8.73150338,1335.08565666
243,Ti4Nb2AlVCr2,BCC+Laves,ANNEAL,,,1,873.15000000,930.00000000,,,,,,10.1016/j.matlet.2016.11.030,2017,Precipitation-strengthened refractory Al 0.5 CrNbTi 2 V 0.5 high entropy alloy,Ti4Nb2AlVCr2,1.56496005,1.55930869,2074.03200000,15.85932138,3.16546998,0.40000000,0.20000000,0.10000000,0.10000000,0.20000000,0.00000000,0.00000000,0.00000000,0.00000000,0.00000000,0.00000000,0.00000000,0.00000000,0.00000000,0.00012674,2.94166562,153.90219012,0.07710010,0.04260666,-0.04803026,-0.04344530,-0.06407186,-0.07793874,-0.09856530,0.02459090,0.16364748,0.17535887,55.91959986,4.60000000,1.59200000,0.13905658,132.80000000,55.50000000,143.00000000,0.32200000,2.20920000,2.66710000,0.92460000,3.13461000,0.82100000,0.90150930,0.12454030,5.85502628,0.05181172,0.14246509,0.54545811,0.48625290,0.04105432,0.01456415,0.11439510,0.03974476,0.31308272,0.09825209,0.28948072,0.09101914,15.21464464,6.88694760,0.37162774,1.94985251,0.12280198,6.05064464,0.42099158,1993.32572623,2.22937965,741.35968630,17.85361886,0.21487963,2.03276571,4.03182169,25.60887423,1.74250000,8.73150338,957.76490088
244,Ti4Nb2AlVCr2,BCC+Laves,ANNEAL,,,1,1073.15000000,445.00000000,,,,,,10.1016/j.matlet.2016.11.030,2017,Precipitation-strengthened refractory Al 0.5 CrNbTi 2 V 0.5 high entropy alloy,Ti4Nb2AlVCr2,1.56496005,1.55930869,2074.03200000,15.85932138,3.16546998,0.40000000,0.20000000,0.10000000,0.10000000,0.20000000,0.00000000,0.00000000,0.00000000,0.00000000,0.00000000,0.00000000,0.00000000,0.00000000,0.00000000,0.00012674,2.94166562,153.90219012,0.07710010,0.04260666,-0.04803026,-0.04344530,-0.06407186,-0.07793874,-0.09856530,0.02459090,0.16364748,0.17535887,55.91959986,4.60000000,1.59200000,0.13905658,132.80000000,55.50000000,143.00000000,0.32200000,2.20920000,2.66710000,0.92460000,3.13461000,0.82100000,0.90150930,0.12454030,5.85502628,0.05181172,0.14246509,0.54545811,0.48625290,0.04105432,0.01456415,0.11439510,0.03974476,0.31308272,0.09825209,0.28948072,0.09101914,15.21464464,6.88694760,0.37162774,1.94985251,0.12280198,6.05064464,0.51742210,1993.32572623,2.22937965,591.06908078,17.85361886,0.21487963,2.03276571,4.03182169,25.60887423,1.74250000,8.73150338,543.05650947
245,Ti4Nb2AlVCr2,BCC+Laves,ANNEAL,,,1,1400.00000000,42.91424835,,,,,,10.1016/j.matlet.2016.11.030,2017,Precipitation-strengthened refractory Al 0.5 CrNbTi 2 V 0.5 high entropy alloy,Ti4Nb2AlVCr2,1.56496005,1.55930869,2074.03200000,15.85932138,3.16546998,0.40000000,0.20000000,0.10000000,0.10000000,0.20000000,0.00000000,0.00000000,0.00000000,0.00000000,0.00000000,0.00000000,0.00000000,0.00000000,0.00000000,0.00012674,2.94166562,153.90219012,0.07710010,0.04260666,-0.04803026,-0.04344530,-0.06407186,-0.07793874,-0.09856530,0.02459090,0.16364748,0.17535887,55.91959986,4.60000000,1.59200000,0.13905658,132.80000000,55.50000000,143.00000000,0.32200000,2.20920000,2.66710000,0.92460000,3.13461000,0.82100000,0.90150930,0.12454030,5.85502628,0.05181172,0.14246509,0.54545811,0.48625290,0.04105432,0.01456415,0.11439510,0.03974476,0.31308272,0.09825209,0.28948072,0.09101914,15.21464464,6.88694760,0.37162774,1.94985251,0.12280198,6.05064464,0.67501369,1993.32572623,2.22937965,408.17199126,17.85361886,0.21487963,2.03276571,4.03182169,25.60887423,1.74250000,8.73150338,89.34172749
246,TiAlCrMo,BCC,ANNEAL,,,1,673.15000000,1070.00000000,,,,,189.00000000,10.1007/s11661-017-4386-1,2017,Contribution of Lattice Distortion to Solid Solution Strengthening in a Series of Refractory High Entropy Alloys,TiAlCrMo,1.54525995,1.52676264,1987.58000000,15.07649796,3.11250571,0.25000000,0.25000000,0.25000000,0.25000000,0.00000000,0.00000000,0.00000000,0.00000000,0.00000000,0.00000000,0.00000000,0.00000000,0.00000000,0.00000000,0.00011946,2.89560770,171.86451940,0.01521787,-0.00831366,-0.11363108,-0.08339058,-0.09487283,-0.10692211,-0.11840436,0.03754827,0.22305814,0.22442916,55.69615965,4.75000000,1.74250000,0.18550987,154.25000000,77.75000000,198.50000000,0.29750000,2.14000000,2.66850000,1.15525000,1.88222500,1.18625000,0.97186375,0.17385075,6.13442938,0.04647373,0.13581424,0.55814416,0.54508839,0.03599121,0.01244875,0.10400968,0.03650129,0.45628640,0.13321341,0.44133500,0.12897310,20.95758256,9.79326288,0.55432243,1.84697509,0.12065952,2.84731774,0.33867819,2437.32725927,2.77377609,1256.82942442,22.32949335,0.45641682,2.50705653,5.54143454,5.40265390,1.51325000,13.84938547,1098.72025572
247,TiAlCrMo,BCC,ANNEAL,,,1,1400.00000000,132.72880091,,,,,189.00000000,10.1016/j.actamat.2019.06.032,2019,High temperature strength of refractory complex concentrated alloys,TiAlCrMo,1.54525995,1.52676264,1987.58000000,15.07649796,3.11250571,0.25000000,0.25000000,0.25000000,0.25000000,0.00000000,0.00000000,0.00000000,0.00000000,0.00000000,0.00000000,0.00000000,0.00000000,0.00000000,0.00000000,0.00011946,2.89560770,171.86451940,0.01521787,-0.00831366,-0.11363108,-0.08339058,-0.09487283,-0.10692211,-0.11840436,0.03754827,0.22305814,0.22442916,55.69615965,4.75000000,1.74250000,0.18550987,154.25000000,77.75000000,198.50000000,0.29750000,2.14000000,2.66850000,1.15525000,1.88222500,1.18625000,0.97186375,0.17385075,6.13442938,0.04647373,0.13581424,0.55814416,0.54508839,0.03599121,0.01244875,0.10400968,0.03650129,0.45628640,0.13321341,0.44133500,0.12897310,20.95758256,9.79326288,0.55432243,1.84697509,0.12065952,2.84731774,0.70437416,2437.32725927,2.77377609,681.32398737,22.32949335,0.45641682,2.50705653,5.54143454,5.40265390,1.51325000,13.84938547,157.92562561
248,TiAlCrMo,BCC,ANNEAL,,,1,1700.00000000,41.55899963,,,,,189.00000000,10.1016/j.actamat.2019.06.032,2019,High temperature strength of refractory complex concentrated alloys,TiAlCrMo,1.54525995,1.52676264,1987.58000000,15.07649796,3.11250571,0.25000000,0.25000000,0.25000000,0.25000000,0.00000000,0.00000000,0.00000000,0.00000000,0.00000000,0.00000000,0.00000000,0.00000000,0.00000000,0.00000000,0.00011946,2.89560770,171.86451940,0.01521787,-0.00831366,-0.11363108,-0.08339058,-0.09487283,-0.10692211,-0.11840436,0.03754827,0.22305814,0.22442916,55.69615965,4.75000000,1.74250000,0.18550987,154.25000000,77.75000000,198.50000000,0.29750000,2.14000000,2.66850000,1.15525000,1.88222500,1.18625000,0.97186375,0.17385075,6.13442938,0.04647373,0.13581424,0.55814416,0.54508839,0.03599121,0.01244875,0.10400968,0.03650129,0.45628640,0.13321341,0.44133500,0.12897310,20.95758256,9.79326288,0.55432243,1.84697509,0.12065952,2.84731774,0.85531148,2437.32725927,2.77377609,518.48195234,22.32949335,0.45641682,2.50705653,5.54143454,5.40265390,1.51325000,13.84938547,77.57385008
249,TiAlCrMo,BCC,ANNEAL,,,1,296.15000000,1100.00000000,,,,,189.00000000,10.1016/j.actamat.2019.06.032,2019,High temperature strength of refractory complex concentrated alloys,TiAlCrMo,1.54525995,1.52676264,1987.58000000,15.07649796,3.11250571,0.25000000,0.25000000,0.25000000,0.25000000,0.00000000,0.00000000,0.00000000,0.00000000,0.00000000,0.00000000,0.00000000,0.00000000,0.00000000,0.00000000,0.00011946,2.89560770,171.86451940,0.01521787,-0.00831366,-0.11363108,-0.08339058,-0.09487283,-0.10692211,-0.11840436,0.03754827,0.22305814,0.22442916,55.69615965,4.75000000,1.74250000,0.18550987,154.25000000,77.75000000,198.50000000,0.29750000,2.14000000,2.66850000,1.15525000,1.88222500,1.18625000,0.97186375,0.17385075,6.13442938,0.04647373,0.13581424,0.55814416,0.54508839,0.03599121,0.01244875,0.10400968,0.03650129,0.45628640,0.13321341,0.44133500,0.12897310,20.95758256,9.79326288,0.55432243,1.84697509,0.12065952,2.84731774,0.14900029,2437.32725927,2.77377609,1754.46708257,22.32949335,0.45641682,2.50705653,5.54143454,5.40265390,1.51325000,13.84938547,1180.67354410
250,TiAlCrMo,BCC,ANNEAL,,,1,1073.15000000,875.00000000,,,,,189.00000000,10.1007/s11661-017-4386-1,2017,Contribution of Lattice Distortion to Solid Solution Strengthening in a Series of Refractory High Entropy Alloys,TiAlCrMo,1.54525995,1.52676264,1987.58000000,15.07649796,3.11250571,0.25000000,0.25000000,0.25000000,0.25000000,0.00000000,0.00000000,0.00000000,0.00000000,0.00000000,0.00000000,0.00000000,0.00000000,0.00000000,0.00000000,0.00011946,2.89560770,171.86451940,0.01521787,-0.00831366,-0.11363108,-0.08339058,-0.09487283,-0.10692211,-0.11840436,0.03754827,0.22305814,0.22442916,55.69615965,4.75000000,1.74250000,0.18550987,154.25000000,77.75000000,198.50000000,0.29750000,2.14000000,2.66850000,1.15525000,1.88222500,1.18625000,0.97186375,0.17385075,6.13442938,0.04647373,0.13581424,0.55814416,0.54508839,0.03599121,0.01244875,0.10400968,0.03650129,0.45628640,0.13321341,0.44133500,0.12897310,20.95758256,9.79326288,0.55432243,1.84697509,0.12065952,2.84731774,0.53992795,2437.32725927,2.77377609,917.46648452,22.32949335,0.45641682,2.50705653,5.54143454,5.40265390,1.51325000,13.84938547,707.92979387
251,TiAlCrMo,BCC,ANNEAL,,,1,1473.15000000,100.00000000,,,,,189.00000000,10.1016/j.actamat.2019.06.032,2019,High temperature strength of refractory complex concentrated alloys,TiAlCrMo,1.54525995,1.52676264,1987.58000000,15.07649796,3.11250571,0.25000000,0.25000000,0.25000000,0.25000000,0.00000000,0.00000000,0.00000000,0.00000000,0.00000000,0.00000000,0.00000000,0.00000000,0.00000000,0.00000000,0.00011946,2.89560770,171.86451940,0.01521787,-0.00831366,-0.11363108,-0.08339058,-0.09487283,-0.10692211,-0.11840436,0.03754827,0.22305814,0.22442916,55.69615965,4.75000000,1.74250000,0.18550987,154.25000000,77.75000000,198.50000000,0.29750000,2.14000000,2.66850000,1.15525000,1.88222500,1.18625000,0.97186375,0.17385075,6.13442938,0.04647373,0.13581424,0.55814416,0.54508839,0.03599121,0.01244875,0.10400968,0.03650129,0.45628640,0.13321341,0.44133500,0.12897310,20.95758256,9.79326288,0.55432243,1.84697509,0.12065952,2.84731774,0.74117771,2437.32725927,2.77377609,637.42656767,22.32949335,0.45641682,2.50705653,5.54143454,5.40265390,1.51325000,13.84938547,135.87645075
252,TiAlCrMo,BCC,ANNEAL,,,1,1273.15000000,375.00000000,,,,,189.00000000,10.1016/j.actamat.2019.06.032,2019,High temperature strength of refractory complex concentrated alloys,TiAlCrMo,1.54525995,1.52676264,1987.58000000,15.07649796,3.11250571,0.25000000,0.25000000,0.25000000,0.25000000,0.00000000,0.00000000,0.00000000,0.00000000,0.00000000,0.00000000,0.00000000,0.00000000,0.00000000,0.00000000,0.00011946,2.89560770,171.86451940,0.01521787,-0.00831366,-0.11363108,-0.08339058,-0.09487283,-0.10692211,-0.11840436,0.03754827,0.22305814,0.22442916,55.69615965,4.75000000,1.74250000,0.18550987,154.25000000,77.75000000,198.50000000,0.29750000,2.14000000,2.66850000,1.15525000,1.88222500,1.18625000,0.97186375,0.17385075,6.13442938,0.04647373,0.13581424,0.55814416,0.54508839,0.03599121,0.01244875,0.10400968,0.03650129,0.45628640,0.13321341,0.44133500,0.12897310,20.95758256,9.79326288,0.55432243,1.84697509,0.12065952,2.84731774,0.64055283,2437.32725927,2.77377609,764.73362171,22.32949335,0.45641682,2.50705653,5.54143454,5.40265390,1.51325000,13.84938547,282.64518100
253,TiAlCrMo,BCC,ANNEAL,,,1,873.15000000,1020.00000000,,,,,189.00000000,10.1007/s11661-017-4386-1,2017,Contribution of Lattice Distortion to Solid Solution Strengthening in a Series of Refractory High Entropy Alloys,TiAlCrMo,1.54525995,1.52676264,1987.58000000,15.07649796,3.11250571,0.25000000,0.25000000,0.25000000,0.25000000,0.00000000,0.00000000,0.00000000,0.00000000,0.00000000,0.00000000,0.00000000,0.00000000,0.00000000,0.00000000,0.00011946,2.89560770,171.86451940,0.01521787,-0.00831366,-0.11363108,-0.08339058,-0.09487283,-0.10692211,-0.11840436,0.03754827,0.22305814,0.22442916,55.69615965,4.75000000,1.74250000,0.18550987,154.25000000,77.75000000,198.50000000,0.29750000,2.14000000,2.66850000,1.15525000,1.88222500,1.18625000,0.97186375,0.17385075,6.13442938,0.04647373,0.13581424,0.55814416,0.54508839,0.03599121,0.01244875,0.10400968,0.03650129,0.45628640,0.13321341,0.44133500,0.12897310,20.95758256,9.79326288,0.55432243,1.84697509,0.12065952,2.84731774,0.43930307,2437.32725927,2.77377609,1100.70320740,22.32949335,0.45641682,2.50705653,5.54143454,5.40265390,1.51325000,13.84938547,1067.87477187
254,TiNbAlCrMo,BCC+Laves,ANNEAL,,,1,1273.15000000,564.66666667,,,,,,10.1016/j.actamat.2019.06.032,2019,High temperature strength of refractory complex concentrated alloys,TiNbAlCrMo,1.56127229,1.54714321,2140.06400000,15.62963613,3.15011412,0.20000000,0.20000000,0.20000000,0.20000000,0.20000000,0.00000000,0.00000000,0.00000000,0.00000000,0.00000000,0.00000000,0.00000000,0.00000000,0.00000000,0.00013869,2.94298531,172.77657775,0.04308037,0.02470615,-0.08780053,-0.09708113,-0.10928079,-0.11545536,-0.12765502,0.05051154,0.24778720,0.27098220,63.13820372,4.80000000,1.71400000,0.19727567,157.40000000,69.80000000,179.80000000,0.31800000,2.24300000,2.67180000,1.17020000,1.95698000,1.11500000,0.88590220,0.19908060,6.70799528,0.04744352,0.13255570,0.60092730,0.57704337,0.03686430,0.01119408,0.10324590,0.03218369,0.43661882,0.09835856,0.41840031,0.09670394,19.04199041,8.48951868,0.49710210,1.93255132,0.11847444,3.05730660,0.59491211,2250.26151526,2.61792307,658.96168225,18.90747419,0.50228630,2.46141448,2.72495411,10.31147530,1.50160000,12.68113373,523.98276915
255,TiNbAlCrMo,BCC,CAST,,,1,673.15000000,1080.00000000,1100.00000000,2.00000000,,,170.00000000,10.1016/j.jallcom.2015.11.050,2016,Microstructure and mechanical properties at elevated temperatures of a new Al-containing refractory high-entropy alloy Nb-Mo-Cr-Ti-Al,TiNbAlCrMo,1.56127229,1.54714321,2140.06400000,15.62963613,3.15011412,0.20000000,0.20000000,0.20000000,0.20000000,0.20000000,0.00000000,0.00000000,0.00000000,0.00000000,0.00000000,0.00000000,0.00000000,0.00000000,0.00000000,0.00013869,2.94298531,172.77657775,0.04308037,0.02470615,-0.08780053,-0.09708113,-0.10928079,-0.11545536,-0.12765502,0.05051154,0.24778720,0.27098220,63.13820372,4.80000000,1.71400000,0.19727567,157.40000000,69.80000000,179.80000000,0.31800000,2.24300000,2.67180000,1.17020000,1.95698000,1.11500000,0.88590220,0.19908060,6.70799528,0.04744352,0.13255570,0.60092730,0.57704337,0.03686430,0.01119408,0.10324590,0.03218369,0.43661882,0.09835856,0.41840031,0.09670394,19.04199041,8.48951868,0.49710210,1.93255132,0.11847444,3.05730660,0.31454667,2250.26151526,2.61792307,1175.50333294,18.90747419,0.50228630,2.46141448,2.72495411,10.31147530,1.50160000,12.68113373,1117.32315935
256,TiNbAlCrMo,BCC+Laves,ANNEAL,,,1,296.15000000,1010.00000000,,,,,,10.1016/j.actamat.2019.06.032,2019,High temperature strength of refractory complex concentrated alloys,TiNbAlCrMo,1.56127229,1.54714321,2140.06400000,15.62963613,3.15011412,0.20000000,0.20000000,0.20000000,0.20000000,0.20000000,0.00000000,0.00000000,0.00000000,0.00000000,0.00000000,0.00000000,0.00000000,0.00000000,0.00000000,0.00013869,2.94298531,172.77657775,0.04308037,0.02470615,-0.08780053,-0.09708113,-0.10928079,-0.11545536,-0.12765502,0.05051154,0.24778720,0.27098220,63.13820372,4.80000000,1.71400000,0.19727567,157.40000000,69.80000000,179.80000000,0.31800000,2.24300000,2.67180000,1.17020000,1.95698000,1.11500000,0.88590220,0.19908060,6.70799528,0.04744352,0.13255570,0.60092730,0.57704337,0.03686430,0.01119408,0.10324590,0.03218369,0.43661882,0.09835856,0.41840031,0.09670394,19.04199041,8.48951868,0.49710210,1.93255132,0.11847444,3.05730660,0.13838371,2250.26151526,2.61792307,1595.03125426,18.90747419,0.50228630,2.46141448,2.72495411,10.31147530,1.50160000,12.68113373,1360.70170244
257,TiNbAlCrMo,BCC+Laves,ANNEAL,,,1,1700.00000000,53.93343473,,,,,,10.1016/j.actamat.2019.06.032,2019,High temperature strength of refractory complex concentrated alloys,TiNbAlCrMo,1.56127229,1.54714321,2140.06400000,15.62963613,3.15011412,0.20000000,0.20000000,0.20000000,0.20000000,0.20000000,0.00000000,0.00000000,0.00000000,0.00000000,0.00000000,0.00000000,0.00000000,0.00000000,0.00000000,0.00013869,2.94298531,172.77657775,0.04308037,0.02470615,-0.08780053,-0.09708113,-0.10928079,-0.11545536,-0.12765502,0.05051154,0.24778720,0.27098220,63.13820372,4.80000000,1.71400000,0.19727567,157.40000000,69.80000000,179.80000000,0.31800000,2.24300000,2.67180000,1.17020000,1.95698000,1.11500000,0.88590220,0.19908060,6.70799528,0.04744352,0.13255570,0.60092730,0.57704337,0.03686430,0.01119408,0.10324590,0.03218369,0.43661882,0.09835856,0.41840031,0.09670394,19.04199041,8.48951868,0.49710210,1.93255132,0.11847444,3.05730660,0.79436877,2250.26151526,2.61792307,436.55185087,18.90747419,0.50228630,2.46141448,2.72495411,10.31147530,1.50160000,12.68113373,68.58426305
258,TiNbAlCrMo,BCC+Laves,ANNEAL,,,1,1400.00000000,155.30269650,,,,,,10.1016/j.actamat.2019.06.032,2019,High temperature strength of refractory complex concentrated alloys,TiNbAlCrMo,1.56127229,1.54714321,2140.06400000,15.62963613,3.15011412,0.20000000,0.20000000,0.20000000,0.20000000,0.20000000,0.00000000,0.00000000,0.00000000,0.00000000,0.00000000,0.00000000,0.00000000,0.00000000,0.00000000,0.00013869,2.94298531,172.77657775,0.04308037,0.02470615,-0.08780053,-0.09708113,-0.10928079,-0.11545536,-0.12765502,0.05051154,0.24778720,0.27098220,63.13820372,4.80000000,1.71400000,0.19727567,157.40000000,69.80000000,179.80000000,0.31800000,2.24300000,2.67180000,1.17020000,1.95698000,1.11500000,0.88590220,0.19908060,6.70799528,0.04744352,0.13255570,0.60092730,0.57704337,0.03686430,0.01119408,0.10324590,0.03218369,0.43661882,0.09835856,0.41840031,0.09670394,19.04199041,8.48951868,0.49710210,1.93255132,0.11847444,3.05730660,0.65418604,2250.26151526,2.61792307,583.06595710,18.90747419,0.50228630,2.46141448,2.72495411,10.31147530,1.50160000,12.68113373,208.12907892
259,TiNbAlCrMo,BCC+Laves,ANNEAL,,,1,1473.15000000,120.00000000,,,,,,10.1016/j.actamat.2019.06.032,2019,High temperature strength of refractory complex concentrated alloys,TiNbAlCrMo,1.56127229,1.54714321,2140.06400000,15.62963613,3.15011412,0.20000000,0.20000000,0.20000000,0.20000000,0.20000000,0.00000000,0.00000000,0.00000000,0.00000000,0.00000000,0.00000000,0.00000000,0.00000000,0.00000000,0.00013869,2.94298531,172.77657775,0.04308037,0.02470615,-0.08780053,-0.09708113,-0.10928079,-0.11545536,-0.12765502,0.05051154,0.24778720,0.27098220,63.13820372,4.80000000,1.71400000,0.19727567,157.40000000,69.80000000,179.80000000,0.31800000,2.24300000,2.67180000,1.17020000,1.95698000,1.11500000,0.88590220,0.19908060,6.70799528,0.04744352,0.13255570,0.60092730,0.57704337,0.03686430,0.01119408,0.10324590,0.03218369,0.43661882,0.09835856,0.41840031,0.09670394,19.04199041,8.48951868,0.49710210,1.93255132,0.11847444,3.05730660,0.68836726,2250.26151526,2.61792307,543.34072839,18.90747419,0.50228630,2.46141448,2.72495411,10.31147530,1.50160000,12.68113373,138.28779106
260,TiNbAlCrMo,BCC,ANNEAL,,,1,1073.15000000,867.50000000,,,,,170.00000000,10.1007/s11661-017-4386-1,2017,Contribution of Lattice Distortion to Solid Solution Strengthening in a Series of Refractory High Entropy Alloys,TiNbAlCrMo,1.56127229,1.54714321,2140.06400000,15.62963613,3.15011412,0.20000000,0.20000000,0.20000000,0.20000000,0.20000000,0.00000000,0.00000000,0.00000000,0.00000000,0.00000000,0.00000000,0.00000000,0.00000000,0.00000000,0.00013869,2.94298531,172.77657775,0.04308037,0.02470615,-0.08780053,-0.09708113,-0.10928079,-0.11545536,-0.12765502,0.05051154,0.24778720,0.27098220,63.13820372,4.80000000,1.71400000,0.19727567,157.40000000,69.80000000,179.80000000,0.31800000,2.24300000,2.67180000,1.17020000,1.95698000,1.11500000,0.88590220,0.19908060,6.70799528,0.04744352,0.13255570,0.60092730,0.57704337,0.03686430,0.01119408,0.10324590,0.03218369,0.43661882,0.09835856,0.41840031,0.09670394,19.04199041,8.48951868,0.49710210,1.93255132,0.11847444,3.05730660,0.50145697,2250.26151526,2.61792307,799.18635946,18.90747419,0.50228630,2.46141448,2.72495411,10.31147530,1.50160000,12.68113373,855.04834963
261,TiNbAlCrMo,BCC,ANNEAL,,,1,873.15000000,995.00000000,,,,,170.00000000,10.1007/s11661-017-4386-1,2017,Contribution of Lattice Distortion to Solid Solution Strengthening in a Series of Refractory High Entropy Alloys,TiNbAlCrMo,1.56127229,1.54714321,2140.06400000,15.62963613,3.15011412,0.20000000,0.20000000,0.20000000,0.20000000,0.20000000,0.00000000,0.00000000,0.00000000,0.00000000,0.00000000,0.00000000,0.00000000,0.00000000,0.00000000,0.00013869,2.94298531,172.77657775,0.04308037,0.02470615,-0.08780053,-0.09708113,-0.10928079,-0.11545536,-0.12765502,0.05051154,0.24778720,0.27098220,63.13820372,4.80000000,1.71400000,0.19727567,157.40000000,69.80000000,179.80000000,0.31800000,2.24300000,2.67180000,1.17020000,1.95698000,1.11500000,0.88590220,0.19908060,6.70799528,0.04744352,0.13255570,0.60092730,0.57704337,0.03686430,0.01119408,0.10324590,0.03218369,0.43661882,0.09835856,0.41840031,0.09670394,19.04199041,8.48951868,0.49710210,1.93255132,0.11847444,3.05730660,0.40800182,2250.26151526,2.61792307,969.25034392,18.90747419,0.50228630,2.46141448,2.72495411,10.31147530,1.50160000,12.68113373,957.91572847
262,TiNbAlMo,BCC,ANNEAL,,,1,873.15000000,520.00000000,,,,,151.00000000,10.1007/s11661-017-4386-1,2017,Contribution of Lattice Distortion to Solid Solution Strengthening in a Series of Refractory High Entropy Alloys,TiNbAlMo,1.59338936,1.57515535,2130.08000000,16.64146982,3.21667531,0.25000000,0.25000000,0.25000000,0.25000000,0.00000000,0.00000000,0.00000000,0.00000000,0.00000000,0.00000000,0.00000000,0.00000000,0.00000000,0.00000000,0.00011946,3.00521418,156.24257701,-0.06575873,-0.08703525,-0.17340954,-0.17455911,-0.17921353,-0.19583564,-0.20049005,0.04761495,0.19033292,0.23606099,65.92372965,4.50000000,1.72750000,0.14271797,156.25000000,58.50000000,155.00000000,0.34500000,2.22875000,2.46350000,1.01775000,2.25607500,0.89375000,0.92766250,0.14385075,6.57808501,0.02392649,0.05873719,0.67532186,0.65732090,0.01839661,0.00489639,0.04294227,0.01368613,0.39822674,0.13731034,0.39054432,0.13465217,16.29647683,7.31193576,0.40100953,2.05343511,0.02183930,1.45774542,0.40991418,690.80122105,1.41387159,145.22578188,11.66246543,0.29999089,2.57172158,5.54143454,18.90160161,1.44575000,11.27198813,518.31747833
263,TiNbAlMo,BCC,ANNEAL,,,1,1700.00000000,139.35915008,,,,,151.00000000,10.1016/j.actamat.2019.06.032,2019,High temperature strength of refractory complex concentrated alloys,TiNbAlMo,1.59338936,1.57515535,2130.08000000,16.64146982,3.21667531,0.25000000,0.25000000,0.25000000,0.25000000,0.00000000,0.00000000,0.00000000,0.00000000,0.00000000,0.00000000,0.00000000,0.00000000,0.00000000,0.00000000,0.00011946,3.00521418,156.24257701,-0.06575873,-0.08703525,-0.17340954,-0.17455911,-0.17921353,-0.19583564,-0.20049005,0.04761495,0.19033292,0.23606099,65.92372965,4.50000000,1.72750000,0.14271797,156.25000000,58.50000000,155.00000000,0.34500000,2.22875000,2.46350000,1.01775000,2.25607500,0.89375000,0.92766250,0.14385075,6.57808501,0.02392649,0.05873719,0.67532186,0.65732090,0.01839661,0.00489639,0.04294227,0.01368613,0.39822674,0.13731034,0.39054432,0.13465217,16.29647683,7.31193576,0.40100953,2.05343511,0.02183930,1.45774542,0.79809209,690.80122105,1.41387159,33.16268051,11.66246543,0.29999089,2.57172158,5.54143454,18.90160161,1.44575000,11.27198813,138.89515778
264,TiNbAlMo,BCC,ANNEAL,,,1,1273.15000000,540.00000000,,,,,151.00000000,10.1016/j.actamat.2019.06.032,2019,High temperature strength of refractory complex concentrated alloys,TiNbAlMo,1.59338936,1.57515535,2130.08000000,16.64146982,3.21667531,0.25000000,0.25000000,0.25000000,0.25000000,0.00000000,0.00000000,0.00000000,0.00000000,0.00000000,0.00000000,0.00000000,0.00000000,0.00000000,0.00000000,0.00011946,3.00521418,156.24257701,-0.06575873,-0.08703525,-0.17340954,-0.17455911,-0.17921353,-0.19583564,-0.20049005,0.04761495,0.19033292,0.23606099,65.92372965,4.50000000,1.72750000,0.14271797,156.25000000,58.50000000,155.00000000,0.34500000,2.22875000,2.46350000,1.01775000,2.25607500,0.89375000,0.92766250,0.14385075,6.57808501,0.02392649,0.05873719,0.67532186,0.65732090,0.01839661,0.00489639,0.04294227,0.01368613,0.39822674,0.13731034,0.39054432,0.13465217,16.29647683,7.31193576,0.40100953,2.05343511,0.02183930,1.45774542,0.59770056,690.80122105,1.41387159,71.08214979,11.66246543,0.29999089,2.57172158,5.54143454,18.90160161,1.44575000,11.27198813,455.83658033
265,TiNbAlMo,BCC,ANNEAL,,,1,1473.15000000,200.00000000,,,,,151.00000000,10.1016/j.actamat.2019.06.032,2019,High temperature strength of refractory complex concentrated alloys,TiNbAlMo,1.59338936,1.57515535,2130.08000000,16.64146982,3.21667531,0.25000000,0.25000000,0.25000000,0.25000000,0.00000000,0.00000000,0.00000000,0.00000000,0.00000000,0.00000000,0.00000000,0.00000000,0.00000000,0.00000000,0.00011946,3.00521418,156.24257701,-0.06575873,-0.08703525,-0.17340954,-0.17455911,-0.17921353,-0.19583564,-0.20049005,0.04761495,0.19033292,0.23606099,65.92372965,4.50000000,1.72750000,0.14271797,156.25000000,58.50000000,155.00000000,0.34500000,2.22875000,2.46350000,1.01775000,2.25607500,0.89375000,0.92766250,0.14385075,6.57808501,0.02392649,0.05873719,0.67532186,0.65732090,0.01839661,0.00489639,0.04294227,0.01368613,0.39822674,0.13731034,0.39054432,0.13465217,16.29647683,7.31193576,0.40100953,2.05343511,0.02183930,1.45774542,0.69159374,690.80122105,1.41387159,49.73005842,11.66246543,0.29999089,2.57172158,5.54143454,18.90160161,1.44575000,11.27198813,221.58611380
266,TiNbAlMo,BCC,ANNEAL,,,1,296.15000000,1100.00000000,,,,,151.00000000,10.1016/j.actamat.2019.06.032,2019,High temperature strength of refractory complex concentrated alloys,TiNbAlMo,1.59338936,1.57515535,2130.08000000,16.64146982,3.21667531,0.25000000,0.25000000,0.25000000,0.25000000,0.00000000,0.00000000,0.00000000,0.00000000,0.00000000,0.00000000,0.00000000,0.00000000,0.00000000,0.00000000,0.00011946,3.00521418,156.24257701,-0.06575873,-0.08703525,-0.17340954,-0.17455911,-0.17921353,-0.19583564,-0.20049005,0.04761495,0.19033292,0.23606099,65.92372965,4.50000000,1.72750000,0.14271797,156.25000000,58.50000000,155.00000000,0.34500000,2.22875000,2.46350000,1.01775000,2.25607500,0.89375000,0.92766250,0.14385075,6.57808501,0.02392649,0.05873719,0.67532186,0.65732090,0.01839661,0.00489639,0.04294227,0.01368613,0.39822674,0.13731034,0.39054432,0.13465217,16.29647683,7.31193576,0.40100953,2.05343511,0.02183930,1.45774542,0.13903234,690.80122105,1.41387159,387.49685758,11.66246543,0.29999089,2.57172158,5.54143454,18.90160161,1.44575000,11.27198813,967.71225738
267,TiNbAlMo,BCC,ANNEAL,,,1,1400.00000000,224.70987751,,,,,151.00000000,10.1016/j.actamat.2019.06.032,2019,High temperature strength of refractory complex concentrated alloys,TiNbAlMo,1.59338936,1.57515535,2130.08000000,16.64146982,3.21667531,0.25000000,0.25000000,0.25000000,0.25000000,0.00000000,0.00000000,0.00000000,0.00000000,0.00000000,0.00000000,0.00000000,0.00000000,0.00000000,0.00000000,0.00011946,3.00521418,156.24257701,-0.06575873,-0.08703525,-0.17340954,-0.17455911,-0.17921353,-0.19583564,-0.20049005,0.04761495,0.19033292,0.23606099,65.92372965,4.50000000,1.72750000,0.14271797,156.25000000,58.50000000,155.00000000,0.34500000,2.22875000,2.46350000,1.01775000,2.25607500,0.89375000,0.92766250,0.14385075,6.57808501,0.02392649,0.05873719,0.67532186,0.65732090,0.01839661,0.00489639,0.04294227,0.01368613,0.39822674,0.13731034,0.39054432,0.13465217,16.29647683,7.31193576,0.40100953,2.05343511,0.02183930,1.45774542,0.65725231,690.80122105,1.41387159,56.67114717,11.66246543,0.29999089,2.57172158,5.54143454,18.90160161,1.44575000,11.27198813,264.54474487
268,TiNbAlMo,BCC,ANNEAL,,,1,1073.15000000,500.00000000,,,,,151.00000000,10.1007/s11661-017-4386-1,2017,Contribution of Lattice Distortion to Solid Solution Strengthening in a Series of Refractory High Entropy Alloys,TiNbAlMo,1.59338936,1.57515535,2130.08000000,16.64146982,3.21667531,0.25000000,0.25000000,0.25000000,0.25000000,0.00000000,0.00000000,0.00000000,0.00000000,0.00000000,0.00000000,0.00000000,0.00000000,0.00000000,0.00000000,0.00011946,3.00521418,156.24257701,-0.06575873,-0.08703525,-0.17340954,-0.17455911,-0.17921353,-0.19583564,-0.20049005,0.04761495,0.19033292,0.23606099,65.92372965,4.50000000,1.72750000,0.14271797,156.25000000,58.50000000,155.00000000,0.34500000,2.22875000,2.46350000,1.01775000,2.25607500,0.89375000,0.92766250,0.14385075,6.57808501,0.02392649,0.05873719,0.67532186,0.65732090,0.01839661,0.00489639,0.04294227,0.01368613,0.39822674,0.13731034,0.39054432,0.13465217,16.29647683,7.31193576,0.40100953,2.05343511,0.02183930,1.45774542,0.50380737,690.80122105,1.41387159,101.60197233,11.66246543,0.29999089,2.57172158,5.54143454,18.90160161,1.44575000,11.27198813,464.53687852
269,TiNbAlV,BCC,ANNEAL,,,1,298.15000000,1010.00000000,1280.00000000,,,,104.00000000,10.1016/j.jallcom.2015.08.224,2015,"Structure and mechanical properties of the AlCrxNbTiV (x = 0, 0.5, 1, 1.5) high entropy alloys",TiNbAlV,1.57861819,1.56647202,1951.83000000,16.16764769,3.18585210,0.25000000,0.25000000,0.25000000,0.25000000,0.00000000,0.00000000,0.00000000,0.00000000,0.00000000,0.00000000,0.00000000,0.00000000,0.00000000,0.00000000,0.00011946,2.97383197,137.57824095,-0.01367697,-0.03495349,-0.12932554,-0.16034970,-0.16897133,-0.18162622,-0.19024785,0.03573901,0.14300836,0.17393051,54.67410465,4.25000000,1.59500000,0.10726935,128.25000000,38.75000000,104.75000000,0.36000000,2.13425000,2.35700000,0.84025000,3.12047500,0.54875000,0.89927850,0.10135075,5.61544576,0.03540202,0.10138071,0.20755752,0.20667486,0.02785447,0.00879056,0.07779430,0.02743935,0.17354475,0.06032689,0.17310147,0.06080640,10.69123681,5.00936479,0.25711608,2.12500000,0.05205317,1.45412632,0.15275408,991.65904832,1.33945364,538.24861008,10.65157381,12.99073178,17.80934991,5.54143454,8.74987073,1.51675000,7.04877983,1152.37923170
270,TiNbAlV,BCC,ANNEAL,,,1,873.15000000,795.00000000,1005.00000000,,,,104.00000000,10.1016/j.jallcom.2015.08.224,2015,"Structure and mechanical properties of the AlCrxNbTiV (x = 0, 0.5, 1, 1.5) high entropy alloys",TiNbAlV,1.57861819,1.56647202,1951.83000000,16.16764769,3.18585210,0.25000000,0.25000000,0.25000000,0.25000000,0.00000000,0.00000000,0.00000000,0.00000000,0.00000000,0.00000000,0.00000000,0.00000000,0.00000000,0.00000000,0.00011946,2.97383197,137.57824095,-0.01367697,-0.03495349,-0.12932554,-0.16034970,-0.16897133,-0.18162622,-0.19024785,0.03573901,0.14300836,0.17393051,54.67410465,4.25000000,1.59500000,0.10726935,128.25000000,38.75000000,104.75000000,0.36000000,2.13425000,2.35700000,0.84025000,3.12047500,0.54875000,0.89927850,0.10135075,5.61544576,0.03540202,0.10138071,0.20755752,0.20667486,0.02785447,0.00879056,0.07779430,0.02743935,0.17354475,0.06032689,0.17310147,0.06080640,10.69123681,5.00936479,0.25711608,2.12500000,0.05205317,1.45412632,0.44734941,991.65904832,1.33945364,191.17132590,10.65157381,12.99073178,17.80934991,5.54143454,8.74987073,1.51675000,7.04877983,816.43751785
271,TiNbAlV,BCC,ANNEAL,,,1,1400.00000000,76.18754542,,,,,104.00000000,10.1016/j.jallcom.2015.08.224,2015,"Structure and mechanical properties of the AlCrxNbTiV (x = 0, 0.5, 1, 1.5) high entropy alloys",TiNbAlV,1.57861819,1.56647202,1951.83000000,16.16764769,3.18585210,0.25000000,0.25000000,0.25000000,0.25000000,0.00000000,0.00000000,0.00000000,0.00000000,0.00000000,0.00000000,0.00000000,0.00000000,0.00000000,0.00000000,0.00011946,2.97383197,137.57824095,-0.01367697,-0.03495349,-0.12932554,-0.16034970,-0.16897133,-0.18162622,-0.19024785,0.03573901,0.14300836,0.17393051,54.67410465,4.25000000,1.59500000,0.10726935,128.25000000,38.75000000,104.75000000,0.36000000,2.13425000,2.35700000,0.84025000,3.12047500,0.54875000,0.89927850,0.10135075,5.61544576,0.03540202,0.10138071,0.20755752,0.20667486,0.02785447,0.00879056,0.07779430,0.02743935,0.17354475,0.06032689,0.17310147,0.06080640,10.69123681,5.00936479,0.25711608,2.12500000,0.05205317,1.45412632,0.71727558,991.65904832,1.33945364,70.80033512,10.65157381,12.99073178,17.80934991,5.54143454,8.74987073,1.51675000,7.04877983,123.77437504
272,TiNbAlV,BCC,ANNEAL,,,1,1700.00000000,20.04182355,,,,,104.00000000,10.1016/j.jallcom.2015.08.224,2015,"Structure and mechanical properties of the AlCrxNbTiV (x = 0, 0.5, 1, 1.5) high entropy alloys",TiNbAlV,1.57861819,1.56647202,1951.83000000,16.16764769,3.18585210,0.25000000,0.25000000,0.25000000,0.25000000,0.00000000,0.00000000,0.00000000,0.00000000,0.00000000,0.00000000,0.00000000,0.00000000,0.00000000,0.00000000,0.00011946,2.97383197,137.57824095,-0.01367697,-0.03495349,-0.12932554,-0.16034970,-0.16897133,-0.18162622,-0.19024785,0.03573901,0.14300836,0.17393051,54.67410465,4.25000000,1.59500000,0.10726935,128.25000000,38.75000000,104.75000000,0.36000000,2.13425000,2.35700000,0.84025000,3.12047500,0.54875000,0.89927850,0.10135075,5.61544576,0.03540202,0.10138071,0.20755752,0.20667486,0.02785447,0.00879056,0.07779430,0.02743935,0.17354475,0.06032689,0.17310147,0.06080640,10.69123681,5.00936479,0.25711608,2.12500000,0.05205317,1.45412632,0.87097749,991.65904832,1.33945364,40.21553025,10.65157381,12.99073178,17.80934991,5.54143454,8.74987073,1.51675000,7.04877983,75.15113649
273,TiNbAlV,BCC,ANNEAL,,,1,1273.15000000,134.00000000,,,,,104.00000000,10.1016/j.jallcom.2015.08.224,2015,"Structure and mechanical properties of the AlCrxNbTiV (x = 0, 0.5, 1, 1.5) high entropy alloys",TiNbAlV,1.57861819,1.56647202,1951.83000000,16.16764769,3.18585210,0.25000000,0.25000000,0.25000000,0.25000000,0.00000000,0.00000000,0.00000000,0.00000000,0.00000000,0.00000000,0.00000000,0.00000000,0.00000000,0.00000000,0.00011946,2.97383197,137.57824095,-0.01367697,-0.03495349,-0.12932554,-0.16034970,-0.16897133,-0.18162622,-0.19024785,0.03573901,0.14300836,0.17393051,54.67410465,4.25000000,1.59500000,0.10726935,128.25000000,38.75000000,104.75000000,0.36000000,2.13425000,2.35700000,0.84025000,3.12047500,0.54875000,0.89927850,0.10135075,5.61544576,0.03540202,0.10138071,0.20755752,0.20667486,0.02785447,0.00879056,0.07779430,0.02743935,0.17354475,0.06032689,0.17310147,0.06080640,10.69123681,5.00936479,0.25711608,2.12500000,0.05205317,1.45412632,0.65228529,991.65904832,1.33945364,89.92920074,10.65157381,12.99073178,17.80934991,5.54143454,8.74987073,1.51675000,7.04877983,170.36527270
274,TiNbAlV,BCC,ANNEAL,,,1,1073.15000000,622.50000000,700.00000000,,,,104.00000000,10.1016/j.jallcom.2015.08.224,2015,"Structure and mechanical properties of the AlCrxNbTiV (x = 0, 0.5, 1, 1.5) high entropy alloys",TiNbAlV,1.57861819,1.56647202,1951.83000000,16.16764769,3.18585210,0.25000000,0.25000000,0.25000000,0.25000000,0.00000000,0.00000000,0.00000000,0.00000000,0.00000000,0.00000000,0.00000000,0.00000000,0.00000000,0.00000000,0.00011946,2.97383197,137.57824095,-0.01367697,-0.03495349,-0.12932554,-0.16034970,-0.16897133,-0.18162622,-0.19024785,0.03573901,0.14300836,0.17393051,54.67410465,4.25000000,1.59500000,0.10726935,128.25000000,38.75000000,104.75000000,0.36000000,2.13425000,2.35700000,0.84025000,3.12047500,0.54875000,0.89927850,0.10135075,5.61544576,0.03540202,0.10138071,0.20755752,0.20667486,0.02785447,0.00879056,0.07779430,0.02743935,0.17354475,0.06032689,0.17310147,0.06080640,10.69123681,5.00936479,0.25711608,2.12500000,0.05205317,1.45412632,0.54981735,991.65904832,1.33945364,131.11782694,10.65157381,12.99073178,17.80934991,5.54143454,8.74987073,1.51675000,7.04877983,674.64571323
275,TiNbAlVCr,BCC+Laves,ANNEAL,,,1,1400.00000000,27.18992197,95.00000000,,,,,10.1016/j.jallcom.2015.08.224,2015,"Structure and mechanical properties of the AlCrxNbTiV (x = 0, 0.5, 1, 1.5) high entropy alloys",TiNbAlVCr,1.54945535,1.53869676,1997.46400000,15.26546322,3.12545556,0.20000000,0.20000000,0.20000000,0.20000000,0.20000000,0.00000000,0.00000000,0.00000000,0.00000000,0.00000000,0.00000000,0.00000000,0.00000000,0.00000000,0.00013869,2.91179580,157.84510890,0.04426085,0.02588663,-0.07771635,-0.10066978,-0.11521393,-0.11904400,-0.13358816,0.03984682,0.20876358,0.23297403,54.13850372,4.60000000,1.60800000,0.16891677,135.00000000,54.00000000,139.60000000,0.33000000,2.16740000,2.58660000,1.02820000,2.64850000,0.83900000,0.86319500,0.16508060,5.88905561,0.05031567,0.14737397,0.58031258,0.51819308,0.03951091,0.01056775,0.11396731,0.03051491,0.33923254,0.10198685,0.31710724,0.09395637,14.61630911,6.74370634,0.38709975,1.98507463,0.11780184,2.75186380,0.70088873,2078.07997085,2.16123405,404.77228114,22.86455743,0.32503906,1.82516008,2.72495411,11.59425989,1.55840000,9.37904846,70.41260158
276,TiNbAlVCr,BCC+Laves,ANNEAL,,,1,1273.15000000,65.00000000,95.00000000,,,,,10.1016/j.jallcom.2015.08.224,2015,"Structure and mechanical properties of the AlCrxNbTiV (x = 0, 0.5, 1, 1.5) high entropy alloys",TiNbAlVCr,1.54945535,1.53869676,1997.46400000,15.26546322,3.12545556,0.20000000,0.20000000,0.20000000,0.20000000,0.20000000,0.00000000,0.00000000,0.00000000,0.00000000,0.00000000,0.00000000,0.00000000,0.00000000,0.00000000,0.00013869,2.91179580,157.84510890,0.04426085,0.02588663,-0.07771635,-0.10066978,-0.11521393,-0.11904400,-0.13358816,0.03984682,0.20876358,0.23297403,54.13850372,4.60000000,1.60800000,0.16891677,135.00000000,54.00000000,139.60000000,0.33000000,2.16740000,2.58660000,1.02820000,2.64850000,0.83900000,0.86319500,0.16508060,5.88905561,0.05031567,0.14737397,0.58031258,0.51819308,0.03951091,0.01056775,0.11396731,0.03051491,0.33923254,0.10198685,0.31710724,0.09395637,14.61630911,6.74370634,0.38709975,1.98507463,0.11780184,2.75186380,0.63738320,2078.07997085,2.16123405,469.44286661,22.86455743,0.32503906,1.82516008,2.72495411,11.59425989,1.55840000,9.37904846,128.83170503
277,TiNbAlVCr,BCC+Laves,ANNEAL,,,1,1073.15000000,860.00000000,895.00000000,,,,,10.1016/j.jallcom.2015.08.224,2015,"Structure and mechanical properties of the AlCrxNbTiV (x = 0, 0.5, 1, 1.5) high entropy alloys",TiNbAlVCr,1.54945535,1.53869676,1997.46400000,15.26546322,3.12545556,0.20000000,0.20000000,0.20000000,0.20000000,0.20000000,0.00000000,0.00000000,0.00000000,0.00000000,0.00000000,0.00000000,0.00000000,0.00000000,0.00000000,0.00013869,2.91179580,157.84510890,0.04426085,0.02588663,-0.07771635,-0.10066978,-0.11521393,-0.11904400,-0.13358816,0.03984682,0.20876358,0.23297403,54.13850372,4.60000000,1.60800000,0.16891677,135.00000000,54.00000000,139.60000000,0.33000000,2.16740000,2.58660000,1.02820000,2.64850000,0.83900000,0.86319500,0.16508060,5.88905561,0.05031567,0.14737397,0.58031258,0.51819308,0.03951091,0.01056775,0.11396731,0.03051491,0.33923254,0.10198685,0.31710724,0.09395637,14.61630911,6.74370634,0.38709975,1.98507463,0.11780184,2.75186380,0.53725624,2078.07997085,2.16123405,593.02884016,22.86455743,0.32503906,1.82516008,2.72495411,11.59425989,1.55840000,9.37904846,754.18498191
278,TiNbAlVCr,BCC+Laves,ANNEAL,,,1,873.15000000,1015.00000000,1060.00000000,,,,,10.1016/j.jallcom.2015.08.224,2015,"Structure and mechanical properties of the AlCrxNbTiV (x = 0, 0.5, 1, 1.5) high entropy alloys",TiNbAlVCr,1.54945535,1.53869676,1997.46400000,15.26546322,3.12545556,0.20000000,0.20000000,0.20000000,0.20000000,0.20000000,0.00000000,0.00000000,0.00000000,0.00000000,0.00000000,0.00000000,0.00000000,0.00000000,0.00000000,0.00013869,2.91179580,157.84510890,0.04426085,0.02588663,-0.07771635,-0.10066978,-0.11521393,-0.11904400,-0.13358816,0.03984682,0.20876358,0.23297403,54.13850372,4.60000000,1.60800000,0.16891677,135.00000000,54.00000000,139.60000000,0.33000000,2.16740000,2.58660000,1.02820000,2.64850000,0.83900000,0.86319500,0.16508060,5.88905561,0.05031567,0.14737397,0.58031258,0.51819308,0.03951091,0.01056775,0.11396731,0.03051491,0.33923254,0.10198685,0.31710724,0.09395637,14.61630911,6.74370634,0.38709975,1.98507463,0.11780184,2.75186380,0.43712928,2078.07997085,2.16123405,749.15017411,22.86455743,0.32503906,1.82516008,2.72495411,11.59425989,1.55840000,9.37904846,978.58257619
279,TiNbAlVCr,BCC+Laves,ANNEAL,,,1,298.15000000,1550.00000000,1570.00000000,,,,,10.1016/j.jallcom.2015.08.224,2015,"Structure and mechanical properties of the AlCrxNbTiV (x = 0, 0.5, 1, 1.5) high entropy alloys",TiNbAlVCr,1.54945535,1.53869676,1997.46400000,15.26546322,3.12545556,0.20000000,0.20000000,0.20000000,0.20000000,0.20000000,0.00000000,0.00000000,0.00000000,0.00000000,0.00000000,0.00000000,0.00000000,0.00000000,0.00000000,0.00013869,2.91179580,157.84510890,0.04426085,0.02588663,-0.07771635,-0.10066978,-0.11521393,-0.11904400,-0.13358816,0.03984682,0.20876358,0.23297403,54.13850372,4.60000000,1.60800000,0.16891677,135.00000000,54.00000000,139.60000000,0.33000000,2.16740000,2.58660000,1.02820000,2.64850000,0.83900000,0.86319500,0.16508060,5.88905561,0.05031567,0.14737397,0.58031258,0.51819308,0.03951091,0.01056775,0.11396731,0.03051491,0.33923254,0.10198685,0.31710724,0.09395637,14.61630911,6.74370634,0.38709975,1.98507463,0.11780184,2.75186380,0.14926427,2078.07997085,2.16123405,1387.40246108,22.86455743,0.32503906,1.82516008,2.72495411,11.59425989,1.55840000,9.37904846,1487.02266972
280,TiNbCrMo,BCC,ANNEAL,,,1,1073.15000000,1058.00000000,,,,,196.00000000,10.1016/j.actamat.2019.06.006,2019,Solid-solution strengthening in refractory high entropy alloys,TiNbCrMo,1.55595794,1.55057945,2441.75000000,15.67596977,3.15322386,0.25000000,0.25000000,0.25000000,0.25000000,0.00000000,0.00000000,0.00000000,0.00000000,0.00000000,0.00000000,0.00000000,0.00000000,0.00000000,0.00000000,0.00011946,2.94387867,197.03066351,0.16018892,0.13891240,0.01211456,0.00243998,-0.03201365,-0.01883654,-0.05329017,0.07877081,0.33193323,0.36370064,72.17737000,5.25000000,1.74000000,0.25316243,177.75000000,80.75000000,207.25000000,0.31000000,2.51375000,3.04000000,1.35375000,2.25825000,1.35625000,0.82737775,0.26500000,7.64567846,0.05282100,0.14416347,0.49530766,0.47492686,0.04163910,0.01447785,0.11548673,0.03987372,0.39346726,0.10396330,0.37260172,0.09966132,22.05098364,8.77214665,0.53953257,1.89855072,0.16898745,119.54821164,0.43950036,2843.48393385,3.17464288,1210.89672802,16.88421089,0.30518726,0.07942213,5.54143454,14.72574619,1.68625000,13.07693618,1103.58744030
281,TiNbCrMo,BCC,ANNEAL,,,1,873.15000000,1062.00000000,,,,,196.00000000,10.1016/j.actamat.2019.06.006,2019,Solid-solution strengthening in refractory high entropy alloys,TiNbCrMo,1.55595794,1.55057945,2441.75000000,15.67596977,3.15322386,0.25000000,0.25000000,0.25000000,0.25000000,0.00000000,0.00000000,0.00000000,0.00000000,0.00000000,0.00000000,0.00000000,0.00000000,0.00000000,0.00000000,0.00011946,2.94387867,197.03066351,0.16018892,0.13891240,0.01211456,0.00243998,-0.03201365,-0.01883654,-0.05329017,0.07877081,0.33193323,0.36370064,72.17737000,5.25000000,1.74000000,0.25316243,177.75000000,80.75000000,207.25000000,0.31000000,2.51375000,3.04000000,1.35375000,2.25825000,1.35625000,0.82737775,0.26500000,7.64567846,0.05282100,0.14416347,0.49530766,0.47492686,0.04163910,0.01447785,0.11548673,0.03987372,0.39346726,0.10396330,0.37260172,0.09966132,22.05098364,8.77214665,0.53953257,1.89855072,0.16898745,119.54821164,0.35759189,2843.48393385,3.17464288,1419.71633585,16.88421089,0.30518726,0.07942213,5.54143454,14.72574619,1.68625000,13.07693618,1098.40446878
282,TiNbCrMo,BCC,ANNEAL,,,1,673.15000000,1115.00000000,,,,,196.00000000,10.1016/j.actamat.2019.06.006,2019,Solid-solution strengthening in refractory high entropy alloys,TiNbCrMo,1.55595794,1.55057945,2441.75000000,15.67596977,3.15322386,0.25000000,0.25000000,0.25000000,0.25000000,0.00000000,0.00000000,0.00000000,0.00000000,0.00000000,0.00000000,0.00000000,0.00000000,0.00000000,0.00000000,0.00011946,2.94387867,197.03066351,0.16018892,0.13891240,0.01211456,0.00243998,-0.03201365,-0.01883654,-0.05329017,0.07877081,0.33193323,0.36370064,72.17737000,5.25000000,1.74000000,0.25316243,177.75000000,80.75000000,207.25000000,0.31000000,2.51375000,3.04000000,1.35375000,2.25825000,1.35625000,0.82737775,0.26500000,7.64567846,0.05282100,0.14416347,0.49530766,0.47492686,0.04163910,0.01447785,0.11548673,0.03987372,0.39346726,0.10396330,0.37260172,0.09966132,22.05098364,8.77214665,0.53953257,1.89855072,0.16898745,119.54821164,0.27568342,2843.48393385,3.17464288,1584.79095425,16.88421089,0.30518726,0.07942213,5.54143454,14.72574619,1.68625000,13.07693618,1190.09125699
283,TiNbCrMo,BCC,ANNEAL,,,1,473.15000000,1268.00000000,,,,,196.00000000,10.1016/j.actamat.2019.06.006,2019,Solid-solution strengthening in refractory high entropy alloys,TiNbCrMo,1.55595794,1.55057945,2441.75000000,15.67596977,3.15322386,0.25000000,0.25000000,0.25000000,0.25000000,0.00000000,0.00000000,0.00000000,0.00000000,0.00000000,0.00000000,0.00000000,0.00000000,0.00000000,0.00000000,0.00011946,2.94387867,197.03066351,0.16018892,0.13891240,0.01211456,0.00243998,-0.03201365,-0.01883654,-0.05329017,0.07877081,0.33193323,0.36370064,72.17737000,5.25000000,1.74000000,0.25316243,177.75000000,80.75000000,207.25000000,0.31000000,2.51375000,3.04000000,1.35375000,2.25825000,1.35625000,0.82737775,0.26500000,7.64567846,0.05282100,0.14416347,0.49530766,0.47492686,0.04163910,0.01447785,0.11548673,0.03987372,0.39346726,0.10396330,0.37260172,0.09966132,22.05098364,8.77214665,0.53953257,1.89855072,0.16898745,119.54821164,0.19377496,2843.48393385,3.17464288,1848.43492195,16.88421089,0.30518726,0.07942213,5.54143454,14.72574619,1.68625000,13.07693618,1266.16098151
284,TiNbCrMo,BCC,ANNEAL,,,1,293.15000000,1630.00000000,,,,,196.00000000,10.1016/j.actamat.2019.06.006,2019,Solid-solution strengthening in refractory high entropy alloys,TiNbCrMo,1.55595794,1.55057945,2441.75000000,15.67596977,3.15322386,0.25000000,0.25000000,0.25000000,0.25000000,0.00000000,0.00000000,0.00000000,0.00000000,0.00000000,0.00000000,0.00000000,0.00000000,0.00000000,0.00000000,0.00011946,2.94387867,197.03066351,0.16018892,0.13891240,0.01211456,0.00243998,-0.03201365,-0.01883654,-0.05329017,0.07877081,0.33193323,0.36370064,72.17737000,5.25000000,1.74000000,0.25316243,177.75000000,80.75000000,207.25000000,0.31000000,2.51375000,3.04000000,1.35375000,2.25825000,1.35625000,0.82737775,0.26500000,7.64567846,0.05282100,0.14416347,0.49530766,0.47492686,0.04163910,0.01447785,0.11548673,0.03987372,0.39346726,0.10396330,0.37260172,0.09966132,22.05098364,8.77214665,0.53953257,1.89855072,0.16898745,119.54821164,0.12005734,2843.48393385,3.17464288,2120.31708552,16.88421089,0.30518726,0.07942213,5.54143454,14.72574619,1.68625000,13.07693618,1715.43688154
285,TiNbMo,BCC,OTHER,,,1,1473.15000000,324.00000000,,,,,177.00000000,10.1016/j.actamat.2019.06.032,2019,High temperature strength of refractory complex concentrated alloys,TiNbMo,1.59700925,1.58624150,2529.00000000,17.05353210,3.24300869,0.33300000,0.33300000,0.33300000,0.00000000,0.00000000,0.00000000,0.00000000,0.00000000,0.00000000,0.00000000,0.00000000,0.00000000,0.00000000,0.00000000,0.00009466,3.01621730,183.07002444,0.00353463,-0.02483407,-0.09462906,-0.07510647,-0.11101581,-0.10347517,-0.13938451,0.12298260,0.32203034,0.32846908,78.90446000,5.00000000,1.76666667,0.19904775,183.00000000,69.33333333,183.33333333,0.34333333,2.58500000,2.88500000,1.21166667,2.75746667,1.14166667,0.86355000,0.21333333,7.68310207,0.02213224,0.06092493,0.57900266,0.56236220,0.01655183,0.00682932,0.04859858,0.02003079,0.37908974,0.15621323,0.36885566,0.15240211,19.47246020,7.53286661,0.44165055,2.04568526,0.03580234,3.18749561,0.58250297,855.31387014,1.75514074,102.70328553,17.97456870,1.76006794,1.73516696,3.80378988,19.35507523,1.67333333,11.63692843,403.58205930
286,TiNbMo,BCC,OTHER,,,1,1273.15000000,504.00000000,,,,,177.00000000,10.1016/j.actamat.2019.06.032,2019,High temperature strength of refractory complex concentrated alloys,TiNbMo,1.59700925,1.58624150,2529.00000000,17.05353210,3.24300869,0.33300000,0.33300000,0.33300000,0.00000000,0.00000000,0.00000000,0.00000000,0.00000000,0.00000000,0.00000000,0.00000000,0.00000000,0.00000000,0.00000000,0.00009466,3.01621730,183.07002444,0.00353463,-0.02483407,-0.09462906,-0.07510647,-0.11101581,-0.10347517,-0.13938451,0.12298260,0.32203034,0.32846908,78.90446000,5.00000000,1.76666667,0.19904775,183.00000000,69.33333333,183.33333333,0.34333333,2.58500000,2.88500000,1.21166667,2.75746667,1.14166667,0.86355000,0.21333333,7.68310207,0.02213224,0.06092493,0.57900266,0.56236220,0.01655183,0.00682932,0.04859858,0.02003079,0.37908974,0.15621323,0.36885566,0.15240211,19.47246020,7.53286661,0.44165055,2.04568526,0.03580234,3.18749561,0.50342032,855.31387014,1.75514074,136.94943008,17.97456870,1.76006794,1.73516696,3.80378988,19.35507523,1.67333333,11.63692843,510.37340867
287,TiNbMo,BCC,OTHER,,,1,2000.00000000,101.17438257,,,,,177.00000000,10.1016/j.actamat.2019.06.032,2019,High temperature strength of refractory complex concentrated alloys,TiNbMo,1.59700925,1.58624150,2529.00000000,17.05353210,3.24300869,0.33300000,0.33300000,0.33300000,0.00000000,0.00000000,0.00000000,0.00000000,0.00000000,0.00000000,0.00000000,0.00000000,0.00000000,0.00000000,0.00000000,0.00009466,3.01621730,183.07002444,0.00353463,-0.02483407,-0.09462906,-0.07510647,-0.11101581,-0.10347517,-0.13938451,0.12298260,0.32203034,0.32846908,78.90446000,5.00000000,1.76666667,0.19904775,183.00000000,69.33333333,183.33333333,0.34333333,2.58500000,2.88500000,1.21166667,2.75746667,1.14166667,0.86355000,0.21333333,7.68310207,0.02213224,0.06092493,0.57900266,0.56236220,0.01655183,0.00682932,0.04859858,0.02003079,0.37908974,0.15621323,0.36885566,0.15240211,19.47246020,7.53286661,0.44165055,2.04568526,0.03580234,3.18749561,0.79082641,855.31387014,1.75514074,48.12454021,17.97456870,1.76006794,1.73516696,3.80378988,19.35507523,1.67333333,11.63692843,120.43193047
288,TiNbMo,BCC,OTHER,,,1,1700.00000000,196.29030601,,,,,177.00000000,10.1016/j.actamat.2019.06.032,2019,High temperature strength of refractory complex concentrated alloys,TiNbMo,1.59700925,1.58624150,2529.00000000,17.05353210,3.24300869,0.33300000,0.33300000,0.33300000,0.00000000,0.00000000,0.00000000,0.00000000,0.00000000,0.00000000,0.00000000,0.00000000,0.00000000,0.00000000,0.00000000,0.00009466,3.01621730,183.07002444,0.00353463,-0.02483407,-0.09462906,-0.07510647,-0.11101581,-0.10347517,-0.13938451,0.12298260,0.32203034,0.32846908,78.90446000,5.00000000,1.76666667,0.19904775,183.00000000,69.33333333,183.33333333,0.34333333,2.58500000,2.88500000,1.21166667,2.75746667,1.14166667,0.86355000,0.21333333,7.68310207,0.02213224,0.06092493,0.57900266,0.56236220,0.01655183,0.00682932,0.04859858,0.02003079,0.37908974,0.15621323,0.36885566,0.15240211,19.47246020,7.53286661,0.44165055,2.04568526,0.03580234,3.18749561,0.67220245,855.31387014,1.75514074,74.10208561,17.97456870,1.76006794,1.73516696,3.80378988,19.35507523,1.67333333,11.63692843,220.36374540
289,TiNbMo,BCC,OTHER,,,1,1400.00000000,380.82648252,,,,,177.00000000,10.1016/j.actamat.2019.06.032,2019,High temperature strength of refractory complex concentrated alloys,TiNbMo,1.59700925,1.58624150,2529.00000000,17.05353210,3.24300869,0.33300000,0.33300000,0.33300000,0.00000000,0.00000000,0.00000000,0.00000000,0.00000000,0.00000000,0.00000000,0.00000000,0.00000000,0.00000000,0.00000000,0.00009466,3.01621730,183.07002444,0.00353463,-0.02483407,-0.09462906,-0.07510647,-0.11101581,-0.10347517,-0.13938451,0.12298260,0.32203034,0.32846908,78.90446000,5.00000000,1.76666667,0.19904775,183.00000000,69.33333333,183.33333333,0.34333333,2.58500000,2.88500000,1.21166667,2.75746667,1.14166667,0.86355000,0.21333333,7.68310207,0.02213224,0.06092493,0.57900266,0.56236220,0.01655183,0.00682932,0.04859858,0.02003079,0.37908974,0.15621323,0.36885566,0.15240211,19.47246020,7.53286661,0.44165055,2.04568526,0.03580234,3.18749561,0.55357849,855.31387014,1.75514074,114.10226609,17.97456870,1.76006794,1.73516696,3.80378988,19.35507523,1.67333333,11.63692843,409.99422596
290,TiNbMo,BCC,OTHER,,,1,296.15000000,1100.00000000,,,,,177.00000000,10.1016/j.actamat.2019.06.032,2019,High temperature strength of refractory complex concentrated alloys,TiNbMo,1.59700925,1.58624150,2529.00000000,17.05353210,3.24300869,0.33300000,0.33300000,0.33300000,0.00000000,0.00000000,0.00000000,0.00000000,0.00000000,0.00000000,0.00000000,0.00000000,0.00000000,0.00000000,0.00000000,0.00009466,3.01621730,183.07002444,0.00353463,-0.02483407,-0.09462906,-0.07510647,-0.11101581,-0.10347517,-0.13938451,0.12298260,0.32203034,0.32846908,78.90446000,5.00000000,1.76666667,0.19904775,183.00000000,69.33333333,183.33333333,0.34333333,2.58500000,2.88500000,1.21166667,2.75746667,1.14166667,0.86355000,0.21333333,7.68310207,0.02213224,0.06092493,0.57900266,0.56236220,0.01655183,0.00682932,0.04859858,0.02003079,0.37908974,0.15621323,0.36885566,0.15240211,19.47246020,7.53286661,0.44165055,2.04568526,0.03580234,3.18749561,0.11710162,855.31387014,1.75514074,530.18932450,17.97456870,1.76006794,1.73516696,3.80378988,19.35507523,1.67333333,11.63692843,1180.71172725
291,Zr10Ta3(TiNb)10,BCC,OTHER,,,1,1273.15000000,274.00000000,,,,,101.00000000,10.1016/j.actamat.2019.06.032,2019,High temperature strength of refractory complex concentrated alloys,Zr10Ta3(TiNb)10,1.66620014,1.66661188,2365.45454545,19.39134987,3.38490132,0.30300000,0.09100000,0.30300000,0.30300000,0.00000000,0.00000000,0.00000000,0.00000000,0.00000000,0.00000000,0.00000000,0.00000000,0.00000000,0.00000000,0.00011233,3.15650071,133.86544692,0.14002046,0.09612460,0.01198426,0.04383226,0.00426261,-0.00006360,-0.03963325,0.00094854,0.07853543,0.10030197,86.75204364,4.39393939,1.49090909,0.07758689,129.69696970,40.93939394,104.18181818,0.35212121,2.33333333,2.49612121,0.71484848,3.90242424,0.54696970,0.90284300,0.06363636,7.42884105,0.04152859,0.12908742,0.22691456,0.31398258,0.03180004,0.01262020,0.09492708,0.03766654,0.14435112,0.04598636,0.22217174,0.08112562,12.00101707,5.14329304,0.23441559,2.08699718,0.08100895,6.06176813,0.53822636,1411.52138692,1.97009098,276.00930911,20.73828508,17.68175612,17.74222720,13.38342175,49.84765859,1.78127273,6.73732712,275.52200966
292,Zr10Ta3(TiNb)10,BCC,OTHER,,,1,296.15000000,882.00000000,,,,,101.00000000,10.1016/j.actamat.2019.06.032,2019,High temperature strength of refractory complex concentrated alloys,Zr10Ta3(TiNb)10,1.66620014,1.66661188,2365.45454545,19.39134987,3.38490132,0.30300000,0.09100000,0.30300000,0.30300000,0.00000000,0.00000000,0.00000000,0.00000000,0.00000000,0.00000000,0.00000000,0.00000000,0.00000000,0.00000000,0.00011233,3.15650071,133.86544692,0.14002046,0.09612460,0.01198426,0.04383226,0.00426261,-0.00006360,-0.03963325,0.00094854,0.07853543,0.10030197,86.75204364,4.39393939,1.49090909,0.07758689,129.69696970,40.93939394,104.18181818,0.35212121,2.33333333,2.49612121,0.71484848,3.90242424,0.54696970,0.90284300,0.06363636,7.42884105,0.04152859,0.12908742,0.22691456,0.31398258,0.03180004,0.01262020,0.09492708,0.03766654,0.14435112,0.04598636,0.22217174,0.08112562,12.00101707,5.14329304,0.23441559,2.08699718,0.08100895,6.06176813,0.12519792,1411.52138692,1.97009098,914.74362352,20.73828508,17.68175612,17.74222720,13.38342175,49.84765859,1.78127273,6.73732712,992.17572703
293,Zr10Ta3(TiNb)10,BCC,OTHER,,,1,1400.00000000,146.40702886,,,,,101.00000000,10.1016/j.actamat.2019.06.032,2019,High temperature strength of refractory complex concentrated alloys,Zr10Ta3(TiNb)10,1.66620014,1.66661188,2365.45454545,19.39134987,3.38490132,0.30300000,0.09100000,0.30300000,0.30300000,0.00000000,0.00000000,0.00000000,0.00000000,0.00000000,0.00000000,0.00000000,0.00000000,0.00000000,0.00000000,0.00011233,3.15650071,133.86544692,0.14002046,0.09612460,0.01198426,0.04383226,0.00426261,-0.00006360,-0.03963325,0.00094854,0.07853543,0.10030197,86.75204364,4.39393939,1.49090909,0.07758689,129.69696970,40.93939394,104.18181818,0.35212121,2.33333333,2.49612121,0.71484848,3.90242424,0.54696970,0.90284300,0.06363636,7.42884105,0.04152859,0.12908742,0.22691456,0.31398258,0.03180004,0.01262020,0.09492708,0.03766654,0.14435112,0.04598636,0.22217174,0.08112562,12.00101707,5.14329304,0.23441559,2.08699718,0.08100895,6.06176813,0.59185242,1411.52138692,1.97009098,234.58823224,20.73828508,17.68175612,17.74222720,13.38342175,49.84765859,1.78127273,6.73732712,139.21537845
294,Zr10Ta3(TiNb)10,BCC,OTHER,,,1,1700.00000000,33.25342177,,,,,101.00000000,10.1016/j.actamat.2019.06.032,2019,High temperature strength of refractory complex concentrated alloys,Zr10Ta3(TiNb)10,1.66620014,1.66661188,2365.45454545,19.39134987,3.38490132,0.30300000,0.09100000,0.30300000,0.30300000,0.00000000,0.00000000,0.00000000,0.00000000,0.00000000,0.00000000,0.00000000,0.00000000,0.00000000,0.00000000,0.00011233,3.15650071,133.86544692,0.14002046,0.09612460,0.01198426,0.04383226,0.00426261,-0.00006360,-0.03963325,0.00094854,0.07853543,0.10030197,86.75204364,4.39393939,1.49090909,0.07758689,129.69696970,40.93939394,104.18181818,0.35212121,2.33333333,2.49612121,0.71484848,3.90242424,0.54696970,0.90284300,0.06363636,7.42884105,0.04152859,0.12908742,0.22691456,0.31398258,0.03180004,0.01262020,0.09492708,0.03766654,0.14435112,0.04598636,0.22217174,0.08112562,12.00101707,5.14329304,0.23441559,2.08699718,0.08100895,6.06176813,0.71867794,1411.52138692,1.97009098,159.69670550,20.73828508,17.68175612,17.74222720,13.38342175,49.84765859,1.78127273,6.73732712,56.74596245
295,Zr10Ta3(TiNb)10,BCC,OTHER,,,1,2000.00000000,7.55284816,,,,,101.00000000,10.1016/j.actamat.2019.06.032,2019,High temperature strength of refractory complex concentrated alloys,Zr10Ta3(TiNb)10,1.66620014,1.66661188,2365.45454545,19.39134987,3.38490132,0.30300000,0.09100000,0.30300000,0.30300000,0.00000000,0.00000000,0.00000000,0.00000000,0.00000000,0.00000000,0.00000000,0.00000000,0.00000000,0.00000000,0.00011233,3.15650071,133.86544692,0.14002046,0.09612460,0.01198426,0.04383226,0.00426261,-0.00006360,-0.03963325,0.00094854,0.07853543,0.10030197,86.75204364,4.39393939,1.49090909,0.07758689,129.69696970,40.93939394,104.18181818,0.35212121,2.33333333,2.49612121,0.71484848,3.90242424,0.54696970,0.90284300,0.06363636,7.42884105,0.04152859,0.12908742,0.22691456,0.31398258,0.03180004,0.01262020,0.09492708,0.03766654,0.14435112,0.04598636,0.22217174,0.08112562,12.00101707,5.14329304,0.23441559,2.08699718,0.08100895,6.06176813,0.84550346,1411.52138692,1.97009098,108.71405400,20.73828508,17.68175612,17.74222720,13.38342175,49.84765859,1.78127273,6.73732712,39.84137917
296,Zr10Ta3(TiNb)10,BCC,OTHER,,,1,1473.15000000,102.00000000,,,,,101.00000000,10.1016/j.actamat.2019.06.032,2019,High temperature strength of refractory complex concentrated alloys,Zr10Ta3(TiNb)10,1.66620014,1.66661188,2365.45454545,19.39134987,3.38490132,0.30300000,0.09100000,0.30300000,0.30300000,0.00000000,0.00000000,0.00000000,0.00000000,0.00000000,0.00000000,0.00000000,0.00000000,0.00000000,0.00000000,0.00011233,3.15650071,133.86544692,0.14002046,0.09612460,0.01198426,0.04383226,0.00426261,-0.00006360,-0.03963325,0.00094854,0.07853543,0.10030197,86.75204364,4.39393939,1.49090909,0.07758689,129.69696970,40.93939394,104.18181818,0.35212121,2.33333333,2.49612121,0.71484848,3.90242424,0.54696970,0.90284300,0.06363636,7.42884105,0.04152859,0.12908742,0.22691456,0.31398258,0.03180004,0.01262020,0.09492708,0.03766654,0.14435112,0.04598636,0.22217174,0.08112562,12.00101707,5.14329304,0.23441559,2.08699718,0.08100895,6.06176813,0.62277671,1411.52138692,1.97009098,213.59129694,20.73828508,17.68175612,17.74222720,13.38342175,49.84765859,1.78127273,6.73732712,101.66566786
297,Zr10Ta8Ti15Nb10Al5V2,bcc,UNKNOWN,0.00000000,0.00000000,1,298.15000000,2035.00000000,0.00000000,0.00000000,0.00000000,0.00000000,0.00000000,UNKNOWN,UNKNOWN,UNKNOWN,Zr10Ta8Ti15Nb10Al5V2,1.64157681,1.63770196,2264.95200000,18.41608435,3.32717592,0.20000000,0.16000000,0.30000000,0.20000000,0.10000000,0.04000000,0.00000000,0.00000000,0.00000000,0.00000000,0.00000000,0.00000000,0.00000000,0.00000000,0.00014281,3.10915842,134.23582457,0.07139683,0.03391496,-0.05755107,-0.03526352,-0.05634945,-0.07274539,-0.09383133,0.00925744,0.08337705,0.06315205,84.87365066,4.30000000,1.51420000,0.07411960,130.30000000,42.60000000,111.08000000,0.34820000,2.28588000,2.44846000,0.75510000,3.65549000,0.55830000,1.01173502,0.06634030,7.65288137,0.04537319,0.13408180,0.28445436,0.34651562,0.03371990,0.01022531,0.09399416,0.02927610,0.19817353,0.04827344,0.24810328,0.05979683,12.27484437,5.36985510,0.24423854,2.06842590,0.09661086,9.17232554,0.13163634,1526.72560797,1.98493548,989.68022772,22.57543180,14.93383811,16.12970453,2.40049069,30.14703013,1.69336000,7.24880969,1878.76295368
298,Zr10Ta8Ti15Nb10Al5V2,bcc,UNKNOWN,0.00000000,0.00000000,1,1073.15000000,796.00000000,0.00000000,0.00000000,0.00000000,0.00000000,0.00000000,UNKNOWN,UNKNOWN,UNKNOWN,Zr10Ta8Ti15Nb10Al5V2,1.64157681,1.63770196,2264.95200000,18.41608435,3.32717592,0.20000000,0.16000000,0.30000000,0.20000000,0.10000000,0.04000000,0.00000000,0.00000000,0.00000000,0.00000000,0.00000000,0.00000000,0.00000000,0.00000000,0.00014281,3.10915842,134.23582457,0.07139683,0.03391496,-0.05755107,-0.03526352,-0.05634945,-0.07274539,-0.09383133,0.00925744,0.08337705,0.06315205,84.87365066,4.30000000,1.51420000,0.07411960,130.30000000,42.60000000,111.08000000,0.34820000,2.28588000,2.44846000,0.75510000,3.65549000,0.55830000,1.01173502,0.06634030,7.65288137,0.04537319,0.13408180,0.28445436,0.34651562,0.03371990,0.01022531,0.09399416,0.02927610,0.19817353,0.04827344,0.24810328,0.05979683,12.27484437,5.36985510,0.24423854,2.06842590,0.09661086,9.17232554,0.47380695,1526.72560797,1.98493548,389.76722263,22.57543180,14.93383811,16.12970453,2.40049069,30.14703013,1.69336000,7.24880969,626.28093097
299,Zr10Ta8Ti15Nb10Al5V2,bcc,UNKNOWN,0.00000000,0.00000000,1,1273.15000000,220.00000000,0.00000000,0.00000000,0.00000000,0.00000000,0.00000000,UNKNOWN,UNKNOWN,UNKNOWN,Zr10Ta8Ti15Nb10Al5V2,1.64157681,1.63770196,2264.95200000,18.41608435,3.32717592,0.20000000,0.16000000,0.30000000,0.20000000,0.10000000,0.04000000,0.00000000,0.00000000,0.00000000,0.00000000,0.00000000,0.00000000,0.00000000,0.00000000,0.00014281,3.10915842,134.23582457,0.07139683,0.03391496,-0.05755107,-0.03526352,-0.05634945,-0.07274539,-0.09383133,0.00925744,0.08337705,0.06315205,84.87365066,4.30000000,1.51420000,0.07411960,130.30000000,42.60000000,111.08000000,0.34820000,2.28588000,2.44846000,0.75510000,3.65549000,0.55830000,1.01173502,0.06634030,7.65288137,0.04537319,0.13408180,0.28445436,0.34651562,0.03371990,0.01022531,0.09399416,0.02927610,0.19817353,0.04827344,0.24810328,0.05979683,12.27484437,5.36985510,0.24423854,2.06842590,0.09661086,9.17232554,0.56210904,1526.72560797,1.98493548,302.20232670,22.57543180,14.93383811,16.12970453,2.40049069,30.14703013,1.69336000,7.24880969,227.89319154
300,Zr10Ta8Ti15Nb10Al5V2,bcc,UNKNOWN,0.00000000,0.00000000,1,1700.00000000,14.14049370,0.00000000,0.00000000,0.00000000,0.00000000,0.00000000,UNKNOWN,UNKNOWN,UNKNOWN,Zr10Ta8Ti15Nb10Al5V2,1.64157681,1.63770196,2264.95200000,18.41608435,3.32717592,0.20000000,0.16000000,0.30000000,0.20000000,0.10000000,0.04000000,0.00000000,0.00000000,0.00000000,0.00000000,0.00000000,0.00000000,0.00000000,0.00000000,0.00014281,3.10915842,134.23582457,0.07139683,0.03391496,-0.05755107,-0.03526352,-0.05634945,-0.07274539,-0.09383133,0.00925744,0.08337705,0.06315205,84.87365066,4.30000000,1.51420000,0.07411960,130.30000000,42.60000000,111.08000000,0.34820000,2.28588000,2.44846000,0.75510000,3.65549000,0.55830000,1.01173502,0.06634030,7.65288137,0.04537319,0.13408180,0.28445436,0.34651562,0.03371990,0.01022531,0.09399416,0.02927610,0.19817353,0.04827344,0.24810328,0.05979683,12.27484437,5.36985510,0.24423854,2.06842590,0.09661086,9.17232554,0.75056778,1526.72560797,1.98493548,175.56872245,22.57543180,14.93383811,16.12970453,2.40049069,30.14703013,1.69336000,7.24880969,32.65108437
301,Zr10Ta8Ti15Nb10Al5V2,bcc,UNKNOWN,0.00000000,0.00000000,1,1400.00000000,97.31956363,0.00000000,0.00000000,0.00000000,0.00000000,0.00000000,UNKNOWN,UNKNOWN,UNKNOWN,Zr10Ta8Ti15Nb10Al5V2,1.64157681,1.63770196,2264.95200000,18.41608435,3.32717592,0.20000000,0.16000000,0.30000000,0.20000000,0.10000000,0.04000000,0.00000000,0.00000000,0.00000000,0.00000000,0.00000000,0.00000000,0.00000000,0.00000000,0.00014281,3.10915842,134.23582457,0.07139683,0.03391496,-0.05755107,-0.03526352,-0.05634945,-0.07274539,-0.09383133,0.00925744,0.08337705,0.06315205,84.87365066,4.30000000,1.51420000,0.07411960,130.30000000,42.60000000,111.08000000,0.34820000,2.28588000,2.44846000,0.75510000,3.65549000,0.55830000,1.01173502,0.06634030,7.65288137,0.04537319,0.13408180,0.28445436,0.34651562,0.03371990,0.01022531,0.09399416,0.02927610,0.19817353,0.04827344,0.24810328,0.05979683,12.27484437,5.36985510,0.24423854,2.06842590,0.09661086,9.17232554,0.61811464,1526.72560797,1.98493548,257.16295946,22.57543180,14.93383811,16.12970453,2.40049069,30.14703013,1.69336000,7.24880969,104.70105762
302,Zr10Ti10Nb10Re3,BCC+Laves,OTHER,,,1,1700.00000000,20.62636320,,,,,,10.1016/j.actamat.2019.06.032,2019,High temperature strength of refractory complex concentrated alloys,Zr10Ti10Nb10Re3,1.65661419,1.65672591,2380.81818182,19.05623277,3.36528886,0.30300000,0.30300000,0.30300000,0.09100000,0.00000000,0.00000000,0.00000000,0.00000000,0.00000000,0.00000000,0.00000000,0.00000000,0.00000000,0.00000000,0.00011233,3.13810087,115.96152863,-0.09309528,-0.12235919,-0.08952998,-0.07216940,-0.09212802,-0.10143331,-0.12139193,-0.08311443,-0.04313303,0.04035451,87.23014545,4.57575758,1.52727273,0.04579052,145.15151515,51.03030303,129.36363636,0.34848485,2.37660606,2.59884848,0.66666667,3.91815152,0.49242424,0.84294309,0.00721136,7.60114368,0.04866802,0.14897882,0.79128722,0.83011594,0.03719724,0.01419832,0.11082907,0.04223011,0.27807500,0.07669989,0.32278627,0.10070845,14.87240239,6.25783239,0.20719641,2.06976745,0.14983690,3.70554137,0.71404025,2106.49905778,2.64055710,414.44684748,40.10046244,0.86092785,0.00000000,3.42635022,42.62056284,1.93218182,7.69720646,57.71814525
303,Zr10Ti10Nb10Re3,BCC+Laves,OTHER,,,1,296.15000000,1244.00000000,,,,,,10.1016/j.actamat.2019.06.032,2019,High temperature strength of refractory complex concentrated alloys,Zr10Ti10Nb10Re3,1.65661419,1.65672591,2380.81818182,19.05623277,3.36528886,0.30300000,0.30300000,0.30300000,0.09100000,0.00000000,0.00000000,0.00000000,0.00000000,0.00000000,0.00000000,0.00000000,0.00000000,0.00000000,0.00000000,0.00011233,3.13810087,115.96152863,-0.09309528,-0.12235919,-0.08952998,-0.07216940,-0.09212802,-0.10143331,-0.12139193,-0.08311443,-0.04313303,0.04035451,87.23014545,4.57575758,1.52727273,0.04579052,145.15151515,51.03030303,129.36363636,0.34848485,2.37660606,2.59884848,0.66666667,3.91815152,0.49242424,0.84294309,0.00721136,7.60114368,0.04866802,0.14897882,0.79128722,0.83011594,0.03719724,0.01419832,0.11082907,0.04223011,0.27807500,0.07669989,0.32278627,0.10070845,14.87240239,6.25783239,0.20719641,2.06976745,0.14983690,3.70554137,0.12439001,2106.49905778,2.64055710,1496.63959315,40.10046244,0.86092785,0.00000000,3.42635022,42.62056284,1.93218182,7.69720646,1319.23009426
304,Zr10Ti10Nb10Re3,BCC+Laves,OTHER,,,1,1400.00000000,142.60719389,,,,,,10.1016/j.actamat.2019.06.032,2019,High temperature strength of refractory complex concentrated alloys,Zr10Ti10Nb10Re3,1.65661419,1.65672591,2380.81818182,19.05623277,3.36528886,0.30300000,0.30300000,0.30300000,0.09100000,0.00000000,0.00000000,0.00000000,0.00000000,0.00000000,0.00000000,0.00000000,0.00000000,0.00000000,0.00000000,0.00011233,3.13810087,115.96152863,-0.09309528,-0.12235919,-0.08952998,-0.07216940,-0.09212802,-0.10143331,-0.12139193,-0.08311443,-0.04313303,0.04035451,87.23014545,4.57575758,1.52727273,0.04579052,145.15151515,51.03030303,129.36363636,0.34848485,2.37660606,2.59884848,0.66666667,3.91815152,0.49242424,0.84294309,0.00721136,7.60114368,0.04866802,0.14897882,0.79128722,0.83011594,0.03719724,0.01419832,0.11082907,0.04223011,0.27807500,0.07669989,0.32278627,0.10070845,14.87240239,6.25783239,0.20719641,2.06976745,0.14983690,3.70554137,0.58803314,2106.49905778,2.64055710,552.17073677,40.10046244,0.86092785,0.00000000,3.42635022,42.62056284,1.93218182,7.69720646,140.46068972
305,Zr10Ti10Nb10Re3,BCC+Laves,OTHER,,,1,1473.15000000,89.00000000,,,,,,10.1016/j.actamat.2019.06.032,2019,High temperature strength of refractory complex concentrated alloys,Zr10Ti10Nb10Re3,1.65661419,1.65672591,2380.81818182,19.05623277,3.36528886,0.30300000,0.30300000,0.30300000,0.09100000,0.00000000,0.00000000,0.00000000,0.00000000,0.00000000,0.00000000,0.00000000,0.00000000,0.00000000,0.00000000,0.00011233,3.13810087,115.96152863,-0.09309528,-0.12235919,-0.08952998,-0.07216940,-0.09212802,-0.10143331,-0.12139193,-0.08311443,-0.04313303,0.04035451,87.23014545,4.57575758,1.52727273,0.04579052,145.15151515,51.03030303,129.36363636,0.34848485,2.37660606,2.59884848,0.66666667,3.91815152,0.49242424,0.84294309,0.00721136,7.60114368,0.04866802,0.14897882,0.79128722,0.83011594,0.03719724,0.01419832,0.11082907,0.04223011,0.27807500,0.07669989,0.32278627,0.10070845,14.87240239,6.25783239,0.20719641,2.06976745,0.14983690,3.70554137,0.61875788,2106.49905778,2.64055710,514.86176941,40.10046244,0.86092785,0.00000000,3.42635022,42.62056284,1.93218182,7.69720646,115.68601899
306,Zr10Ti10Nb10Re3,BCC+Laves,OTHER,,,1,1273.15000000,323.00000000,,,,,,10.1016/j.actamat.2019.06.032,2019,High temperature strength of refractory complex concentrated alloys,Zr10Ti10Nb10Re3,1.65661419,1.65672591,2380.81818182,19.05623277,3.36528886,0.30300000,0.30300000,0.30300000,0.09100000,0.00000000,0.00000000,0.00000000,0.00000000,0.00000000,0.00000000,0.00000000,0.00000000,0.00000000,0.00000000,0.00011233,3.13810087,115.96152863,-0.09309528,-0.12235919,-0.08952998,-0.07216940,-0.09212802,-0.10143331,-0.12139193,-0.08311443,-0.04313303,0.04035451,87.23014545,4.57575758,1.52727273,0.04579052,145.15151515,51.03030303,129.36363636,0.34848485,2.37660606,2.59884848,0.66666667,3.91815152,0.49242424,0.84294309,0.00721136,7.60114368,0.04866802,0.14897882,0.79128722,0.83011594,0.03719724,0.01419832,0.11082907,0.04223011,0.27807500,0.07669989,0.32278627,0.10070845,14.87240239,6.25783239,0.20719641,2.06976745,0.14983690,3.70554137,0.53475314,2106.49905778,2.64055710,623.39073355,40.10046244,0.86092785,0.00000000,3.42635022,42.62056284,1.93218182,7.69720646,271.98510890
307,Zr12Ta12Ti25(NbAl)25,bcc,UNKNOWN,0.00000000,0.00000000,1,298.15000000,1352.00000000,0.00000000,0.00000000,0.00000000,0.00000000,0.00000000,UNKNOWN,UNKNOWN,UNKNOWN,Zr12Ta12Ti25(NbAl)25,1.62943476,1.61677328,2077.01010101,17.81873807,3.29080625,0.12100000,0.12100000,0.25300000,0.25300000,0.25300000,0.00000000,0.00000000,0.00000000,0.00000000,0.00000000,0.00000000,0.00000000,0.00000000,0.00000000,0.00013393,3.08818053,127.19438728,0.01462623,-0.01410766,-0.12082138,-0.10853224,-0.11866722,-0.13726613,-0.14740111,-0.00645260,0.06148942,0.01920132,75.35288409,4.12121212,1.54252525,0.06794202,124.41414141,39.39393939,104.15151515,0.35262626,2.11792929,2.24585859,0.73275758,2.98236869,0.51085859,0.99943773,0.06085934,7.02218601,0.04023626,0.11207921,0.30931878,0.34744350,0.02924210,0.00867710,0.07176404,0.01843531,0.21262053,0.06405615,0.23817051,0.06383638,11.22696470,5.30091574,0.24120663,2.08940551,0.05962589,2.56312926,0.14354769,1126.76018724,1.58661371,666.57607887,18.03090222,15.06225358,17.84432336,4.32108250,11.02393797,1.51310101,7.41983822,1263.10365809
308,Zr12Ta12Ti25(NbAl)25,bcc,UNKNOWN,0.00000000,0.00000000,1,1273.15000000,535.00000000,0.00000000,0.00000000,0.00000000,0.00000000,0.00000000,UNKNOWN,UNKNOWN,UNKNOWN,Zr12Ta12Ti25(NbAl)25,1.62943476,1.61677328,2077.01010101,17.81873807,3.29080625,0.12100000,0.12100000,0.25300000,0.25300000,0.25300000,0.00000000,0.00000000,0.00000000,0.00000000,0.00000000,0.00000000,0.00000000,0.00000000,0.00000000,0.00013393,3.08818053,127.19438728,0.01462623,-0.01410766,-0.12082138,-0.10853224,-0.11866722,-0.13726613,-0.14740111,-0.00645260,0.06148942,0.01920132,75.35288409,4.12121212,1.54252525,0.06794202,124.41414141,39.39393939,104.15151515,0.35262626,2.11792929,2.24585859,0.73275758,2.98236869,0.51085859,0.99943773,0.06085934,7.02218601,0.04023626,0.11207921,0.30931878,0.34744350,0.02924210,0.00867710,0.07176404,0.01843531,0.21262053,0.06405615,0.23817051,0.06383638,11.22696470,5.30091574,0.24120663,2.08940551,0.05962589,2.56312926,0.61297246,1126.76018724,1.58661371,148.51243135,18.03090222,15.06225358,17.84432336,4.32108250,11.02393797,1.51310101,7.41983822,479.34710055
309,Zr13Ta10Ti14Nb10Al3,bcc,UNKNOWN,0.00000000,0.00000000,1,1700.00000000,94.70560410,0.00000000,0.00000000,0.00000000,0.00000000,0.00000000,UNKNOWN,UNKNOWN,UNKNOWN,Zr13Ta10Ti14Nb10Al3,1.65755603,1.65471549,2360.75920000,19.01850209,3.36306634,0.26000000,0.20000000,0.28000000,0.20000000,0.06000000,0.00000000,0.00000000,0.00000000,0.00000000,0.00000000,0.00000000,0.00000000,0.00000000,0.00000000,0.00013092,3.14080078,135.07346364,0.07523730,0.03587253,-0.04830450,-0.01262980,-0.03689485,-0.05199457,-0.07625961,0.01347369,0.08668657,0.07391020,93.51074432,4.34000000,1.49360000,0.07321289,132.18000000,43.46000000,112.30000000,0.34700000,2.33860000,2.47908000,0.75600000,3.75389400,0.57060000,1.02462188,0.06732418,8.16459411,0.04286874,0.12890118,0.29431546,0.37162991,0.03232539,0.01173358,0.09230601,0.03406054,0.20322152,0.05910072,0.26578982,0.07962899,12.65772886,5.41252410,0.24399213,2.06278714,0.07369181,24.47130537,0.72010733,1472.45869471,2.03332376,178.27182816,21.43436060,14.71665336,12.42798489,3.60231130,35.65666053,1.72308000,7.34599024,88.27778950
310,Zr13Ta10Ti14Nb10Al3,bcc,UNKNOWN,0.00000000,0.00000000,1,2000.00000000,49.85179808,0.00000000,0.00000000,0.00000000,0.00000000,0.00000000,UNKNOWN,UNKNOWN,UNKNOWN,Zr13Ta10Ti14Nb10Al3,1.65755603,1.65471549,2360.75920000,19.01850209,3.36306634,0.26000000,0.20000000,0.28000000,0.20000000,0.06000000,0.00000000,0.00000000,0.00000000,0.00000000,0.00000000,0.00000000,0.00000000,0.00000000,0.00000000,0.00013092,3.14080078,135.07346364,0.07523730,0.03587253,-0.04830450,-0.01262980,-0.03689485,-0.05199457,-0.07625961,0.01347369,0.08668657,0.07391020,93.51074432,4.34000000,1.49360000,0.07321289,132.18000000,43.46000000,112.30000000,0.34700000,2.33860000,2.47908000,0.75600000,3.75389400,0.57060000,1.02462188,0.06732418,8.16459411,0.04286874,0.12890118,0.29431546,0.37162991,0.03232539,0.01173358,0.09230601,0.03406054,0.20322152,0.05910072,0.26578982,0.07962899,12.65772886,5.41252410,0.24399213,2.06278714,0.07369181,24.47130537,0.84718509,1472.45869471,2.03332376,122.81917519,21.43436060,14.71665336,12.42798489,3.60231130,35.65666053,1.72308000,7.34599024,60.94040247
311,Zr13Ta10Ti14Nb10Al3,bcc,UNKNOWN,0.00000000,0.00000000,1,298.15000000,1965.00000000,0.00000000,0.00000000,0.00000000,0.00000000,0.00000000,UNKNOWN,UNKNOWN,UNKNOWN,Zr13Ta10Ti14Nb10Al3,1.65755603,1.65471549,2360.75920000,19.01850209,3.36306634,0.26000000,0.20000000,0.28000000,0.20000000,0.06000000,0.00000000,0.00000000,0.00000000,0.00000000,0.00000000,0.00000000,0.00000000,0.00000000,0.00000000,0.00013092,3.14080078,135.07346364,0.07523730,0.03587253,-0.04830450,-0.01262980,-0.03689485,-0.05199457,-0.07625961,0.01347369,0.08668657,0.07391020,93.51074432,4.34000000,1.49360000,0.07321289,132.18000000,43.46000000,112.30000000,0.34700000,2.33860000,2.47908000,0.75600000,3.75389400,0.57060000,1.02462188,0.06732418,8.16459411,0.04286874,0.12890118,0.29431546,0.37162991,0.03232539,0.01173358,0.09230601,0.03406054,0.20322152,0.05910072,0.26578982,0.07962899,12.65772886,5.41252410,0.24399213,2.06278714,0.07369181,24.47130537,0.12629412,1472.45869471,2.03332376,962.75276144,21.43436060,14.71665336,12.42798489,3.60231130,35.65666053,1.72308000,7.34599024,1780.41733435
312,Zr13Ta10Ti14Nb10Al3,bcc,UNKNOWN,0.00000000,0.00000000,1,1073.15000000,362.00000000,0.00000000,0.00000000,0.00000000,0.00000000,0.00000000,UNKNOWN,UNKNOWN,UNKNOWN,Zr13Ta10Ti14Nb10Al3,1.65755603,1.65471549,2360.75920000,19.01850209,3.36306634,0.26000000,0.20000000,0.28000000,0.20000000,0.06000000,0.00000000,0.00000000,0.00000000,0.00000000,0.00000000,0.00000000,0.00000000,0.00000000,0.00000000,0.00013092,3.14080078,135.07346364,0.07523730,0.03587253,-0.04830450,-0.01262980,-0.03689485,-0.05199457,-0.07625961,0.01347369,0.08668657,0.07391020,93.51074432,4.34000000,1.49360000,0.07321289,132.18000000,43.46000000,112.30000000,0.34700000,2.33860000,2.47908000,0.75600000,3.75389400,0.57060000,1.02462188,0.06732418,8.16459411,0.04286874,0.12890118,0.29431546,0.37162991,0.03232539,0.01173358,0.09230601,0.03406054,0.20322152,0.05910072,0.26578982,0.07962899,12.65772886,5.41252410,0.24399213,2.06278714,0.07369181,24.47130537,0.45457834,1472.45869471,2.03332376,388.32771019,21.43436060,14.71665336,12.42798489,3.60231130,35.65666053,1.72308000,7.34599024,437.87907686
313,Zr13Ta10Ti14Nb10Al3,bcc,UNKNOWN,0.00000000,0.00000000,1,1273.15000000,236.00000000,0.00000000,0.00000000,0.00000000,0.00000000,0.00000000,UNKNOWN,UNKNOWN,UNKNOWN,Zr13Ta10Ti14Nb10Al3,1.65755603,1.65471549,2360.75920000,19.01850209,3.36306634,0.26000000,0.20000000,0.28000000,0.20000000,0.06000000,0.00000000,0.00000000,0.00000000,0.00000000,0.00000000,0.00000000,0.00000000,0.00000000,0.00000000,0.00013092,3.14080078,135.07346364,0.07523730,0.03587253,-0.04830450,-0.01262980,-0.03689485,-0.05199457,-0.07625961,0.01347369,0.08668657,0.07391020,93.51074432,4.34000000,1.49360000,0.07321289,132.18000000,43.46000000,112.30000000,0.34700000,2.33860000,2.47908000,0.75600000,3.75389400,0.57060000,1.02462188,0.06732418,8.16459411,0.04286874,0.12890118,0.29431546,0.37162991,0.03232539,0.01173358,0.09230601,0.03406054,0.20322152,0.05910072,0.26578982,0.07962899,12.65772886,5.41252410,0.24399213,2.06278714,0.07369181,24.47130537,0.53929685,1472.45869471,2.03332376,302.91493574,21.43436060,14.71665336,12.42798489,3.60231130,35.65666053,1.72308000,7.34599024,251.56693899
314,Zr13Ta10Ti14Nb10Al3,bcc,UNKNOWN,0.00000000,0.00000000,1,1400.00000000,179.91630778,0.00000000,0.00000000,0.00000000,0.00000000,0.00000000,UNKNOWN,UNKNOWN,UNKNOWN,Zr13Ta10Ti14Nb10Al3,1.65755603,1.65471549,2360.75920000,19.01850209,3.36306634,0.26000000,0.20000000,0.28000000,0.20000000,0.06000000,0.00000000,0.00000000,0.00000000,0.00000000,0.00000000,0.00000000,0.00000000,0.00000000,0.00000000,0.00013092,3.14080078,135.07346364,0.07523730,0.03587253,-0.04830450,-0.01262980,-0.03689485,-0.05199457,-0.07625961,0.01347369,0.08668657,0.07391020,93.51074432,4.34000000,1.49360000,0.07321289,132.18000000,43.46000000,112.30000000,0.34700000,2.33860000,2.47908000,0.75600000,3.75389400,0.57060000,1.02462188,0.06732418,8.16459411,0.04286874,0.12890118,0.29431546,0.37162991,0.03232539,0.01173358,0.09230601,0.03406054,0.20322152,0.05910072,0.26578982,0.07962899,12.65772886,5.41252410,0.24399213,2.06278714,0.07369181,24.47130537,0.59302956,1472.45869471,2.03332376,258.76126155,21.43436060,14.71665336,12.42798489,3.60231130,35.65666053,1.72308000,7.34599024,179.57430799
315,Zr13Ta8Ti14Nb10Al3V2,bcc,UNKNOWN,0.00000000,0.00000000,1,298.15000000,1965.00000000,0.00000000,0.00000000,0.00000000,0.00000000,0.00000000,UNKNOWN,UNKNOWN,UNKNOWN,Zr13Ta8Ti14Nb10Al3V2,1.65223841,1.65011960,2316.47920000,18.82988010,3.35191129,0.26000000,0.16000000,0.28000000,0.20000000,0.06000000,0.04000000,0.00000000,0.00000000,0.00000000,0.00000000,0.00000000,0.00000000,0.00000000,0.00000000,0.00013954,3.12874088,134.66140345,0.08416699,0.04480222,-0.03580149,-0.01125590,-0.03526601,-0.05062067,-0.07463077,0.01382388,0.08924484,0.07816078,88.31048912,4.34000000,1.49880000,0.07542096,130.58000000,42.66000000,109.98000000,0.34820000,2.31748000,2.47684000,0.74920000,3.80209400,0.55940000,0.99310460,0.06612418,7.78778816,0.04725037,0.14093838,0.27864868,0.35553425,0.03568653,0.01253432,0.10216305,0.03633780,0.19064509,0.04830391,0.25387869,0.07693208,12.38351685,5.34352696,0.24138288,2.06842590,0.10599100,28.71813765,0.12870826,1633.99793955,2.10110394,1080.60441729,19.05380294,14.55778955,21.74431314,3.18909147,32.90968657,1.72764000,7.16788038,1860.94019502
316,Zr13Ta8Ti14Nb10Al3V2,bcc,UNKNOWN,0.00000000,0.00000000,1,1273.15000000,166.00000000,0.00000000,0.00000000,0.00000000,0.00000000,0.00000000,UNKNOWN,UNKNOWN,UNKNOWN,Zr13Ta8Ti14Nb10Al3V2,1.65223841,1.65011960,2316.47920000,18.82988010,3.35191129,0.26000000,0.16000000,0.28000000,0.20000000,0.06000000,0.04000000,0.00000000,0.00000000,0.00000000,0.00000000,0.00000000,0.00000000,0.00000000,0.00000000,0.00013954,3.12874088,134.66140345,0.08416699,0.04480222,-0.03580149,-0.01125590,-0.03526601,-0.05062067,-0.07463077,0.01382388,0.08924484,0.07816078,88.31048912,4.34000000,1.49880000,0.07542096,130.58000000,42.66000000,109.98000000,0.34820000,2.31748000,2.47684000,0.74920000,3.80209400,0.55940000,0.99310460,0.06612418,7.78778816,0.04725037,0.14093838,0.27864868,0.35553425,0.03568653,0.01253432,0.10216305,0.03633780,0.19064509,0.04830391,0.25387869,0.07693208,12.38351685,5.34352696,0.24138288,2.06842590,0.10599100,28.71813765,0.54960563,1633.99793955,2.10110394,353.73845093,19.05380294,14.55778955,21.74431314,3.18909147,32.90968657,1.72764000,7.16788038,200.10733980
317,Zr13Ta8Ti14Nb10Al3V2,bcc,UNKNOWN,0.00000000,0.00000000,1,1700.00000000,8.23800025,0.00000000,0.00000000,0.00000000,0.00000000,0.00000000,UNKNOWN,UNKNOWN,UNKNOWN,Zr13Ta8Ti14Nb10Al3V2,1.65223841,1.65011960,2316.47920000,18.82988010,3.35191129,0.26000000,0.16000000,0.28000000,0.20000000,0.06000000,0.04000000,0.00000000,0.00000000,0.00000000,0.00000000,0.00000000,0.00000000,0.00000000,0.00000000,0.00013954,3.12874088,134.66140345,0.08416699,0.04480222,-0.03580149,-0.01125590,-0.03526601,-0.05062067,-0.07463077,0.01382388,0.08924484,0.07816078,88.31048912,4.34000000,1.49880000,0.07542096,130.58000000,42.66000000,109.98000000,0.34820000,2.31748000,2.47684000,0.74920000,3.80209400,0.55940000,0.99310460,0.06612418,7.78778816,0.04725037,0.14093838,0.27864868,0.35553425,0.03568653,0.01253432,0.10216305,0.03633780,0.19064509,0.04830391,0.25387869,0.07693208,12.38351685,5.34352696,0.24138288,2.06842590,0.10599100,28.71813765,0.73387234,1633.99793955,2.10110394,211.77350304,19.05380294,14.55778955,21.74431314,3.18909147,32.90968657,1.72764000,7.16788038,25.20413340
318,Zr13Ta8Ti14Nb10Al3V2,bcc,UNKNOWN,0.00000000,0.00000000,1,1400.00000000,67.99926360,0.00000000,0.00000000,0.00000000,0.00000000,0.00000000,UNKNOWN,UNKNOWN,UNKNOWN,Zr13Ta8Ti14Nb10Al3V2,1.65223841,1.65011960,2316.47920000,18.82988010,3.35191129,0.26000000,0.16000000,0.28000000,0.20000000,0.06000000,0.04000000,0.00000000,0.00000000,0.00000000,0.00000000,0.00000000,0.00000000,0.00000000,0.00000000,0.00013954,3.12874088,134.66140345,0.08416699,0.04480222,-0.03580149,-0.01125590,-0.03526601,-0.05062067,-0.07463077,0.01382388,0.08924484,0.07816078,88.31048912,4.34000000,1.49880000,0.07542096,130.58000000,42.66000000,109.98000000,0.34820000,2.31748000,2.47684000,0.74920000,3.80209400,0.55940000,0.99310460,0.06612418,7.78778816,0.04725037,0.14093838,0.27864868,0.35553425,0.03568653,0.01253432,0.10216305,0.03633780,0.19064509,0.04830391,0.25387869,0.07693208,12.38351685,5.34352696,0.24138288,2.06842590,0.10599100,28.71813765,0.60436545,1633.99793955,2.10110394,303.71627915,19.05380294,14.55778955,21.74431314,3.18909147,32.90968657,1.72764000,7.16788038,80.57829877
319,Zr13Ta8Ti14Nb10Al3V2,bcc,UNKNOWN,0.00000000,0.00000000,1,1073.15000000,678.00000000,0.00000000,0.00000000,0.00000000,0.00000000,0.00000000,UNKNOWN,UNKNOWN,UNKNOWN,Zr13Ta8Ti14Nb10Al3V2,1.65223841,1.65011960,2316.47920000,18.82988010,3.35191129,0.26000000,0.16000000,0.28000000,0.20000000,0.06000000,0.04000000,0.00000000,0.00000000,0.00000000,0.00000000,0.00000000,0.00000000,0.00000000,0.00000000,0.00013954,3.12874088,134.66140345,0.08416699,0.04480222,-0.03580149,-0.01125590,-0.03526601,-0.05062067,-0.07463077,0.01382388,0.08924484,0.07816078,88.31048912,4.34000000,1.49880000,0.07542096,130.58000000,42.66000000,109.98000000,0.34820000,2.31748000,2.47684000,0.74920000,3.80209400,0.55940000,0.99310460,0.06612418,7.78778816,0.04725037,0.14093838,0.27864868,0.35553425,0.03568653,0.01253432,0.10216305,0.03633780,0.19064509,0.04830391,0.25387869,0.07693208,12.38351685,5.34352696,0.24138288,2.06842590,0.10599100,28.71813765,0.46326770,1633.99793955,2.10110394,449.86261463,19.05380294,14.55778955,21.74431314,3.18909147,32.90968657,1.72764000,7.16788038,713.23893575
320,Zr20Ta15Ti30Nb20(Al3V)3,BCC,OTHER,,,1,1700.00000000,14.14049370,225.00000000,50.00000000,,,109.00000000,10.1007/s11837-014-1066-0,2014,Microstructure and Properties of Aluminum-Containing Refractory High-Entropy Alloys,Zr20Ta15Ti30Nb20(Al3V)3,1.64390138,1.64008599,2268.95752577,18.50466272,3.33250178,0.20600000,0.15500000,0.30900000,0.20600000,0.09300000,0.03100000,0.00000000,0.00000000,0.00000000,0.00000000,0.00000000,0.00000000,0.00000000,0.00000000,0.00014058,3.11332743,133.65193324,0.07014272,0.03202804,-0.05423244,-0.03228842,-0.05374908,-0.07040310,-0.09186376,0.00953947,0.08189284,0.06572167,84.82983657,4.29896907,1.51216495,0.07211860,129.83505155,42.47422680,110.55670103,0.34804124,2.28511340,2.44881443,0.74478351,3.68156804,0.55422680,1.00708854,0.06318172,7.61231674,0.04466071,0.13233185,0.28074058,0.34429604,0.03319171,0.01033448,0.09280129,0.02965311,0.19442802,0.04683598,0.24584563,0.06115985,12.25819437,5.36437026,0.24253799,2.06767870,0.09609797,9.87870436,0.74924276,1495.06614577,1.97077899,169.27752086,14.68380602,15.03313793,16.56402090,2.05925613,30.14703013,1.70403093,7.19364546,30.01163020
321,Zr20Ta15Ti30Nb20(Al3V)3,BCC,OTHER,,,1,1400.00000000,97.31956363,225.00000000,50.00000000,,,109.00000000,10.1007/s11837-014-1066-0,2014,Microstructure and Properties of Aluminum-Containing Refractory High-Entropy Alloys,Zr20Ta15Ti30Nb20(Al3V)3,1.64390138,1.64008599,2268.95752577,18.50466272,3.33250178,0.20600000,0.15500000,0.30900000,0.20600000,0.09300000,0.03100000,0.00000000,0.00000000,0.00000000,0.00000000,0.00000000,0.00000000,0.00000000,0.00000000,0.00014058,3.11332743,133.65193324,0.07014272,0.03202804,-0.05423244,-0.03228842,-0.05374908,-0.07040310,-0.09186376,0.00953947,0.08189284,0.06572167,84.82983657,4.29896907,1.51216495,0.07211860,129.83505155,42.47422680,110.55670103,0.34804124,2.28511340,2.44881443,0.74478351,3.68156804,0.55422680,1.00708854,0.06318172,7.61231674,0.04466071,0.13233185,0.28074058,0.34429604,0.03319171,0.01033448,0.09280129,0.02965311,0.19442802,0.04683598,0.24584563,0.06115985,12.25819437,5.36437026,0.24253799,2.06767870,0.09609797,9.87870436,0.61702345,1495.06614577,1.97077899,248.62869581,14.68380602,15.03313793,16.56402090,2.05925613,30.14703013,1.70403093,7.19364546,101.08439759
322,Zr20Ta15Ti30Nb20(Al3V)3,BCC,OTHER,,,1,1273.15000000,220.00000000,225.00000000,50.00000000,,,109.00000000,10.1007/s11837-014-1066-0,2014,Microstructure and Properties of Aluminum-Containing Refractory High-Entropy Alloys,Zr20Ta15Ti30Nb20(Al3V)3,1.64390138,1.64008599,2268.95752577,18.50466272,3.33250178,0.20600000,0.15500000,0.30900000,0.20600000,0.09300000,0.03100000,0.00000000,0.00000000,0.00000000,0.00000000,0.00000000,0.00000000,0.00000000,0.00000000,0.00014058,3.11332743,133.65193324,0.07014272,0.03202804,-0.05423244,-0.03228842,-0.05374908,-0.07040310,-0.09186376,0.00953947,0.08189284,0.06572167,84.82983657,4.29896907,1.51216495,0.07211860,129.83505155,42.47422680,110.55670103,0.34804124,2.28511340,2.44881443,0.74478351,3.68156804,0.55422680,1.00708854,0.06318172,7.61231674,0.04466071,0.13233185,0.28074058,0.34429604,0.03319171,0.01033448,0.09280129,0.02965311,0.19442802,0.04683598,0.24584563,0.06115985,12.25819437,5.36437026,0.24253799,2.06767870,0.09609797,9.87870436,0.56111672,1495.06614577,1.97077899,292.51228233,14.68380602,15.03313793,16.56402090,2.05925613,30.14703013,1.70403093,7.19364546,237.52498382
323,Zr20Ta15Ti30Nb20(Al3V)3,BCC,OTHER,100.00000000,5.19400000,1,298.15000000,2035.00000000,2105.00000000,5.00000000,,,109.00000000,10.1007/s11837-014-1066-0,2014,Microstructure and Properties of Aluminum-Containing Refractory High-Entropy Alloys,Zr20Ta15Ti30Nb20(Al3V)3,1.64390138,1.64008599,2268.95752577,18.50466272,3.33250178,0.20600000,0.15500000,0.30900000,0.20600000,0.09300000,0.03100000,0.00000000,0.00000000,0.00000000,0.00000000,0.00000000,0.00000000,0.00000000,0.00000000,0.00014058,3.11332743,133.65193324,0.07014272,0.03202804,-0.05423244,-0.03228842,-0.05374908,-0.07040310,-0.09186376,0.00953947,0.08189284,0.06572167,84.82983657,4.29896907,1.51216495,0.07211860,129.83505155,42.47422680,110.55670103,0.34804124,2.28511340,2.44881443,0.74478351,3.68156804,0.55422680,1.00708854,0.06318172,7.61231674,0.04466071,0.13233185,0.28074058,0.34429604,0.03319171,0.01033448,0.09280129,0.02965311,0.19442802,0.04683598,0.24584563,0.06115985,12.25819437,5.36437026,0.24253799,2.06767870,0.09609797,9.87870436,0.13140396,1495.06614577,1.97077899,966.64192354,14.68380602,15.03313793,16.56402090,2.05925613,30.14703013,1.70403093,7.19364546,1878.76295368
324,Zr20Ta15Ti30Nb20(Al3V)3,BCC,OTHER,,,1,1073.15000000,796.00000000,851.00000000,50.00000000,,,109.00000000,10.1007/s11837-014-1066-0,2014,Microstructure and Properties of Aluminum-Containing Refractory High-Entropy Alloys,Zr20Ta15Ti30Nb20(Al3V)3,1.64390138,1.64008599,2268.95752577,18.50466272,3.33250178,0.20600000,0.15500000,0.30900000,0.20600000,0.09300000,0.03100000,0.00000000,0.00000000,0.00000000,0.00000000,0.00000000,0.00000000,0.00000000,0.00000000,0.00014058,3.11332743,133.65193324,0.07014272,0.03202804,-0.05423244,-0.03228842,-0.05374908,-0.07040310,-0.09186376,0.00953947,0.08189284,0.06572167,84.82983657,4.29896907,1.51216495,0.07211860,129.83505155,42.47422680,110.55670103,0.34804124,2.28511340,2.44881443,0.74478351,3.68156804,0.55422680,1.00708854,0.06318172,7.61231674,0.04466071,0.13233185,0.28074058,0.34429604,0.03319171,0.01033448,0.09280129,0.02965311,0.19442802,0.04683598,0.24584563,0.06115985,12.25819437,5.36437026,0.24253799,2.06767870,0.09609797,9.87870436,0.47297051,1495.06614577,1.97077899,377.95962931,14.68380602,15.03313793,16.56402090,2.05925613,30.14703013,1.70403093,7.19364546,669.81175106
325,Zr23Ta23Ti23Nb23Al5,BCC+B2,OTHER,,,1,298.15000000,1745.00000000,1830.00000000,,,,,10.1016/j.matdes.2017.11.033,2018,Compositional variation effects on the microstructure and properties of a refractory high-entropy superalloy AlMo0.5NbTa0.5TiZr,Zr23Ta23Ti23Nb23Al5,1.65502053,1.65269088,2445.08865979,18.94238561,3.35857375,0.23700000,0.23700000,0.23700000,0.23700000,0.05200000,0.00000000,0.00000000,0.00000000,0.00000000,0.00000000,0.00000000,0.00000000,0.00000000,0.00000000,0.00013086,3.13803283,141.33992292,0.07254437,0.03819699,-0.03985223,-0.00763762,-0.03090551,-0.04198500,-0.06525289,0.02029434,0.11181049,0.08788581,99.30565642,4.42268041,1.49855670,0.09151615,138.59793814,44.49484536,116.00000000,0.35000000,2.40840206,2.52683505,0.83079381,3.63007732,0.61829897,1.02592004,0.09625789,8.70539952,0.04110281,0.12449481,0.30078587,0.37268188,0.03074148,0.01072127,0.08812355,0.03125863,0.21069546,0.06837221,0.27040858,0.08185075,12.94181606,5.37361111,0.25672581,2.07692308,0.07111406,41.89323984,0.12193832,1452.36871491,2.03512820,949.91434342,36.90309566,14.02716178,14.03214566,5.37590636,19.48439161,1.69604124,7.63060223,1690.98838525
326,Zr23Ta23Ti23Nb23Al5,BCC+B2,OTHER,,,1,1273.15000000,366.00000000,408.00000000,,,,,10.1016/j.matdes.2017.11.033,2018,Compositional variation effects on the microstructure and properties of a refractory high-entropy superalloy AlMo0.5NbTa0.5TiZr,Zr23Ta23Ti23Nb23Al5,1.65502053,1.65269088,2445.08865979,18.94238561,3.35857375,0.23700000,0.23700000,0.23700000,0.23700000,0.05200000,0.00000000,0.00000000,0.00000000,0.00000000,0.00000000,0.00000000,0.00000000,0.00000000,0.00000000,0.00013086,3.13803283,141.33992292,0.07254437,0.03819699,-0.03985223,-0.00763762,-0.03090551,-0.04198500,-0.06525289,0.02029434,0.11181049,0.08788581,99.30565642,4.42268041,1.49855670,0.09151615,138.59793814,44.49484536,116.00000000,0.35000000,2.40840206,2.52683505,0.83079381,3.63007732,0.61829897,1.02592004,0.09625789,8.70539952,0.04110281,0.12449481,0.30078587,0.37268188,0.03074148,0.01072127,0.08812355,0.03125863,0.21069546,0.06837221,0.27040858,0.08185075,12.94181606,5.37361111,0.25672581,2.07692308,0.07111406,41.89323984,0.52069687,1452.36871491,2.03512820,299.20120095,36.90309566,14.02716178,14.03214566,5.37590636,19.48439161,1.69604124,7.63060223,332.05060284
327,Zr23Ti23Nb23Al5V23,BCC+Laves,OTHER,,,1,1273.15000000,82.00000000,,,,,,10.1016/j.actamat.2019.06.032,2019,High temperature strength of refractory complex concentrated alloys,Zr23Ti23Nb23Al5V23,1.62349853,1.62307592,2182.60412371,17.84542759,3.29244846,0.23700000,0.23700000,0.23700000,0.05200000,0.23700000,0.00000000,0.00000000,0.00000000,0.00000000,0.00000000,0.00000000,0.00000000,0.00000000,0.00000000,0.00013086,3.07268894,138.89729807,0.12550884,0.09116146,-0.02066708,-0.02131461,-0.04463485,-0.05566199,-0.07898223,0.00982344,0.11442866,0.08057097,68.47940137,4.42268041,1.52938144,0.10460522,129.11340206,39.75257732,102.24742268,0.35711340,2.28320619,2.51355670,0.79048454,3.91579897,0.55190722,0.83909080,0.08914448,6.37209718,0.06101659,0.18359787,0.15511291,0.22979991,0.04667524,0.01451724,0.13498922,0.04204147,0.12474846,0.03205840,0.19277556,0.06071261,11.33482730,4.96443438,0.24172465,2.11096856,0.14366871,13.40000812,0.58331696,2225.88546082,2.24349350,531.02175471,42.57926254,8.47323254,11.05057212,2.64268996,49.40289812,1.72307216,6.57826617,87.63858515
328,Zr23Ti23Nb23Al5V23,BCC+Laves,OTHER,,,1,1400.00000000,37.61632782,,,,,,10.1016/j.actamat.2019.06.032,2019,High temperature strength of refractory complex concentrated alloys,Zr23Ti23Nb23Al5V23,1.62349853,1.62307592,2182.60412371,17.84542759,3.29244846,0.23700000,0.23700000,0.23700000,0.05200000,0.23700000,0.00000000,0.00000000,0.00000000,0.00000000,0.00000000,0.00000000,0.00000000,0.00000000,0.00000000,0.00013086,3.07268894,138.89729807,0.12550884,0.09116146,-0.02066708,-0.02131461,-0.04463485,-0.05566199,-0.07898223,0.00982344,0.11442866,0.08057097,68.47940137,4.42268041,1.52938144,0.10460522,129.11340206,39.75257732,102.24742268,0.35711340,2.28320619,2.51355670,0.79048454,3.91579897,0.55190722,0.83909080,0.08914448,6.37209718,0.06101659,0.18359787,0.15511291,0.22979991,0.04667524,0.01451724,0.13498922,0.04204147,0.12474846,0.03205840,0.19277556,0.06071261,11.33482730,4.96443438,0.24172465,2.11096856,0.14366871,13.40000812,0.64143561,2225.88546082,2.24349350,460.36318162,42.57926254,8.47323254,11.05057212,2.64268996,49.40289812,1.72307216,6.57826617,35.07724168
329,Zr23Ti23Nb23Al5V23,BCC+Laves,OTHER,,,1,1700.00000000,5.95624400,,,,,,10.1016/j.actamat.2019.06.032,2019,High temperature strength of refractory complex concentrated alloys,Zr23Ti23Nb23Al5V23,1.62349853,1.62307592,2182.60412371,17.84542759,3.29244846,0.23700000,0.23700000,0.23700000,0.05200000,0.23700000,0.00000000,0.00000000,0.00000000,0.00000000,0.00000000,0.00000000,0.00000000,0.00000000,0.00000000,0.00013086,3.07268894,138.89729807,0.12550884,0.09116146,-0.02066708,-0.02131461,-0.04463485,-0.05566199,-0.07898223,0.00982344,0.11442866,0.08057097,68.47940137,4.42268041,1.52938144,0.10460522,129.11340206,39.75257732,102.24742268,0.35711340,2.28320619,2.51355670,0.79048454,3.91579897,0.55190722,0.83909080,0.08914448,6.37209718,0.06101659,0.18359787,0.15511291,0.22979991,0.04667524,0.01451724,0.13498922,0.04204147,0.12474846,0.03205840,0.19277556,0.06071261,11.33482730,4.96443438,0.24172465,2.11096856,0.14366871,13.40000812,0.77888609,2225.88546082,2.24349350,328.43010728,42.57926254,8.47323254,11.05057212,2.64268996,49.40289812,1.72307216,6.57826617,13.20290794
330,Zr23Ti23Nb23Al5V23,BCC+Laves,OTHER,,,1,296.15000000,1240.00000000,,,,,,10.1016/j.actamat.2019.06.032,2019,High temperature strength of refractory complex concentrated alloys,Zr23Ti23Nb23Al5V23,1.62349853,1.62307592,2182.60412371,17.84542759,3.29244846,0.23700000,0.23700000,0.23700000,0.05200000,0.23700000,0.00000000,0.00000000,0.00000000,0.00000000,0.00000000,0.00000000,0.00000000,0.00000000,0.00000000,0.00013086,3.07268894,138.89729807,0.12550884,0.09116146,-0.02066708,-0.02131461,-0.04463485,-0.05566199,-0.07898223,0.00982344,0.11442866,0.08057097,68.47940137,4.42268041,1.52938144,0.10460522,129.11340206,39.75257732,102.24742268,0.35711340,2.28320619,2.51355670,0.79048454,3.91579897,0.55190722,0.83909080,0.08914448,6.37209718,0.06101659,0.18359787,0.15511291,0.22979991,0.04667524,0.01451724,0.13498922,0.04204147,0.12474846,0.03205840,0.19277556,0.06071261,11.33482730,4.96443438,0.24172465,2.11096856,0.14366871,13.40000812,0.13568654,2225.88546082,2.24349350,1507.50946918,42.57926254,8.47323254,11.05057212,2.64268996,49.40289812,1.72307216,6.57826617,1216.99453637
331,Zr23Ti23Nb23Al5V23,BCC+Laves,OTHER,,,1,1473.15000000,24.00000000,,,,,,10.1016/j.actamat.2019.06.032,2019,High temperature strength of refractory complex concentrated alloys,Zr23Ti23Nb23Al5V23,1.62349853,1.62307592,2182.60412371,17.84542759,3.29244846,0.23700000,0.23700000,0.23700000,0.05200000,0.23700000,0.00000000,0.00000000,0.00000000,0.00000000,0.00000000,0.00000000,0.00000000,0.00000000,0.00000000,0.00013086,3.07268894,138.89729807,0.12550884,0.09116146,-0.02066708,-0.02131461,-0.04463485,-0.05566199,-0.07898223,0.00982344,0.11442866,0.08057097,68.47940137,4.42268041,1.52938144,0.10460522,129.11340206,39.75257732,102.24742268,0.35711340,2.28320619,2.51355670,0.79048454,3.91579897,0.55190722,0.83909080,0.08914448,6.37209718,0.06101659,0.18359787,0.15511291,0.22979991,0.04667524,0.01451724,0.13498922,0.04204147,0.12474846,0.03205840,0.19277556,0.06071261,11.33482730,4.96443438,0.24172465,2.11096856,0.14366871,13.40000812,0.67495062,2225.88546082,2.24349350,423.97530995,42.57926254,8.47323254,11.05057212,2.64268996,49.40289812,1.72307216,6.57826617,27.38801455
332,Zr26Ta15Ti28Nb19Al5V4,BCC,OTHER,,,1,1400.00000000,67.99926360,189.00000000,50.00000000,,,107.00000000,10.1007/s11837-014-1066-0,2014,Microstructure and Properties of Aluminum-Containing Refractory High-Entropy Alloys,Zr26Ta15Ti28Nb19Al5V4,1.65351712,1.65181703,2316.23298969,18.88456624,3.35515305,0.26800000,0.15500000,0.28900000,0.19600000,0.05200000,0.04100000,0.00000000,0.00000000,0.00000000,0.00000000,0.00000000,0.00000000,0.00000000,0.00000000,0.00013828,3.13071208,134.19600204,0.08822177,0.04763953,-0.02960402,-0.00429113,-0.02885983,-0.04487336,-0.06944206,0.01303802,0.08654592,0.07657346,87.94034137,4.34020619,1.49659794,0.07350790,130.02061856,42.62886598,109.65979381,0.34773196,2.31735052,2.48160825,0.73973196,3.85527320,0.55525773,0.99042764,0.06264964,7.73268871,0.04742704,0.14181834,0.27405140,0.35315959,0.03589267,0.01281875,0.10329179,0.03727938,0.18683574,0.04929817,0.25236352,0.07893828,12.38644698,5.34508995,0.23960887,2.06622412,0.10739204,74.64190384,0.60442970,1644.07600793,2.11292292,308.47943346,19.05380294,17.24406171,21.69051534,3.18909147,25.37551952,1.74187629,7.11097972,79.40703740
333,Zr26Ta15Ti28Nb19Al5V4,BCC,OTHER,180.00000000,4.90000000,1,298.15000000,1965.00000000,2061.00000000,5.00000000,,,107.00000000,10.1007/s11837-014-1066-0,2014,Microstructure and Properties of Aluminum-Containing Refractory High-Entropy Alloys,Zr26Ta15Ti28Nb19Al5V4,1.65351712,1.65181703,2316.23298969,18.88456624,3.35515305,0.26800000,0.15500000,0.28900000,0.19600000,0.05200000,0.04100000,0.00000000,0.00000000,0.00000000,0.00000000,0.00000000,0.00000000,0.00000000,0.00000000,0.00013828,3.13071208,134.19600204,0.08822177,0.04763953,-0.02960402,-0.00429113,-0.02885983,-0.04487336,-0.06944206,0.01303802,0.08654592,0.07657346,87.94034137,4.34020619,1.49659794,0.07350790,130.02061856,42.62886598,109.65979381,0.34773196,2.31735052,2.48160825,0.73973196,3.85527320,0.55525773,0.99042764,0.06264964,7.73268871,0.04742704,0.14181834,0.27405140,0.35315959,0.03589267,0.01281875,0.10329179,0.03727938,0.18683574,0.04929817,0.25236352,0.07893828,12.38644698,5.34508995,0.23960887,2.06622412,0.10739204,74.64190384,0.12872194,1644.07600793,2.11292292,1089.34763396,19.05380294,17.24406171,21.69051534,3.18909147,25.37551952,1.74187629,7.11097972,1860.94019502
334,Zr26Ta15Ti28Nb19Al5V4,BCC,OTHER,,,1,1073.15000000,678.00000000,693.00000000,50.00000000,,,107.00000000,10.1007/s11837-014-1066-0,2014,Microstructure and Properties of Aluminum-Containing Refractory High-Entropy Alloys,Zr26Ta15Ti28Nb19Al5V4,1.65351712,1.65181703,2316.23298969,18.88456624,3.35515305,0.26800000,0.15500000,0.28900000,0.19600000,0.05200000,0.04100000,0.00000000,0.00000000,0.00000000,0.00000000,0.00000000,0.00000000,0.00000000,0.00000000,0.00013828,3.13071208,134.19600204,0.08822177,0.04763953,-0.02960402,-0.00429113,-0.02885983,-0.04487336,-0.06944206,0.01303802,0.08654592,0.07657346,87.94034137,4.34020619,1.49659794,0.07350790,130.02061856,42.62886598,109.65979381,0.34773196,2.31735052,2.48160825,0.73973196,3.85527320,0.55525773,0.99042764,0.06264964,7.73268871,0.04742704,0.14181834,0.27405140,0.35315959,0.03589267,0.01281875,0.10329179,0.03727938,0.18683574,0.04929817,0.25236352,0.07893828,12.38644698,5.34508995,0.23960887,2.06622412,0.10739204,74.64190384,0.46331695,1644.07600793,2.11292292,455.91481177,19.05380294,17.24406171,21.69051534,3.18909147,25.37551952,1.74187629,7.11097972,700.76725778
335,Zr26Ta15Ti28Nb19Al5V4,BCC,OTHER,,,1,1273.15000000,166.00000000,189.00000000,50.00000000,,,107.00000000,10.1007/s11837-014-1066-0,2014,Microstructure and Properties of Aluminum-Containing Refractory High-Entropy Alloys,Zr26Ta15Ti28Nb19Al5V4,1.65351712,1.65181703,2316.23298969,18.88456624,3.35515305,0.26800000,0.15500000,0.28900000,0.19600000,0.05200000,0.04100000,0.00000000,0.00000000,0.00000000,0.00000000,0.00000000,0.00000000,0.00000000,0.00000000,0.00013828,3.13071208,134.19600204,0.08822177,0.04763953,-0.02960402,-0.00429113,-0.02885983,-0.04487336,-0.06944206,0.01303802,0.08654592,0.07657346,87.94034137,4.34020619,1.49659794,0.07350790,130.02061856,42.62886598,109.65979381,0.34773196,2.31735052,2.48160825,0.73973196,3.85527320,0.55525773,0.99042764,0.06264964,7.73268871,0.04742704,0.14181834,0.27405140,0.35315959,0.03589267,0.01281875,0.10329179,0.03727938,0.18683574,0.04929817,0.25236352,0.07893828,12.38644698,5.34508995,0.23960887,2.06622412,0.10739204,74.64190384,0.54966405,1644.07600793,2.11292292,358.97981850,19.05380294,17.24406171,21.69051534,3.18909147,25.37551952,1.74187629,7.11097972,198.05196041
336,Zr26Ta15Ti28Nb19Al5V4,BCC,OTHER,,,1,1700.00000000,8.23800025,189.00000000,50.00000000,,,107.00000000,10.1007/s11837-014-1066-0,2014,Microstructure and Properties of Aluminum-Containing Refractory High-Entropy Alloys,Zr26Ta15Ti28Nb19Al5V4,1.65351712,1.65181703,2316.23298969,18.88456624,3.35515305,0.26800000,0.15500000,0.28900000,0.19600000,0.05200000,0.04100000,0.00000000,0.00000000,0.00000000,0.00000000,0.00000000,0.00000000,0.00000000,0.00000000,0.00013828,3.13071208,134.19600204,0.08822177,0.04763953,-0.02960402,-0.00429113,-0.02885983,-0.04487336,-0.06944206,0.01303802,0.08654592,0.07657346,87.94034137,4.34020619,1.49659794,0.07350790,130.02061856,42.62886598,109.65979381,0.34773196,2.31735052,2.48160825,0.73973196,3.85527320,0.55525773,0.99042764,0.06264964,7.73268871,0.04742704,0.14181834,0.27405140,0.35315959,0.03589267,0.01281875,0.10329179,0.03727938,0.18683574,0.04929817,0.25236352,0.07893828,12.38644698,5.34508995,0.23960887,2.06622412,0.10739204,74.64190384,0.73395034,1644.07600793,2.11292292,215.52899924,19.05380294,17.24406171,21.69051534,3.18909147,25.37551952,1.74187629,7.11097972,25.20413340
337,Zr26Ta19Ti28Nb19Al5,BCC,OTHER,200.00000000,4.80200000,1,298.15000000,1965.00000000,2054.00000000,5.00000000,,,110.00000000,10.1007/s11837-014-1066-0,2014,Microstructure and Properties of Aluminum-Containing Refractory High-Entropy Alloys,Zr26Ta19Ti28Nb19Al5,1.65899920,1.65656541,2361.88247423,19.07941760,3.36665311,0.26800000,0.19600000,0.28900000,0.19600000,0.05200000,0.00000000,0.00000000,0.00000000,0.00000000,0.00000000,0.00000000,0.00000000,0.00000000,0.00000000,0.00012962,3.14295258,134.62080637,0.07943379,0.03885156,-0.04032696,-0.00439323,-0.02928251,-0.04497546,-0.06986475,0.01291473,0.08414626,0.07293314,93.30142921,4.34020619,1.49123711,0.07123153,131.67010309,43.45360825,112.05154639,0.34649485,2.33912371,2.48391753,0.74674227,3.80558247,0.56680412,1.02291968,0.06388675,8.12030939,0.04284869,0.12936129,0.29064449,0.37018175,0.03239503,0.01195946,0.09309805,0.03484390,0.19998602,0.05760623,0.26472883,0.08181615,12.66936494,5.41628683,0.24231473,2.06041965,0.07449016,69.68697975,0.12623405,1476.98996505,2.04282241,967.30159115,16.42657402,14.79027838,12.42798489,3.60231130,26.60372737,1.73717526,7.29308391,1780.41733435
338,Zr26Ta19Ti28Nb19Al5,BCC,OTHER,,,1,1073.15000000,362.00000000,397.00000000,50.00000000,,,110.00000000,10.1007/s11837-014-1066-0,2014,Microstructure and Properties of Aluminum-Containing Refractory High-Entropy Alloys,Zr26Ta19Ti28Nb19Al5,1.65899920,1.65656541,2361.88247423,19.07941760,3.36665311,0.26800000,0.19600000,0.28900000,0.19600000,0.05200000,0.00000000,0.00000000,0.00000000,0.00000000,0.00000000,0.00000000,0.00000000,0.00000000,0.00000000,0.00012962,3.14295258,134.62080637,0.07943379,0.03885156,-0.04032696,-0.00439323,-0.02928251,-0.04497546,-0.06986475,0.01291473,0.08414626,0.07293314,93.30142921,4.34020619,1.49123711,0.07123153,131.67010309,43.45360825,112.05154639,0.34649485,2.33912371,2.48391753,0.74674227,3.80558247,0.56680412,1.02291968,0.06388675,8.12030939,0.04284869,0.12936129,0.29064449,0.37018175,0.03239503,0.01195946,0.09309805,0.03484390,0.19998602,0.05760623,0.26472883,0.08181615,12.66936494,5.41628683,0.24231473,2.06041965,0.07449016,69.68697975,0.45436215,1476.98996505,2.04282241,391.94425209,16.42657402,14.79027838,12.42798489,3.60231130,26.60372737,1.73717526,7.29308391,432.75899223
339,Zr26Ta19Ti28Nb19Al5,BCC,OTHER,,,1,1273.15000000,236.00000000,247.00000000,50.00000000,,,110.00000000,10.1007/s11837-014-1066-0,2014,Microstructure and Properties of Aluminum-Containing Refractory High-Entropy Alloys,Zr26Ta19Ti28Nb19Al5,1.65899920,1.65656541,2361.88247423,19.07941760,3.36665311,0.26800000,0.19600000,0.28900000,0.19600000,0.05200000,0.00000000,0.00000000,0.00000000,0.00000000,0.00000000,0.00000000,0.00000000,0.00000000,0.00000000,0.00012962,3.14295258,134.62080637,0.07943379,0.03885156,-0.04032696,-0.00439323,-0.02928251,-0.04497546,-0.06986475,0.01291473,0.08414626,0.07293314,93.30142921,4.34020619,1.49123711,0.07123153,131.67010309,43.45360825,112.05154639,0.34649485,2.33912371,2.48391753,0.74674227,3.80558247,0.56680412,1.02291968,0.06388675,8.12030939,0.04284869,0.12936129,0.29064449,0.37018175,0.03239503,0.01195946,0.09309805,0.03484390,0.19998602,0.05760623,0.26472883,0.08181615,12.66936494,5.41628683,0.24231473,2.06041965,0.07449016,69.68697975,0.53904037,1476.98996505,2.04282241,306.08934480,16.42657402,14.79027838,12.42798489,3.60231130,26.60372737,1.73717526,7.29308391,247.46339161
340,Zr26Ta19Ti28Nb19Al5,BCC,OTHER,,,1,1400.00000000,179.91630778,247.00000000,50.00000000,,,110.00000000,10.1007/s11837-014-1066-0,2014,Microstructure and Properties of Aluminum-Containing Refractory High-Entropy Alloys,Zr26Ta19Ti28Nb19Al5,1.65899920,1.65656541,2361.88247423,19.07941760,3.36665311,0.26800000,0.19600000,0.28900000,0.19600000,0.05200000,0.00000000,0.00000000,0.00000000,0.00000000,0.00000000,0.00000000,0.00000000,0.00000000,0.00000000,0.00012962,3.14295258,134.62080637,0.07943379,0.03885156,-0.04032696,-0.00439323,-0.02928251,-0.04497546,-0.06986475,0.01291473,0.08414626,0.07293314,93.30142921,4.34020619,1.49123711,0.07123153,131.67010309,43.45360825,112.05154639,0.34649485,2.33912371,2.48391753,0.74674227,3.80558247,0.56680412,1.02291968,0.06388675,8.12030939,0.04284869,0.12936129,0.29064449,0.37018175,0.03239503,0.01195946,0.09309805,0.03484390,0.19998602,0.05760623,0.26472883,0.08181615,12.66936494,5.41628683,0.24231473,2.06041965,0.07449016,69.68697975,0.59274753,1476.98996505,2.04282241,261.66457345,16.42657402,14.79027838,12.42798489,3.60231130,26.60372737,1.73717526,7.29308391,178.63285345
341,Zr26Ta19Ti28Nb19Al5,BCC,OTHER,,,1,1700.00000000,94.70560410,247.00000000,50.00000000,,,110.00000000,10.1007/s11837-014-1066-0,2014,Microstructure and Properties of Aluminum-Containing Refractory High-Entropy Alloys,Zr26Ta19Ti28Nb19Al5,1.65899920,1.65656541,2361.88247423,19.07941760,3.36665311,0.26800000,0.19600000,0.28900000,0.19600000,0.05200000,0.00000000,0.00000000,0.00000000,0.00000000,0.00000000,0.00000000,0.00000000,0.00000000,0.00000000,0.00012962,3.14295258,134.62080637,0.07943379,0.03885156,-0.04032696,-0.00439323,-0.02928251,-0.04497546,-0.06986475,0.01291473,0.08414626,0.07293314,93.30142921,4.34020619,1.49123711,0.07123153,131.67010309,43.45360825,112.05154639,0.34649485,2.33912371,2.48391753,0.74674227,3.80558247,0.56680412,1.02291968,0.06388675,8.12030939,0.04284869,0.12936129,0.29064449,0.37018175,0.03239503,0.01195946,0.09309805,0.03484390,0.19998602,0.05760623,0.26472883,0.08181615,12.66936494,5.41628683,0.24231473,2.06041965,0.07449016,69.68697975,0.71976486,1476.98996505,2.04282241,180.58463499,16.42657402,14.79027838,12.42798489,3.60231130,26.60372737,1.73717526,7.29308391,86.88928263
342,Zr26Ta19Ti28Nb19Al5,BCC,OTHER,,,1,2000.00000000,49.85179808,247.00000000,50.00000000,,,110.00000000,10.1007/s11837-014-1066-0,2014,Microstructure and Properties of Aluminum-Containing Refractory High-Entropy Alloys,Zr26Ta19Ti28Nb19Al5,1.65899920,1.65656541,2361.88247423,19.07941760,3.36665311,0.26800000,0.19600000,0.28900000,0.19600000,0.05200000,0.00000000,0.00000000,0.00000000,0.00000000,0.00000000,0.00000000,0.00000000,0.00000000,0.00000000,0.00012962,3.14295258,134.62080637,0.07943379,0.03885156,-0.04032696,-0.00439323,-0.02928251,-0.04497546,-0.06986475,0.01291473,0.08414626,0.07293314,93.30142921,4.34020619,1.49123711,0.07123153,131.67010309,43.45360825,112.05154639,0.34649485,2.33912371,2.48391753,0.74674227,3.80558247,0.56680412,1.02291968,0.06388675,8.12030939,0.04284869,0.12936129,0.29064449,0.37018175,0.03239503,0.01195946,0.09309805,0.03484390,0.19998602,0.05760623,0.26472883,0.08181615,12.66936494,5.41628683,0.24231473,2.06041965,0.07449016,69.68697975,0.84678218,1476.98996505,2.04282241,124.62829784,16.42657402,14.79027838,12.42798489,3.60231130,26.60372737,1.73717526,7.29308391,59.55189559
343,Zr2TaTi2Nb2Al2Mo,B2+BCC,OTHER,,,1,1400.00000000,350.93050077,,,,,,10.1016/j.actamat.2019.06.032,2019,High temperature strength of refractory complex concentrated alloys,Zr2TaTi2Nb2Al2Mo,1.63628855,1.62329674,2169.06400000,18.10671997,3.30843998,0.20000000,0.10000000,0.20000000,0.20000000,0.20000000,0.10000000,0.00000000,0.00000000,0.00000000,0.00000000,0.00000000,0.00000000,0.00000000,0.00000000,0.00015064,3.09497289,137.51086001,0.01930535,-0.00966592,-0.11038713,-0.08801592,-0.10305496,-0.11698718,-0.13202622,0.01395097,0.10673043,0.08620952,79.48457172,4.30000000,1.58200000,0.09277946,136.00000000,47.50000000,123.10000000,0.34700000,2.19800000,2.35600000,0.82300000,2.95432000,0.65500000,0.97320600,0.08508060,7.28941116,0.04839537,0.14014862,0.59889094,0.62419234,0.03595193,0.01092105,0.09604101,0.03032235,0.30724478,0.06590209,0.33515032,0.06753525,13.60966708,6.19184125,0.29799818,2.06278714,0.08283720,3.71229220,0.64543969,1799.24201256,2.23715043,370.46470892,19.47216195,6.02646689,9.71859112,3.38502039,13.93181571,1.53300000,8.87779979,321.56638896
344,Zr2TaTi2Nb2Al2Mo,B2+BCC,OTHER,,,1,1700.00000000,87.33683220,,,,,,10.1016/j.actamat.2019.06.032,2019,High temperature strength of refractory complex concentrated alloys,Zr2TaTi2Nb2Al2Mo,1.63628855,1.62329674,2169.06400000,18.10671997,3.30843998,0.20000000,0.10000000,0.20000000,0.20000000,0.20000000,0.10000000,0.00000000,0.00000000,0.00000000,0.00000000,0.00000000,0.00000000,0.00000000,0.00000000,0.00015064,3.09497289,137.51086001,0.01930535,-0.00966592,-0.11038713,-0.08801592,-0.10305496,-0.11698718,-0.13202622,0.01395097,0.10673043,0.08620952,79.48457172,4.30000000,1.58200000,0.09277946,136.00000000,47.50000000,123.10000000,0.34700000,2.19800000,2.35600000,0.82300000,2.95432000,0.65500000,0.97320600,0.08508060,7.28941116,0.04839537,0.14014862,0.59889094,0.62419234,0.03595193,0.01092105,0.09604101,0.03032235,0.30724478,0.06590209,0.33515032,0.06753525,13.60966708,6.19184125,0.29799818,2.06278714,0.08283720,3.71229220,0.78374820,1799.24201256,2.23715043,264.04223381,19.47216195,6.02646689,9.71859112,3.38502039,13.93181571,1.53300000,8.87779979,212.31157152
345,Zr2TaTi2Nb2Al2Mo,BCC+B2,OTHER,,,1,298.15000000,2065.66666667,2370.00000000,,,,,10.1016/j.matdes.2017.11.033,2018,Compositional variation effects on the microstructure and properties of a refractory high-entropy superalloy AlMo0.5NbTa0.5TiZr,Zr2TaTi2Nb2Al2Mo,1.63628855,1.62329674,2169.06400000,18.10671997,3.30843998,0.20000000,0.10000000,0.20000000,0.20000000,0.20000000,0.10000000,0.00000000,0.00000000,0.00000000,0.00000000,0.00000000,0.00000000,0.00000000,0.00000000,0.00015064,3.09497289,137.51086001,0.01930535,-0.00966592,-0.11038713,-0.08801592,-0.10305496,-0.11698718,-0.13202622,0.01395097,0.10673043,0.08620952,79.48457172,4.30000000,1.58200000,0.09277946,136.00000000,47.50000000,123.10000000,0.34700000,2.19800000,2.35600000,0.82300000,2.95432000,0.65500000,0.97320600,0.08508060,7.28941116,0.04839537,0.14014862,0.59889094,0.62419234,0.03595193,0.01092105,0.09604101,0.03032235,0.30724478,0.06590209,0.33515032,0.06753525,13.60966708,6.19184125,0.29799818,2.06278714,0.08283720,3.71229220,0.13745560,1799.24201256,2.23715043,1214.84626026,19.47216195,6.02646689,9.71859112,3.38502039,13.93181571,1.53300000,8.87779979,1754.71401946
346,Zr2TaTi2Nb2Al2Mo,BCC+B2,OTHER,,,1,1073.15000000,1597.00000000,1810.00000000,11.00000000,,,,10.1007/s11837-014-1066-0,2014,Microstructure and Properties of Aluminum-Containing Refractory High-Entropy Alloys,Zr2TaTi2Nb2Al2Mo,1.63628855,1.62329674,2169.06400000,18.10671997,3.30843998,0.20000000,0.10000000,0.20000000,0.20000000,0.20000000,0.10000000,0.00000000,0.00000000,0.00000000,0.00000000,0.00000000,0.00000000,0.00000000,0.00000000,0.00015064,3.09497289,137.51086001,0.01930535,-0.00966592,-0.11038713,-0.08801592,-0.10305496,-0.11698718,-0.13202622,0.01395097,0.10673043,0.08620952,79.48457172,4.30000000,1.58200000,0.09277946,136.00000000,47.50000000,123.10000000,0.34700000,2.19800000,2.35600000,0.82300000,2.95432000,0.65500000,0.97320600,0.08508060,7.28941116,0.04839537,0.14014862,0.59889094,0.62419234,0.03595193,0.01092105,0.09604101,0.03032235,0.30724478,0.06590209,0.33515032,0.06753525,13.60966708,6.19184125,0.29799818,2.06278714,0.08283720,3.71229220,0.49475258,1799.24201256,2.23715043,535.77612933,19.47216195,6.02646689,9.71859112,3.38502039,13.93181571,1.53300000,8.87779979,1210.83751940
347,Zr2TaTi2Nb2Al2Mo,B2+BCC,OTHER,,,1,1473.15000000,250.00000000,,,,,,10.1016/j.actamat.2019.06.032,2019,High temperature strength of refractory complex concentrated alloys,Zr2TaTi2Nb2Al2Mo,1.63628855,1.62329674,2169.06400000,18.10671997,3.30843998,0.20000000,0.10000000,0.20000000,0.20000000,0.20000000,0.10000000,0.00000000,0.00000000,0.00000000,0.00000000,0.00000000,0.00000000,0.00000000,0.00000000,0.00015064,3.09497289,137.51086001,0.01930535,-0.00966592,-0.11038713,-0.08801592,-0.10305496,-0.11698718,-0.13202622,0.01395097,0.10673043,0.08620952,79.48457172,4.30000000,1.58200000,0.09277946,136.00000000,47.50000000,123.10000000,0.34700000,2.19800000,2.35600000,0.82300000,2.95432000,0.65500000,0.97320600,0.08508060,7.28941116,0.04839537,0.14014862,0.59889094,0.62419234,0.03595193,0.01092105,0.09604101,0.03032235,0.30724478,0.06590209,0.33515032,0.06753525,13.60966708,6.19184125,0.29799818,2.06278714,0.08283720,3.71229220,0.67916392,1799.24201256,2.23715043,341.10291787,19.47216195,6.02646689,9.71859112,3.38502039,13.93181571,1.53300000,8.87779979,284.11559841
348,Zr2TaTi2Nb2Al2Mo,B2+BCC,OTHER,,,1,1273.15000000,745.00000000,,,,,,10.1016/j.actamat.2019.06.032,2019,High temperature strength of refractory complex concentrated alloys,Zr2TaTi2Nb2Al2Mo,1.63628855,1.62329674,2169.06400000,18.10671997,3.30843998,0.20000000,0.10000000,0.20000000,0.20000000,0.20000000,0.10000000,0.00000000,0.00000000,0.00000000,0.00000000,0.00000000,0.00000000,0.00000000,0.00000000,0.00015064,3.09497289,137.51086001,0.01930535,-0.00966592,-0.11038713,-0.08801592,-0.10305496,-0.11698718,-0.13202622,0.01395097,0.10673043,0.08620952,79.48457172,4.30000000,1.58200000,0.09277946,136.00000000,47.50000000,123.10000000,0.34700000,2.19800000,2.35600000,0.82300000,2.95432000,0.65500000,0.97320600,0.08508060,7.28941116,0.04839537,0.14014862,0.59889094,0.62419234,0.03595193,0.01092105,0.09604101,0.03032235,0.30724478,0.06590209,0.33515032,0.06753525,13.60966708,6.19184125,0.29799818,2.06278714,0.08283720,3.71229220,0.58695825,1799.24201256,2.23715043,427.49830531,19.47216195,6.02646689,9.71859112,3.38502039,13.93181571,1.53300000,8.87779979,722.04411970
349,Zr2TaTi2Nb2AlMo,BCC+B2,OTHER,,,1,1273.15000000,579.00000000,646.00000000,,,,,10.1016/j.matdes.2017.11.033,2018,Compositional variation effects on the microstructure and properties of a refractory high-entropy superalloy AlMo0.5NbTa0.5TiZr,Zr2TaTi2Nb2AlMo,1.64226175,1.63330492,2306.36888889,18.42003552,3.32741385,0.22200000,0.11100000,0.22200000,0.22200000,0.11100000,0.11100000,0.00000000,0.00000000,0.00000000,0.00000000,0.00000000,0.00000000,0.00000000,0.00000000,0.00014946,3.10707829,144.37204060,0.03834316,0.00615287,-0.08729445,-0.06317561,-0.08331978,-0.09536591,-0.11551007,0.03000521,0.13601254,0.13461562,85.31824207,4.44444444,1.57888889,0.10600733,142.66666667,49.88888889,129.00000000,0.34666667,2.31333333,2.48455556,0.86600000,3.19903333,0.71111111,0.95689556,0.10171144,7.69131908,0.04732195,0.14002585,0.58167136,0.61097862,0.03531605,0.01145474,0.09841109,0.03266798,0.30388053,0.06252338,0.33910795,0.07907717,14.37610655,6.21445529,0.30739673,2.06122451,0.08715575,5.45631108,0.55201490,1885.61717015,2.38771752,490.52025437,30.90533728,7.31416810,10.71625535,7.71798877,14.02223693,1.61855556,8.88205935,648.67950573
350,Zr2TaTi2Nb2AlMo,BCC+B2,OTHER,,,1,298.15000000,2350.00000000,2460.00000000,,,,,10.1016/j.matdes.2017.11.033,2018,Compositional variation effects on the microstructure and properties of a refractory high-entropy superalloy AlMo0.5NbTa0.5TiZr,Zr2TaTi2Nb2AlMo,1.64226175,1.63330492,2306.36888889,18.42003552,3.32741385,0.22200000,0.11100000,0.22200000,0.22200000,0.11100000,0.11100000,0.00000000,0.00000000,0.00000000,0.00000000,0.00000000,0.00000000,0.00000000,0.00000000,0.00014946,3.10707829,144.37204060,0.03834316,0.00615287,-0.08729445,-0.06317561,-0.08331978,-0.09536591,-0.11551007,0.03000521,0.13601254,0.13461562,85.31824207,4.44444444,1.57888889,0.10600733,142.66666667,49.88888889,129.00000000,0.34666667,2.31333333,2.48455556,0.86600000,3.19903333,0.71111111,0.95689556,0.10171144,7.69131908,0.04732195,0.14002585,0.58167136,0.61097862,0.03531605,0.01145474,0.09841109,0.03266798,0.30388053,0.06252338,0.33910795,0.07907717,14.37610655,6.21445529,0.30739673,2.06122451,0.08715575,5.45631108,0.12927247,1885.61717015,2.38771752,1299.19215882,30.90533728,7.31416810,10.71625535,7.71798877,14.02223693,1.61855556,8.88205935,1734.45794849
351,Zr2TaTi2Nb2Cr2Mo,BCC+BCC+Laves,OTHER,,,1,1273.15000000,546.00000000,,,,,,10.1016/j.actamat.2019.06.032,2019,High temperature strength of refractory complex concentrated alloys,Zr2TaTi2Nb2Cr2Mo,1.60634341,1.60416801,2418.40000000,17.28601147,3.25767882,0.20000000,0.10000000,0.20000000,0.20000000,0.20000000,0.10000000,0.00000000,0.00000000,0.00000000,0.00000000,0.00000000,0.00000000,0.00000000,0.00000000,0.00015064,3.04465754,170.14132921,0.25512243,0.22615116,0.05366321,0.04780227,0.01071257,0.01883101,-0.01825869,0.03552742,0.21666245,0.24862300,84.48748400,4.90000000,1.59200000,0.18113503,153.20000000,65.30000000,164.90000000,0.31900000,2.42600000,2.81720000,1.09180000,2.95606000,1.02500000,0.89297820,0.18200000,8.11609224,0.07063960,0.20473297,0.55452732,0.55758058,0.05443346,0.01561085,0.15398347,0.04332213,0.37076837,0.08974502,0.39114269,0.09141827,18.42264898,7.59383717,0.42250618,1.93685756,0.23375979,7.62097576,0.52644310,3769.63064722,3.62463761,1552.62319629,7.67746493,0.00000000,0.67892263,3.38502039,6.50231524,1.72540000,10.67732061,578.33677305
352,Zr2TaTi2Nb2Cr2Mo,BCC+BCC+Sec.,OTHER,,5.29200000,1,298.15000000,1595.00000000,2046.00000000,5.00000000,,,,10.1016/j.msea.2011.09.033,2011,Microstructure and properties of a refractory NbCrMo0.5Ta0.5TiZr alloy,Zr2TaTi2Nb2Cr2Mo,1.60634341,1.60416801,2418.40000000,17.28601147,3.25767882,0.20000000,0.10000000,0.20000000,0.20000000,0.20000000,0.10000000,0.00000000,0.00000000,0.00000000,0.00000000,0.00000000,0.00000000,0.00000000,0.00000000,0.00015064,3.04465754,170.14132921,0.25512243,0.22615116,0.05366321,0.04780227,0.01071257,0.01883101,-0.01825869,0.03552742,0.21666245,0.24862300,84.48748400,4.90000000,1.59200000,0.18113503,153.20000000,65.30000000,164.90000000,0.31900000,2.42600000,2.81720000,1.09180000,2.95606000,1.02500000,0.89297820,0.18200000,8.11609224,0.07063960,0.20473297,0.55452732,0.55758058,0.05443346,0.01561085,0.15398347,0.04332213,0.37076837,0.08974502,0.39114269,0.09141827,18.42264898,7.59383717,0.42250618,1.93685756,0.23375979,7.62097576,0.12328399,3769.63064722,3.62463761,2882.05918571,7.67746493,0.00000000,0.67892263,3.38502039,6.50231524,1.72540000,10.67732061,1537.63839504
353,Zr2TaTi2Nb2Cr2Mo,BCC+BCC+Sec.,OTHER,,,1,1073.15000000,983.00000000,1100.00000000,5.50000000,,,,10.1016/j.msea.2011.09.033,2011,Microstructure and properties of a refractory NbCrMo0.5Ta0.5TiZr alloy,Zr2TaTi2Nb2Cr2Mo,1.60634341,1.60416801,2418.40000000,17.28601147,3.25767882,0.20000000,0.10000000,0.20000000,0.20000000,0.20000000,0.10000000,0.00000000,0.00000000,0.00000000,0.00000000,0.00000000,0.00000000,0.00000000,0.00000000,0.00015064,3.04465754,170.14132921,0.25512243,0.22615116,0.05366321,0.04780227,0.01071257,0.01883101,-0.01825869,0.03552742,0.21666245,0.24862300,84.48748400,4.90000000,1.59200000,0.18113503,153.20000000,65.30000000,164.90000000,0.31900000,2.42600000,2.81720000,1.09180000,2.95606000,1.02500000,0.89297820,0.18200000,8.11609224,0.07063960,0.20473297,0.55452732,0.55758058,0.05443346,0.01561085,0.15398347,0.04332213,0.37076837,0.08974502,0.39114269,0.09141827,18.42264898,7.59383717,0.42250618,1.93685756,0.23375979,7.62097576,0.44374380,3769.63064722,3.62463761,1784.77116949,7.67746493,0.00000000,0.67892263,3.38502039,6.50231524,1.72540000,10.67732061,1041.88118176
354,Zr2TaTi2Nb2Cr2Mo,BCC+BCC+Laves,OTHER,,,1,1400.00000000,234.32509375,,,,,,10.1016/j.actamat.2019.06.032,2019,High temperature strength of refractory complex concentrated alloys,Zr2TaTi2Nb2Cr2Mo,1.60634341,1.60416801,2418.40000000,17.28601147,3.25767882,0.20000000,0.10000000,0.20000000,0.20000000,0.20000000,0.10000000,0.00000000,0.00000000,0.00000000,0.00000000,0.00000000,0.00000000,0.00000000,0.00000000,0.00015064,3.04465754,170.14132921,0.25512243,0.22615116,0.05366321,0.04780227,0.01071257,0.01883101,-0.01825869,0.03552742,0.21666245,0.24862300,84.48748400,4.90000000,1.59200000,0.18113503,153.20000000,65.30000000,164.90000000,0.31900000,2.42600000,2.81720000,1.09180000,2.95606000,1.02500000,0.89297820,0.18200000,8.11609224,0.07063960,0.20473297,0.55452732,0.55758058,0.05443346,0.01561085,0.15398347,0.04332213,0.37076837,0.08974502,0.39114269,0.09141827,18.42264898,7.59383717,0.42250618,1.93685756,0.23375979,7.62097576,0.57889514,3769.63064722,3.62463761,1421.29261063,7.67746493,0.00000000,0.67892263,3.38502039,6.50231524,1.72540000,10.67732061,251.98391530
355,Zr2TaTi2Nb2Cr2Mo,BCC+BCC+Laves,OTHER,,,1,1700.00000000,62.84060421,,,,,,10.1016/j.actamat.2019.06.032,2019,High temperature strength of refractory complex concentrated alloys,Zr2TaTi2Nb2Cr2Mo,1.60634341,1.60416801,2418.40000000,17.28601147,3.25767882,0.20000000,0.10000000,0.20000000,0.20000000,0.20000000,0.10000000,0.00000000,0.00000000,0.00000000,0.00000000,0.00000000,0.00000000,0.00000000,0.00000000,0.00015064,3.04465754,170.14132921,0.25512243,0.22615116,0.05366321,0.04780227,0.01071257,0.01883101,-0.01825869,0.03552742,0.21666245,0.24862300,84.48748400,4.90000000,1.59200000,0.18113503,153.20000000,65.30000000,164.90000000,0.31900000,2.42600000,2.81720000,1.09180000,2.95606000,1.02500000,0.89297820,0.18200000,8.11609224,0.07063960,0.20473297,0.55452732,0.55758058,0.05443346,0.01561085,0.15398347,0.04332213,0.37076837,0.08974502,0.39114269,0.09141827,18.42264898,7.59383717,0.42250618,1.93685756,0.23375979,7.62097576,0.70294410,3769.63064722,3.62463761,1153.21103817,7.67746493,0.00000000,0.67892263,3.38502039,6.50231524,1.72540000,10.67732061,75.36559196
356,Zr2TaTi2Nb2Cr2Mo,BCC+BCC+Laves,OTHER,,,1,2000.00000000,16.85240567,,,,,,10.1016/j.actamat.2019.06.032,2019,High temperature strength of refractory complex concentrated alloys,Zr2TaTi2Nb2Cr2Mo,1.60634341,1.60416801,2418.40000000,17.28601147,3.25767882,0.20000000,0.10000000,0.20000000,0.20000000,0.20000000,0.10000000,0.00000000,0.00000000,0.00000000,0.00000000,0.00000000,0.00000000,0.00000000,0.00000000,0.00015064,3.04465754,170.14132921,0.25512243,0.22615116,0.05366321,0.04780227,0.01071257,0.01883101,-0.01825869,0.03552742,0.21666245,0.24862300,84.48748400,4.90000000,1.59200000,0.18113503,153.20000000,65.30000000,164.90000000,0.31900000,2.42600000,2.81720000,1.09180000,2.95606000,1.02500000,0.89297820,0.18200000,8.11609224,0.07063960,0.20473297,0.55452732,0.55758058,0.05443346,0.01561085,0.15398347,0.04332213,0.37076837,0.08974502,0.39114269,0.09141827,18.42264898,7.59383717,0.42250618,1.93685756,0.23375979,7.62097576,0.82699305,3769.63064722,3.62463761,935.69451399,7.67746493,0.00000000,0.67892263,3.38502039,6.50231524,1.72540000,10.67732061,20.73767376
357,Zr2TaTi2Nb2Cr2Mo,BCC+BCC+Laves,OTHER,,,1,1473.15000000,170.00000000,,,,,,10.1016/j.actamat.2019.06.032,2019,High temperature strength of refractory complex concentrated alloys,Zr2TaTi2Nb2Cr2Mo,1.60634341,1.60416801,2418.40000000,17.28601147,3.25767882,0.20000000,0.10000000,0.20000000,0.20000000,0.20000000,0.10000000,0.00000000,0.00000000,0.00000000,0.00000000,0.00000000,0.00000000,0.00000000,0.00000000,0.00015064,3.04465754,170.14132921,0.25512243,0.22615116,0.05366321,0.04780227,0.01071257,0.01883101,-0.01825869,0.03552742,0.21666245,0.24862300,84.48748400,4.90000000,1.59200000,0.18113503,153.20000000,65.30000000,164.90000000,0.31900000,2.42600000,2.81720000,1.09180000,2.95606000,1.02500000,0.89297820,0.18200000,8.11609224,0.07063960,0.20473297,0.55452732,0.55758058,0.05443346,0.01561085,0.15398347,0.04332213,0.37076837,0.08974502,0.39114269,0.09141827,18.42264898,7.59383717,0.42250618,1.93685756,0.23375979,7.62097576,0.60914241,3769.63064722,3.62463761,1350.67107250,7.67746493,0.00000000,0.67892263,3.38502039,6.50231524,1.72540000,10.67732061,169.77609438
358,Zr3Ti2Nb2(AlV)2,bcc,UNKNOWN,0.00000000,0.00000000,1,1073.15000000,180.00000000,0.00000000,0.00000000,0.00000000,0.00000000,0.00000000,UNKNOWN,UNKNOWN,UNKNOWN,Zr3Ti2Nb2(AlV)2,1.63107432,1.62364368,1999.87636364,17.93872388,3.29817615,0.27300000,0.18200000,0.18200000,0.18200000,0.18200000,0.00000000,0.00000000,0.00000000,0.00000000,0.00000000,0.00000000,0.00000000,0.00000000,0.00000000,0.00013743,3.08435399,125.90106026,0.06804887,0.03627951,-0.09044992,-0.10795071,-0.12590761,-0.13972006,-0.15767696,0.01412497,0.08982728,0.10134038,64.64225793,4.18181818,1.52272727,0.07570231,118.09090909,37.18181818,94.45454545,0.35454545,2.09763636,2.28990909,0.69672727,3.52970909,0.46727273,0.87716127,0.05189145,5.98376276,0.06277885,0.18516561,0.19690882,0.26436415,0.04814155,0.01662171,0.13447328,0.04655423,0.15611370,0.03950410,0.20936739,0.06120186,10.62025884,5.06296470,0.22276155,2.09859153,0.13950543,2.54592697,0.53660817,2089.23168279,2.11307039,579.41173477,31.11370939,10.58274693,9.70249250,3.18434261,17.66451922,1.59318182,6.66606831,245.06643130
359,Zr3Ti2Nb2(AlV)2,bcc,UNKNOWN,0.00000000,0.00000000,1,873.15000000,1195.00000000,0.00000000,0.00000000,0.00000000,0.00000000,0.00000000,UNKNOWN,UNKNOWN,UNKNOWN,Zr3Ti2Nb2(AlV)2,1.63107432,1.62364368,1999.87636364,17.93872388,3.29817615,0.27300000,0.18200000,0.18200000,0.18200000,0.18200000,0.00000000,0.00000000,0.00000000,0.00000000,0.00000000,0.00000000,0.00000000,0.00000000,0.00000000,0.00013743,3.08435399,125.90106026,0.06804887,0.03627951,-0.09044992,-0.10795071,-0.12590761,-0.13972006,-0.15767696,0.01412497,0.08982728,0.10134038,64.64225793,4.18181818,1.52272727,0.07570231,118.09090909,37.18181818,94.45454545,0.35454545,2.09763636,2.28990909,0.69672727,3.52970909,0.46727273,0.87716127,0.05189145,5.98376276,0.06277885,0.18516561,0.19690882,0.26436415,0.04814155,0.01662171,0.13447328,0.04655423,0.15611370,0.03950410,0.20936739,0.06120186,10.62025884,5.06296470,0.22276155,2.09859153,0.13950543,2.54592697,0.43660199,2089.23168279,2.11307039,735.85748215,31.11370939,10.58274693,9.70249250,3.18434261,17.66451922,1.59318182,6.66606831,1143.98650795
360,Zr3Ti2Nb2(AlV)2,bcc,UNKNOWN,0.00000000,0.00000000,1,473.15000000,1422.37284600,0.00000000,0.00000000,0.00000000,0.00000000,0.00000000,UNKNOWN,UNKNOWN,UNKNOWN,Zr3Ti2Nb2(AlV)2,1.63107432,1.62364368,1999.87636364,17.93872388,3.29817615,0.27300000,0.18200000,0.18200000,0.18200000,0.18200000,0.00000000,0.00000000,0.00000000,0.00000000,0.00000000,0.00000000,0.00000000,0.00000000,0.00000000,0.00013743,3.08435399,125.90106026,0.06804887,0.03627951,-0.09044992,-0.10795071,-0.12590761,-0.13972006,-0.15767696,0.01412497,0.08982728,0.10134038,64.64225793,4.18181818,1.52272727,0.07570231,118.09090909,37.18181818,94.45454545,0.35454545,2.09763636,2.28990909,0.69672727,3.52970909,0.46727273,0.87716127,0.05189145,5.98376276,0.06277885,0.18516561,0.19690882,0.26436415,0.04814155,0.01662171,0.13447328,0.04655423,0.15611370,0.03950410,0.20936739,0.06120186,10.62025884,5.06296470,0.22276155,2.09859153,0.13950543,2.54592697,0.23658963,2089.23168279,2.11307039,1130.19716239,31.11370939,10.58274693,9.70249250,3.18434261,17.66451922,1.59318182,6.66606831,1342.67083099
361,Zr3Ti2Nb2(AlV)2,bcc,UNKNOWN,0.00000000,0.00000000,1,298.15000000,1535.00000000,0.00000000,0.00000000,0.00000000,0.00000000,0.00000000,UNKNOWN,UNKNOWN,UNKNOWN,Zr3Ti2Nb2(AlV)2,1.63107432,1.62364368,1999.87636364,17.93872388,3.29817615,0.27300000,0.18200000,0.18200000,0.18200000,0.18200000,0.00000000,0.00000000,0.00000000,0.00000000,0.00000000,0.00000000,0.00000000,0.00000000,0.00000000,0.00013743,3.08435399,125.90106026,0.06804887,0.03627951,-0.09044992,-0.10795071,-0.12590761,-0.13972006,-0.15767696,0.01412497,0.08982728,0.10134038,64.64225793,4.18181818,1.52272727,0.07570231,118.09090909,37.18181818,94.45454545,0.35454545,2.09763636,2.28990909,0.69672727,3.52970909,0.46727273,0.87716127,0.05189145,5.98376276,0.06277885,0.18516561,0.19690882,0.26436415,0.04814155,0.01662171,0.13447328,0.04655423,0.15611370,0.03950410,0.20936739,0.06120186,10.62025884,5.06296470,0.22276155,2.09859153,0.13950543,2.54592697,0.14908422,2089.23168279,2.11307039,1384.33594264,31.11370939,10.58274693,9.70249250,3.18434261,17.66451922,1.59318182,6.66606831,1451.37335711
362,Zr3Ti2Nb2(AlV)2,bcc,UNKNOWN,0.00000000,0.00000000,1,673.15000000,1303.73906600,0.00000000,0.00000000,0.00000000,0.00000000,0.00000000,UNKNOWN,UNKNOWN,UNKNOWN,Zr3Ti2Nb2(AlV)2,1.63107432,1.62364368,1999.87636364,17.93872388,3.29817615,0.27300000,0.18200000,0.18200000,0.18200000,0.18200000,0.00000000,0.00000000,0.00000000,0.00000000,0.00000000,0.00000000,0.00000000,0.00000000,0.00000000,0.00013743,3.08435399,125.90106026,0.06804887,0.03627951,-0.09044992,-0.10795071,-0.12590761,-0.13972006,-0.15767696,0.01412497,0.08982728,0.10134038,64.64225793,4.18181818,1.52272727,0.07570231,118.09090909,37.18181818,94.45454545,0.35454545,2.09763636,2.28990909,0.69672727,3.52970909,0.46727273,0.87716127,0.05189145,5.98376276,0.06277885,0.18516561,0.19690882,0.26436415,0.04814155,0.01662171,0.13447328,0.04655423,0.15611370,0.03950410,0.20936739,0.06120186,10.62025884,5.06296470,0.22276155,2.09859153,0.13950543,2.54592697,0.33659581,2089.23168279,2.11307039,934.54481768,31.11370939,10.58274693,9.70249250,3.18434261,17.66451922,1.59318182,6.66606831,1279.24949260
363,Zr3Ti2Nb2(AlV)2,bcc,UNKNOWN,0.00000000,0.00000000,1,1400.00000000,8.16137057,0.00000000,0.00000000,0.00000000,0.00000000,0.00000000,UNKNOWN,UNKNOWN,UNKNOWN,Zr3Ti2Nb2(AlV)2,1.63107432,1.62364368,1999.87636364,17.93872388,3.29817615,0.27300000,0.18200000,0.18200000,0.18200000,0.18200000,0.00000000,0.00000000,0.00000000,0.00000000,0.00000000,0.00000000,0.00000000,0.00000000,0.00000000,0.00013743,3.08435399,125.90106026,0.06804887,0.03627951,-0.09044992,-0.10795071,-0.12590761,-0.13972006,-0.15767696,0.01412497,0.08982728,0.10134038,64.64225793,4.18181818,1.52272727,0.07570231,118.09090909,37.18181818,94.45454545,0.35454545,2.09763636,2.28990909,0.69672727,3.52970909,0.46727273,0.87716127,0.05189145,5.98376276,0.06277885,0.18516561,0.19690882,0.26436415,0.04814155,0.01662171,0.13447328,0.04655423,0.15611370,0.03950410,0.20936739,0.06120186,10.62025884,5.06296470,0.22276155,2.09859153,0.13950543,2.54592697,0.70004328,2089.23168279,2.11307039,392.05016339,31.11370939,10.58274693,9.70249250,3.18434261,17.66451922,1.59318182,6.66606831,28.75909428
364,Zr3Ti2Nb2(AlV)2,bcc,UNKNOWN,0.00000000,0.00000000,1,1100.00000000,139.60667949,0.00000000,0.00000000,0.00000000,0.00000000,0.00000000,UNKNOWN,UNKNOWN,UNKNOWN,Zr3Ti2Nb2(AlV)2,1.63107432,1.62364368,1999.87636364,17.93872388,3.29817615,0.27300000,0.18200000,0.18200000,0.18200000,0.18200000,0.00000000,0.00000000,0.00000000,0.00000000,0.00000000,0.00000000,0.00000000,0.00000000,0.00000000,0.00013743,3.08435399,125.90106026,0.06804887,0.03627951,-0.09044992,-0.10795071,-0.12590761,-0.13972006,-0.15767696,0.01412497,0.08982728,0.10134038,64.64225793,4.18181818,1.52272727,0.07570231,118.09090909,37.18181818,94.45454545,0.35454545,2.09763636,2.28990909,0.69672727,3.52970909,0.46727273,0.87716127,0.05189145,5.98376276,0.06277885,0.18516561,0.19690882,0.26436415,0.04814155,0.01662171,0.13447328,0.04655423,0.15611370,0.03950410,0.20936739,0.06120186,10.62025884,5.06296470,0.22276155,2.09859153,0.13950543,2.54592697,0.55003400,2089.23168279,2.11307039,561.11421924,31.11370939,10.58274693,9.70249250,3.18434261,17.66451922,1.59318182,6.66606831,148.53676974
365,Zr5Ti23Nb23(AlV)23,bcc,UNKNOWN,0.00000000,0.00000000,1,673.15000000,1159.53808300,0.00000000,0.00000000,0.00000000,0.00000000,0.00000000,UNKNOWN,UNKNOWN,UNKNOWN,Zr5Ti23Nb23(AlV)23,1.58853258,1.57794546,1960.91092784,16.49301635,3.20708174,0.05200000,0.23700000,0.23700000,0.23700000,0.23700000,0.00000000,0.00000000,0.00000000,0.00000000,0.00000000,0.00000000,0.00000000,0.00000000,0.00000000,0.00013086,3.00039997,135.37121367,0.02799470,0.00473499,-0.09951114,-0.12607298,-0.13748759,-0.14933268,-0.16074730,0.02321627,0.12472247,0.13414750,56.55811987,4.23711340,1.58134021,0.10130307,126.32989691,38.45360825,102.80412371,0.35896907,2.12732990,2.34431959,0.81312371,3.19782165,0.53335052,0.89509827,0.09200277,5.69435146,0.04447086,0.13266412,0.20636119,0.22057433,0.03346517,0.00966663,0.09327482,0.02957597,0.17097563,0.05618444,0.18392048,0.05618165,10.68015997,5.02045309,0.25071359,2.11997426,0.11282229,2.03537018,0.34328433,1404.06598027,1.61966875,491.54923715,12.19101775,12.17908024,15.60202655,2.34167880,15.42196708,1.53119588,6.97504487,1195.79242513
366,Zr5Ti23Nb23(AlV)23,bcc,UNKNOWN,0.00000000,0.00000000,1,1400.00000000,597.15303128,0.00000000,0.00000000,0.00000000,0.00000000,0.00000000,UNKNOWN,UNKNOWN,UNKNOWN,Zr5Ti23Nb23(AlV)23,1.58853258,1.57794546,1960.91092784,16.49301635,3.20708174,0.05200000,0.23700000,0.23700000,0.23700000,0.23700000,0.00000000,0.00000000,0.00000000,0.00000000,0.00000000,0.00000000,0.00000000,0.00000000,0.00000000,0.00013086,3.00039997,135.37121367,0.02799470,0.00473499,-0.09951114,-0.12607298,-0.13748759,-0.14933268,-0.16074730,0.02321627,0.12472247,0.13414750,56.55811987,4.23711340,1.58134021,0.10130307,126.32989691,38.45360825,102.80412371,0.35896907,2.12732990,2.34431959,0.81312371,3.19782165,0.53335052,0.89509827,0.09200277,5.69435146,0.04447086,0.13266412,0.20636119,0.22057433,0.03346517,0.00966663,0.09327482,0.02957597,0.17097563,0.05618444,0.18392048,0.05618165,10.68015997,5.02045309,0.25071359,2.11997426,0.11282229,2.03537018,0.71395390,1404.06598027,1.61966875,158.26461405,12.19101775,12.17908024,15.60202655,2.34167880,15.42196708,1.53119588,6.97504487,394.21371959
367,Zr5Ti23Nb23(AlV)23,bcc,UNKNOWN,0.00000000,0.00000000,1,1100.00000000,830.15823579,0.00000000,0.00000000,0.00000000,0.00000000,0.00000000,UNKNOWN,UNKNOWN,UNKNOWN,Zr5Ti23Nb23(AlV)23,1.58853258,1.57794546,1960.91092784,16.49301635,3.20708174,0.05200000,0.23700000,0.23700000,0.23700000,0.23700000,0.00000000,0.00000000,0.00000000,0.00000000,0.00000000,0.00000000,0.00000000,0.00000000,0.00000000,0.00013086,3.00039997,135.37121367,0.02799470,0.00473499,-0.09951114,-0.12607298,-0.13748759,-0.14933268,-0.16074730,0.02321627,0.12472247,0.13414750,56.55811987,4.23711340,1.58134021,0.10130307,126.32989691,38.45360825,102.80412371,0.35896907,2.12732990,2.34431959,0.81312371,3.19782165,0.53335052,0.89509827,0.09200277,5.69435146,0.04447086,0.13266412,0.20636119,0.22057433,0.03346517,0.00966663,0.09327482,0.02957597,0.17097563,0.05618444,0.18392048,0.05618165,10.68015997,5.02045309,0.25071359,2.11997426,0.11282229,2.03537018,0.56096378,1404.06598027,1.61966875,252.65475240,12.19101775,12.17908024,15.60202655,2.34167880,15.42196708,1.53119588,6.97504487,852.71971798
368,Zr5Ti23Nb23(AlV)23,bcc,UNKNOWN,0.00000000,0.00000000,1,298.15000000,1360.00000000,0.00000000,0.00000000,0.00000000,0.00000000,0.00000000,UNKNOWN,UNKNOWN,UNKNOWN,Zr5Ti23Nb23(AlV)23,1.58853258,1.57794546,1960.91092784,16.49301635,3.20708174,0.05200000,0.23700000,0.23700000,0.23700000,0.23700000,0.00000000,0.00000000,0.00000000,0.00000000,0.00000000,0.00000000,0.00000000,0.00000000,0.00000000,0.00013086,3.00039997,135.37121367,0.02799470,0.00473499,-0.09951114,-0.12607298,-0.13748759,-0.14933268,-0.16074730,0.02321627,0.12472247,0.13414750,56.55811987,4.23711340,1.58134021,0.10130307,126.32989691,38.45360825,102.80412371,0.35896907,2.12732990,2.34431959,0.81312371,3.19782165,0.53335052,0.89509827,0.09200277,5.69435146,0.04447086,0.13266412,0.20636119,0.22057433,0.03346517,0.00966663,0.09327482,0.02957597,0.17097563,0.05618444,0.18392048,0.05618165,10.68015997,5.02045309,0.25071359,2.11997426,0.11282229,2.03537018,0.15204668,1404.06598027,1.61966875,838.45524916,12.19101775,12.17908024,15.60202655,2.34167880,15.42196708,1.53119588,6.97504487,1316.47897700
369,Zr5Ti23Nb23(AlV)23,bcc,UNKNOWN,0.00000000,0.00000000,1,1073.15000000,855.00000000,0.00000000,0.00000000,0.00000000,0.00000000,0.00000000,UNKNOWN,UNKNOWN,UNKNOWN,Zr5Ti23Nb23(AlV)23,1.58853258,1.57794546,1960.91092784,16.49301635,3.20708174,0.05200000,0.23700000,0.23700000,0.23700000,0.23700000,0.00000000,0.00000000,0.00000000,0.00000000,0.00000000,0.00000000,0.00000000,0.00000000,0.00000000,0.00013086,3.00039997,135.37121367,0.02799470,0.00473499,-0.09951114,-0.12607298,-0.13748759,-0.14933268,-0.16074730,0.02321627,0.12472247,0.13414750,56.55811987,4.23711340,1.58134021,0.10130307,126.32989691,38.45360825,102.80412371,0.35896907,2.12732990,2.34431959,0.81312371,3.19782165,0.53335052,0.89509827,0.09200277,5.69435146,0.04447086,0.13266412,0.20636119,0.22057433,0.03346517,0.00966663,0.09327482,0.02957597,0.17097563,0.05618444,0.18392048,0.05618165,10.68015997,5.02045309,0.25071359,2.11997426,0.11282229,2.03537018,0.54727116,1404.06598027,1.61966875,263.45644557,12.19101775,12.17908024,15.60202655,2.34167880,15.42196708,1.53119588,6.97504487,874.95382108
370,Zr5Ti23Nb23(AlV)23,bcc,UNKNOWN,0.00000000,0.00000000,1,873.15000000,1065.00000000,0.00000000,0.00000000,0.00000000,0.00000000,0.00000000,UNKNOWN,UNKNOWN,UNKNOWN,Zr5Ti23Nb23(AlV)23,1.58853258,1.57794546,1960.91092784,16.49301635,3.20708174,0.05200000,0.23700000,0.23700000,0.23700000,0.23700000,0.00000000,0.00000000,0.00000000,0.00000000,0.00000000,0.00000000,0.00000000,0.00000000,0.00000000,0.00013086,3.00039997,135.37121367,0.02799470,0.00473499,-0.09951114,-0.12607298,-0.13748759,-0.14933268,-0.16074730,0.02321627,0.12472247,0.13414750,56.55811987,4.23711340,1.58134021,0.10130307,126.32989691,38.45360825,102.80412371,0.35896907,2.12732990,2.34431959,0.81312371,3.19782165,0.53335052,0.89509827,0.09200277,5.69435146,0.04447086,0.13266412,0.20636119,0.22057433,0.03346517,0.00966663,0.09327482,0.02957597,0.17097563,0.05618444,0.18392048,0.05618165,10.68015997,5.02045309,0.25071359,2.11997426,0.11282229,2.03537018,0.44527775,1404.06598027,1.61966875,359.86360588,12.19101775,12.17908024,15.60202655,2.34167880,15.42196708,1.53119588,6.97504487,1042.98634100
371,Zr5Ti23Nb23(AlV)23,bcc,UNKNOWN,0.00000000,0.00000000,1,1700.00000000,429.54671458,0.00000000,0.00000000,0.00000000,0.00000000,0.00000000,UNKNOWN,UNKNOWN,UNKNOWN,Zr5Ti23Nb23(AlV)23,1.58853258,1.57794546,1960.91092784,16.49301635,3.20708174,0.05200000,0.23700000,0.23700000,0.23700000,0.23700000,0.00000000,0.00000000,0.00000000,0.00000000,0.00000000,0.00000000,0.00000000,0.00000000,0.00000000,0.00013086,3.00039997,135.37121367,0.02799470,0.00473499,-0.09951114,-0.12607298,-0.13748759,-0.14933268,-0.16074730,0.02321627,0.12472247,0.13414750,56.55811987,4.23711340,1.58134021,0.10130307,126.32989691,38.45360825,102.80412371,0.35896907,2.12732990,2.34431959,0.81312371,3.19782165,0.53335052,0.89509827,0.09200277,5.69435146,0.04447086,0.13266412,0.20636119,0.22057433,0.03346517,0.00966663,0.09327482,0.02957597,0.17097563,0.05618444,0.18392048,0.05618165,10.68015997,5.02045309,0.25071359,2.11997426,0.11282229,2.03537018,0.86694402,1404.06598027,1.61966875,99.13800482,12.19101775,12.17908024,15.60202655,2.34167880,15.42196708,1.53119588,6.97504487,337.90739415
372,Zr5Ti23Nb23(AlV)23,bcc,UNKNOWN,0.00000000,0.00000000,1,473.15000000,1262.46813600,0.00000000,0.00000000,0.00000000,0.00000000,0.00000000,UNKNOWN,UNKNOWN,UNKNOWN,Zr5Ti23Nb23(AlV)23,1.58853258,1.57794546,1960.91092784,16.49301635,3.20708174,0.05200000,0.23700000,0.23700000,0.23700000,0.23700000,0.00000000,0.00000000,0.00000000,0.00000000,0.00000000,0.00000000,0.00000000,0.00000000,0.00000000,0.00013086,3.00039997,135.37121367,0.02799470,0.00473499,-0.09951114,-0.12607298,-0.13748759,-0.14933268,-0.16074730,0.02321627,0.12472247,0.13414750,56.55811987,4.23711340,1.58134021,0.10130307,126.32989691,38.45360825,102.80412371,0.35896907,2.12732990,2.34431959,0.81312371,3.19782165,0.53335052,0.89509827,0.09200277,5.69435146,0.04447086,0.13266412,0.20636119,0.22057433,0.03346517,0.00966663,0.09327482,0.02957597,0.17097563,0.05618444,0.18392048,0.05618165,10.68015997,5.02045309,0.25071359,2.11997426,0.11282229,2.03537018,0.24129092,1404.06598027,1.61966875,671.42286297,12.19101775,12.17908024,15.60202655,2.34167880,15.42196708,1.53119588,6.97504487,1274.09720938
373,Zr8Ti8Nb8Cr25,BCC+Laves,OTHER,,,1,1400.00000000,54.75818402,,,,,,10.1016/j.actamat.2019.06.032,2019,High temperature strength of refractory complex concentrated alloys,Zr8Ti8Nb8Cr25,1.54914681,1.54992718,2225.55102041,15.38041924,3.13328132,0.16300000,0.16300000,0.16300000,0.51000000,0.00000000,0.00000000,0.00000000,0.00000000,0.00000000,0.00000000,0.00000000,0.00000000,0.00000000,0.00000000,0.00010603,2.93529885,184.37140559,0.42195301,0.39830300,0.11670392,0.07056404,0.03852697,0.04691403,0.01487696,0.00223836,0.24654295,0.29620547,64.40574571,5.18367347,1.57673469,0.24430459,142.73469388,77.44897959,189.36734694,0.28020408,2.27632653,2.98206122,1.21983673,2.33189796,1.26122449,0.77595847,0.23387755,6.95353801,0.08717045,0.26700098,0.49651206,0.48927715,0.06717214,0.03346330,0.18747912,0.09305359,0.40202164,0.20213947,0.40496910,0.20098901,21.01579007,9.23232664,0.55406132,1.77856535,0.43355380,3.34420135,0.62905770,5685.87880198,4.31358766,2505.18927952,9.43186997,0.44063072,1.96139701,9.90066677,5.68572040,1.76222449,11.92571673,77.52858792
374,Zr8Ti8Nb8Cr25,BCC+Laves,OTHER,,,1,1473.15000000,32.00000000,,,,,,10.1016/j.actamat.2019.06.032,2019,High temperature strength of refractory complex concentrated alloys,Zr8Ti8Nb8Cr25,1.54914681,1.54992718,2225.55102041,15.38041924,3.13328132,0.16300000,0.16300000,0.16300000,0.51000000,0.00000000,0.00000000,0.00000000,0.00000000,0.00000000,0.00000000,0.00000000,0.00000000,0.00000000,0.00000000,0.00010603,2.93529885,184.37140559,0.42195301,0.39830300,0.11670392,0.07056404,0.03852697,0.04691403,0.01487696,0.00223836,0.24654295,0.29620547,64.40574571,5.18367347,1.57673469,0.24430459,142.73469388,77.44897959,189.36734694,0.28020408,2.27632653,2.98206122,1.21983673,2.33189796,1.26122449,0.77595847,0.23387755,6.95353801,0.08717045,0.26700098,0.49651206,0.48927715,0.06717214,0.03346330,0.18747912,0.09305359,0.40202164,0.20213947,0.40496910,0.20098901,21.01579007,9.23232664,0.55406132,1.77856535,0.43355380,3.34420135,0.66192596,5685.87880198,4.31358766,2400.16881373,9.43186997,0.44063072,1.96139701,9.90066677,5.68572040,1.76222449,11.92571673,59.87762079
375,Zr8Ti8Nb8Cr25,BCC+Laves,OTHER,,,1,1273.15000000,139.00000000,,,,,,10.1016/j.actamat.2019.06.032,2019,High temperature strength of refractory complex concentrated alloys,Zr8Ti8Nb8Cr25,1.54914681,1.54992718,2225.55102041,15.38041924,3.13328132,0.16300000,0.16300000,0.16300000,0.51000000,0.00000000,0.00000000,0.00000000,0.00000000,0.00000000,0.00000000,0.00000000,0.00000000,0.00000000,0.00000000,0.00010603,2.93529885,184.37140559,0.42195301,0.39830300,0.11670392,0.07056404,0.03852697,0.04691403,0.01487696,0.00223836,0.24654295,0.29620547,64.40574571,5.18367347,1.57673469,0.24430459,142.73469388,77.44897959,189.36734694,0.28020408,2.27632653,2.98206122,1.21983673,2.33189796,1.26122449,0.77595847,0.23387755,6.95353801,0.08717045,0.26700098,0.49651206,0.48927715,0.06717214,0.03346330,0.18747912,0.09305359,0.40202164,0.20213947,0.40496910,0.20098901,21.01579007,9.23232664,0.55406132,1.77856535,0.43355380,3.34420135,0.57206058,5685.87880198,4.31358766,2698.31592289,9.43186997,0.44063072,1.96139701,9.90066677,5.68572040,1.76222449,11.92571673,182.58672397
376,Zr8Ti8Nb8Cr25,BCC+Laves,OTHER,,,1,296.15000000,1576.00000000,,,,,,10.1016/j.actamat.2019.06.032,2019,High temperature strength of refractory complex concentrated alloys,Zr8Ti8Nb8Cr25,1.54914681,1.54992718,2225.55102041,15.38041924,3.13328132,0.16300000,0.16300000,0.16300000,0.51000000,0.00000000,0.00000000,0.00000000,0.00000000,0.00000000,0.00000000,0.00000000,0.00000000,0.00000000,0.00000000,0.00010603,2.93529885,184.37140559,0.42195301,0.39830300,0.11670392,0.07056404,0.03852697,0.04691403,0.01487696,0.00223836,0.24654295,0.29620547,64.40574571,5.18367347,1.57673469,0.24430459,142.73469388,77.44897959,189.36734694,0.28020408,2.27632653,2.98206122,1.21983673,2.33189796,1.26122449,0.77595847,0.23387755,6.95353801,0.08717045,0.26700098,0.49651206,0.48927715,0.06717214,0.03346330,0.18747912,0.09305359,0.40202164,0.20213947,0.40496910,0.20098901,21.01579007,9.23232664,0.55406132,1.77856535,0.43355380,3.34420135,0.13306817,5685.87880198,4.31358766,4499.09743224,9.43186997,0.44063072,1.96139701,9.90066677,5.68572040,1.76222449,11.92571673,1446.12540358
377,Zr8Ti8Nb8Cr25,BCC+Laves,OTHER,,,1,1700.00000000,6.04855737,,,,,,10.1016/j.actamat.2019.06.032,2019,High temperature strength of refractory complex concentrated alloys,Zr8Ti8Nb8Cr25,1.54914681,1.54992718,2225.55102041,15.38041924,3.13328132,0.16300000,0.16300000,0.16300000,0.51000000,0.00000000,0.00000000,0.00000000,0.00000000,0.00000000,0.00000000,0.00000000,0.00000000,0.00000000,0.00000000,0.00010603,2.93529885,184.37140559,0.42195301,0.39830300,0.11670392,0.07056404,0.03852697,0.04691403,0.01487696,0.00223836,0.24654295,0.29620547,64.40574571,5.18367347,1.57673469,0.24430459,142.73469388,77.44897959,189.36734694,0.28020408,2.27632653,2.98206122,1.21983673,2.33189796,1.26122449,0.77595847,0.23387755,6.95353801,0.08717045,0.26700098,0.49651206,0.48927715,0.06717214,0.03346330,0.18747912,0.09305359,0.40202164,0.20213947,0.40496910,0.20098901,21.01579007,9.23232664,0.55406132,1.77856535,0.43355380,3.34420135,0.76385578,5685.87880198,4.31358766,2101.66761937,9.43186997,0.44063072,1.96139701,9.90066677,5.68572040,1.76222449,11.92571673,55.53692719
378,Zr9Ta9Ti30(Nb3Al2)10,BCC,OTHER,2000.00000000,3.99840000,1,298.15000000,1280.00000000,1367.00000000,4.00000000,,,105.00000000,10.1007/s11837-014-1066-0,2014,Microstructure and Properties of Aluminum-Containing Refractory High-Entropy Alloys,Zr9Ta9Ti30(Nb3Al2)10,1.62667657,1.61623126,2124.06530612,17.78691133,3.28884580,0.09200000,0.09200000,0.30600000,0.30600000,0.20400000,0.00000000,0.00000000,0.00000000,0.00000000,0.00000000,0.00000000,0.00000000,0.00000000,0.00000000,0.00012823,3.08257259,130.38656931,0.01837842,-0.01316173,-0.10896978,-0.09887018,-0.11144956,-0.13041033,-0.14298971,-0.00117049,0.07366298,0.03841887,73.59570502,4.19387755,1.54969388,0.07483347,127.03061224,39.59183673,105.17346939,0.35428571,2.16530612,2.31392857,0.74383673,3.10547959,0.52959184,0.96530240,0.06824551,6.87070534,0.03545346,0.09843293,0.27367639,0.30398632,0.02541272,0.00664437,0.06199189,0.01526101,0.19069202,0.05141299,0.21258349,0.05418930,11.27664201,5.20787426,0.24458059,2.09734511,0.05560935,2.75475443,0.14036762,957.24786740,1.46345501,544.65750117,5.99850918,15.79289653,17.88143534,11.57861786,9.29227173,1.57009184,7.18215440,1201.45164522
379,Zr9Ta9Ti30(Nb3Al2)10,BCC,OTHER,,,1,1073.15000000,728.00000000,1000.00000000,12.00000000,,,105.00000000,10.1007/s11837-014-1066-0,2014,Microstructure and Properties of Aluminum-Containing Refractory High-Entropy Alloys,Zr9Ta9Ti30(Nb3Al2)10,1.62667657,1.61623126,2124.06530612,17.78691133,3.28884580,0.09200000,0.09200000,0.30600000,0.30600000,0.20400000,0.00000000,0.00000000,0.00000000,0.00000000,0.00000000,0.00000000,0.00000000,0.00000000,0.00000000,0.00012823,3.08257259,130.38656931,0.01837842,-0.01316173,-0.10896978,-0.09887018,-0.11144956,-0.13041033,-0.14298971,-0.00117049,0.07366298,0.03841887,73.59570502,4.19387755,1.54969388,0.07483347,127.03061224,39.59183673,105.17346939,0.35428571,2.16530612,2.31392857,0.74383673,3.10547959,0.52959184,0.96530240,0.06824551,6.87070534,0.03545346,0.09843293,0.27367639,0.30398632,0.02541272,0.00664437,0.06199189,0.01526101,0.19069202,0.05141299,0.21258349,0.05418930,11.27664201,5.20787426,0.24458059,2.09734511,0.05560935,2.75475443,0.50523399,957.24786740,1.46345501,150.23730139,5.99850918,15.79289653,17.88143534,11.57861786,9.29227173,1.57009184,7.18215440,729.07342379
380,Zr9Ta9Ti30(Nb3Al2)10,BCC,OTHER,,,1,1273.15000000,403.00000000,415.00000000,50.00000000,,,105.00000000,10.1007/s11837-014-1066-0,2014,Microstructure and Properties of Aluminum-Containing Refractory High-Entropy Alloys,Zr9Ta9Ti30(Nb3Al2)10,1.62667657,1.61623126,2124.06530612,17.78691133,3.28884580,0.09200000,0.09200000,0.30600000,0.30600000,0.20400000,0.00000000,0.00000000,0.00000000,0.00000000,0.00000000,0.00000000,0.00000000,0.00000000,0.00000000,0.00012823,3.08257259,130.38656931,0.01837842,-0.01316173,-0.10896978,-0.09887018,-0.11144956,-0.13041033,-0.14298971,-0.00117049,0.07366298,0.03841887,73.59570502,4.19387755,1.54969388,0.07483347,127.03061224,39.59183673,105.17346939,0.35428571,2.16530612,2.31392857,0.74383673,3.10547959,0.52959184,0.96530240,0.06824551,6.87070534,0.03545346,0.09843293,0.27367639,0.30398632,0.02541272,0.00664437,0.06199189,0.01526101,0.19069202,0.05141299,0.21258349,0.05418930,11.27664201,5.20787426,0.24458059,2.09734511,0.05560935,2.75475443,0.59939306,957.24786740,1.46345501,106.38797717,5.99850918,15.79289653,17.88143534,11.57861786,9.29227173,1.57009184,7.18215440,384.17025282
381,Zr9Ta9Ti30(Nb3Al2)10,BCC,OTHER,,,1,1700.00000000,114.07052611,415.00000000,50.00000000,,,105.00000000,10.1007/s11837-014-1066-0,2014,Microstructure and Properties of Aluminum-Containing Refractory High-Entropy Alloys,Zr9Ta9Ti30(Nb3Al2)10,1.62667657,1.61623126,2124.06530612,17.78691133,3.28884580,0.09200000,0.09200000,0.30600000,0.30600000,0.20400000,0.00000000,0.00000000,0.00000000,0.00000000,0.00000000,0.00000000,0.00000000,0.00000000,0.00000000,0.00012823,3.08257259,130.38656931,0.01837842,-0.01316173,-0.10896978,-0.09887018,-0.11144956,-0.13041033,-0.14298971,-0.00117049,0.07366298,0.03841887,73.59570502,4.19387755,1.54969388,0.07483347,127.03061224,39.59183673,105.17346939,0.35428571,2.16530612,2.31392857,0.74383673,3.10547959,0.52959184,0.96530240,0.06824551,6.87070534,0.03545346,0.09843293,0.27367639,0.30398632,0.02541272,0.00664437,0.06199189,0.01526101,0.19069202,0.05141299,0.21258349,0.05418930,11.27664201,5.20787426,0.24458059,2.09734511,0.05560935,2.75475443,0.80035204,957.24786740,1.46345501,50.93308886,5.99850918,15.79289653,17.88143534,11.57861786,9.29227173,1.57009184,7.18215440,146.00982572
382,Zr9Ta9Ti30(Nb3Al2)10,BCC,OTHER,,,1,1400.00000000,276.95738139,415.00000000,50.00000000,,,105.00000000,10.1007/s11837-014-1066-0,2014,Microstructure and Properties of Aluminum-Containing Refractory High-Entropy Alloys,Zr9Ta9Ti30(Nb3Al2)10,1.62667657,1.61623126,2124.06530612,17.78691133,3.28884580,0.09200000,0.09200000,0.30600000,0.30600000,0.20400000,0.00000000,0.00000000,0.00000000,0.00000000,0.00000000,0.00000000,0.00000000,0.00000000,0.00000000,0.00012823,3.08257259,130.38656931,0.01837842,-0.01316173,-0.10896978,-0.09887018,-0.11144956,-0.13041033,-0.14298971,-0.00117049,0.07366298,0.03841887,73.59570502,4.19387755,1.54969388,0.07483347,127.03061224,39.59183673,105.17346939,0.35428571,2.16530612,2.31392857,0.74383673,3.10547959,0.52959184,0.96530240,0.06824551,6.87070534,0.03545346,0.09843293,0.27367639,0.30398632,0.02541272,0.00664437,0.06199189,0.01526101,0.19069202,0.05141299,0.21258349,0.05418930,11.27664201,5.20787426,0.24458059,2.09734511,0.05560935,2.75475443,0.65911344,957.24786740,1.46345501,85.47278381,5.99850918,15.79289653,17.88143534,11.57861786,9.29227173,1.57009184,7.18215440,255.39421652
383,ZrTaTi2Nb2Al2Mo,bcc,UNKNOWN,0.00000000,0.00000000,1,298.15000000,1320.00000000,0.00000000,0.00000000,0.00000000,0.00000000,0.00000000,UNKNOWN,UNKNOWN,UNKNOWN,ZrTaTi2Nb2Al2Mo,1.62132535,1.60731590,2173.62666667,17.58412143,3.27629921,0.11100000,0.11100000,0.22200000,0.22200000,0.22200000,0.11100000,0.00000000,0.00000000,0.00000000,0.00000000,0.00000000,0.00000000,0.00000000,0.00000000,0.00014946,3.06759702,142.26074315,0.00816223,-0.01738915,-0.11410048,-0.09740483,-0.10979216,-0.12295621,-0.13534354,0.01961202,0.12364214,0.10187265,78.18019080,4.33333333,1.61000000,0.10403012,141.00000000,49.11111111,129.33333333,0.34777778,2.22000000,2.38322222,0.87955556,2.76913333,0.70000000,0.99043089,0.10342289,7.38287382,0.04103981,0.11763845,0.60169937,0.60741687,0.02977128,0.00726672,0.07658514,0.01775698,0.32006863,0.07654959,0.33580262,0.07589688,13.93458208,6.27683878,0.31531532,2.06643953,0.07165621,3.33521851,0.13716707,1476.43413685,2.00115809,959.89003819,20.21255367,7.29200601,11.15604173,7.33365970,10.05163307,1.50366667,9.26706853,1454.82183621
384,ZrTaTi2Nb2Al2Mo,bcc,UNKNOWN,0.00000000,0.00000000,1,1273.15000000,935.00000000,0.00000000,0.00000000,0.00000000,0.00000000,0.00000000,UNKNOWN,UNKNOWN,UNKNOWN,ZrTaTi2Nb2Al2Mo,1.62132535,1.60731590,2173.62666667,17.58412143,3.27629921,0.11100000,0.11100000,0.22200000,0.22200000,0.22200000,0.11100000,0.00000000,0.00000000,0.00000000,0.00000000,0.00000000,0.00000000,0.00000000,0.00000000,0.00014946,3.06759702,142.26074315,0.00816223,-0.01738915,-0.11410048,-0.09740483,-0.10979216,-0.12295621,-0.13534354,0.01961202,0.12364214,0.10187265,78.18019080,4.33333333,1.61000000,0.10403012,141.00000000,49.11111111,129.33333333,0.34777778,2.22000000,2.38322222,0.87955556,2.76913333,0.70000000,0.99043089,0.10342289,7.38287382,0.04103981,0.11763845,0.60169937,0.60741687,0.02977128,0.00726672,0.07658514,0.01775698,0.32006863,0.07654959,0.33580262,0.07589688,13.93458208,6.27683878,0.31531532,2.06643953,0.07165621,3.33521851,0.58572616,1476.43413685,2.00115809,296.11035299,20.21255367,7.29200601,11.15604173,7.33365970,10.05163307,1.50366667,9.26706853,709.25668154
385,ZrTaTi3Nb3Al2,bcc,UNKNOWN,0.00000000,0.00000000,1,1700.00000000,114.07052611,0.00000000,0.00000000,0.00000000,0.00000000,0.00000000,UNKNOWN,UNKNOWN,UNKNOWN,ZrTaTi3Nb3Al2,1.62810091,1.61791940,2135.76400000,17.83938106,3.29207656,0.10000000,0.10000000,0.30000000,0.30000000,0.20000000,0.00000000,0.00000000,0.00000000,0.00000000,0.00000000,0.00000000,0.00000000,0.00000000,0.00000000,0.00012967,3.08554755,130.69588805,0.02047628,-0.01103057,-0.10941164,-0.09995166,-0.11328124,-0.13145852,-0.14478809,0.00190147,0.07709112,0.04745666,74.84550972,4.20000000,1.54700000,0.07518966,127.40000000,39.80000000,105.60000000,0.35400000,2.17350000,2.31960000,0.74710000,3.12198000,0.53250000,0.96994740,0.06908060,6.96683238,0.03628574,0.10138667,0.27861138,0.31141340,0.02605749,0.00665183,0.06430517,0.01552042,0.19343016,0.05092512,0.21723640,0.05391339,11.34706728,5.22064287,0.24499655,2.09597523,0.05653049,2.77084018,0.79596809,1000.10150827,1.50420547,57.61483436,6.42320422,15.51196414,19.26436252,10.86358263,9.29227173,1.57250000,7.21594103,148.14047034
386,ZrTaTi3Nb3Al2,bcc,UNKNOWN,0.00000000,0.00000000,1,1400.00000000,276.95738139,0.00000000,0.00000000,0.00000000,0.00000000,0.00000000,UNKNOWN,UNKNOWN,UNKNOWN,ZrTaTi3Nb3Al2,1.62810091,1.61791940,2135.76400000,17.83938106,3.29207656,0.10000000,0.10000000,0.30000000,0.30000000,0.20000000,0.00000000,0.00000000,0.00000000,0.00000000,0.00000000,0.00000000,0.00000000,0.00000000,0.00000000,0.00012967,3.08554755,130.69588805,0.02047628,-0.01103057,-0.10941164,-0.09995166,-0.11328124,-0.13145852,-0.14478809,0.00190147,0.07709112,0.04745666,74.84550972,4.20000000,1.54700000,0.07518966,127.40000000,39.80000000,105.60000000,0.35400000,2.17350000,2.31960000,0.74710000,3.12198000,0.53250000,0.96994740,0.06908060,6.96683238,0.03628574,0.10138667,0.27861138,0.31141340,0.02605749,0.00665183,0.06430517,0.01552042,0.19343016,0.05092512,0.21723640,0.05391339,11.34706728,5.22064287,0.24499655,2.09597523,0.05653049,2.77084018,0.65550314,1000.10150827,1.50420547,95.33916301,6.42320422,15.51196414,19.26436252,10.86358263,9.29227173,1.57250000,7.21594103,255.77645687
387,ZrTaTi3Nb3Al2,bcc,UNKNOWN,0.00000000,0.00000000,1,298.15000000,1280.00000000,0.00000000,0.00000000,0.00000000,0.00000000,0.00000000,UNKNOWN,UNKNOWN,UNKNOWN,ZrTaTi3Nb3Al2,1.62810091,1.61791940,2135.76400000,17.83938106,3.29207656,0.10000000,0.10000000,0.30000000,0.30000000,0.20000000,0.00000000,0.00000000,0.00000000,0.00000000,0.00000000,0.00000000,0.00000000,0.00000000,0.00000000,0.00012967,3.08554755,130.69588805,0.02047628,-0.01103057,-0.10941164,-0.09995166,-0.11328124,-0.13145852,-0.14478809,0.00190147,0.07709112,0.04745666,74.84550972,4.20000000,1.54700000,0.07518966,127.40000000,39.80000000,105.60000000,0.35400000,2.17350000,2.31960000,0.74710000,3.12198000,0.53250000,0.96994740,0.06908060,6.96683238,0.03628574,0.10138667,0.27861138,0.31141340,0.02605749,0.00665183,0.06430517,0.01552042,0.19343016,0.05092512,0.21723640,0.05391339,11.34706728,5.22064287,0.24499655,2.09597523,0.05653049,2.77084018,0.13959876,1000.10150827,1.50420547,576.86132136,6.42320422,15.51196414,19.26436252,10.86358263,9.29227173,1.57250000,7.21594103,1201.45164522
388,ZrTaTi3Nb3Al2,bcc,UNKNOWN,0.00000000,0.00000000,1,1073.15000000,728.00000000,0.00000000,0.00000000,0.00000000,0.00000000,0.00000000,UNKNOWN,UNKNOWN,UNKNOWN,ZrTaTi3Nb3Al2,1.62810091,1.61791940,2135.76400000,17.83938106,3.29207656,0.10000000,0.10000000,0.30000000,0.30000000,0.20000000,0.00000000,0.00000000,0.00000000,0.00000000,0.00000000,0.00000000,0.00000000,0.00000000,0.00000000,0.00012967,3.08554755,130.69588805,0.02047628,-0.01103057,-0.10941164,-0.09995166,-0.11328124,-0.13145852,-0.14478809,0.00190147,0.07709112,0.04745666,74.84550972,4.20000000,1.54700000,0.07518966,127.40000000,39.80000000,105.60000000,0.35400000,2.17350000,2.31960000,0.74710000,3.12198000,0.53250000,0.96994740,0.06908060,6.96683238,0.03628574,0.10138667,0.27861138,0.31141340,0.02605749,0.00665183,0.06430517,0.01552042,0.19343016,0.05092512,0.21723640,0.05391339,11.34706728,5.22064287,0.24499655,2.09597523,0.05653049,2.77084018,0.50246656,1000.10150827,1.50420547,165.03851804,6.42320422,15.51196414,19.26436252,10.86358263,9.29227173,1.57250000,7.21594103,725.38331261
389,ZrTaTi3Nb3Al2,bcc,UNKNOWN,0.00000000,0.00000000,1,1273.15000000,403.00000000,0.00000000,0.00000000,0.00000000,0.00000000,0.00000000,UNKNOWN,UNKNOWN,UNKNOWN,ZrTaTi3Nb3Al2,1.62810091,1.61791940,2135.76400000,17.83938106,3.29207656,0.10000000,0.10000000,0.30000000,0.30000000,0.20000000,0.00000000,0.00000000,0.00000000,0.00000000,0.00000000,0.00000000,0.00000000,0.00000000,0.00000000,0.00012967,3.08554755,130.69588805,0.02047628,-0.01103057,-0.10941164,-0.09995166,-0.11328124,-0.13145852,-0.14478809,0.00190147,0.07709112,0.04745666,74.84550972,4.20000000,1.54700000,0.07518966,127.40000000,39.80000000,105.60000000,0.35400000,2.17350000,2.31960000,0.74710000,3.12198000,0.53250000,0.96994740,0.06908060,6.96683238,0.03628574,0.10138667,0.27861138,0.31141340,0.02605749,0.00665183,0.06430517,0.01552042,0.19343016,0.05092512,0.21723640,0.05391339,11.34706728,5.22064287,0.24499655,2.09597523,0.05653049,2.77084018,0.59610987,1000.10150827,1.50420547,117.96702770,6.42320422,15.51196414,19.26436252,10.86358263,9.29227173,1.57250000,7.21594103,395.38384848
390,ZrTaTiNbV,BCC+BCC,OTHER,,,1,296.15000000,1395.00000000,,,,,,10.1016/j.actamat.2019.06.032,2019,High temperature strength of refractory complex concentrated alloys,ZrTaTiNbV,1.62554594,1.63146224,2458.40000000,17.98974485,3.30130006,0.20000000,0.20000000,0.20000000,0.20000000,0.20000000,0.00000000,0.00000000,0.00000000,0.00000000,0.00000000,0.00000000,0.00000000,0.00000000,0.00000000,0.00013869,3.08978368,153.25154840,0.21055596,0.18158469,0.04522988,0.03681884,-0.00105183,0.00784757,-0.03002309,0.02693294,0.15505993,0.16287520,92.77735200,4.60000000,1.52000000,0.12812699,145.60000000,45.80000000,120.40000000,0.35400000,2.50540000,2.68480000,0.94780000,3.91820000,0.67900000,0.97444380,0.13800000,8.56379698,0.05495826,0.16604069,0.25440195,0.32101517,0.04165014,0.01160437,0.12225695,0.03415038,0.17890593,0.05185698,0.24125179,0.06671518,13.09426451,5.22641674,0.27101461,2.09597523,0.13977024,9.26039565,0.12046453,2221.62822303,2.42525406,1540.91304975,29.20845198,14.30533800,12.86703375,2.72495411,27.90588488,1.73700000,7.53843668,1445.86723368
391,ZrTaTiNbV,BCC+BCC,OTHER,,,1,1273.15000000,190.00000000,,,,,,10.1016/j.actamat.2019.06.032,2019,High temperature strength of refractory complex concentrated alloys,ZrTaTiNbV,1.62554594,1.63146224,2458.40000000,17.98974485,3.30130006,0.20000000,0.20000000,0.20000000,0.20000000,0.20000000,0.00000000,0.00000000,0.00000000,0.00000000,0.00000000,0.00000000,0.00000000,0.00000000,0.00000000,0.00013869,3.08978368,153.25154840,0.21055596,0.18158469,0.04522988,0.03681884,-0.00105183,0.00784757,-0.03002309,0.02693294,0.15505993,0.16287520,92.77735200,4.60000000,1.52000000,0.12812699,145.60000000,45.80000000,120.40000000,0.35400000,2.50540000,2.68480000,0.94780000,3.91820000,0.67900000,0.97444380,0.13800000,8.56379698,0.05495826,0.16604069,0.25440195,0.32101517,0.04165014,0.01160437,0.12225695,0.03415038,0.17890593,0.05185698,0.24125179,0.06671518,13.09426451,5.22641674,0.27101461,2.09597523,0.13977024,9.26039565,0.51787748,2221.62822303,2.42525406,590.10040574,29.20845198,14.30533800,12.86703375,2.72495411,27.90588488,1.73700000,7.53843668,248.21606908
392,ZrTaTiNbV,BCC+BCC,OTHER,,,1,1473.15000000,78.00000000,,,,,,10.1016/j.actamat.2019.06.032,2019,High temperature strength of refractory complex concentrated alloys,ZrTaTiNbV,1.62554594,1.63146224,2458.40000000,17.98974485,3.30130006,0.20000000,0.20000000,0.20000000,0.20000000,0.20000000,0.00000000,0.00000000,0.00000000,0.00000000,0.00000000,0.00000000,0.00000000,0.00000000,0.00000000,0.00013869,3.08978368,153.25154840,0.21055596,0.18158469,0.04522988,0.03681884,-0.00105183,0.00784757,-0.03002309,0.02693294,0.15505993,0.16287520,92.77735200,4.60000000,1.52000000,0.12812699,145.60000000,45.80000000,120.40000000,0.35400000,2.50540000,2.68480000,0.94780000,3.91820000,0.67900000,0.97444380,0.13800000,8.56379698,0.05495826,0.16604069,0.25440195,0.32101517,0.04165014,0.01160437,0.12225695,0.03415038,0.17890593,0.05185698,0.24125179,0.06671518,13.09426451,5.22641674,0.27101461,2.09597523,0.13977024,9.26039565,0.59923121,2221.62822303,2.42525406,479.16122375,29.20845198,14.30533800,12.86703375,2.72495411,27.90588488,1.73700000,7.53843668,85.34826767
393,ZrTaTiNbV,BCC+BCC,OTHER,,,1,2000.00000000,7.47374260,,,,,,10.1016/j.actamat.2019.06.032,2019,High temperature strength of refractory complex concentrated alloys,ZrTaTiNbV,1.62554594,1.63146224,2458.40000000,17.98974485,3.30130006,0.20000000,0.20000000,0.20000000,0.20000000,0.20000000,0.00000000,0.00000000,0.00000000,0.00000000,0.00000000,0.00000000,0.00000000,0.00000000,0.00000000,0.00013869,3.08978368,153.25154840,0.21055596,0.18158469,0.04522988,0.03681884,-0.00105183,0.00784757,-0.03002309,0.02693294,0.15505993,0.16287520,92.77735200,4.60000000,1.52000000,0.12812699,145.60000000,45.80000000,120.40000000,0.35400000,2.50540000,2.68480000,0.94780000,3.91820000,0.67900000,0.97444380,0.13800000,8.56379698,0.05495826,0.16604069,0.25440195,0.32101517,0.04165014,0.01160437,0.12225695,0.03415038,0.17890593,0.05185698,0.24125179,0.06671518,13.09426451,5.22641674,0.27101461,2.09597523,0.13977024,9.26039565,0.81353726,2221.62822303,2.42525406,276.84004141,29.20845198,14.30533800,12.86703375,2.72495411,27.90588488,1.73700000,7.53843668,10.15688928
394,ZrTaTiNbV,BCC+BCC,OTHER,,,1,1700.00000000,28.41362431,,,,,,10.1016/j.actamat.2019.06.032,2019,High temperature strength of refractory complex concentrated alloys,ZrTaTiNbV,1.62554594,1.63146224,2458.40000000,17.98974485,3.30130006,0.20000000,0.20000000,0.20000000,0.20000000,0.20000000,0.00000000,0.00000000,0.00000000,0.00000000,0.00000000,0.00000000,0.00000000,0.00000000,0.00000000,0.00013869,3.08978368,153.25154840,0.21055596,0.18158469,0.04522988,0.03681884,-0.00105183,0.00784757,-0.03002309,0.02693294,0.15505993,0.16287520,92.77735200,4.60000000,1.52000000,0.12812699,145.60000000,45.80000000,120.40000000,0.35400000,2.50540000,2.68480000,0.94780000,3.91820000,0.67900000,0.97444380,0.13800000,8.56379698,0.05495826,0.16604069,0.25440195,0.32101517,0.04165014,0.01160437,0.12225695,0.03415038,0.17890593,0.05185698,0.24125179,0.06671518,13.09426451,5.22641674,0.27101461,2.09597523,0.13977024,9.26039565,0.69150667,2221.62822303,2.42525406,378.35134074,29.20845198,14.30533800,12.86703375,2.72495411,27.90588488,1.73700000,7.53843668,30.89399695
395,ZrTaTiNbV,BCC+BCC,OTHER,,,1,1400.00000000,108.02272566,,,,,,10.1016/j.actamat.2019.06.032,2019,High temperature strength of refractory complex concentrated alloys,ZrTaTiNbV,1.62554594,1.63146224,2458.40000000,17.98974485,3.30130006,0.20000000,0.20000000,0.20000000,0.20000000,0.20000000,0.00000000,0.00000000,0.00000000,0.00000000,0.00000000,0.00000000,0.00000000,0.00000000,0.00000000,0.00013869,3.08978368,153.25154840,0.21055596,0.18158469,0.04522988,0.03681884,-0.00105183,0.00784757,-0.03002309,0.02693294,0.15505993,0.16287520,92.77735200,4.60000000,1.52000000,0.12812699,145.60000000,45.80000000,120.40000000,0.35400000,2.50540000,2.68480000,0.94780000,3.91820000,0.67900000,0.97444380,0.13800000,8.56379698,0.05495826,0.16604069,0.25440195,0.32101517,0.04165014,0.01160437,0.12225695,0.03415038,0.17890593,0.05185698,0.24125179,0.06671518,13.09426451,5.22641674,0.27101461,2.09597523,0.13977024,9.26039565,0.56947608,2221.62822303,2.42525406,517.08465406,29.20845198,14.30533800,12.86703375,2.72495411,27.90588488,1.73700000,7.53843668,99.56778065
396,ZrTi12Nb12(AlV)12,bcc,UNKNOWN,0.00000000,0.00000000,1,1700.00000000,594.38949535,0.00000000,0.00000000,0.00000000,0.00000000,0.00000000,UNKNOWN,UNKNOWN,UNKNOWN,ZrTi12Nb12(AlV)12,1.58254348,1.57146882,1955.42530612,16.29595041,3.19425731,0.02000000,0.24500000,0.24500000,0.24500000,0.24500000,0.00000000,0.00000000,0.00000000,0.00000000,0.00000000,0.00000000,0.00000000,0.00000000,0.00000000,0.00012552,2.98545439,136.70443831,0.00954144,-0.01121762,-0.09845261,-0.12397046,-0.13345216,-0.14472952,-0.15421122,0.03408943,0.13309929,0.15077823,55.42002088,4.24489796,1.58959184,0.10490719,127.48979592,38.63265306,103.97959184,0.35959184,2.13151020,2.35197959,0.82951020,3.15109796,0.54265306,0.89762347,0.09764971,5.64724182,0.03939123,0.11557908,0.20712452,0.21236797,0.03021431,0.00917928,0.08427563,0.02838815,0.17256511,0.05867571,0.17763262,0.05896081,10.68698162,5.01380740,0.25458619,2.12300830,0.10906579,1.97987797,0.86937609,1175.98226563,1.46798343,63.14027658,18.20717027,12.36714124,17.58792633,2.48292052,9.88365425,1.52246939,7.01950508,345.91572334
397,ZrTi12Nb12(AlV)12,bcc,UNKNOWN,0.00000000,0.00000000,1,1400.00000000,711.30176752,0.00000000,0.00000000,0.00000000,0.00000000,0.00000000,UNKNOWN,UNKNOWN,UNKNOWN,ZrTi12Nb12(AlV)12,1.58254348,1.57146882,1955.42530612,16.29595041,3.19425731,0.02000000,0.24500000,0.24500000,0.24500000,0.24500000,0.00000000,0.00000000,0.00000000,0.00000000,0.00000000,0.00000000,0.00000000,0.00000000,0.00000000,0.00012552,2.98545439,136.70443831,0.00954144,-0.01121762,-0.09845261,-0.12397046,-0.13345216,-0.14472952,-0.15421122,0.03408943,0.13309929,0.15077823,55.42002088,4.24489796,1.58959184,0.10490719,127.48979592,38.63265306,103.97959184,0.35959184,2.13151020,2.35197959,0.82951020,3.15109796,0.54265306,0.89762347,0.09764971,5.64724182,0.03939123,0.11557908,0.20712452,0.21236797,0.03021431,0.00917928,0.08427563,0.02838815,0.17256511,0.05867571,0.17763262,0.05896081,10.68698162,5.01380740,0.25458619,2.12300830,0.10906579,1.97987797,0.71595678,1175.98226563,1.46798343,105.78906211,18.20717027,12.36714124,17.58792633,2.48292052,9.88365425,1.52246939,7.01950508,461.23973048
398,ZrTi12Nb12(AlV)12,bcc,UNKNOWN,0.00000000,0.00000000,1,1100.00000000,851.20986901,0.00000000,0.00000000,0.00000000,0.00000000,0.00000000,UNKNOWN,UNKNOWN,UNKNOWN,ZrTi12Nb12(AlV)12,1.58254348,1.57146882,1955.42530612,16.29595041,3.19425731,0.02000000,0.24500000,0.24500000,0.24500000,0.24500000,0.00000000,0.00000000,0.00000000,0.00000000,0.00000000,0.00000000,0.00000000,0.00000000,0.00000000,0.00012552,2.98545439,136.70443831,0.00954144,-0.01121762,-0.09845261,-0.12397046,-0.13345216,-0.14472952,-0.15421122,0.03408943,0.13309929,0.15077823,55.42002088,4.24489796,1.58959184,0.10490719,127.48979592,38.63265306,103.97959184,0.35959184,2.13151020,2.35197959,0.82951020,3.15109796,0.54265306,0.89762347,0.09764971,5.64724182,0.03939123,0.11557908,0.20712452,0.21236797,0.03021431,0.00917928,0.08427563,0.02838815,0.17256511,0.05867571,0.17763262,0.05896081,10.68698162,5.01380740,0.25458619,2.12300830,0.10906579,1.97987797,0.56253747,1175.98226563,1.46798343,177.24543301,18.20717027,12.36714124,17.58792633,2.48292052,9.88365425,1.52246939,7.01950508,837.24977912
399,ZrTi12Nb12(AlV)12,bcc,UNKNOWN,0.00000000,0.00000000,1,873.15000000,975.00000000,0.00000000,0.00000000,0.00000000,0.00000000,0.00000000,UNKNOWN,UNKNOWN,UNKNOWN,ZrTi12Nb12(AlV)12,1.58254348,1.57146882,1955.42530612,16.29595041,3.19425731,0.02000000,0.24500000,0.24500000,0.24500000,0.24500000,0.00000000,0.00000000,0.00000000,0.00000000,0.00000000,0.00000000,0.00000000,0.00000000,0.00000000,0.00012552,2.98545439,136.70443831,0.00954144,-0.01121762,-0.09845261,-0.12397046,-0.13345216,-0.14472952,-0.15421122,0.03408943,0.13309929,0.15077823,55.42002088,4.24489796,1.58959184,0.10490719,127.48979592,38.63265306,103.97959184,0.35959184,2.13151020,2.35197959,0.82951020,3.15109796,0.54265306,0.89762347,0.09764971,5.64724182,0.03939123,0.11557908,0.20712452,0.21236797,0.03021431,0.00917928,0.08427563,0.02838815,0.17256511,0.05867571,0.17763262,0.05896081,10.68698162,5.01380740,0.25458619,2.12300830,0.10906579,1.97987797,0.44652690,1175.98226563,1.46798343,261.85322699,18.20717027,12.36714124,17.58792633,2.48292052,9.88365425,1.52246939,7.01950508,976.71446110
400,ZrTi12Nb12(AlV)12,bcc,UNKNOWN,0.00000000,0.00000000,1,673.15000000,1074.71938700,0.00000000,0.00000000,0.00000000,0.00000000,0.00000000,UNKNOWN,UNKNOWN,UNKNOWN,ZrTi12Nb12(AlV)12,1.58254348,1.57146882,1955.42530612,16.29595041,3.19425731,0.02000000,0.24500000,0.24500000,0.24500000,0.24500000,0.00000000,0.00000000,0.00000000,0.00000000,0.00000000,0.00000000,0.00000000,0.00000000,0.00000000,0.00012552,2.98545439,136.70443831,0.00954144,-0.01121762,-0.09845261,-0.12397046,-0.13345216,-0.14472952,-0.15421122,0.03408943,0.13309929,0.15077823,55.42002088,4.24489796,1.58959184,0.10490719,127.48979592,38.63265306,103.97959184,0.35959184,2.13151020,2.35197959,0.82951020,3.15109796,0.54265306,0.89762347,0.09764971,5.64724182,0.03939123,0.11557908,0.20712452,0.21236797,0.03021431,0.00917928,0.08427563,0.02838815,0.17256511,0.05867571,0.17763262,0.05896081,10.68698162,5.01380740,0.25458619,2.12300830,0.10906579,1.97987797,0.34424736,1175.98226563,1.46798343,369.38630362,18.20717027,12.36714124,17.58792633,2.48292052,9.88365425,1.52246939,7.01950508,1073.31288741
401,ZrTi12Nb12(AlV)12,bcc,UNKNOWN,0.00000000,0.00000000,1,473.15000000,1184.63770400,0.00000000,0.00000000,0.00000000,0.00000000,0.00000000,UNKNOWN,UNKNOWN,UNKNOWN,ZrTi12Nb12(AlV)12,1.58254348,1.57146882,1955.42530612,16.29595041,3.19425731,0.02000000,0.24500000,0.24500000,0.24500000,0.24500000,0.00000000,0.00000000,0.00000000,0.00000000,0.00000000,0.00000000,0.00000000,0.00000000,0.00000000,0.00012552,2.98545439,136.70443831,0.00954144,-0.01121762,-0.09845261,-0.12397046,-0.13345216,-0.14472952,-0.15421122,0.03408943,0.13309929,0.15077823,55.42002088,4.24489796,1.58959184,0.10490719,127.48979592,38.63265306,103.97959184,0.35959184,2.13151020,2.35197959,0.82951020,3.15109796,0.54265306,0.89762347,0.09764971,5.64724182,0.03939123,0.11557908,0.20712452,0.21236797,0.03021431,0.00917928,0.08427563,0.02838815,0.17256511,0.05867571,0.17763262,0.05896081,10.68698162,5.01380740,0.25458619,2.12300830,0.10906579,1.97987797,0.24196782,1175.98226563,1.46798343,521.07909026,18.20717027,12.36714124,17.58792633,2.48292052,9.88365425,1.52246939,7.01950508,1114.55970497
402,ZrTi12Nb12(AlV)12,bcc,UNKNOWN,0.00000000,0.00000000,1,298.15000000,1290.00000000,0.00000000,0.00000000,0.00000000,0.00000000,0.00000000,UNKNOWN,UNKNOWN,UNKNOWN,ZrTi12Nb12(AlV)12,1.58254348,1.57146882,1955.42530612,16.29595041,3.19425731,0.02000000,0.24500000,0.24500000,0.24500000,0.24500000,0.00000000,0.00000000,0.00000000,0.00000000,0.00000000,0.00000000,0.00000000,0.00000000,0.00000000,0.00012552,2.98545439,136.70443831,0.00954144,-0.01121762,-0.09845261,-0.12397046,-0.13345216,-0.14472952,-0.15421122,0.03408943,0.13309929,0.15077823,55.42002088,4.24489796,1.58959184,0.10490719,127.48979592,38.63265306,103.97959184,0.35959184,2.13151020,2.35197959,0.82951020,3.15109796,0.54265306,0.89762347,0.09764971,5.64724182,0.03939123,0.11557908,0.20712452,0.21236797,0.03021431,0.00917928,0.08427563,0.02838815,0.17256511,0.05867571,0.17763262,0.05896081,10.68698162,5.01380740,0.25458619,2.12300830,0.10906579,1.97987797,0.15247322,1175.98226563,1.46798343,670.15652158,18.20717027,12.36714124,17.58792633,2.48292052,9.88365425,1.52246939,7.01950508,1249.51161512
403,ZrTi12Nb12(AlV)12,bcc,UNKNOWN,0.00000000,0.00000000,1,1073.15000000,865.00000000,0.00000000,0.00000000,0.00000000,0.00000000,0.00000000,UNKNOWN,UNKNOWN,UNKNOWN,ZrTi12Nb12(AlV)12,1.58254348,1.57146882,1955.42530612,16.29595041,3.19425731,0.02000000,0.24500000,0.24500000,0.24500000,0.24500000,0.00000000,0.00000000,0.00000000,0.00000000,0.00000000,0.00000000,0.00000000,0.00000000,0.00000000,0.00012552,2.98545439,136.70443831,0.00954144,-0.01121762,-0.09845261,-0.12397046,-0.13345216,-0.14472952,-0.15421122,0.03408943,0.13309929,0.15077823,55.42002088,4.24489796,1.58959184,0.10490719,127.48979592,38.63265306,103.97959184,0.35959184,2.13151020,2.35197959,0.82951020,3.15109796,0.54265306,0.89762347,0.09764971,5.64724182,0.03939123,0.11557908,0.20712452,0.21236797,0.03021431,0.00917928,0.08427563,0.02838815,0.17256511,0.05867571,0.17763262,0.05896081,10.68698162,5.01380740,0.25458619,2.12300830,0.10906579,1.97987797,0.54880644,1175.98226563,1.46798343,185.62440408,18.20717027,12.36714124,17.58792633,2.48292052,9.88365425,1.52246939,7.01950508,877.95434979
404,ZrTi2Nb2(AlV)2,bcc,UNKNOWN,0.00000000,0.00000000,1,1100.00000000,629.51286494,0.00000000,0.00000000,0.00000000,0.00000000,0.00000000,UNKNOWN,UNKNOWN,UNKNOWN,ZrTi2Nb2(AlV)2,1.59998921,1.59055615,1971.40444444,16.87440030,3.23161375,0.11100000,0.22200000,0.22200000,0.22200000,0.22200000,0.00000000,0.00000000,0.00000000,0.00000000,0.00000000,0.00000000,0.00000000,0.00000000,0.00000000,0.00013620,3.02478458,132.82087104,0.04687105,0.02131967,-0.09973529,-0.13046053,-0.14438146,-0.15601191,-0.16993284,0.02476542,0.11917412,0.13686226,58.73520413,4.22222222,1.56555556,0.09440870,124.11111111,38.11111111,100.55555556,0.35777778,2.11933333,2.32966667,0.78177778,3.28720000,0.51555556,0.89026778,0.08120067,5.77988941,0.05181193,0.15580101,0.20453926,0.23477998,0.03872675,0.01031332,0.10795919,0.03112416,0.16760630,0.05151478,0.19397097,0.05099162,10.66600272,5.03271598,0.24326308,2.11418686,0.12000814,2.05810382,0.55797784,1717.94055471,1.82482837,374.87831729,25.16586352,11.38601077,17.83916805,4.91759213,16.64124421,1.54788889,6.89067722,701.94425800
405,ZrTi2Nb2(AlV)2,bcc,UNKNOWN,0.00000000,0.00000000,1,1400.00000000,288.71309134,0.00000000,0.00000000,0.00000000,0.00000000,0.00000000,UNKNOWN,UNKNOWN,UNKNOWN,ZrTi2Nb2(AlV)2,1.59998921,1.59055615,1971.40444444,16.87440030,3.23161375,0.11100000,0.22200000,0.22200000,0.22200000,0.22200000,0.00000000,0.00000000,0.00000000,0.00000000,0.00000000,0.00000000,0.00000000,0.00000000,0.00000000,0.00013620,3.02478458,132.82087104,0.04687105,0.02131967,-0.09973529,-0.13046053,-0.14438146,-0.15601191,-0.16993284,0.02476542,0.11917412,0.13686226,58.73520413,4.22222222,1.56555556,0.09440870,124.11111111,38.11111111,100.55555556,0.35777778,2.11933333,2.32966667,0.78177778,3.28720000,0.51555556,0.89026778,0.08120067,5.77988941,0.05181193,0.15580101,0.20453926,0.23477998,0.03872675,0.01031332,0.10795919,0.03112416,0.16760630,0.05151478,0.19397097,0.05099162,10.66600272,5.03271598,0.24326308,2.11418686,0.12000814,2.05810382,0.71015362,1717.94055471,1.82482837,247.50584786,25.16586352,11.38601077,17.83916805,4.91759213,16.64124421,1.54788889,6.89067722,249.16158520
406,ZrTi2Nb2(AlV)2,bcc,UNKNOWN,0.00000000,0.00000000,1,673.15000000,1246.22886600,0.00000000,0.00000000,0.00000000,0.00000000,0.00000000,UNKNOWN,UNKNOWN,UNKNOWN,ZrTi2Nb2(AlV)2,1.59998921,1.59055615,1971.40444444,16.87440030,3.23161375,0.11100000,0.22200000,0.22200000,0.22200000,0.22200000,0.00000000,0.00000000,0.00000000,0.00000000,0.00000000,0.00000000,0.00000000,0.00000000,0.00000000,0.00013620,3.02478458,132.82087104,0.04687105,0.02131967,-0.09973529,-0.13046053,-0.14438146,-0.15601191,-0.16993284,0.02476542,0.11917412,0.13686226,58.73520413,4.22222222,1.56555556,0.09440870,124.11111111,38.11111111,100.55555556,0.35777778,2.11933333,2.32966667,0.78177778,3.28720000,0.51555556,0.89026778,0.08120067,5.77988941,0.05181193,0.15580101,0.20453926,0.23477998,0.03872675,0.01031332,0.10795919,0.03112416,0.16760630,0.05151478,0.19397097,0.05099162,10.66600272,5.03271598,0.24326308,2.11418686,0.12000814,2.05810382,0.34145708,1717.94055471,1.82482837,676.75906698,25.16586352,11.38601077,17.83916805,4.91759213,16.64124421,1.54788889,6.89067722,1266.45091044
407,ZrTi2Nb2(AlV)2,bcc,UNKNOWN,0.00000000,0.00000000,1,473.15000000,1368.35805100,0.00000000,0.00000000,0.00000000,0.00000000,0.00000000,UNKNOWN,UNKNOWN,UNKNOWN,ZrTi2Nb2(AlV)2,1.59998921,1.59055615,1971.40444444,16.87440030,3.23161375,0.11100000,0.22200000,0.22200000,0.22200000,0.22200000,0.00000000,0.00000000,0.00000000,0.00000000,0.00000000,0.00000000,0.00000000,0.00000000,0.00000000,0.00013620,3.02478458,132.82087104,0.04687105,0.02131967,-0.09973529,-0.13046053,-0.14438146,-0.15601191,-0.16993284,0.02476542,0.11917412,0.13686226,58.73520413,4.22222222,1.56555556,0.09440870,124.11111111,38.11111111,100.55555556,0.35777778,2.11933333,2.32966667,0.78177778,3.28720000,0.51555556,0.89026778,0.08120067,5.77988941,0.05181193,0.15580101,0.20453926,0.23477998,0.03872675,0.01031332,0.10795919,0.03112416,0.16760630,0.05151478,0.19397097,0.05099162,10.66600272,5.03271598,0.24326308,2.11418686,0.12000814,2.05810382,0.24000656,1717.94055471,1.82482837,892.55979684,25.16586352,11.38601077,17.83916805,4.91759213,16.64124421,1.54788889,6.89067722,1333.70985601
408,ZrTi2Nb2(AlV)2,bcc,UNKNOWN,0.00000000,0.00000000,1,298.15000000,1485.00000000,0.00000000,0.00000000,0.00000000,0.00000000,0.00000000,UNKNOWN,UNKNOWN,UNKNOWN,ZrTi2Nb2(AlV)2,1.59998921,1.59055615,1971.40444444,16.87440030,3.23161375,0.11100000,0.22200000,0.22200000,0.22200000,0.22200000,0.00000000,0.00000000,0.00000000,0.00000000,0.00000000,0.00000000,0.00000000,0.00000000,0.00000000,0.00013620,3.02478458,132.82087104,0.04687105,0.02131967,-0.09973529,-0.13046053,-0.14438146,-0.15601191,-0.16993284,0.02476542,0.11917412,0.13686226,58.73520413,4.22222222,1.56555556,0.09440870,124.11111111,38.11111111,100.55555556,0.35777778,2.11933333,2.32966667,0.78177778,3.28720000,0.51555556,0.89026778,0.08120067,5.77988941,0.05181193,0.15580101,0.20453926,0.23477998,0.03872675,0.01031332,0.10795919,0.03112416,0.16760630,0.05151478,0.19397097,0.05099162,10.66600272,5.03271598,0.24326308,2.11418686,0.12000814,2.05810382,0.15123736,1717.94055471,1.82482837,1078.78332192,25.16586352,11.38601077,17.83916805,4.91759213,16.64124421,1.54788889,6.89067722,1450.37391383
409,ZrTi2Nb2(AlV)2,bcc,UNKNOWN,0.00000000,0.00000000,1,873.15000000,1135.00000000,0.00000000,0.00000000,0.00000000,0.00000000,0.00000000,UNKNOWN,UNKNOWN,UNKNOWN,ZrTi2Nb2(AlV)2,1.59998921,1.59055615,1971.40444444,16.87440030,3.23161375,0.11100000,0.22200000,0.22200000,0.22200000,0.22200000,0.00000000,0.00000000,0.00000000,0.00000000,0.00000000,0.00000000,0.00000000,0.00000000,0.00000000,0.00013620,3.02478458,132.82087104,0.04687105,0.02131967,-0.09973529,-0.13046053,-0.14438146,-0.15601191,-0.16993284,0.02476542,0.11917412,0.13686226,58.73520413,4.22222222,1.56555556,0.09440870,124.11111111,38.11111111,100.55555556,0.35777778,2.11933333,2.32966667,0.78177778,3.28720000,0.51555556,0.89026778,0.08120067,5.77988941,0.05181193,0.15580101,0.20453926,0.23477998,0.03872675,0.01031332,0.10795919,0.03112416,0.16760630,0.05151478,0.19397097,0.05099162,10.66600272,5.03271598,0.24326308,2.11418686,0.12000814,2.05810382,0.44290759,1717.94055471,1.82482837,513.13406268,25.16586352,11.38601077,17.83916805,4.91759213,16.64124421,1.54788889,6.89067722,1101.97603916
410,ZrTi2Nb2(AlV)2,bcc,UNKNOWN,0.00000000,0.00000000,1,1073.15000000,675.00000000,0.00000000,0.00000000,0.00000000,0.00000000,0.00000000,UNKNOWN,UNKNOWN,UNKNOWN,ZrTi2Nb2(AlV)2,1.59998921,1.59055615,1971.40444444,16.87440030,3.23161375,0.11100000,0.22200000,0.22200000,0.22200000,0.22200000,0.00000000,0.00000000,0.00000000,0.00000000,0.00000000,0.00000000,0.00000000,0.00000000,0.00000000,0.00013620,3.02478458,132.82087104,0.04687105,0.02131967,-0.09973529,-0.13046053,-0.14438146,-0.15601191,-0.16993284,0.02476542,0.11917412,0.13686226,58.73520413,4.22222222,1.56555556,0.09440870,124.11111111,38.11111111,100.55555556,0.35777778,2.11933333,2.32966667,0.78177778,3.28720000,0.51555556,0.89026778,0.08120067,5.77988941,0.05181193,0.15580101,0.20453926,0.23477998,0.03872675,0.01031332,0.10795919,0.03112416,0.16760630,0.05151478,0.19397097,0.05099162,10.66600272,5.03271598,0.24326308,2.11418686,0.12000814,2.05810382,0.54435811,1717.94055471,1.82482837,389.06987602,25.16586352,11.38601077,17.83916805,4.91759213,16.64124421,1.54788889,6.89067722,686.41383537
411,ZrTi2Nb2(AlV)2,bcc,UNKNOWN,0.00000000,0.00000000,1,1700.00000000,132.41230442,0.00000000,0.00000000,0.00000000,0.00000000,0.00000000,UNKNOWN,UNKNOWN,UNKNOWN,ZrTi2Nb2(AlV)2,1.59998921,1.59055615,1971.40444444,16.87440030,3.23161375,0.11100000,0.22200000,0.22200000,0.22200000,0.22200000,0.00000000,0.00000000,0.00000000,0.00000000,0.00000000,0.00000000,0.00000000,0.00000000,0.00000000,0.00013620,3.02478458,132.82087104,0.04687105,0.02131967,-0.09973529,-0.13046053,-0.14438146,-0.15601191,-0.16993284,0.02476542,0.11917412,0.13686226,58.73520413,4.22222222,1.56555556,0.09440870,124.11111111,38.11111111,100.55555556,0.35777778,2.11933333,2.32966667,0.78177778,3.28720000,0.51555556,0.89026778,0.08120067,5.77988941,0.05181193,0.15580101,0.20453926,0.23477998,0.03872675,0.01031332,0.10795919,0.03112416,0.16760630,0.05151478,0.19397097,0.05099162,10.66600272,5.03271598,0.24326308,2.11418686,0.12000814,2.05810382,0.86232939,1717.94055471,1.82482837,163.41074396,25.16586352,11.38601077,17.83916805,4.91759213,16.64124421,1.54788889,6.89067722,172.56272676
412,ZrTiNb,BCC,OTHER,,,1,1400.00000000,88.33525005,,,,,94.00000000,10.1016/j.actamat.2019.06.032,2019,High temperature strength of refractory complex concentrated alloys,ZrTiNb,1.67033723,1.67074096,2273.00000000,19.53234528,3.39308544,0.33300000,0.33300000,0.33300000,0.00000000,0.00000000,0.00000000,0.00000000,0.00000000,0.00000000,0.00000000,0.00000000,0.00000000,0.00000000,0.00000000,0.00009466,3.16433592,127.55768150,0.15656417,0.10827872,0.00859266,0.04222273,-0.00020750,-0.00606272,-0.04849294,-0.03452792,0.03144140,0.08277997,77.33246000,4.33333333,1.49000000,0.06596931,122.66666667,38.33333333,96.00000000,0.35333333,2.25166667,2.43733333,0.63633333,3.96866667,0.49166667,0.83543500,0.04000000,6.57441064,0.04270519,0.13195565,0.11731076,0.21866731,0.03298867,0.01365102,0.09837209,0.04069781,0.09122105,0.03475053,0.18315418,0.07515776,11.26424307,5.00262460,0.21835677,2.09278349,0.10029337,5.09602178,0.61592609,1366.00192585,1.88900082,210.19053240,46.30090035,20.72280714,19.09785124,3.80378988,49.17205286,1.80100000,6.25443813,96.25674523
413,ZrTiNb,BCC,CAST,,3.64560000,1,298.15000000,1099.00000000,,48.00000000,,,94.00000000,10.1007/s12598-019-01310-6,2019,Microstructure and mechanical properties of NbZrTi and NbHfZrTi alloys,ZrTiNb,1.67033723,1.67074096,2273.00000000,19.53234528,3.39308544,0.33300000,0.33300000,0.33300000,0.00000000,0.00000000,0.00000000,0.00000000,0.00000000,0.00000000,0.00000000,0.00000000,0.00000000,0.00000000,0.00000000,0.00009466,3.16433592,127.55768150,0.15656417,0.10827872,0.00859266,0.04222273,-0.00020750,-0.00606272,-0.04849294,-0.03452792,0.03144140,0.08277997,77.33246000,4.33333333,1.49000000,0.06596931,122.66666667,38.33333333,96.00000000,0.35333333,2.25166667,2.43733333,0.63633333,3.96866667,0.49166667,0.83543500,0.04000000,6.57441064,0.04270519,0.13195565,0.11731076,0.21866731,0.03298867,0.01365102,0.09837209,0.04069781,0.09122105,0.03475053,0.18315418,0.07515776,11.26424307,5.00262460,0.21835677,2.09278349,0.10029337,5.09602178,0.13117026,1366.00192585,1.88900082,869.35913129,46.30090035,20.72280714,19.09785124,3.80378988,49.17205286,1.80100000,6.25443813,1054.03673819
414,ZrTiNb,BCC,CAST,,,1,1273.15000000,179.50000000,,51.00000000,,,94.00000000,10.1007/s12598-019-01310-6,2019,Microstructure and mechanical properties of NbZrTi and NbHfZrTi alloys,ZrTiNb,1.67033723,1.67074096,2273.00000000,19.53234528,3.39308544,0.33300000,0.33300000,0.33300000,0.00000000,0.00000000,0.00000000,0.00000000,0.00000000,0.00000000,0.00000000,0.00000000,0.00000000,0.00000000,0.00000000,0.00009466,3.16433592,127.55768150,0.15656417,0.10827872,0.00859266,0.04222273,-0.00020750,-0.00606272,-0.04849294,-0.03452792,0.03144140,0.08277997,77.33246000,4.33333333,1.49000000,0.06596931,122.66666667,38.33333333,96.00000000,0.35333333,2.25166667,2.43733333,0.63633333,3.96866667,0.49166667,0.83543500,0.04000000,6.57441064,0.04270519,0.13195565,0.11731076,0.21866731,0.03298867,0.01365102,0.09837209,0.04069781,0.09122105,0.03475053,0.18315418,0.07515776,11.26424307,5.00262460,0.21835677,2.09278349,0.10029337,5.09602178,0.56011879,1366.00192585,1.88900082,249.03597794,46.30090035,20.72280714,19.09785124,3.80378988,49.17205286,1.80100000,6.25443813,169.23254694
415,ZrTiNb,BCC,OTHER,,,1,1473.15000000,61.00000000,,,,,94.00000000,10.1016/j.actamat.2019.06.032,2019,High temperature strength of refractory complex concentrated alloys,ZrTiNb,1.67033723,1.67074096,2273.00000000,19.53234528,3.39308544,0.33300000,0.33300000,0.33300000,0.00000000,0.00000000,0.00000000,0.00000000,0.00000000,0.00000000,0.00000000,0.00000000,0.00000000,0.00000000,0.00000000,0.00009466,3.16433592,127.55768150,0.15656417,0.10827872,0.00859266,0.04222273,-0.00020750,-0.00606272,-0.04849294,-0.03452792,0.03144140,0.08277997,77.33246000,4.33333333,1.49000000,0.06596931,122.66666667,38.33333333,96.00000000,0.35333333,2.25166667,2.43733333,0.63633333,3.96866667,0.49166667,0.83543500,0.04000000,6.57441064,0.04270519,0.13195565,0.11731076,0.21866731,0.03298867,0.01365102,0.09837209,0.04069781,0.09122105,0.03475053,0.18315418,0.07515776,11.26424307,5.00262460,0.21835677,2.09278349,0.10029337,5.09602178,0.64810823,1366.00192585,1.88900082,190.60854066,46.30090035,20.72280714,19.09785124,3.80378988,49.17205286,1.80100000,6.25443813,70.40177892
416,ZrTiNb,BCC,CAST,,,1,1073.15000000,462.00000000,,51.00000000,,,94.00000000,10.1007/s12598-019-01310-6,2019,Microstructure and mechanical properties of NbZrTi and NbHfZrTi alloys,ZrTiNb,1.67033723,1.67074096,2273.00000000,19.53234528,3.39308544,0.33300000,0.33300000,0.33300000,0.00000000,0.00000000,0.00000000,0.00000000,0.00000000,0.00000000,0.00000000,0.00000000,0.00000000,0.00000000,0.00000000,0.00009466,3.16433592,127.55768150,0.15656417,0.10827872,0.00859266,0.04222273,-0.00020750,-0.00606272,-0.04849294,-0.03452792,0.03144140,0.08277997,77.33246000,4.33333333,1.49000000,0.06596931,122.66666667,38.33333333,96.00000000,0.35333333,2.25166667,2.43733333,0.63633333,3.96866667,0.49166667,0.83543500,0.04000000,6.57441064,0.04270519,0.13195565,0.11731076,0.21866731,0.03298867,0.01365102,0.09837209,0.04069781,0.09122105,0.03475053,0.18315418,0.07515776,11.26424307,5.00262460,0.21835677,2.09278349,0.10029337,5.09602178,0.47212934,1366.00192585,1.88900082,325.37323928,46.30090035,20.72280714,19.09785124,3.80378988,49.17205286,1.80100000,6.25443813,367.41608822
417,ZrTiNb,BCC,OTHER,,,1,1700.00000000,19.34861742,,,,,94.00000000,10.1016/j.actamat.2019.06.032,2019,High temperature strength of refractory complex concentrated alloys,ZrTiNb,1.67033723,1.67074096,2273.00000000,19.53234528,3.39308544,0.33300000,0.33300000,0.33300000,0.00000000,0.00000000,0.00000000,0.00000000,0.00000000,0.00000000,0.00000000,0.00000000,0.00000000,0.00000000,0.00000000,0.00009466,3.16433592,127.55768150,0.15656417,0.10827872,0.00859266,0.04222273,-0.00020750,-0.00606272,-0.04849294,-0.03452792,0.03144140,0.08277997,77.33246000,4.33333333,1.49000000,0.06596931,122.66666667,38.33333333,96.00000000,0.35333333,2.25166667,2.43733333,0.63633333,3.96866667,0.49166667,0.83543500,0.04000000,6.57441064,0.04270519,0.13195565,0.11731076,0.21866731,0.03298867,0.01365102,0.09837209,0.04069781,0.09122105,0.03475053,0.18315418,0.07515776,11.26424307,5.00262460,0.21835677,2.09278349,0.10029337,5.09602178,0.74791025,1366.00192585,1.88900082,140.74518435,46.30090035,20.72280714,19.09785124,3.80378988,49.17205286,1.80100000,6.25443813,44.17878302
418,ZrTiNbAlV,bcc,UNKNOWN,0.00000000,0.00000000,1,673.15000000,1264.92119900,0.00000000,0.00000000,0.00000000,0.00000000,0.00000000,UNKNOWN,UNKNOWN,UNKNOWN,ZrTiNbAlV,1.61708602,1.60893788,1987.06400000,17.45440621,3.26822307,0.20000000,0.20000000,0.20000000,0.20000000,0.20000000,0.00000000,0.00000000,0.00000000,0.00000000,0.00000000,0.00000000,0.00000000,0.00000000,0.00000000,0.00013869,3.05810433,129.01497511,0.06170126,0.03272999,-0.09584498,-0.12095393,-0.13727862,-0.14992519,-0.16624989,0.01918011,0.10330029,0.11728928,61.98408372,4.20000000,1.54200000,0.08412019,120.80000000,37.60000000,97.20000000,0.35600000,2.10740000,2.30780000,0.73500000,3.42058000,0.48900000,0.88305920,0.06508060,5.89691002,0.05908183,0.17636380,0.20086391,0.25262597,0.04469122,0.01278420,0.12472513,0.03580609,0.16173145,0.04478685,0.20449540,0.04707197,10.64216941,5.04990482,0.23203948,2.10559006,0.13073165,2.27844713,0.33876614,1988.70576603,2.01719588,856.20589254,23.64899088,11.39040417,14.14610402,2.72495411,15.86889325,1.57280000,6.76638442,1277.45232037
419,ZrTiNbAlV,bcc,UNKNOWN,0.00000000,0.00000000,1,1073.15000000,550.00000000,0.00000000,0.00000000,0.00000000,0.00000000,0.00000000,UNKNOWN,UNKNOWN,UNKNOWN,ZrTiNbAlV,1.61708602,1.60893788,1987.06400000,17.45440621,3.26822307,0.20000000,0.20000000,0.20000000,0.20000000,0.20000000,0.00000000,0.00000000,0.00000000,0.00000000,0.00000000,0.00000000,0.00000000,0.00000000,0.00000000,0.00013869,3.05810433,129.01497511,0.06170126,0.03272999,-0.09584498,-0.12095393,-0.13727862,-0.14992519,-0.16624989,0.01918011,0.10330029,0.11728928,61.98408372,4.20000000,1.54200000,0.08412019,120.80000000,37.60000000,97.20000000,0.35600000,2.10740000,2.30780000,0.73500000,3.42058000,0.48900000,0.88305920,0.06508060,5.89691002,0.05908183,0.17636380,0.20086391,0.25262597,0.04469122,0.01278420,0.12472513,0.03580609,0.16173145,0.04478685,0.20449540,0.04707197,10.64216941,5.04990482,0.23203948,2.10559006,0.13073165,2.27844713,0.54006816,1988.70576603,2.01719588,518.91690233,23.64899088,11.39040417,14.14610402,2.72495411,15.86889325,1.57280000,6.76638442,469.29772900
420,ZrTiNbAlV,bcc,UNKNOWN,0.00000000,0.00000000,1,298.15000000,1500.00000000,0.00000000,0.00000000,0.00000000,0.00000000,0.00000000,UNKNOWN,UNKNOWN,UNKNOWN,ZrTiNbAlV,1.61708602,1.60893788,1987.06400000,17.45440621,3.26822307,0.20000000,0.20000000,0.20000000,0.20000000,0.20000000,0.00000000,0.00000000,0.00000000,0.00000000,0.00000000,0.00000000,0.00000000,0.00000000,0.00000000,0.00013869,3.05810433,129.01497511,0.06170126,0.03272999,-0.09584498,-0.12095393,-0.13727862,-0.14992519,-0.16624989,0.01918011,0.10330029,0.11728928,61.98408372,4.20000000,1.54200000,0.08412019,120.80000000,37.60000000,97.20000000,0.35600000,2.10740000,2.30780000,0.73500000,3.42058000,0.48900000,0.88305920,0.06508060,5.89691002,0.05908183,0.17636380,0.20086391,0.25262597,0.04469122,0.01278420,0.12472513,0.03580609,0.16173145,0.04478685,0.20449540,0.04707197,10.64216941,5.04990482,0.23203948,2.10559006,0.13073165,2.27844713,0.15004549,1988.70576603,2.01719588,1296.63143329,23.64899088,11.39040417,14.14610402,2.72495411,15.86889325,1.57280000,6.76638442,1438.42714580
421,ZrTiNbAlV,bcc,UNKNOWN,0.00000000,0.00000000,1,1700.00000000,53.75846567,0.00000000,0.00000000,0.00000000,0.00000000,0.00000000,UNKNOWN,UNKNOWN,UNKNOWN,ZrTiNbAlV,1.61708602,1.60893788,1987.06400000,17.45440621,3.26822307,0.20000000,0.20000000,0.20000000,0.20000000,0.20000000,0.00000000,0.00000000,0.00000000,0.00000000,0.00000000,0.00000000,0.00000000,0.00000000,0.00000000,0.00013869,3.05810433,129.01497511,0.06170126,0.03272999,-0.09584498,-0.12095393,-0.13727862,-0.14992519,-0.16624989,0.01918011,0.10330029,0.11728928,61.98408372,4.20000000,1.54200000,0.08412019,120.80000000,37.60000000,97.20000000,0.35600000,2.10740000,2.30780000,0.73500000,3.42058000,0.48900000,0.88305920,0.06508060,5.89691002,0.05908183,0.17636380,0.20086391,0.25262597,0.04469122,0.01278420,0.12472513,0.03580609,0.16173145,0.04478685,0.20449540,0.04707197,10.64216941,5.04990482,0.23203948,2.10559006,0.13073165,2.27844713,0.85553359,1988.70576603,2.01719588,236.74392969,23.64899088,11.39040417,14.14610402,2.72495411,15.86889325,1.57280000,6.76638442,94.45673239
422,ZrTiNbAlV,bcc,UNKNOWN,0.00000000,0.00000000,1,1400.00000000,163.59717767,0.00000000,0.00000000,0.00000000,0.00000000,0.00000000,UNKNOWN,UNKNOWN,UNKNOWN,ZrTiNbAlV,1.61708602,1.60893788,1987.06400000,17.45440621,3.26822307,0.20000000,0.20000000,0.20000000,0.20000000,0.20000000,0.00000000,0.00000000,0.00000000,0.00000000,0.00000000,0.00000000,0.00000000,0.00000000,0.00000000,0.00013869,3.05810433,129.01497511,0.06170126,0.03272999,-0.09584498,-0.12095393,-0.13727862,-0.14992519,-0.16624989,0.01918011,0.10330029,0.11728928,61.98408372,4.20000000,1.54200000,0.08412019,120.80000000,37.60000000,97.20000000,0.35600000,2.10740000,2.30780000,0.73500000,3.42058000,0.48900000,0.88305920,0.06508060,5.89691002,0.05908183,0.17636380,0.20086391,0.25262597,0.04469122,0.01278420,0.12472513,0.03580609,0.16173145,0.04478685,0.20449540,0.04707197,10.64216941,5.04990482,0.23203948,2.10559006,0.13073165,2.27844713,0.70455708,1988.70576603,2.01719588,344.65862315,23.64899088,11.39040417,14.14610402,2.72495411,15.86889325,1.57280000,6.76638442,186.87949398
423,ZrTiNbAlV,bcc,UNKNOWN,0.00000000,0.00000000,1,1100.00000000,497.85715060,0.00000000,0.00000000,0.00000000,0.00000000,0.00000000,UNKNOWN,UNKNOWN,UNKNOWN,ZrTiNbAlV,1.61708602,1.60893788,1987.06400000,17.45440621,3.26822307,0.20000000,0.20000000,0.20000000,0.20000000,0.20000000,0.00000000,0.00000000,0.00000000,0.00000000,0.00000000,0.00000000,0.00000000,0.00000000,0.00000000,0.00013869,3.05810433,129.01497511,0.06170126,0.03272999,-0.09584498,-0.12095393,-0.13727862,-0.14992519,-0.16624989,0.01918011,0.10330029,0.11728928,61.98408372,4.20000000,1.54200000,0.08412019,120.80000000,37.60000000,97.20000000,0.35600000,2.10740000,2.30780000,0.73500000,3.42058000,0.48900000,0.88305920,0.06508060,5.89691002,0.05908183,0.17636380,0.20086391,0.25262597,0.04469122,0.01278420,0.12472513,0.03580609,0.16173145,0.04478685,0.20449540,0.04707197,10.64216941,5.04990482,0.23203948,2.10559006,0.13073165,2.27844713,0.55358056,1988.70576603,2.01719588,501.76393823,23.64899088,11.39040417,14.14610402,2.72495411,15.86889325,1.57280000,6.76638442,428.24601607
424,ZrTiNbAlV,bcc,UNKNOWN,0.00000000,0.00000000,1,873.15000000,1155.00000000,0.00000000,0.00000000,0.00000000,0.00000000,0.00000000,UNKNOWN,UNKNOWN,UNKNOWN,ZrTiNbAlV,1.61708602,1.60893788,1987.06400000,17.45440621,3.26822307,0.20000000,0.20000000,0.20000000,0.20000000,0.20000000,0.00000000,0.00000000,0.00000000,0.00000000,0.00000000,0.00000000,0.00000000,0.00000000,0.00000000,0.00013869,3.05810433,129.01497511,0.06170126,0.03272999,-0.09584498,-0.12095393,-0.13727862,-0.14992519,-0.16624989,0.01918011,0.10330029,0.11728928,61.98408372,4.20000000,1.54200000,0.08412019,120.80000000,37.60000000,97.20000000,0.35600000,2.10740000,2.30780000,0.73500000,3.42058000,0.48900000,0.88305920,0.06508060,5.89691002,0.05908183,0.17636380,0.20086391,0.25262597,0.04469122,0.01278420,0.12472513,0.03580609,0.16173145,0.04478685,0.20449540,0.04707197,10.64216941,5.04990482,0.23203948,2.10559006,0.13073165,2.27844713,0.43941715,1988.70576603,2.01719588,666.55810663,23.64899088,11.39040417,14.14610402,2.72495411,15.86889325,1.57280000,6.76638442,1110.92510538
425,ZrTiNbAlV,bcc,UNKNOWN,0.00000000,0.00000000,1,473.15000000,1385.30358500,0.00000000,0.00000000,0.00000000,0.00000000,0.00000000,UNKNOWN,UNKNOWN,UNKNOWN,ZrTiNbAlV,1.61708602,1.60893788,1987.06400000,17.45440621,3.26822307,0.20000000,0.20000000,0.20000000,0.20000000,0.20000000,0.00000000,0.00000000,0.00000000,0.00000000,0.00000000,0.00000000,0.00000000,0.00000000,0.00000000,0.00013869,3.05810433,129.01497511,0.06170126,0.03272999,-0.09584498,-0.12095393,-0.13727862,-0.14992519,-0.16624989,0.01918011,0.10330029,0.11728928,61.98408372,4.20000000,1.54200000,0.08412019,120.80000000,37.60000000,97.20000000,0.35600000,2.10740000,2.30780000,0.73500000,3.42058000,0.48900000,0.88305920,0.06508060,5.89691002,0.05908183,0.17636380,0.20086391,0.25262597,0.04469122,0.01278420,0.12472513,0.03580609,0.16173145,0.04478685,0.20449540,0.04707197,10.64216941,5.04990482,0.23203948,2.10559006,0.13073165,2.27844713,0.23811513,1988.70576603,2.01719588,1047.11520450,23.64899088,11.39040417,14.14610402,2.72495411,15.86889325,1.57280000,6.76638442,1340.87365875
426,ZrTiNbCr,BCC+Sec.,OTHER,,,1,1400.00000000,57.29064141,,50.00000000,,,,10.1016/j.msea.2012.12.018,2013,"Mechanical properties of low-density, refractory multi-principal element alloys of the Cr–Nb–Ti–V–Zr system",ZrTiNbCr,1.61095392,1.61357144,2249.75000000,17.41531554,3.26578142,0.25000000,0.25000000,0.25000000,0.25000000,0.00000000,0.00000000,0.00000000,0.00000000,0.00000000,0.00000000,0.00000000,0.00000000,0.00000000,0.00000000,0.00011946,3.05619311,155.39640630,0.35216099,0.31594691,0.09811678,0.06713152,0.02856177,0.03091743,-0.00765232,-0.00879457,0.14455903,0.18983833,70.99837000,4.75000000,1.53250000,0.15335360,132.50000000,57.50000000,141.75000000,0.31750000,2.26375000,2.70425000,0.92225000,3.16665000,0.86875000,0.80629150,0.13500000,6.76965325,0.07749521,0.22340471,0.58130939,0.57354487,0.06053233,0.02029028,0.17060123,0.05642249,0.34256201,0.12256607,0.36166451,0.12186849,16.26243564,7.18384788,0.38376588,1.93040293,0.30798569,4.00346569,0.62229137,3712.44393354,3.40062722,1312.62201162,8.37247904,0.93407573,0.00000000,5.54143454,8.07716756,1.78200000,9.12594593,48.20914371
427,ZrTiNbCr,BCC+Sec.,OTHER,,,1,1700.00000000,11.02558908,,50.00000000,,,,10.1016/j.msea.2012.12.018,2013,"Mechanical properties of low-density, refractory multi-principal element alloys of the Cr–Nb–Ti–V–Zr system",ZrTiNbCr,1.61095392,1.61357144,2249.75000000,17.41531554,3.26578142,0.25000000,0.25000000,0.25000000,0.25000000,0.00000000,0.00000000,0.00000000,0.00000000,0.00000000,0.00000000,0.00000000,0.00000000,0.00000000,0.00000000,0.00011946,3.05619311,155.39640630,0.35216099,0.31594691,0.09811678,0.06713152,0.02856177,0.03091743,-0.00765232,-0.00879457,0.14455903,0.18983833,70.99837000,4.75000000,1.53250000,0.15335360,132.50000000,57.50000000,141.75000000,0.31750000,2.26375000,2.70425000,0.92225000,3.16665000,0.86875000,0.80629150,0.13500000,6.76965325,0.07749521,0.22340471,0.58130939,0.57354487,0.06053233,0.02029028,0.17060123,0.05642249,0.34256201,0.12256607,0.36166451,0.12186849,16.26243564,7.18384788,0.38376588,1.93040293,0.30798569,4.00346569,0.75563952,3712.44393354,3.40062722,1050.47410149,8.37247904,0.93407573,0.00000000,5.54143454,8.07716756,1.78200000,9.12594593,24.69242415
428,ZrTiNbCr,BCC+Sec.,OTHER,,,1,1273.15000000,115.00000000,,50.00000000,,,,10.1016/j.msea.2012.12.018,2013,"Mechanical properties of low-density, refractory multi-principal element alloys of the Cr–Nb–Ti–V–Zr system",ZrTiNbCr,1.61095392,1.61357144,2249.75000000,17.41531554,3.26578142,0.25000000,0.25000000,0.25000000,0.25000000,0.00000000,0.00000000,0.00000000,0.00000000,0.00000000,0.00000000,0.00000000,0.00000000,0.00000000,0.00000000,0.00011946,3.05619311,155.39640630,0.35216099,0.31594691,0.09811678,0.06713152,0.02856177,0.03091743,-0.00765232,-0.00879457,0.14455903,0.18983833,70.99837000,4.75000000,1.53250000,0.15335360,132.50000000,57.50000000,141.75000000,0.31750000,2.26375000,2.70425000,0.92225000,3.16665000,0.86875000,0.80629150,0.13500000,6.76965325,0.07749521,0.22340471,0.58130939,0.57354487,0.06053233,0.02029028,0.17060123,0.05642249,0.34256201,0.12256607,0.36166451,0.12186849,16.26243564,7.18384788,0.38376588,1.93040293,0.30798569,4.00346569,0.56590732,3712.44393354,3.40062722,1442.28351584,8.37247904,0.93407573,0.00000000,5.54143454,8.07716756,1.78200000,9.12594593,121.93854534
429,ZrTiNbCr,BCC+Sec.,OTHER,,4.09640000,1,298.15000000,1260.00000000,,6.00000000,,,,10.1016/j.msea.2012.12.018,2013,"Mechanical properties of low-density, refractory multi-principal element alloys of the Cr–Nb–Ti–V–Zr system",ZrTiNbCr,1.61095392,1.61357144,2249.75000000,17.41531554,3.26578142,0.25000000,0.25000000,0.25000000,0.25000000,0.00000000,0.00000000,0.00000000,0.00000000,0.00000000,0.00000000,0.00000000,0.00000000,0.00000000,0.00000000,0.00011946,3.05619311,155.39640630,0.35216099,0.31594691,0.09811678,0.06713152,0.02856177,0.03091743,-0.00765232,-0.00879457,0.14455903,0.18983833,70.99837000,4.75000000,1.53250000,0.15335360,132.50000000,57.50000000,141.75000000,0.31750000,2.26375000,2.70425000,0.92225000,3.16665000,0.86875000,0.80629150,0.13500000,6.76965325,0.07749521,0.22340471,0.58130939,0.57354487,0.06053233,0.02029028,0.17060123,0.05642249,0.34256201,0.12256607,0.36166451,0.12186849,16.26243564,7.18384788,0.38376588,1.93040293,0.30798569,4.00346569,0.13252584,3712.44393354,3.40062722,2800.35998958,8.37247904,0.93407573,0.00000000,5.54143454,8.07716756,1.78200000,9.12594593,1341.35521628
430,ZrTiNbCr,BCC+Sec.,OTHER,,,1,873.15000000,1035.00000000,,50.00000000,,,,10.1016/j.msea.2012.12.018,2013,"Mechanical properties of low-density, refractory multi-principal element alloys of the Cr–Nb–Ti–V–Zr system",ZrTiNbCr,1.61095392,1.61357144,2249.75000000,17.41531554,3.26578142,0.25000000,0.25000000,0.25000000,0.25000000,0.00000000,0.00000000,0.00000000,0.00000000,0.00000000,0.00000000,0.00000000,0.00000000,0.00000000,0.00000000,0.00011946,3.05619311,155.39640630,0.35216099,0.31594691,0.09811678,0.06713152,0.02856177,0.03091743,-0.00765232,-0.00879457,0.14455903,0.18983833,70.99837000,4.75000000,1.53250000,0.15335360,132.50000000,57.50000000,141.75000000,0.31750000,2.26375000,2.70425000,0.92225000,3.16665000,0.86875000,0.80629150,0.13500000,6.76965325,0.07749521,0.22340471,0.58130939,0.57354487,0.06053233,0.02029028,0.17060123,0.05642249,0.34256201,0.12256607,0.36166451,0.12186849,16.26243564,7.18384788,0.38376588,1.93040293,0.30798569,4.00346569,0.38810979,3712.44393354,3.40062722,1941.13802581,8.37247904,0.93407573,0.00000000,5.54143454,8.07716756,1.78200000,9.12594593,1040.59892183
431,ZrTiNbCr,BCC+Sec.,OTHER,,,1,1073.15000000,300.00000000,,50.00000000,,,,10.1016/j.msea.2012.12.018,2013,"Mechanical properties of low-density, refractory multi-principal element alloys of the Cr–Nb–Ti–V–Zr system",ZrTiNbCr,1.61095392,1.61357144,2249.75000000,17.41531554,3.26578142,0.25000000,0.25000000,0.25000000,0.25000000,0.00000000,0.00000000,0.00000000,0.00000000,0.00000000,0.00000000,0.00000000,0.00000000,0.00000000,0.00000000,0.00011946,3.05619311,155.39640630,0.35216099,0.31594691,0.09811678,0.06713152,0.02856177,0.03091743,-0.00765232,-0.00879457,0.14455903,0.18983833,70.99837000,4.75000000,1.53250000,0.15335360,132.50000000,57.50000000,141.75000000,0.31750000,2.26375000,2.70425000,0.92225000,3.16665000,0.86875000,0.80629150,0.13500000,6.76965325,0.07749521,0.22340471,0.58130939,0.57354487,0.06053233,0.02029028,0.17060123,0.05642249,0.34256201,0.12256607,0.36166451,0.12186849,16.26243564,7.18384788,0.38376588,1.93040293,0.30798569,4.00346569,0.47700856,3712.44393354,3.40062722,1673.22185516,8.37247904,0.93407573,0.00000000,5.54143454,8.07716756,1.78200000,9.12594593,413.04012081
432,ZrTiNbV,BCC,OTHER,,,1,1273.15000000,58.00000000,,50.00000000,,,100.00000000,10.1016/j.msea.2012.12.018,2013,"Mechanical properties of low-density, refractory multi-principal element alloys of the Cr–Nb–Ti–V–Zr system",ZrTiNbV,1.62572510,1.63091643,2250.50000000,17.98255254,3.30086005,0.25000000,0.25000000,0.25000000,0.25000000,0.00000000,0.00000000,0.00000000,0.00000000,0.00000000,0.00000000,0.00000000,0.00000000,0.00000000,0.00000000,0.00011946,3.08740798,142.32866021,0.24630032,0.21008624,0.05311151,0.03524878,-0.00481785,-0.00096531,-0.04103193,0.01651998,0.12823805,0.12805104,70.73472000,4.50000000,1.52500000,0.11171808,132.00000000,40.50000000,104.00000000,0.35750000,2.34425000,2.58500000,0.80975000,4.08775000,0.57375000,0.82382400,0.09750000,6.53176716,0.06142584,0.18573791,0.13353894,0.21979095,0.04715404,0.01506513,0.13822585,0.04417559,0.10608385,0.03327572,0.18601615,0.06571297,11.57744606,4.93865674,0.24474779,2.11284047,0.17640604,7.62716744,0.56571873,2305.77199757,2.32247386,577.55253376,43.66733142,7.07934521,8.29665581,5.54143454,47.80748770,1.77525000,6.52158629,85.09534993
433,ZrTiNbV,BCC,ANNEAL,,,1,298.15000000,1104.50000000,,,50.00000000,,100.00000000,10.1016/j.matdes.2015.06.072,2015,Phase composition and solid solution strengthening effect in TiZrNbMoV high-entropy alloys,ZrTiNbV,1.62572510,1.63091643,2250.50000000,17.98255254,3.30086005,0.25000000,0.25000000,0.25000000,0.25000000,0.00000000,0.00000000,0.00000000,0.00000000,0.00000000,0.00000000,0.00000000,0.00000000,0.00000000,0.00000000,0.00011946,3.08740798,142.32866021,0.24630032,0.21008624,0.05311151,0.03524878,-0.00481785,-0.00096531,-0.04103193,0.01651998,0.12823805,0.12805104,70.73472000,4.50000000,1.52500000,0.11171808,132.00000000,40.50000000,104.00000000,0.35750000,2.34425000,2.58500000,0.80975000,4.08775000,0.57375000,0.82382400,0.09750000,6.53176716,0.06142584,0.18573791,0.13353894,0.21979095,0.04715404,0.01506513,0.13822585,0.04417559,0.10608385,0.03327572,0.18601615,0.06571297,11.57744606,4.93865674,0.24474779,2.11284047,0.17640604,7.62716744,0.13248167,2305.77199757,2.32247386,1575.31150981,43.66733142,7.07934521,8.29665581,5.54143454,47.80748770,1.77525000,6.52158629,1037.43306620
434,ZrTiNbV,BCC,OTHER,,,1,873.15000000,834.00000000,,50.00000000,,,100.00000000,10.1016/j.msea.2012.12.018,2013,"Mechanical properties of low-density, refractory multi-principal element alloys of the Cr–Nb–Ti–V–Zr system",ZrTiNbV,1.62572510,1.63091643,2250.50000000,17.98255254,3.30086005,0.25000000,0.25000000,0.25000000,0.25000000,0.00000000,0.00000000,0.00000000,0.00000000,0.00000000,0.00000000,0.00000000,0.00000000,0.00000000,0.00000000,0.00011946,3.08740798,142.32866021,0.24630032,0.21008624,0.05311151,0.03524878,-0.00481785,-0.00096531,-0.04103193,0.01651998,0.12823805,0.12805104,70.73472000,4.50000000,1.52500000,0.11171808,132.00000000,40.50000000,104.00000000,0.35750000,2.34425000,2.58500000,0.80975000,4.08775000,0.57375000,0.82382400,0.09750000,6.53176716,0.06142584,0.18573791,0.13353894,0.21979095,0.04715404,0.01506513,0.13822585,0.04417559,0.10608385,0.03327572,0.18601615,0.06571297,11.57744606,4.93865674,0.24474779,2.11284047,0.17640604,7.62716744,0.38798045,2305.77199757,2.32247386,892.24709082,43.66733142,7.07934521,8.29665581,5.54143454,47.80748770,1.77525000,6.52158629,766.09206753
435,ZrTiNbV,BCC,OTHER,,,1,1400.00000000,24.90464252,,50.00000000,,,100.00000000,10.1016/j.msea.2012.12.018,2013,"Mechanical properties of low-density, refractory multi-principal element alloys of the Cr–Nb–Ti–V–Zr system",ZrTiNbV,1.62572510,1.63091643,2250.50000000,17.98255254,3.30086005,0.25000000,0.25000000,0.25000000,0.25000000,0.00000000,0.00000000,0.00000000,0.00000000,0.00000000,0.00000000,0.00000000,0.00000000,0.00000000,0.00000000,0.00011946,3.08740798,142.32866021,0.24630032,0.21008624,0.05311151,0.03524878,-0.00481785,-0.00096531,-0.04103193,0.01651998,0.12823805,0.12805104,70.73472000,4.50000000,1.52500000,0.11171808,132.00000000,40.50000000,104.00000000,0.35750000,2.34425000,2.58500000,0.80975000,4.08775000,0.57375000,0.82382400,0.09750000,6.53176716,0.06142584,0.18573791,0.13353894,0.21979095,0.04715404,0.01506513,0.13822585,0.04417559,0.10608385,0.03327572,0.18601615,0.06571297,11.57744606,4.93865674,0.24474779,2.11284047,0.17640604,7.62716744,0.62208398,2305.77199757,2.32247386,503.13971060,43.66733142,7.07934521,8.29665581,5.54143454,47.80748770,1.77525000,6.52158629,37.42623610
436,ZrTiNbV,BCC,OTHER,,,1,1073.15000000,187.00000000,,50.00000000,,,100.00000000,10.1016/j.msea.2012.12.018,2013,"Mechanical properties of low-density, refractory multi-principal element alloys of the Cr–Nb–Ti–V–Zr system",ZrTiNbV,1.62572510,1.63091643,2250.50000000,17.98255254,3.30086005,0.25000000,0.25000000,0.25000000,0.25000000,0.00000000,0.00000000,0.00000000,0.00000000,0.00000000,0.00000000,0.00000000,0.00000000,0.00000000,0.00000000,0.00011946,3.08740798,142.32866021,0.24630032,0.21008624,0.05311151,0.03524878,-0.00481785,-0.00096531,-0.04103193,0.01651998,0.12823805,0.12805104,70.73472000,4.50000000,1.52500000,0.11171808,132.00000000,40.50000000,104.00000000,0.35750000,2.34425000,2.58500000,0.80975000,4.08775000,0.57375000,0.82382400,0.09750000,6.53176716,0.06142584,0.18573791,0.13353894,0.21979095,0.04715404,0.01506513,0.13822585,0.04417559,0.10608385,0.03327572,0.18601615,0.06571297,11.57744606,4.93865674,0.24474779,2.11284047,0.17640604,7.62716744,0.47684959,2305.77199757,2.32247386,717.85762380,43.66733142,7.07934521,8.29665581,5.54143454,47.80748770,1.77525000,6.52158629,209.13838094
437,ZrTiNbV2,BCC,OTHER,,,1,873.15000000,571.00000000,,50.00000000,,,105.00000000,10.1016/j.msea.2012.12.018,2013,"Mechanical properties of low-density, refractory multi-principal element alloys of the Cr–Nb–Ti–V–Zr system",ZrTiNbV2,1.59895782,1.60518375,2237.00000000,17.09325630,3.24552481,0.20000000,0.20000000,0.20000000,0.40000000,0.00000000,0.00000000,0.00000000,0.00000000,0.00000000,0.00000000,0.00000000,0.00000000,0.00000000,0.00000000,0.00011480,3.03807143,151.19124744,0.27192685,0.24295558,0.06259188,0.02777186,-0.00971866,-0.00119941,-0.03868992,0.01930933,0.15847667,0.15673477,66.77607600,4.60000000,1.54600000,0.13916734,137.60000000,41.80000000,108.80000000,0.36000000,2.39980000,2.67360000,0.91380000,4.15920000,0.62300000,0.81685740,0.13200000,6.48702369,0.06541015,0.20175202,0.13138306,0.20759855,0.05004732,0.02117361,0.14619557,0.06158081,0.10633188,0.04169385,0.17838875,0.06675171,11.74875499,4.89572255,0.25960497,2.12500000,0.19727391,9.24690767,0.39032186,2677.62881520,2.41686247,1075.28209542,44.86650005,7.78769070,11.41937923,12.46558645,45.28407668,1.75980000,6.67618763,695.75668217
438,ZrTiNbV2,BCC,OTHER,,,1,1073.15000000,240.00000000,,50.00000000,,,105.00000000,10.1016/j.msea.2012.12.018,2013,"Mechanical properties of low-density, refractory multi-principal element alloys of the Cr–Nb–Ti–V–Zr system",ZrTiNbV2,1.59895782,1.60518375,2237.00000000,17.09325630,3.24552481,0.20000000,0.20000000,0.20000000,0.40000000,0.00000000,0.00000000,0.00000000,0.00000000,0.00000000,0.00000000,0.00000000,0.00000000,0.00000000,0.00000000,0.00011480,3.03807143,151.19124744,0.27192685,0.24295558,0.06259188,0.02777186,-0.00971866,-0.00119941,-0.03868992,0.01930933,0.15847667,0.15673477,66.77607600,4.60000000,1.54600000,0.13916734,137.60000000,41.80000000,108.80000000,0.36000000,2.39980000,2.67360000,0.91380000,4.15920000,0.62300000,0.81685740,0.13200000,6.48702369,0.06541015,0.20175202,0.13138306,0.20759855,0.05004732,0.02117361,0.14619557,0.06158081,0.10633188,0.04169385,0.17838875,0.06675171,11.74875499,4.89572255,0.25960497,2.12500000,0.19727391,9.24690767,0.47972731,2677.62881520,2.41686247,872.49738689,44.86650005,7.78769070,11.41937923,12.46558645,45.28407668,1.75980000,6.67618763,207.42698171
439,ZrTiNbV2,BCC,OTHER,,,1,1273.15000000,72.00000000,,50.00000000,,,105.00000000,10.1016/j.msea.2012.12.018,2013,"Mechanical properties of low-density, refractory multi-principal element alloys of the Cr–Nb–Ti–V–Zr system",ZrTiNbV2,1.59895782,1.60518375,2237.00000000,17.09325630,3.24552481,0.20000000,0.20000000,0.20000000,0.40000000,0.00000000,0.00000000,0.00000000,0.00000000,0.00000000,0.00000000,0.00000000,0.00000000,0.00000000,0.00000000,0.00011480,3.03807143,151.19124744,0.27192685,0.24295558,0.06259188,0.02777186,-0.00971866,-0.00119941,-0.03868992,0.01930933,0.15847667,0.15673477,66.77607600,4.60000000,1.54600000,0.13916734,137.60000000,41.80000000,108.80000000,0.36000000,2.39980000,2.67360000,0.91380000,4.15920000,0.62300000,0.81685740,0.13200000,6.48702369,0.06541015,0.20175202,0.13138306,0.20759855,0.05004732,0.02117361,0.14619557,0.06158081,0.10633188,0.04169385,0.17838875,0.06675171,11.74875499,4.89572255,0.25960497,2.12500000,0.19727391,9.24690767,0.56913277,2677.62881520,2.41686247,707.95532946,44.86650005,7.78769070,11.41937923,12.46558645,45.28407668,1.75980000,6.67618763,76.09805929
440,ZrTiNbV2,BCC,OTHER,,,1,1400.00000000,37.33712197,,50.00000000,,,105.00000000,10.1016/j.msea.2012.12.018,2013,"Mechanical properties of low-density, refractory multi-principal element alloys of the Cr–Nb–Ti–V–Zr system",ZrTiNbV2,1.59895782,1.60518375,2237.00000000,17.09325630,3.24552481,0.20000000,0.20000000,0.20000000,0.40000000,0.00000000,0.00000000,0.00000000,0.00000000,0.00000000,0.00000000,0.00000000,0.00000000,0.00000000,0.00000000,0.00011480,3.03807143,151.19124744,0.27192685,0.24295558,0.06259188,0.02777186,-0.00971866,-0.00119941,-0.03868992,0.01930933,0.15847667,0.15673477,66.77607600,4.60000000,1.54600000,0.13916734,137.60000000,41.80000000,108.80000000,0.36000000,2.39980000,2.67360000,0.91380000,4.15920000,0.62300000,0.81685740,0.13200000,6.48702369,0.06541015,0.20175202,0.13138306,0.20759855,0.05004732,0.02117361,0.14619557,0.06158081,0.10633188,0.04169385,0.17838875,0.06675171,11.74875499,4.89572255,0.25960497,2.12500000,0.19727391,9.24690767,0.62583818,2677.62881520,2.41686247,620.07242252,44.86650005,7.78769070,11.41937923,12.46558645,45.28407668,1.75980000,6.67618763,31.05469359
441,ZrTiNbV2,BCC,OTHER,,,1,1700.00000000,7.90065558,,50.00000000,,,105.00000000,10.1016/j.msea.2012.12.018,2013,"Mechanical properties of low-density, refractory multi-principal element alloys of the Cr–Nb–Ti–V–Zr system",ZrTiNbV2,1.59895782,1.60518375,2237.00000000,17.09325630,3.24552481,0.20000000,0.20000000,0.20000000,0.40000000,0.00000000,0.00000000,0.00000000,0.00000000,0.00000000,0.00000000,0.00000000,0.00000000,0.00000000,0.00000000,0.00011480,3.03807143,151.19124744,0.27192685,0.24295558,0.06259188,0.02777186,-0.00971866,-0.00119941,-0.03868992,0.01930933,0.15847667,0.15673477,66.77607600,4.60000000,1.54600000,0.13916734,137.60000000,41.80000000,108.80000000,0.36000000,2.39980000,2.67360000,0.91380000,4.15920000,0.62300000,0.81685740,0.13200000,6.48702369,0.06541015,0.20175202,0.13138306,0.20759855,0.05004732,0.02117361,0.14619557,0.06158081,0.10633188,0.04169385,0.17838875,0.06675171,11.74875499,4.89572255,0.25960497,2.12500000,0.19727391,9.24690767,0.75994636,2677.62881520,2.41686247,453.21575374,44.86650005,7.78769070,11.41937923,12.46558645,45.28407668,1.75980000,6.67618763,-3.16735160
442,ZrTiNbV2,BCC,OTHER,550.00000000,2.97920000,1,298.15000000,918.00000000,,50.00000000,,,105.00000000,10.1016/j.msea.2012.12.018,2013,"Mechanical properties of low-density, refractory multi-principal element alloys of the Cr–Nb–Ti–V–Zr system",ZrTiNbV2,1.59895782,1.60518375,2237.00000000,17.09325630,3.24552481,0.20000000,0.20000000,0.20000000,0.40000000,0.00000000,0.00000000,0.00000000,0.00000000,0.00000000,0.00000000,0.00000000,0.00000000,0.00000000,0.00000000,0.00011480,3.03807143,151.19124744,0.27192685,0.24295558,0.06259188,0.02777186,-0.00971866,-0.00119941,-0.03868992,0.01930933,0.15847667,0.15673477,66.77607600,4.60000000,1.54600000,0.13916734,137.60000000,41.80000000,108.80000000,0.36000000,2.39980000,2.67360000,0.91380000,4.15920000,0.62300000,0.81685740,0.13200000,6.48702369,0.06541015,0.20175202,0.13138306,0.20759855,0.05004732,0.02117361,0.14619557,0.06158081,0.10633188,0.04169385,0.17838875,0.06675171,11.74875499,4.89572255,0.25960497,2.12500000,0.19727391,9.24690767,0.13328118,2677.62881520,2.41686247,1851.59719298,44.86650005,7.78769070,11.41937923,12.46558645,45.28407668,1.75980000,6.67618763,1039.99999986
443,ZrTiNbVCr,BCC+Sec.,OTHER,,,1,1273.15000000,259.00000000,,50.00000000,,,,10.1016/j.msea.2012.12.018,2013,"Mechanical properties of low-density, refractory multi-principal element alloys of the Cr–Nb–Ti–V–Zr system",ZrTiNbVCr,1.58714088,1.59137367,2236.40000000,16.65368123,3.21746191,0.20000000,0.20000000,0.20000000,0.20000000,0.20000000,0.00000000,0.00000000,0.00000000,0.00000000,0.00000000,0.00000000,0.00000000,0.00000000,0.00000000,0.00013869,3.00969152,161.64544431,0.32207690,0.29310563,0.08097652,0.04213841,0.00381423,0.01316714,-0.02515703,0.01970463,0.19218038,0.20805108,66.98699600,4.80000000,1.55200000,0.17247576,138.00000000,55.40000000,139.00000000,0.32800000,2.33540000,2.76900000,1.00380000,3.42232000,0.85900000,0.80283140,0.16200000,6.67927999,0.07644541,0.22905624,0.54494701,0.52463754,0.05916635,0.01546002,0.16819162,0.04423589,0.30567568,0.09734187,0.32439811,0.09485704,15.43667678,6.60986417,0.36781708,1.97619048,0.26421949,7.36068870,0.56928546,3815.42285930,3.23593861,1412.65471707,4.66676757,0.00000000,0.00000000,2.72495411,7.80925703,1.76520000,8.74500158,291.18057712
444,ZrTiNbVCr,BCC+Sec.,OTHER,,,1,1700.00000000,49.12214048,,50.00000000,,,,10.1016/j.msea.2012.12.018,2013,"Mechanical properties of low-density, refractory multi-principal element alloys of the Cr–Nb–Ti–V–Zr system",ZrTiNbVCr,1.58714088,1.59137367,2236.40000000,16.65368123,3.21746191,0.20000000,0.20000000,0.20000000,0.20000000,0.20000000,0.00000000,0.00000000,0.00000000,0.00000000,0.00000000,0.00000000,0.00000000,0.00000000,0.00000000,0.00013869,3.00969152,161.64544431,0.32207690,0.29310563,0.08097652,0.04213841,0.00381423,0.01316714,-0.02515703,0.01970463,0.19218038,0.20805108,66.98699600,4.80000000,1.55200000,0.17247576,138.00000000,55.40000000,139.00000000,0.32800000,2.33540000,2.76900000,1.00380000,3.42232000,0.85900000,0.80283140,0.16200000,6.67927999,0.07644541,0.22905624,0.54494701,0.52463754,0.05916635,0.01546002,0.16819162,0.04423589,0.30567568,0.09734187,0.32439811,0.09485704,15.43667678,6.60986417,0.36781708,1.97619048,0.26421949,7.36068870,0.76015024,3815.42285930,3.23593861,1012.42870386,4.66676757,0.00000000,0.00000000,2.72495411,7.80925703,1.76520000,8.74500158,68.72499081
445,ZrTiNbVCr,BCC+Sec.,OTHER,,4.72360000,1,298.15000000,1298.00000000,,3.00000000,,,,10.1016/j.msea.2012.12.018,2013,"Mechanical properties of low-density, refractory multi-principal element alloys of the Cr–Nb–Ti–V–Zr system",ZrTiNbVCr,1.58714088,1.59137367,2236.40000000,16.65368123,3.21746191,0.20000000,0.20000000,0.20000000,0.20000000,0.20000000,0.00000000,0.00000000,0.00000000,0.00000000,0.00000000,0.00000000,0.00000000,0.00000000,0.00000000,0.00013869,3.00969152,161.64544431,0.32207690,0.29310563,0.08097652,0.04213841,0.00381423,0.01316714,-0.02515703,0.01970463,0.19218038,0.20805108,66.98699600,4.80000000,1.55200000,0.17247576,138.00000000,55.40000000,139.00000000,0.32800000,2.33540000,2.76900000,1.00380000,3.42232000,0.85900000,0.80283140,0.16200000,6.67927999,0.07644541,0.22905624,0.54494701,0.52463754,0.05916635,0.01546002,0.16819162,0.04423589,0.30567568,0.09734187,0.32439811,0.09485704,15.43667678,6.60986417,0.36781708,1.97619048,0.26421949,7.36068870,0.13331694,3815.42285930,3.23593861,2846.49802655,4.66676757,0.00000000,0.00000000,2.72495411,7.80925703,1.76520000,8.74500158,1352.01387763
446,ZrTiNbVCr,BCC+Sec.,OTHER,,,1,873.15000000,1230.00000000,,10.00000000,,,,10.1016/j.msea.2012.12.018,2013,"Mechanical properties of low-density, refractory multi-principal element alloys of the Cr–Nb–Ti–V–Zr system",ZrTiNbVCr,1.58714088,1.59137367,2236.40000000,16.65368123,3.21746191,0.20000000,0.20000000,0.20000000,0.20000000,0.20000000,0.00000000,0.00000000,0.00000000,0.00000000,0.00000000,0.00000000,0.00000000,0.00000000,0.00000000,0.00013869,3.00969152,161.64544431,0.32207690,0.29310563,0.08097652,0.04213841,0.00381423,0.01316714,-0.02515703,0.01970463,0.19218038,0.20805108,66.98699600,4.80000000,1.55200000,0.17247576,138.00000000,55.40000000,139.00000000,0.32800000,2.33540000,2.76900000,1.00380000,3.42232000,0.85900000,0.80283140,0.16200000,6.67927999,0.07644541,0.22905624,0.54494701,0.52463754,0.05916635,0.01546002,0.16819162,0.04423589,0.30567568,0.09734187,0.32439811,0.09485704,15.43667678,6.60986417,0.36781708,1.97619048,0.26421949,7.36068870,0.39042658,3815.42285930,3.23593861,1930.22249092,4.66676757,0.00000000,0.00000000,2.72495411,7.80925703,1.76520000,8.74500158,1107.40224938
447,ZrTiNbVCr,BCC+Sec.,OTHER,,,1,1073.15000000,615.00000000,,50.00000000,,,,10.1016/j.msea.2012.12.018,2013,"Mechanical properties of low-density, refractory multi-principal element alloys of the Cr–Nb–Ti–V–Zr system",ZrTiNbVCr,1.58714088,1.59137367,2236.40000000,16.65368123,3.21746191,0.20000000,0.20000000,0.20000000,0.20000000,0.20000000,0.00000000,0.00000000,0.00000000,0.00000000,0.00000000,0.00000000,0.00000000,0.00000000,0.00000000,0.00013869,3.00969152,161.64544431,0.32207690,0.29310563,0.08097652,0.04213841,0.00381423,0.01316714,-0.02515703,0.01970463,0.19218038,0.20805108,66.98699600,4.80000000,1.55200000,0.17247576,138.00000000,55.40000000,139.00000000,0.32800000,2.33540000,2.76900000,1.00380000,3.42232000,0.85900000,0.80283140,0.16200000,6.67927999,0.07644541,0.22905624,0.54494701,0.52463754,0.05916635,0.01546002,0.16819162,0.04423589,0.30567568,0.09734187,0.32439811,0.09485704,15.43667678,6.60986417,0.36781708,1.97619048,0.26421949,7.36068870,0.47985602,3815.42285930,3.23593861,1651.28371481,4.66676757,0.00000000,0.00000000,2.72495411,7.80925703,1.76520000,8.74500158,796.51427228
448,ZrTiNbVCr,BCC+Sec.,OTHER,,,1,2000.00000000,15.26944571,,50.00000000,,,,10.1016/j.msea.2012.12.018,2013,"Mechanical properties of low-density, refractory multi-principal element alloys of the Cr–Nb–Ti–V–Zr system",ZrTiNbVCr,1.58714088,1.59137367,2236.40000000,16.65368123,3.21746191,0.20000000,0.20000000,0.20000000,0.20000000,0.20000000,0.00000000,0.00000000,0.00000000,0.00000000,0.00000000,0.00000000,0.00000000,0.00000000,0.00000000,0.00013869,3.00969152,161.64544431,0.32207690,0.29310563,0.08097652,0.04213841,0.00381423,0.01316714,-0.02515703,0.01970463,0.19218038,0.20805108,66.98699600,4.80000000,1.55200000,0.17247576,138.00000000,55.40000000,139.00000000,0.32800000,2.33540000,2.76900000,1.00380000,3.42232000,0.85900000,0.80283140,0.16200000,6.67927999,0.07644541,0.22905624,0.54494701,0.52463754,0.05916635,0.01546002,0.16819162,0.04423589,0.30567568,0.09734187,0.32439811,0.09485704,15.43667678,6.60986417,0.36781708,1.97619048,0.26421949,7.36068870,0.89429440,3815.42285930,3.23593861,801.09853729,4.66676757,0.00000000,0.00000000,2.72495411,7.80925703,1.76520000,8.74500158,28.14505242
449,ZrTiNbVCr,BCC+Sec.,OTHER,,,1,1400.00000000,158.02699920,,50.00000000,,,,10.1016/j.msea.2012.12.018,2013,"Mechanical properties of low-density, refractory multi-principal element alloys of the Cr–Nb–Ti–V–Zr system",ZrTiNbVCr,1.58714088,1.59137367,2236.40000000,16.65368123,3.21746191,0.20000000,0.20000000,0.20000000,0.20000000,0.20000000,0.00000000,0.00000000,0.00000000,0.00000000,0.00000000,0.00000000,0.00000000,0.00000000,0.00000000,0.00013869,3.00969152,161.64544431,0.32207690,0.29310563,0.08097652,0.04213841,0.00381423,0.01316714,-0.02515703,0.01970463,0.19218038,0.20805108,66.98699600,4.80000000,1.55200000,0.17247576,138.00000000,55.40000000,139.00000000,0.32800000,2.33540000,2.76900000,1.00380000,3.42232000,0.85900000,0.80283140,0.16200000,6.67927999,0.07644541,0.22905624,0.54494701,0.52463754,0.05916635,0.01546002,0.16819162,0.04423589,0.30567568,0.09734187,0.32439811,0.09485704,15.43667678,6.60986417,0.36781708,1.97619048,0.26421949,7.36068870,0.62600608,3815.42285930,3.23593861,1279.50786662,4.66676757,0.00000000,0.00000000,2.72495411,7.80925703,1.76520000,8.74500158,132.25964966
450,ZrTiNbVMo,BCC+Laves,OTHER,,,1,1400.00000000,193.05681131,,,,,,10.1016/j.actamat.2019.06.032,2019,High temperature strength of refractory complex concentrated alloys,ZrTiNbVMo,1.61077476,1.60665423,2379.60000000,17.48583290,3.27018338,0.20000000,0.20000000,0.20000000,0.20000000,0.20000000,0.00000000,0.00000000,0.00000000,0.00000000,0.00000000,0.00000000,0.00000000,0.00000000,0.00000000,0.00013869,3.04975747,166.12271628,0.16208749,0.13311623,-0.00358696,0.01743595,-0.02005066,-0.01153532,-0.04902193,0.03638274,0.20390898,0.23990978,75.77577600,4.80000000,1.65200000,0.16752624,160.00000000,57.60000000,149.00000000,0.34800000,2.47540000,2.75880000,1.05580000,3.46768000,0.89900000,0.83956460,0.16600000,7.19603824,0.05881049,0.18070573,0.59965992,0.61941619,0.04433548,0.01270090,0.13004057,0.03727733,0.32532566,0.10414509,0.35695369,0.10680646,16.31267642,6.58991534,0.36317363,2.06748466,0.16234340,18.92803229,0.58833417,3071.23537081,3.10826416,984.74305568,23.01075549,0.13927528,1.73515114,2.72495411,21.88769778,1.70300000,9.57878827,265.21406207
451,ZrTiNbVMo,BCC+Laves,OTHER,,,1,1273.15000000,467.00000000,,,,,,10.1016/j.actamat.2019.06.032,2019,High temperature strength of refractory complex concentrated alloys,ZrTiNbVMo,1.61077476,1.60665423,2379.60000000,17.48583290,3.27018338,0.20000000,0.20000000,0.20000000,0.20000000,0.20000000,0.00000000,0.00000000,0.00000000,0.00000000,0.00000000,0.00000000,0.00000000,0.00000000,0.00000000,0.00013869,3.04975747,166.12271628,0.16208749,0.13311623,-0.00358696,0.01743595,-0.02005066,-0.01153532,-0.04902193,0.03638274,0.20390898,0.23990978,75.77577600,4.80000000,1.65200000,0.16752624,160.00000000,57.60000000,149.00000000,0.34800000,2.47540000,2.75880000,1.05580000,3.46768000,0.89900000,0.83956460,0.16600000,7.19603824,0.05881049,0.18070573,0.59965992,0.61941619,0.04433548,0.01270090,0.13004057,0.03727733,0.32532566,0.10414509,0.35695369,0.10680646,16.31267642,6.58991534,0.36317363,2.06748466,0.16234340,18.92803229,0.53502690,3071.23537081,3.10826416,1091.64634530,23.01075549,0.13927528,1.73515114,2.72495411,21.88769778,1.70300000,9.57878827,641.38011413
452,ZrTiNbVMo,BCC+Laves,OTHER,,,1,1473.15000000,116.00000000,,,,,,10.1016/j.actamat.2019.06.032,2019,High temperature strength of refractory complex concentrated alloys,ZrTiNbVMo,1.61077476,1.60665423,2379.60000000,17.48583290,3.27018338,0.20000000,0.20000000,0.20000000,0.20000000,0.20000000,0.00000000,0.00000000,0.00000000,0.00000000,0.00000000,0.00000000,0.00000000,0.00000000,0.00000000,0.00013869,3.04975747,166.12271628,0.16208749,0.13311623,-0.00358696,0.01743595,-0.02005066,-0.01153532,-0.04902193,0.03638274,0.20390898,0.23990978,75.77577600,4.80000000,1.65200000,0.16752624,160.00000000,57.60000000,149.00000000,0.34800000,2.47540000,2.75880000,1.05580000,3.46768000,0.89900000,0.83956460,0.16600000,7.19603824,0.05881049,0.18070573,0.59965992,0.61941619,0.04433548,0.01270090,0.13004057,0.03727733,0.32532566,0.10414509,0.35695369,0.10680646,16.31267642,6.58991534,0.36317363,2.06748466,0.16234340,18.92803229,0.61907463,3071.23537081,3.10826416,927.92300168,23.01075549,0.13927528,1.73515114,2.72495411,21.88769778,1.70300000,9.57878827,191.44415793
453,ZrTiNbVMo,BCC,CAST,,,1,298.15000000,1757.00000000,3828.00000000,26.00000000,,,141.00000000,10.1007/s11837-012-0366-5,2012,Alloy Design and Properties Optimization of High-Entropy Alloys,ZrTiNbVMo,1.61077476,1.60665423,2379.60000000,17.48583290,3.27018338,0.20000000,0.20000000,0.20000000,0.20000000,0.20000000,0.00000000,0.00000000,0.00000000,0.00000000,0.00000000,0.00000000,0.00000000,0.00000000,0.00000000,0.00013869,3.04975747,166.12271628,0.16208749,0.13311623,-0.00358696,0.01743595,-0.02005066,-0.01153532,-0.04902193,0.03638274,0.20390898,0.23990978,75.77577600,4.80000000,1.65200000,0.16752624,160.00000000,57.60000000,149.00000000,0.34800000,2.47540000,2.75880000,1.05580000,3.46768000,0.89900000,0.83956460,0.16600000,7.19603824,0.05881049,0.18070573,0.59965992,0.61941619,0.04433548,0.01270090,0.13004057,0.03727733,0.32532566,0.10414509,0.35695369,0.10680646,16.31267642,6.58991534,0.36317363,2.06748466,0.16234340,18.92803229,0.12529417,3071.23537081,3.10826416,2270.08246567,23.01075549,0.13927528,1.73515114,2.72495411,21.88769778,1.70300000,9.57878827,1579.65350531
454,ZrTiNbVMo,BCC+Laves,OTHER,,,1,1700.00000000,23.89993896,,,,,,10.1016/j.actamat.2019.06.032,2019,High temperature strength of refractory complex concentrated alloys,ZrTiNbVMo,1.61077476,1.60665423,2379.60000000,17.48583290,3.27018338,0.20000000,0.20000000,0.20000000,0.20000000,0.20000000,0.00000000,0.00000000,0.00000000,0.00000000,0.00000000,0.00000000,0.00000000,0.00000000,0.00000000,0.00013869,3.04975747,166.12271628,0.16208749,0.13311623,-0.00358696,0.01743595,-0.02005066,-0.01153532,-0.04902193,0.03638274,0.20390898,0.23990978,75.77577600,4.80000000,1.65200000,0.16752624,160.00000000,57.60000000,149.00000000,0.34800000,2.47540000,2.75880000,1.05580000,3.46768000,0.89900000,0.83956460,0.16600000,7.19603824,0.05881049,0.18070573,0.59965992,0.61941619,0.04433548,0.01270090,0.13004057,0.03727733,0.32532566,0.10414509,0.35695369,0.10680646,16.31267642,6.58991534,0.36317363,2.06748466,0.16234340,18.92803229,0.71440578,3071.23537081,3.10826416,771.73445382,23.01075549,0.13927528,1.73515114,2.72495411,21.88769778,1.70300000,9.57878827,86.11963159
455,Al16Fe16Co16Cu16Ni33,FCC+BCC+B2,CAST,,2.93216000,1,298.15000000,544.00000000,,,,,,10.1016/j.jmst.2018.12.014,2019,Composition and phase structure dependence of mechanical and magnetic properties for AlCoCuFeNihigh entropy alloys,Al16Fe16Co16Cu16Ni33,1.42347709,1.41294555,1556.11381443,12.05055710,2.88854435,0.16500000,0.16500000,0.16500000,0.16500000,0.34000000,0.00000000,0.00000000,0.00000000,0.00000000,0.00000000,0.00000000,0.00000000,0.00000000,0.00000000,0.00013408,2.66758130,152.93018612,-0.01102938,-0.02299155,-0.10874523,-0.03397360,-0.02513029,-0.04593576,-0.03709246,-0.06400466,-0.07235557,-0.19711754,53.83272101,7.03092784,1.84072165,-0.01528020,154.59793814,64.12371134,170.30927835,0.31824742,2.12136082,2.02815464,1.01058763,2.60750351,0.40022680,2.00048226,-0.03824746,7.41803027,0.03987952,0.16625128,0.31445301,0.30778181,0.02823425,0.00849715,0.10799058,0.03300746,0.28988817,0.08410022,0.28414874,0.08196098,16.04088489,7.56160137,0.18866512,1.93361559,0.08461109,6.14157024,0.19159910,2798.14675899,2.15732462,1867.02227294,21.44977766,0.31761188,2.31547673,0.69224429,21.99864566,1.19306186,13.44514097,635.26275040
456,Al17Cr25Fe25Co7Ni25,FCC+BCC+B2,POWDER,,6.11520000,1,298.15000000,2033.00000000,2635.00000000,8.00000000,,,,10.1016/j.matdes.2013.04.061,2013,"Alloying behavior, microstructure and mechanical properties in a FeNiCrCo0.3Al0.7 high entropy alloy",Al17Cr25Fe25Co7Ni25,1.43552163,1.41881849,1729.46909091,12.23610478,2.90329430,0.17200000,0.25300000,0.25300000,0.07100000,0.25300000,0.00000000,0.00000000,0.00000000,0.00000000,0.00000000,0.00000000,0.00000000,0.00000000,0.00000000,0.00013216,2.67693690,188.17709403,-0.04664293,-0.03471273,-0.09116611,-0.00657675,0.00081378,0.00535345,0.01274398,-0.09174723,0.01238555,-0.22063510,50.85435375,7.21212121,1.77303030,0.10413278,155.07070707,78.77777778,201.04040404,0.28656566,2.17166667,2.35614141,1.30142424,1.98241010,0.91781818,1.48594607,0.09334642,6.90135466,0.03873657,0.16027655,0.36233541,0.33416458,0.02744130,0.00834725,0.10565359,0.03133746,0.32948221,0.09584929,0.31173566,0.09269414,19.80730634,9.12078571,0.42263308,1.80334137,0.08662052,34.75499411,0.17239395,2983.13300634,2.50694707,2085.03561908,17.14577200,0.37724186,2.37663476,0.49784406,18.66600626,1.21204040,16.34211726,2105.53580869
457,Al17Cr9Fe9(Co15Ni16)2,FCC+BCC,CAST,,2.99292000,1,298.15000000,1129.40000000,,16.70000000,,,,10.1007/s00339-019-2506-z,2019,Enhancing the mechanical properties of casting eutectic high entropy alloys with Mo addition,Al17Cr9Fe9(Co15Ni16)2,1.42324345,1.40601087,1650.73649485,12.00063966,2.88455039,0.17500000,0.09300000,0.09300000,0.30900000,0.33000000,0.00000000,0.00000000,0.00000000,0.00000000,0.00000000,0.00000000,0.00000000,0.00000000,0.00000000,0.00012715,2.65822171,196.45816011,-0.04294846,-0.09721987,-0.11352525,-0.05386694,-0.04906961,-0.10813835,-0.10334102,-0.05136794,-0.03702327,-0.08654699,52.32413099,7.90721649,1.81752577,0.01434467,159.17525773,71.41237113,188.35051546,0.30587629,2.21477320,2.26317526,1.01496907,2.73125423,0.48958763,1.60714725,-0.01417309,7.24014098,0.04288069,0.17397192,0.33183743,0.31146278,0.02996571,0.00924595,0.11345939,0.03470036,0.30229162,0.09152821,0.29383703,0.09032658,17.83948100,8.05476651,0.22105542,1.88133076,0.09246440,3.89657062,0.18061635,3191.81362352,2.42143987,2208.40052274,15.96577486,0.00000000,2.27016408,13.44616379,15.37080844,1.40441237,12.70245220,1132.69092212
458,Al18Cr18Fe18Co18Ni18Mo5,BCC+Sec.,CAST,,,1,298.15000000,2649.00000000,3208.00000000,,3.00000000,,,10.1016/j.msea.2010.07.028,2010,Microstructures and compressive properties of multicomponent AlCoCrFeNiMox alloys,Al18Cr18Fe18Co18Ni18Mo5,1.44332168,1.42963899,1747.85010526,12.41562428,2.91742378,0.18900000,0.18900000,0.18900000,0.18900000,0.18900000,0.05300000,0.00000000,0.00000000,0.00000000,0.00000000,0.00000000,0.00000000,0.00000000,0.00000000,0.00014909,2.70484503,193.50856887,0.03168323,0.01264063,-0.07567857,-0.03871634,-0.03826324,-0.05775895,-0.05730585,-0.03304736,0.05462185,-0.01839582,52.88196005,7.13684211,1.79810526,0.08766922,159.83157895,77.68421053,200.91578947,0.29484211,2.20553684,2.40090526,1.20877895,2.10446863,0.83427368,1.37636582,0.07711318,7.07275112,0.04448367,0.17450231,0.38562862,0.36227411,0.03301891,0.00909139,0.11947638,0.03385725,0.34433771,0.10448451,0.33005732,0.10195708,19.62740606,8.89915131,0.37826332,1.83624423,0.13305649,6.73045916,0.17058099,3375.30664814,2.68692388,2405.04115804,17.91506983,0.12308448,2.13764178,1.26366358,19.91776927,1.31016842,14.98082671,2457.52401667
459,Al18Cr18Fe18Co18Ni18Mo7,BCC+Sec.,CAST,,,1,298.15000000,2670.00000000,3161.00000000,,3.00000000,,,10.1016/j.msea.2010.07.028,2010,Microstructures and compressive properties of multicomponent AlCoCrFeNiMox alloys,Al18Cr18Fe18Co18Ni18Mo7,1.44554130,1.43233983,1771.52329897,12.47628146,2.92216714,0.18600000,0.18600000,0.18600000,0.18600000,0.18600000,0.07200000,0.00000000,0.00000000,0.00000000,0.00000000,0.00000000,0.00000000,0.00000000,0.00000000,0.00015112,2.71146624,194.90630849,0.04433432,0.02568435,-0.07226995,-0.03948319,-0.04044193,-0.05813317,-0.05909190,-0.02862308,0.06529540,-0.00406490,53.76975469,7.11340206,1.80556701,0.09391849,162.14432990,78.68041237,203.55670103,0.29515464,2.22191753,2.42261856,1.22591753,2.08143629,0.86243299,1.36659595,0.08459538,7.15652653,0.04533306,0.17507564,0.38677288,0.36499060,0.03387406,0.00881179,0.12105377,0.03282802,0.34492340,0.10317217,0.33096560,0.10071763,19.91142362,8.96136934,0.38814807,1.83750183,0.13592398,6.78054110,0.16830148,3436.71065550,2.74191361,2462.04712464,20.04847563,0.07721500,2.13764178,2.10242225,22.17187129,1.31230928,15.17281324,2432.42401385
460,Al18Cr9Fe9Co30(Ni15Mo)2,FCC+BCC,CAST,,3.55348000,1,298.15000000,1250.80000000,,14.70000000,,,,10.1007/s00339-019-2506-z,2019,Enhancing the mechanical properties of casting eutectic high entropy alloys with Mo addition,Al18Cr9Fe9Co30(Ni15Mo)2,1.42841591,1.41318996,1667.25265306,12.11495912,2.89368098,0.18400000,0.09200000,0.09200000,0.30600000,0.30600000,0.02000000,0.00000000,0.00000000,0.00000000,0.00000000,0.00000000,0.00000000,0.00000000,0.00000000,0.00013387,2.67423626,196.40414210,-0.00355970,-0.05205507,-0.08831828,-0.03133815,-0.02496969,-0.07983352,-0.07346506,-0.06247051,-0.03861166,-0.11501260,52.82566780,7.77551020,1.82051020,0.02202304,160.20408163,71.96938776,189.77551020,0.30632653,2.21666327,2.28176531,1.02630612,2.65893020,0.52306122,1.56617350,-0.00433456,7.24056467,0.04472205,0.17924681,0.35067451,0.33110080,0.03212533,0.00951677,0.11928958,0.03567948,0.31415164,0.09630763,0.30566912,0.09505254,18.03553748,8.13634517,0.23596783,1.88320094,0.13756811,7.12193403,0.17882713,3351.84245909,2.51478848,2344.84073152,16.13220421,0.00000000,2.01222792,13.60946288,14.64094556,1.40160204,12.86780197,1226.92480288
461,Al18Cr9Fe9Co30Ni29Mo3,FCC+BCC,CAST,,3.52506000,1,298.15000000,1198.30000000,,14.50000000,,,,10.1007/s00339-019-2506-z,2019,Enhancing the mechanical properties of casting eutectic high entropy alloys with Mo addition,Al18Cr9Fe9Co30Ni29Mo3,1.43018945,1.41499253,1679.17102041,12.15612537,2.89695482,0.18400000,0.09200000,0.09200000,0.30600000,0.29600000,0.03100000,0.00000000,0.00000000,0.00000000,0.00000000,0.00000000,0.00000000,0.00000000,0.00000000,0.00013623,2.67964157,196.99293884,0.01117717,-0.04098983,-0.08668991,-0.03233186,-0.02735403,-0.08449886,-0.07952103,-0.05732976,-0.03081316,-0.10180425,53.20573515,7.73469388,1.82306122,0.02606945,161.14285714,72.47959184,191.09183673,0.30632653,2.22298980,2.29648980,1.03492857,2.63286694,0.54153061,1.54817207,0.00084197,7.26796240,0.04544794,0.18038607,0.35614159,0.33684191,0.03283762,0.00945437,0.12091121,0.03542625,0.31698610,0.09674215,0.30843542,0.09548593,18.18394431,8.17994950,0.24360463,1.88320094,0.13878215,7.07519488,0.17755785,3404.24089577,2.55197836,2391.45754935,16.45580458,0.00000000,2.01222792,15.27873158,14.64094556,1.40346939,12.95642388,1279.21982207
462,Al19Cr19Fe19Co19Ni19Mo,BCC,CAST,,,1,298.15000000,1804.00000000,2280.00000000,,9.00000000,,188.00000000,10.1016/j.msea.2010.07.028,2010,Microstructures and compressive properties of multicomponent AlCoCrFeNiMox alloys,Al19Cr19Fe19Co19Ni19Mo,1.43852470,1.42414128,1696.68833333,12.28520611,2.90717258,0.19800000,0.19800000,0.19800000,0.19800000,0.19800000,0.01000000,0.00000000,0.00000000,0.00000000,0.00000000,0.00000000,0.00000000,0.00000000,0.00000000,0.00014213,2.68850493,190.48781735,-0.01232258,-0.03028279,-0.08419093,-0.04259912,-0.03907373,-0.06055932,-0.05703393,-0.02734677,0.03943850,-0.02727203,50.96328582,7.18750000,1.78197917,0.07416348,154.83333333,75.53125000,195.20833333,0.29416667,2.17013542,2.35397917,1.17173958,2.15424542,0.77341667,1.39748017,0.06094288,6.88849532,0.04231565,0.17271072,0.38114507,0.35381552,0.03094146,0.00970550,0.11559958,0.03611741,0.34247478,0.10717389,0.32748856,0.10448397,19.01639186,8.76276738,0.35639097,1.83353012,0.12685935,5.66090491,0.17572467,3230.53742368,2.56476145,2272.62813686,15.01461796,0.12327108,2.18114092,2.68305207,18.53423018,1.30554167,14.56590187,1694.28351554
463,Al19Cr19Fe19Co19Ni19Mo3,BCC+Sec.,CAST,,,1,298.15000000,2456.00000000,2953.00000000,,3.00000000,,,10.1016/j.msea.2010.07.028,2010,Microstructures and compressive properties of multicomponent AlCoCrFeNiMox alloys,Al19Cr19Fe19Co19Ni19Mo3,1.44081957,1.42670488,1721.16408163,12.34748351,2.91207675,0.19400000,0.19400000,0.19400000,0.19400000,0.19400000,0.03100000,0.00000000,0.00000000,0.00000000,0.00000000,0.00000000,0.00000000,0.00000000,0.00000000,0.00014636,2.69671659,191.93294231,0.01268719,-0.00679802,-0.07973515,-0.03539242,-0.03227990,-0.05487762,-0.05176510,-0.04108483,0.03953979,-0.04448421,51.88117794,7.16326531,1.78969388,0.08062461,157.22448980,76.56122449,197.93877551,0.29448980,2.18707143,2.37642857,1.18945918,2.13043224,0.80253061,1.38737908,0.06867873,6.97719350,0.04341367,0.17366478,0.38365457,0.35833560,0.03197580,0.00941004,0.11753507,0.03503008,0.34346725,0.10591260,0.32882020,0.10330128,19.30822359,8.82834613,0.36694303,1.83482790,0.12982405,7.11740291,0.17322579,3301.84459344,2.62376546,2337.52524502,16.97174639,0.12308448,2.13764178,2.68305207,19.63279248,1.30775510,14.76440320,2266.21858040
464,Al19Fe26(CoNi)26,FCC+BCC,CAST,,3.77300000,1,298.15000000,794.00000000,,,,,,10.1016/j.jmmm.2014.07.023,2014,Effects of Al and Si addition on the structure and properties of CoFeNi equal atomic ratio alloy,Al19Fe26(CoNi)26,1.42807961,1.40879399,1605.31010309,12.11136160,2.89339453,0.19600000,0.26800000,0.26800000,0.26800000,0.00000000,0.00000000,0.00000000,0.00000000,0.00000000,0.00000000,0.00000000,0.00000000,0.00000000,0.00000000,0.00011875,2.66362204,184.78833075,-0.12852918,-0.15357930,-0.18764043,-0.10695615,-0.09011242,-0.13200628,-0.11516254,-0.05658490,-0.07113388,-0.10387105,51.78258457,7.82474227,1.82175258,-0.01454898,156.94845361,67.81443299,179.89690722,0.31247423,2.19651546,2.11328866,1.04954639,2.64546124,0.46950515,1.60638495,-0.03158719,7.09970243,0.04426740,0.17773091,0.30661184,0.30244442,0.03105975,0.01009108,0.11702651,0.03800958,0.29984957,0.09876551,0.29576559,0.09759706,16.99262299,7.73617273,0.21374999,1.90898187,0.10939775,1.78239513,0.18572736,3179.90015772,2.37697485,2187.97702416,18.40796195,0.00000000,2.01222792,9.77458420,20.91544923,1.23073196,13.80692429,830.92356252
465,Al22Cr25(FeNi)25,BCC+B2,CAST,,,1,298.15000000,770.00000000,,37.10000000,,,,10.1016/j.msea.2016.11.019,2017,Effects of aluminum on microstructure and compressive properties of Al-Cr-Fe-Ni eutectic multi-component alloys,Al22Cr25(FeNi)25,1.44690262,1.42925104,1685.64989691,12.47692297,2.92221723,0.22700000,0.25800000,0.25800000,0.25800000,0.00000000,0.00000000,0.00000000,0.00000000,0.00000000,0.00000000,0.00000000,0.00000000,0.00000000,0.00000000,0.00011937,2.69735042,177.99236514,-0.05422601,-0.02920749,-0.12067881,-0.14857334,-0.14627788,-0.12355481,-0.12125935,0.01246586,0.12238336,0.12542686,49.04078711,6.86597938,1.75690722,0.10991750,149.19587629,76.25773196,193.71134021,0.28814433,2.09221649,2.26626804,1.29862887,1.78724536,0.93350515,1.49706907,0.09837774,6.52678538,0.04139520,0.17187950,0.40804302,0.38051355,0.03025096,0.01047182,0.11648900,0.03951277,0.36904593,0.12340384,0.35068183,0.11887861,19.29865368,9.22402331,0.44618000,1.80955829,0.10323641,1.35429895,0.17687540,3184.32765787,2.59849638,2248.31024038,34.71433429,0.11701471,2.28178508,6.74141341,25.43336528,1.12820619,17.10560875,1014.77042604
466,Al23Cr23Fe23Ni23Mo4,BCC+B2,CAST,,5.38020000,1,298.15000000,1487.00000000,3222.00000000,,29.00000000,,,10.1016/j.jallcom.2013.03.253,2013,Microstructure and mechanical properties of multi-component AlCrFeNiMox high-entropy alloys,Al23Cr23Fe23Ni23Mo4,1.45513819,1.43865466,1714.45166667,12.67755648,2.93779745,0.24000000,0.24000000,0.24000000,0.24000000,0.04200000,0.00000000,0.00000000,0.00000000,0.00000000,0.00000000,0.00000000,0.00000000,0.00000000,0.00000000,0.00012953,2.72627035,178.52429870,-0.00065518,0.02269046,-0.08760300,-0.13061226,-0.12996559,-0.10726662,-0.10661995,0.02573521,0.14343901,0.18161630,50.36071758,6.71875000,1.76947917,0.11770380,152.20833333,76.88541667,195.79166667,0.29083333,2.10323958,2.28507292,1.30471875,1.72415229,0.96375000,1.46145575,0.10792648,6.59638126,0.04400263,0.17636167,0.42651612,0.40374386,0.03302139,0.01066562,0.12301760,0.04027701,0.38251138,0.13079184,0.36548871,0.12623206,19.56124326,9.30053021,0.45822169,1.82021150,0.14158689,1.70029302,0.17390400,3348.75756078,2.71871197,2393.64219303,26.29026393,0.20394602,2.16352205,5.37590636,25.24984380,1.12961458,17.31674113,1527.19467706
467,Al28Cr23(FeNi)23,BCC+B2,CAST,,,1,298.15000000,906.80000000,,31.40000000,,,,10.1016/j.msea.2016.11.019,2017,Effects of aluminum on microstructure and compressive properties of Al-Cr-Fe-Ni eutectic multi-component alloys,Al28Cr23(FeNi)23,1.45775279,1.43252561,1625.46350515,12.69901241,2.93945386,0.28900000,0.23700000,0.23700000,0.23700000,0.00000000,0.00000000,0.00000000,0.00000000,0.00000000,0.00000000,0.00000000,0.00000000,0.00000000,0.00000000,0.00011912,2.72082939,169.81379470,-0.04732275,-0.02622998,-0.13308095,-0.14592941,-0.14168709,-0.12483664,-0.12059432,-0.00134737,0.09767502,0.07955706,47.27604722,6.55670103,1.74515464,0.09902239,143.34020619,72.23711340,183.81443299,0.29309278,2.01763918,2.18088660,1.22961856,1.70441773,0.87082474,1.46690355,0.08533976,6.18188048,0.04514781,0.18238586,0.45423655,0.42576471,0.03316364,0.01278355,0.12681573,0.04823550,0.40024173,0.15064612,0.38195792,0.14512191,18.38898094,9.11410778,0.43160578,1.82922559,0.10619993,1.32687702,0.18342460,3312.14978919,2.62523949,2345.18288874,27.22628486,0.20316484,1.87044032,5.49789552,25.90771994,1.09898969,16.73262371,1097.72846735
468,Al2Cr2Fe2Co2Ni2Mo,BCC+Sec.,CAST,,,1,298.15000000,2757.00000000,3036.00000000,,3.00000000,,,10.1016/j.msea.2010.07.028,2010,Microstructures and compressive properties of multicomponent AlCoCrFeNiMox alloys,Al2Cr2Fe2Co2Ni2Mo,1.44767125,1.43487932,1794.24000000,12.53467329,2.92671885,0.18200000,0.18200000,0.18200000,0.18200000,0.18200000,0.09100000,0.00000000,0.00000000,0.00000000,0.00000000,0.00000000,0.00000000,0.00000000,0.00000000,0.00015240,2.71747628,196.24757378,0.05404028,0.03576708,-0.06906967,-0.03854982,-0.04028876,-0.05682302,-0.05856197,-0.02624712,0.07366814,0.00356011,54.62167884,7.09090909,1.81272727,0.09991526,164.36363636,79.63636364,206.09090909,0.29545455,2.23763636,2.44345455,1.24236364,2.05933455,0.88945455,1.35722082,0.09177527,7.23604768,0.04607979,0.17548157,0.38737841,0.36697410,0.03463529,0.00854624,0.12244156,0.03185038,0.34531899,0.10187324,0.33166844,0.09948735,20.18473526,9.02056099,0.39749736,1.83870970,0.13867562,7.09321593,0.16617063,3492.28217553,2.79374780,2514.14720300,20.07566081,0.07721500,2.13219637,2.76492560,22.17187129,1.31436364,15.35704020,2467.24580932
469,Al2Cr2Fe2Ni2Mo,BCC+B2,CAST,,6.09560000,1,298.15000000,1790.27500000,2644.00000000,,13.00000000,,,10.1016/j.jallcom.2013.03.253,2013,Microstructure and mechanical properties of multi-component AlCrFeNiMox high-entropy alloys,Al2Cr2Fe2Ni2Mo,1.46208277,1.44735449,1800.07111111,12.87527872,2.95299160,0.22200000,0.22200000,0.22200000,0.22200000,0.11100000,0.00000000,0.00000000,0.00000000,0.00000000,0.00000000,0.00000000,0.00000000,0.00000000,0.00000000,0.00013620,2.74733232,184.52246115,0.04318004,0.06483397,-0.07749593,-0.13091237,-0.13561632,-0.10925844,-0.11396239,0.04255697,0.18004736,0.23556867,53.66356413,6.66666667,1.79777778,0.13749040,160.88888889,80.44444444,205.44444444,0.29222222,2.16822222,2.36977778,1.35800000,1.67076444,1.05333333,1.42095367,0.13198978,6.92105449,0.04593577,0.17531781,0.42330593,0.40691484,0.03512539,0.00952815,0.12580029,0.03603674,0.38179801,0.12494371,0.36684862,0.12092888,20.57258664,9.48822794,0.48580506,1.82574567,0.14839740,1.87274940,0.16563235,3490.24691443,2.88334459,2533.03952090,17.58221988,0.15807654,1.91682224,5.23648036,20.08804079,1.15022222,17.88574963,2026.03639908
470,Al2Fe2Co2Cu2Ni,FCC+BCC+B2,CAST,,4.22282000,1,298.15000000,929.00000000,,13.70000000,,,,10.1016/j.jmst.2018.12.014,2019,Composition and phase structure dependence of mechanical and magnetic properties for AlCoCuFeNihigh entropy alloys,Al2Fe2Co2Cu2Ni,1.43955725,1.42143594,1496.43111111,12.32157836,2.91003880,0.22200000,0.22200000,0.22200000,0.22200000,0.11100000,0.00000000,0.00000000,0.00000000,0.00000000,0.00000000,0.00000000,0.00000000,0.00000000,0.00000000,0.00013620,2.69515674,135.11137213,0.01438488,-0.00173081,-0.10478599,-0.02268945,-0.01164546,-0.03880515,-0.02776116,-0.04488642,-0.05462929,-0.14201199,52.14498524,6.00000000,1.81666667,-0.01857561,145.77777778,60.00000000,160.00000000,0.32111111,2.03155556,2.03411111,0.94655556,2.28316444,0.40377778,1.76916811,-0.02815978,7.02741497,0.04368707,0.17690343,0.36582395,0.35845444,0.03167766,0.01084115,0.11822980,0.04053910,0.32106254,0.09983914,0.31608305,0.09901640,15.12100516,7.44306750,0.19875301,1.94599018,0.08523619,8.98262711,0.19924071,2868.52589260,2.16040494,1914.88925985,18.65712357,0.10561440,1.77482955,5.23648036,20.68096043,1.17988889,12.81561789,1037.06448582
471,Al2Fe2Co2Cu2Ni3,FCC+BCC+B2,CAST,,3.17324000,1,298.15000000,680.00000000,,35.90000000,,,,10.1016/j.jmst.2018.12.014,2019,Composition and phase structure dependence of mechanical and magnetic properties for AlCoCuFeNihigh entropy alloys,Al2Fe2Co2Cu2Ni3,1.42821343,1.41647251,1538.53454545,12.12996789,2.89487544,0.18200000,0.18200000,0.18200000,0.18200000,0.27300000,0.00000000,0.00000000,0.00000000,0.00000000,0.00000000,0.00000000,0.00000000,0.00000000,0.00000000,0.00013743,2.67484650,147.56327910,-0.00822631,-0.02141188,-0.11306218,-0.05357926,-0.04484898,-0.06676483,-0.05803455,-0.04040043,-0.04916134,-0.12147540,53.33560611,6.72727273,1.83363636,-0.01625085,152.00000000,62.90909091,167.27272727,0.31909091,2.09490909,2.02990909,0.99172727,2.51197091,0.40127273,1.93234973,-0.03527618,7.30141406,0.04103651,0.17023895,0.33049231,0.32356087,0.02939284,0.00922281,0.11167032,0.03494914,0.30076067,0.08536624,0.29514990,0.08445929,15.77153352,7.52850498,0.19154661,1.93724967,0.08479521,3.94619747,0.19378830,2840.38868098,2.16705058,1898.03774420,29.01788571,0.00000000,2.21591689,1.26366358,24.35875466,1.18918182,13.26250810,774.61193734
472,Al30Cr23(FeNi)23,BCC+B2,CAST,,,1,298.15000000,1122.80000000,,24.70000000,,,,10.1016/j.msea.2016.11.019,2017,Effects of aluminum on microstructure and compressive properties of Al-Cr-Fe-Ni eutectic multi-component alloys,Al30Cr23(FeNi)23,1.46027354,1.43281549,1611.48080808,12.75098342,2.94345833,0.30300000,0.23200000,0.23200000,0.23200000,0.00000000,0.00000000,0.00000000,0.00000000,0.00000000,0.00000000,0.00000000,0.00000000,0.00000000,0.00000000,0.00011880,2.72628410,167.91372278,-0.04571896,-0.02553824,-0.13481802,-0.12425681,-0.11821638,-0.10407609,-0.09803566,-0.02610132,0.07038989,-0.00264374,46.86605715,6.48484848,1.74242424,0.09649121,141.97979798,71.30303030,181.51515152,0.29424242,2.00031313,2.16105051,1.21358586,1.68517495,0.85626263,1.45989539,0.08231074,6.10329175,0.04599918,0.18421320,0.46456140,0.43580251,0.03371702,0.01328371,0.12877689,0.05012274,0.40615974,0.15654024,0.38789600,0.15079988,18.17592455,9.08653964,0.42806430,1.83383425,0.10688843,1.54075680,0.18501617,3324.20208207,2.62364571,2353.32358332,26.51859524,0.15713355,1.87044032,5.84960943,25.90771994,1.09220202,16.64154087,1130.70127151
473,Al33Cr16Fe16(CoNi)16,BCC+B2,CAST,80.67000000,5.70066000,1,298.15000000,1241.00000000,,9.98000000,,,,10.1016/j.jallcom.2019.07.100,2019,"Effects of Ti-to-Al ratios on the phases, microstructures, mechanical properties, and corrosion resistance of Al2-xCoCrFeNiTix high-entropy alloys",Al33Cr16Fe16(CoNi)16,1.46278647,1.42782655,1552.49030928,12.77732363,2.94548374,0.34000000,0.16500000,0.16500000,0.16500000,0.16500000,0.00000000,0.00000000,0.00000000,0.00000000,0.00000000,0.00000000,0.00000000,0.00000000,0.00000000,0.00013408,2.73297081,169.76617483,-0.02590971,-0.04597149,-0.12202685,-0.08024836,-0.06915785,-0.10031014,-0.08921963,-0.02850006,0.02531292,-0.01060927,46.36983396,6.46391753,1.74855670,0.05381298,140.00000000,66.41237113,172.10309278,0.30381443,1.98589691,2.14201031,1.03525773,1.91860351,0.65177320,1.35314656,0.03565026,6.02622079,0.05082692,0.19500409,0.47981448,0.45135093,0.03680022,0.01523028,0.13765467,0.05666710,0.40764551,0.16653846,0.39401924,0.16231944,16.94089100,8.53059940,0.32820092,1.87279726,0.10029384,2.59401383,0.19204629,3435.31543772,2.57935729,2420.53237434,13.05575797,0.16872600,1.71304292,3.12292611,13.68173860,1.20951546,14.00634515,1316.14499011
474,Al5Fe5Co5Cu5Ni4,FCC+BCC+B2,CAST,,4.11600000,1,298.15000000,1021.00000000,,12.30000000,,,,10.1016/j.jmst.2018.12.014,2019,Composition and phase structure dependence of mechanical and magnetic properties for AlCoCuFeNihigh entropy alloys,Al5Fe5Co5Cu5Ni4,1.43565782,1.41937556,1510.90416667,12.25548638,2.90482640,0.20800000,0.20800000,0.20800000,0.20800000,0.16700000,0.00000000,0.00000000,0.00000000,0.00000000,0.00000000,0.00000000,0.00000000,0.00000000,0.00000000,0.00013833,2.68820504,139.44752570,0.00698152,-0.00812695,-0.11135104,-0.04356004,-0.03287847,-0.05866850,-0.04798694,-0.03630735,-0.04571268,-0.11179755,52.55426117,6.25000000,1.82250000,-0.01777647,147.91666667,61.00000000,162.50000000,0.32041667,2.05333333,2.03266667,0.96208333,2.36181667,0.40291667,1.82526179,-0.03060604,7.12076703,0.04291787,0.17503904,0.35413884,0.34688811,0.03096604,0.01030432,0.11631706,0.03871895,0.31495133,0.09506964,0.30970432,0.09420381,15.34548606,7.47345102,0.19622565,1.94297978,0.08508460,4.79822562,0.19733217,2869.49702943,2.16701623,1917.47880558,18.64995624,0.10561440,2.12689373,2.72495411,22.16602290,1.18308333,12.97075673,989.10603098
475,Al9Cr5Fe5(CoNi)15,FCC+BCC,CAST,,3.50154000,1,298.15000000,1159.70000000,,18.20000000,,,,10.1007/s00339-019-2506-z,2019,Enhancing the mechanical properties of casting eutectic high entropy alloys with Mo addition,Al9Cr5Fe5(CoNi)15,1.42578573,1.40791117,1648.87510204,12.04530191,2.88812440,0.18400000,0.10200000,0.10200000,0.30600000,0.30600000,0.00000000,0.00000000,0.00000000,0.00000000,0.00000000,0.00000000,0.00000000,0.00000000,0.00000000,0.00012942,2.66214468,195.36074035,-0.04250685,-0.09523016,-0.11448939,-0.06934079,-0.06508893,-0.12206409,-0.11781223,-0.03508199,-0.01638680,-0.03246600,51.96812801,7.79591837,1.81204082,0.01869519,158.04081633,71.40816327,188.06122449,0.30510204,2.20357143,2.26971429,1.01997959,2.66664898,0.50979592,1.56975827,-0.00815241,7.16421774,0.04341140,0.17589337,0.34216113,0.32061543,0.03052836,0.00960361,0.11538858,0.03597729,0.31064799,0.09585788,0.30159632,0.09451862,17.86053194,8.10526571,0.23134985,1.87812041,0.09258728,3.07756084,0.18082025,3231.34542091,2.44538430,2242.26205596,15.96577486,0.00000000,2.18114092,13.60946288,14.54275236,1.39800000,12.77577392,1168.80684448
476,Al9Cr8(FeNi)8,BCC+B2,CAST,,,1,298.15000000,1044.00000000,,27.10000000,,,,10.1016/j.msea.2016.11.019,2017,Effects of aluminum on microstructure and compressive properties of Al-Cr-Fe-Ni eutectic multi-component alloys,Al9Cr8(FeNi)8,1.45495805,1.43220421,1640.96606061,12.64155766,2.93501412,0.27300000,0.24200000,0.24200000,0.24200000,0.00000000,0.00000000,0.00000000,0.00000000,0.00000000,0.00000000,0.00000000,0.00000000,0.00000000,0.00000000,0.00011931,2.71478177,171.92039618,-0.04910086,-0.02699692,-0.13050507,-0.16995772,-0.16770896,-0.14785377,-0.14560501,0.02609722,0.12792593,0.17069273,47.73060144,6.63636364,1.74818182,0.10182871,144.84848485,73.27272727,186.36363636,0.29181818,2.03684848,2.20287879,1.24739394,1.72575212,0.88696970,1.47467345,0.08869803,6.26968484,0.04417023,0.18010543,0.44262037,0.41443860,0.03249759,0.01221247,0.12445395,0.04608069,0.39311005,0.14391637,0.37480621,0.13863894,18.62443830,9.14375246,0.43546180,1.82413350,0.10543660,1.15191994,0.18169175,3291.48525826,2.62380485,2330.20102537,27.22628486,0.20394602,2.11714013,5.49975383,25.90771994,1.10651515,16.83161617,1106.66297798
477,AlCrCoNi,BCC+B2,CAST,,11.59340000,1,298.15000000,1750.00000000,,16.70000000,,,,10.1016/j.jallcom.2018.11.057,2019,Chemical evolution-induced strengthening on AlCoCrNi dual-phase high-entropy alloy with high specific strength,AlCrCoNi,1.44382984,1.41979770,1652.33000000,12.37411776,2.91416909,0.25000000,0.25000000,0.25000000,0.25000000,0.00000000,0.00000000,0.00000000,0.00000000,0.00000000,0.00000000,0.00000000,0.00000000,0.00000000,0.00000000,0.00011946,2.68411737,191.82006412,0.00638605,-0.04584388,-0.13642882,-0.02786021,-0.02349941,-0.08009013,-0.07572934,-0.06805767,0.01051053,-0.14196884,49.15105840,7.00000000,1.76500000,0.07856820,149.50000000,73.25000000,189.50000000,0.29500000,2.09750000,2.37250000,1.03325000,2.21550000,0.67300000,1.39398775,0.04972825,6.59580828,0.04699101,0.18784673,0.43121081,0.39824211,0.03409752,0.01222786,0.12814833,0.04534927,0.37880450,0.13184334,0.36303974,0.12878221,18.48642816,8.81355336,0.32085816,1.83687943,0.11569424,7.08501429,0.18044216,3512.83981907,2.65283988,2494.40810817,24.24478310,0.20394602,1.87044032,5.54143454,12.83763907,1.44300000,12.81110753,1544.89350195
478,AlCrFeCoNi,BCC,CAST,,,1,298.15000000,1259.66368145,2004.00000000,,33.00000000,,184.00000000,10.1016/j.msea.2008.01.064,2008,Microstructure and compressive properties of AlCrFeCoNi high entropy alloy,AlCrFeCoNi,1.43734103,1.42103148,1684.06400000,12.25316611,2.90464307,0.20000000,0.20000000,0.20000000,0.20000000,0.20000000,0.00000000,0.00000000,0.00000000,0.00000000,0.00000000,0.00000000,0.00000000,0.00000000,0.00000000,0.00013869,2.68073336,189.74243711,-0.03471471,-0.05520610,-0.10824793,-0.06341288,-0.05990963,-0.08390428,-0.08040103,-0.03043777,0.04039313,-0.01704386,50.48984672,7.20000000,1.77800000,0.07083090,153.60000000,75.00000000,193.80000000,0.29400000,2.16140000,2.34240000,1.16260000,2.16652800,0.75840000,1.40269020,0.05695280,6.84234747,0.04193469,0.17214639,0.37956700,0.35111083,0.03037748,0.00985909,0.11454227,0.03668256,0.34189081,0.10780607,0.32672855,0.10507495,18.86621013,8.72869905,0.35088369,1.83286119,0.08988332,3.68322424,0.17704197,3192.29429303,2.53392770,2238.06143405,18.16867385,0.12327108,2.27016408,2.72495411,18.53423018,1.30440000,14.46351589,1218.22440814
479,AlCrFeNi,BCC+B2,CAST,,4.62560000,1,298.15000000,1265.30000000,2927.00000000,,29.00000000,,,10.1016/j.jallcom.2013.03.253,2013,Microstructure and mechanical properties of multi-component AlCrFeNiMox high-entropy alloys,AlCrFeNi,1.45097144,1.43174576,1663.08000000,12.55990046,2.92868096,0.25000000,0.25000000,0.25000000,0.25000000,0.00000000,0.00000000,0.00000000,0.00000000,0.00000000,0.00000000,0.00000000,0.00000000,0.00000000,0.00000000,0.00011946,2.70615503,174.92540122,-0.05163729,-0.02809093,-0.12615752,-0.20423340,-0.20482839,-0.18068703,-0.18128202,0.06524612,0.17107796,0.30069508,48.37900965,6.75000000,1.75250000,0.10583184,147.00000000,74.75000000,190.00000000,0.29000000,2.06425000,2.23425000,1.27275000,1.75618500,0.91000000,1.48575700,0.09348850,6.39617254,0.04270975,0.17635762,0.42572243,0.39789961,0.03144829,0.01136834,0.12073272,0.04289557,0.38186793,0.13396878,0.36353642,0.12905613,18.95893306,9.18441713,0.44083808,1.81690141,0.10434773,0.97278010,0.17927580,3247.75781365,2.61545601,2297.22682114,31.22745470,0.20394602,2.11788000,5.54143454,25.90771994,1.11725000,16.96928445,1156.35601805
480,AlFe2(CoNi)2,FCC+BCC,CAST,,2.07760000,1,298.15000000,346.00000000,,,,,,10.1016/j.jmmm.2014.07.023,2014,Effects of Al and Si addition on the structure and properties of CoFeNi equal atomic ratio alloy,AlFe2(CoNi)2,1.41789608,1.40138190,1649.61714286,11.91022751,2.87728811,0.14300000,0.28600000,0.28600000,0.28600000,0.00000000,0.00000000,0.00000000,0.00000000,0.00000000,0.00000000,0.00000000,0.00000000,0.00000000,0.00000000,0.00011652,2.64732301,191.97699642,-0.12614307,-0.15262458,-0.16117926,-0.15273699,-0.14623801,-0.17921850,-0.17271952,0.01447446,0.00069838,0.13209685,53.41781837,8.14285714,1.83571429,-0.01377608,162.28571429,70.57142857,187.14285714,0.31000000,2.26485714,2.17357143,1.09000000,2.77031143,0.49057143,1.63845429,-0.02941071,7.44758526,0.03970650,0.15966545,0.26049729,0.25663845,0.02692976,0.00759841,0.10147402,0.02862057,0.25785413,0.07436877,0.25407476,0.07348895,17.58502101,7.76429590,0.21660149,1.89855072,0.10575125,1.25843826,0.18073891,2847.59428044,2.25651058,1927.99041470,13.64317054,7.53433986,7.27853275,13.55550774,22.64312032,1.26157143,13.93898165,618.91199650
481,AlFeCoCuNi,FCC+BCC+B2,CAST,,3.83572000,1,298.15000000,994.00000000,,24.50000000,,,,10.1016/j.jmst.2018.12.014,2019,Composition and phase structure dependence of mechanical and magnetic properties for AlCoCuFeNihigh entropy alloys,AlFeCoCuNi,1.43331815,1.41968469,1519.58800000,12.21594487,2.90169895,0.20000000,0.20000000,0.20000000,0.20000000,0.20000000,0.00000000,0.00000000,0.00000000,0.00000000,0.00000000,0.00000000,0.00000000,0.00000000,0.00000000,0.00013869,2.68403855,141.95992096,0.00234117,-0.01216295,-0.11309552,-0.05287622,-0.04248094,-0.06738034,-0.05698506,-0.03330227,-0.04250507,-0.10064579,52.79982672,6.40000000,1.82600000,-0.01729699,149.20000000,61.60000000,164.00000000,0.32000000,2.06640000,2.03180000,0.97140000,2.40900800,0.40240000,1.85891800,-0.03207380,7.17719634,0.04218783,0.17371205,0.34690157,0.33973868,0.03050274,0.00997233,0.11500044,0.03757521,0.31085687,0.09210344,0.30547460,0.09121901,15.47974125,7.49116398,0.19473480,1.94117647,0.08499365,3.98577296,0.19620450,2864.91892797,2.16888934,1914.96691780,25.23602287,0.10561440,2.12689373,2.72495411,22.22615335,1.18500000,13.06307279,843.91758598
482,AlFeCoNi,BCC,CAST,,4.46880000,1,298.15000000,964.00000000,,,,,162.00000000,10.1016/j.jmmm.2014.07.023,2014,Effects of Al and Si addition on the structure and properties of CoFeNi equal atomic ratio alloy,AlFeCoNi,1.43847529,1.41766998,1560.08000000,12.31900872,2.90983649,0.25000000,0.25000000,0.25000000,0.25000000,0.00000000,0.00000000,0.00000000,0.00000000,0.00000000,0.00000000,0.00000000,0.00000000,0.00000000,0.00000000,0.00011946,2.68417761,177.44990120,-0.11929435,-0.14346789,-0.20289144,-0.10252593,-0.08520047,-0.12669948,-0.10937401,-0.06990270,-0.08524068,-0.14809564,50.11328340,7.50000000,1.80750000,-0.01533799,151.50000000,65.00000000,172.50000000,0.31500000,2.12675000,2.05175000,1.00825000,2.51801000,0.44800000,1.57364750,-0.03380900,6.75501768,0.04746756,0.19070700,0.34845390,0.34390300,0.03436680,0.01243841,0.12947995,0.04685116,0.33332727,0.12173982,0.32898118,0.12029957,16.37995010,7.70186910,0.21065005,1.91970803,0.11312022,1.81778050,0.19111199,3373.29338319,2.43794163,2338.66075381,17.10322118,0.23972634,1.53897184,5.54143454,19.56779215,1.19925000,13.65849498,1060.03647054
483,AlVCrFeCoCuNi,FCC+BCC,CAST,,,1,298.15000000,1469.00000000,,16.00000000,,,,10.1016/j.msea.2008.08.025,2008,"Effects of Mn, Ti and V on the microstructure and properties of AlCrFeCoNiCu high entropy alloy",AlVCrFeCoCuNi,1.44161193,1.43067458,1708.70571429,12.40574432,2.91664971,0.14300000,0.14300000,0.14300000,0.14300000,0.14300000,0.14300000,0.14300000,0.00000000,0.00000000,0.00000000,0.00000000,0.00000000,0.00000000,0.00000000,0.00016777,2.69500340,162.19339741,0.06404530,0.05208070,-0.05821214,-0.02882563,-0.03136662,-0.04079023,-0.04333122,0.01165531,0.08345517,0.03782214,52.41953337,6.14285714,1.77428571,0.08256941,152.57142857,67.14285714,175.28571429,0.31142857,2.17914286,2.38457143,1.13814286,2.46437714,0.69028571,1.54320600,0.07566157,7.01648689,0.03834562,0.15091405,0.40330235,0.36815812,0.02860655,0.00663694,0.10345348,0.02498171,0.32237985,0.06976362,0.30577868,0.06835424,16.95956558,7.78267726,0.31676937,1.90456431,0.07106010,9.94477850,0.17448879,2523.70498255,2.15827029,1684.15036426,18.10068616,0.47198507,2.33099270,5.94134890,18.31294629,1.33542857,12.69971750,1676.10756350
484,Hf10Zr21Ti42Nb5V21,BCC,CAST,,3.25752000,1,298.15000000,1115.00000000,,50.00000000,,,100.00000000,10.1007/s40195-019-00921-3,2019,A Novel Series of Refractory High-Entropy Alloys Ti2ZrHf0.5VNbx with High Specific Yield Strength and Good Ductility,Hf10Zr21Ti42Nb5V21,1.63586096,1.63952836,2129.92929293,18.32304391,3.32156335,0.10100000,0.21200000,0.42400000,0.05100000,0.21200000,0.00000000,0.00000000,0.00000000,0.00000000,0.00000000,0.00000000,0.00000000,0.00000000,0.00000000,0.00012106,3.09856005,131.80069142,0.23034252,0.17751328,0.02331234,0.06284364,0.02446126,0.01001440,-0.02836798,-0.00908859,0.04113393,0.02497930,73.18506465,4.26262626,1.49333333,0.04752460,118.33333333,40.58585859,103.75757576,0.34393939,2.22693939,2.52682828,0.60721212,4.77155556,0.47888889,0.95990411,-0.00515152,6.63245378,0.06070339,0.18259038,0.15095472,0.22436560,0.04692981,0.01475185,0.13818628,0.04376998,0.12367966,0.04386070,0.18983563,0.06702540,11.67475859,5.24251295,0.21504352,2.04849883,0.17512418,4.10297684,0.13998117,2167.36083249,2.29675361,1475.63200580,46.04659209,11.37338988,10.34946848,1.17453076,48.63870443,1.91961616,6.08181929,1114.31536025
485,Hf12Zr25Ta12Ti37Nb12,bcc,UNKNOWN,0.00000000,0.00000000,1,298.15000000,903.00000000,0.00000000,0.00000000,0.00000000,0.00000000,0.00000000,UNKNOWN,UNKNOWN,UNKNOWN,Hf12Zr25Ta12Ti37Nb12,1.67349957,1.67442604,2322.13265306,19.64268341,3.39946263,0.12200000,0.25500000,0.12200000,0.37800000,0.12200000,0.00000000,0.00000000,0.00000000,0.00000000,0.00000000,0.00000000,0.00000000,0.00000000,0.00000000,0.00012807,3.16799335,131.26072348,0.15318163,0.09348180,-0.00668845,0.07579076,0.03321250,0.01609093,-0.02648733,-0.02384723,0.01363736,0.02988880,96.73275633,4.24489796,1.45948980,0.03748458,122.38775510,41.56122449,106.07142857,0.34346939,2.28240816,2.47819388,0.60252041,4.47908163,0.50066327,1.02865830,-0.00673469,8.17752988,0.04192504,0.12953854,0.26148264,0.34064291,0.03269134,0.01146883,0.09825515,0.03446658,0.17508637,0.05288345,0.23845241,0.07340800,12.23571174,5.36087802,0.21935747,2.04631645,0.08421013,3.92383029,0.12839490,1402.34774764,2.00417966,912.21670110,25.59646702,18.46562830,16.84292145,15.67286503,41.24750888,1.87567347,6.52336984,1072.23469102
486,Hf12Zr25Ti25Nb25Mo12,BCC,CAST,,,1,298.15000000,1169.50000000,1538.00000000,,,,115.00000000,10.1016/j.intermet.2015.09.011,2016,Microstructure and mechanical properties of in-situ MC-carbide particulates-reinforced refractory high-entropy Mo0.5NbHf0.5ZrTi matrix alloy composite,Hf12Zr25Ti25Nb25Mo12,1.66534421,1.66029894,2376.75757576,19.34108552,3.38197412,0.12100000,0.25300000,0.25300000,0.25300000,0.12100000,0.00000000,0.00000000,0.00000000,0.00000000,0.00000000,0.00000000,0.00000000,0.00000000,0.00000000,0.00013393,3.14594007,147.38896626,0.12589993,0.07711902,-0.03394390,0.03328013,-0.00833289,-0.01550078,-0.05711380,0.02109198,0.11876169,0.13640483,91.84943939,4.49494949,1.54818182,0.09766972,139.23232323,47.94949495,122.06060606,0.35010101,2.33526263,2.54561616,0.77916162,3.84746263,0.69005051,0.86878470,0.06181818,7.88578729,0.04788055,0.14520863,0.61260431,0.64895113,0.03701615,0.01118485,0.11033989,0.03318085,0.27786626,0.07003266,0.31538431,0.08242903,14.04381013,6.01380331,0.29549161,2.07740131,0.12570247,9.56512235,0.12544401,1922.23347486,2.48164547,1339.60205269,27.35197479,8.24550475,8.39496701,5.74846532,37.63421609,1.76645455,7.95028105,1403.80324889
487,Hf17Zr17Ta17Ti17Nb17Al13,BCC,CAST,89.00000000,4.18460000,1,298.15000000,1415.00000000,2050.00000000,30.00000000,,102.00000000,103.00000000,10.1016/j.jallcom.2014.11.064,2015,Effect of Al addition on mechanical properties and microstructure of refractory AlxHfNbTaTiZr alloys,Hf17Zr17Ta17Ti17Nb17Al13,1.66435541,1.65835547,2312.12408163,19.14134766,3.37029179,0.17300000,0.17300000,0.17300000,0.17300000,0.17300000,0.13300000,0.00000000,0.00000000,0.00000000,0.00000000,0.00000000,0.00000000,0.00000000,0.00000000,0.00015390,3.15331741,137.90382037,0.05947304,0.01688374,-0.09773524,-0.03814164,-0.06092676,-0.08073095,-0.10351607,-0.00292775,0.06199990,0.04473476,106.17509614,4.21428571,1.47469388,0.06492765,127.69387755,40.22448980,105.04081633,0.35346939,2.25251020,2.36384694,0.72048980,3.75925204,0.53943878,1.03789798,0.03306366,9.21084652,0.04655189,0.13322669,0.33513280,0.39235899,0.03592671,0.00788725,0.09860517,0.02204654,0.22336137,0.05911404,0.26095793,0.06686807,11.74055638,5.21221008,0.23948339,2.09343435,0.07829688,9.32927885,0.12895069,1452.43362674,1.95537355,936.38487787,30.25243822,13.64126656,13.46793492,2.86268617,23.64019420,1.64335714,7.14425130,1433.68214201
488,Hf17Zr17Ta17Ti17Nb17Mo13,BCC,CAST,,4.82160000,1,298.15000000,1373.00000000,,50.00000000,,109.00000000,130.00000000,10.1016/j.matlet.2016.03.133,2016,Solution strengthening of ductile refractory HfMoxNbTaTiZr high-entropy alloys,Hf17Zr17Ta17Ti17Nb17Mo13,1.66016937,1.65680089,2572.47959184,19.16350943,3.37159199,0.17300000,0.17300000,0.17300000,0.17300000,0.17300000,0.13300000,0.00000000,0.00000000,0.00000000,0.00000000,0.00000000,0.00000000,0.00000000,0.00000000,0.00015390,3.13889078,162.51609768,0.11252187,0.06993256,-0.03413077,0.03836802,-0.00130532,-0.00422129,-0.04389462,0.02914534,0.14939333,0.17284066,115.32264714,4.61224490,1.54765306,0.12024799,153.69387755,53.48979592,139.39795918,0.34816327,2.49659184,2.66297959,0.93326531,3.79049184,0.81137755,1.00904952,0.10000000,9.99284041,0.04606721,0.14078462,0.57770839,0.60057469,0.03548312,0.00781982,0.10616087,0.02323145,0.32410070,0.07181216,0.35698392,0.07329797,15.61840161,6.25588907,0.32499407,2.06825300,0.11285641,10.31855516,0.11589985,2045.60182490,2.67907500,1456.42528389,26.77823568,0.05983655,1.73971554,2.86268617,30.26651417,1.72971429,9.02946903,1378.83183754
489,Hf18Zr18Ta18Ti18Nb18Al5,BCC,CAST,105.00000000,3.45940000,1,298.15000000,1188.00000000,,50.00000000,,63.00000000,105.00000000,10.1016/j.jallcom.2014.11.064,2015,Effect of Al addition on mechanical properties and microstructure of refractory AlxHfNbTaTiZr alloys,Hf18Zr18Ta18Ti18Nb18Al5,1.67190465,1.66967609,2439.33263158,19.50934383,3.39175301,0.18900000,0.18900000,0.18900000,0.18900000,0.18900000,0.05300000,0.00000000,0.00000000,0.00000000,0.00000000,0.00000000,0.00000000,0.00000000,0.00000000,0.00014909,3.16659024,143.63719143,0.08305011,0.03653151,-0.05443349,0.01153482,-0.01597696,-0.03498378,-0.06249556,0.00298550,0.07632718,0.06164245,113.48149866,4.32631579,1.46221053,0.07334168,132.46315789,41.53684211,108.27368421,0.35378947,2.35330526,2.47131579,0.74673684,4.03671053,0.57536842,1.03032324,0.04207384,9.65899172,0.04313261,0.12812505,0.32129209,0.38432100,0.03351773,0.00784275,0.09684668,0.02272089,0.21589420,0.06114661,0.26143501,0.07046919,12.20080053,5.18453799,0.24449375,2.09496659,0.07873632,31.52790451,0.12222605,1425.12620586,2.00608749,927.34976435,43.74564996,12.96079885,14.74851699,1.26366358,50.27007854,1.72457895,7.07465467,1134.42675337
490,Hf19Zr19Ta19Ti19Nb19Mo4,BCC,CAST,,3.87100000,1,298.15000000,1112.00000000,,50.00000000,,96.00000000,115.00000000,10.1016/j.matlet.2016.03.133,2016,Solution strengthening of ductile refractory HfMoxNbTaTiZr high-entropy alloys,Hf19Zr19Ta19Ti19Nb19Mo4,1.67178320,1.67099327,2538.07070707,19.57283461,3.39542838,0.19200000,0.19200000,0.19200000,0.19200000,0.19200000,0.04000000,0.00000000,0.00000000,0.00000000,0.00000000,0.00000000,0.00000000,0.00000000,0.00000000,0.00014762,3.16372997,152.00978224,0.12203157,0.07626002,-0.01779009,0.05584456,0.01625204,0.01007301,-0.02951951,0.00809135,0.09889171,0.11605250,117.38414081,4.46464646,1.48252525,0.09147707,141.11111111,45.77777778,119.23232323,0.35222222,2.44305051,2.57884848,0.81555556,4.08862222,0.66368687,1.02037901,0.06383838,9.95875603,0.04232041,0.12994893,0.45706474,0.49789318,0.03293095,0.00779228,0.09902345,0.02323094,0.25151873,0.05982108,0.29519591,0.06925054,13.46108022,5.50994757,0.27166318,2.08747855,0.09863261,6.70894507,0.11747112,1592.89087928,2.23376714,1074.99591815,41.11535295,11.03395604,13.13881504,2.68305207,40.75220479,1.76329293,7.63405784,1298.30786960
491,Hf2Zr2Ta2Ti2Nb2Al,BCC,CAST,86.00000000,3.88080000,1,298.15000000,1302.00000000,,46.00000000,,97.00000000,104.00000000,10.1016/j.jallcom.2014.11.064,2015,Effect of Al addition on mechanical properties and microstructure of refractory AlxHfNbTaTiZr alloys,Hf2Zr2Ta2Ti2Nb2Al,1.66829354,1.66427057,2378.48363636,19.33273347,3.38148724,0.18200000,0.18200000,0.18200000,0.18200000,0.18200000,0.09100000,0.00000000,0.00000000,0.00000000,0.00000000,0.00000000,0.00000000,0.00000000,0.00000000,0.00015240,3.16049702,140.89468813,0.07074399,0.02610493,-0.07988406,-0.01494674,-0.04033684,-0.05958580,-0.08497590,-0.00063168,0.06868523,0.05093600,109.98655078,4.27272727,1.46818182,0.06931691,130.18181818,40.90909091,106.72727273,0.35363636,2.30509091,2.41990909,0.73418182,3.90399091,0.55818182,1.03394655,0.03776391,9.44703910,0.04490068,0.13069700,0.32819747,0.38840447,0.03476316,0.00788900,0.09783656,0.02243645,0.21985772,0.06026878,0.26148848,0.06881177,11.98003849,5.19720868,0.24215176,2.09423346,0.07852612,24.25150268,0.12535298,1440.60781423,1.98353499,933.61697321,35.50935704,13.83492417,18.08836090,2.76492560,37.57961680,1.68572727,7.10674775,1136.08561216
492,Hf2Zr2Ta2Ti2Nb2Mo,BCC,CAST,,4.70400000,1,298.15000000,1317.00000000,,50.00000000,,102.00000000,123.00000000,10.1016/j.matlet.2016.03.133,2016,Solution strengthening of ductile refractory HfMoxNbTaTiZr high-entropy alloys,Hf2Zr2Ta2Ti2Nb2Mo,1.66542479,1.66308217,2556.90909091,19.34802047,3.38237829,0.18200000,0.18200000,0.18200000,0.18200000,0.18200000,0.09100000,0.00000000,0.00000000,0.00000000,0.00000000,0.00000000,0.00000000,0.00000000,0.00000000,0.00015240,3.14983824,157.76184321,0.11941668,0.07477762,-0.02798685,0.04655012,0.00613913,0.00191107,-0.03849993,0.01904041,0.12626915,0.14778291,116.25550182,4.54545455,1.51818182,0.10722875,148.00000000,50.00000000,130.27272727,0.35000000,2.47236364,2.62490909,0.88000000,3.92540000,0.74454545,1.01417627,0.08363636,9.97760647,0.04453451,0.13625710,0.54245234,0.57097458,0.03444303,0.00783830,0.10326040,0.02331922,0.29462005,0.05699586,0.33166691,0.06563808,14.64612762,5.92393747,0.30114723,2.07692308,0.10641994,8.37103973,0.11660563,1840.83313263,2.48080459,1282.74818421,40.10540571,1.58468065,1.78404551,2.76492560,43.30942932,1.74490909,8.39363363,1340.70966739
493,Hf9Zr19Ti38Nb14V19,BCC,CAST,,3.12522000,1,298.15000000,1025.00000000,,50.00000000,,,100.00000000,10.1007/s40195-019-00921-3,2019,A Novel Series of Refractory High-Entropy Alloys Ti2ZrHf0.5VNbx with High Specific Yield Strength and Good Ductility,Hf9Zr19Ti38Nb14V19,1.63479796,1.63861893,2189.10101010,18.28798142,3.31944331,0.09100000,0.19200000,0.38400000,0.14100000,0.19200000,0.00000000,0.00000000,0.00000000,0.00000000,0.00000000,0.00000000,0.00000000,0.00000000,0.00000000,0.00012888,3.09820874,136.05974673,0.22699612,0.17371115,0.02288734,0.05966920,0.01797648,0.00638423,-0.03530850,0.00085650,0.06724153,0.05792397,75.02211939,4.33333333,1.50363636,0.06638503,123.28282828,40.34343434,103.88888889,0.34929293,2.26792929,2.54207071,0.66691919,4.53020202,0.51252525,0.91986787,0.02414141,6.81197352,0.05779161,0.17414341,0.14556664,0.21310351,0.04439055,0.01269628,0.13080635,0.03767441,0.11808295,0.03895061,0.17990298,0.05803446,11.59761676,5.11374707,0.22598820,2.07357964,0.16721311,4.72818297,0.13619746,2055.64550992,2.22582042,1385.70577911,44.64890799,13.71709040,10.79957534,1.11238952,44.41753175,1.87515152,6.18489580,1082.47468060
494,HfZrTaNb,BCC+HCP,ANNEAL,,5.59580000,1,298.15000000,2138.46666667,,0.30000000,,,,10.1016/j.actamat.2016.01.018,2016,Structural-disorder and its effect on mechanical properties in single-phase TaNbHfZr high-entropy alloy,HfZrTaNb,1.69240424,1.69318979,2668.50000000,20.30209624,3.43708516,0.25000000,0.25000000,0.25000000,0.25000000,0.00000000,0.00000000,0.00000000,0.00000000,0.00000000,0.00000000,0.00000000,0.00000000,0.00000000,0.00000000,0.00011946,3.19907352,156.38858644,0.10887002,0.06876784,-0.00030339,0.07725453,0.03600691,0.03715235,-0.00409527,-0.00490812,0.10317516,0.13007271,135.89206500,4.50000000,1.43250000,0.10808328,142.75000000,42.00000000,109.00000000,0.36250000,2.49950000,2.54850000,0.86375000,4.01675000,0.65000000,0.99515975,0.08500000,11.11482451,0.03968691,0.12056349,0.35033188,0.42712310,0.03149123,0.00858743,0.09496634,0.02564496,0.23085955,0.08168124,0.28604418,0.09600362,12.50173286,5.00169348,0.26005201,2.13725490,0.08862862,4.12640232,0.11172944,1364.63693120,2.05417715,895.45697500,21.07975163,13.65142152,13.86549963,5.54143454,18.04452401,1.68475000,7.42052700,1670.60060707
495,HfZrTaTiNbAl,BCC+Sec.,CAST,92.00000000,4.32180000,1,298.15000000,1489.00000000,1900.00000000,21.00000000,,103.00000000,,10.1016/j.jallcom.2014.11.064,2015,Effect of Al addition on mechanical properties and microstructure of refractory AlxHfNbTaTiZr alloys,HfZrTaTiNbAl,1.66114656,1.65352560,2258.05333333,18.98634083,3.36116957,0.16700000,0.16700000,0.16700000,0.16700000,0.16700000,0.16700000,0.00000000,0.00000000,0.00000000,0.00000000,0.00000000,0.00000000,0.00000000,0.00000000,0.00015454,3.14726863,135.46681701,0.05160103,0.01068190,-0.10768610,-0.05411830,-0.07457014,-0.09503744,-0.11548927,-0.00426086,0.05709036,0.04146766,103.06946643,4.16666667,1.48000000,0.06135122,125.66666667,39.66666667,103.66666667,0.35333333,2.20966667,2.31816667,0.70933333,3.64131667,0.52416667,1.04111767,0.02923383,9.01442747,0.04770089,0.13507281,0.34031020,0.39517149,0.03672946,0.00784887,0.09899321,0.02167035,0.22558746,0.05802778,0.26006507,0.06518230,11.54640432,5.22540548,0.23721527,2.09278349,0.07811010,6.44801061,0.13203851,1458.21089193,1.92987020,935.55498542,24.50228285,13.30660425,15.57448326,5.30529656,18.89287293,1.60883333,7.17688036,1470.74357739
496,HfZrTiNbCr,BCC+Laves,ANNEAL,,,1,298.15000000,1411.86333333,1908.00000000,,,,,10.1016/j.ijrmhm.2014.07.009,2014,Experimental and theoretical study of Ti20Zr20Hf20Nb20X20 (X=V or Cr) refractory high-entropy alloys,HfZrTiNbCr,1.63846487,1.64161072,2301.00000000,18.33077269,3.32203030,0.20000000,0.20000000,0.20000000,0.20000000,0.20000000,0.00000000,0.00000000,0.00000000,0.00000000,0.00000000,0.00000000,0.00000000,0.00000000,0.00000000,0.00013869,3.10588909,155.80202938,0.33172580,0.28262284,0.06291820,0.08181798,0.03868025,0.03271502,-0.01042271,-0.00404640,0.11917810,0.13395197,92.49669600,4.60000000,1.48600000,0.12322450,128.00000000,52.00000000,129.00000000,0.32800000,2.24960000,2.62620000,0.82000000,3.72332000,0.77900000,0.85372880,0.07200000,8.37905115,0.07605248,0.21486468,0.61261396,0.59735209,0.06003923,0.01784532,0.17050295,0.04982123,0.33158386,0.10569215,0.34412683,0.10398936,14.96020568,6.65016255,0.34628378,1.97619048,0.28758198,3.90045181,0.12957410,3288.51715357,3.20365916,2447.79950042,4.76271708,0.69484167,0.22568597,2.72495411,19.04322305,1.80620000,8.28269609,1486.90083514
497,HfZrTiNbV,BCC+Laves,ANNEAL,,,1,298.15000000,1176.16666667,1468.00000000,,,,,10.1016/j.ijrmhm.2014.07.009,2014,Experimental and theoretical study of Ti20Zr20Hf20Nb20X20 (X=V or Cr) refractory high-entropy alloys,HfZrTiNbV,1.65028181,1.65451291,2301.60000000,18.79925643,3.35009320,0.20000000,0.20000000,0.20000000,0.20000000,0.20000000,0.00000000,0.00000000,0.00000000,0.00000000,0.00000000,0.00000000,0.00000000,0.00000000,0.00000000,0.00013869,3.13063119,145.34783251,0.24050592,0.19140296,0.02349325,0.06430509,0.02008727,0.01520212,-0.02901570,0.00054800,0.09046409,0.08340717,92.28577600,4.40000000,1.48000000,0.08991608,127.60000000,38.40000000,98.80000000,0.36000000,2.31400000,2.53080000,0.73000000,4.46020000,0.54300000,0.86775480,0.04200000,8.15161182,0.06157526,0.18239490,0.16682935,0.23216779,0.04821883,0.01327323,0.14217207,0.03874206,0.13078180,0.03192217,0.18761209,0.04763597,11.14086073,4.81454656,0.23465860,2.12500000,0.17175433,4.96399803,0.12954032,2150.29661247,2.28307025,1461.27457448,34.27935171,15.31824575,12.83019520,2.72495411,36.97461209,1.80080000,6.18661746,1182.80578605
498,Mn17Al12Cr17Fe17(CoNi)17,FCC+BCC,CAST,0.20000000,6.09560000,1,298.15000000,2230.00000000,,,1.69000000,,,10.1016/j.jallcom.2018.10.168,2019,Microstructure and mechanical properties of FeCoCrNiMnAlx high-entropy alloys prepared by mechanical alloying and hot-pressed sintering,Mn17Al12Cr17Fe17(CoNi)17,1.42827712,1.42230584,1693.83340206,12.06706538,2.88986277,0.17500000,0.12400000,0.17500000,0.17500000,0.17500000,0.17500000,0.00000000,0.00000000,0.00000000,0.00000000,0.00000000,0.00000000,0.00000000,0.00000000,0.00015373,2.64873536,211.20287055,-0.00788912,-0.03541152,-0.07368556,-0.06722293,-0.07035500,-0.09474534,-0.09787741,-0.01186885,0.03721854,0.04461824,52.48119632,7.38144330,1.74670103,0.04908739,151.71134021,78.40206186,200.91752577,0.28164948,2.11462887,2.53411340,1.17155670,2.50276680,0.83210309,1.28400391,0.03684831,7.22189973,0.03385023,0.14275363,0.30696059,0.28241929,0.02410955,0.00619490,0.09161679,0.02302579,0.27641761,0.06912064,0.26140682,0.06690370,19.62164149,9.27900010,0.39349841,1.78415612,0.06928435,3.87353543,0.17602085,2508.18284217,2.26156362,1699.39568799,25.90472364,0.41906660,2.39584249,5.54680803,13.32688349,1.47174227,13.33225381,2036.37149514
499,Mn18Al5Cr18Fe18(CoNi)18,FCC+BCC,CAST,0.20000000,5.00780000,1,298.15000000,1836.00000000,,,4.90000000,,,10.1016/j.jallcom.2018.10.168,2019,Microstructure and mechanical properties of FeCoCrNiMnAlx high-entropy alloys prepared by mechanical alloying and hot-pressed sintering,Mn18Al5Cr18Fe18(CoNi)18,1.41576500,1.41649917,1755.52210526,11.81700600,2.86976158,0.18900000,0.05300000,0.18900000,0.18900000,0.18900000,0.18900000,0.00000000,0.00000000,0.00000000,0.00000000,0.00000000,0.00000000,0.00000000,0.00000000,0.00014909,2.62811666,222.18923915,0.00953023,-0.01958570,-0.03701527,-0.06740290,-0.07760292,-0.09651883,-0.10671885,0.02434764,0.07954772,0.16488289,54.54958961,7.73684211,1.75778947,0.05520008,157.85263158,82.65263158,211.53684211,0.27610526,2.19206316,2.64241053,1.23122105,2.64478758,0.88743158,1.29730701,0.04507700,7.66537534,0.02458092,0.10472041,0.23750821,0.21024101,0.01687738,0.00339724,0.06596131,0.01300113,0.19941933,0.04679274,0.18326418,0.04102396,20.54154639,9.37087341,0.40483851,1.76283262,0.06353232,3.88295684,0.16983551,1721.54449190,1.88390383,1094.50722036,9.30028776,10.95118599,12.46445913,8.75619806,0.00000000,1.52923158,13.43259363,1808.95345888
500,Mn19Al19Cr19Fe19Cu19W,BCC+Sec.,POWDER,,6.90900000,1,298.15000000,1250.00000000,,,,,,10.1557/jmr.2019.18,2019,"Materials-structure-property correlation study of spark plasma sintered AlCuCrFeMnWx (x = 0, 0.05, 0.1, 0.5) high-entropy alloys",Mn19Al19Cr19Fe19Cu19W,1.45466446,1.44507431,1582.42562500,12.59838692,2.93166930,0.19800000,0.19800000,0.19800000,0.19800000,0.19800000,0.01000000,0.00000000,0.00000000,0.00000000,0.00000000,0.00000000,0.00000000,0.00000000,0.00000000,0.00014213,2.70719882,156.43010605,0.12766289,0.13250020,-0.00313509,-0.01998949,-0.02133465,-0.01515218,-0.01649734,0.03839941,0.08972973,0.06194376,52.04861446,5.20833333,1.71677083,0.06823352,135.43750000,71.14583333,180.03125000,0.28593750,1.87930208,2.41236458,1.15927083,1.81311625,0.91281250,1.37974211,0.06947490,6.86030816,0.03638583,0.15038127,0.44735335,0.41713206,0.02688636,0.00858981,0.09872077,0.03172198,0.36780785,0.10114381,0.34458651,0.09679922,18.06321626,9.61166193,0.48571888,1.80087527,0.09769048,11.25138486,0.18841328,2470.15565390,2.23211026,1666.63912131,21.69154249,0.00000000,2.45009586,2.68305207,33.78930900,1.29426042,13.95640011,1159.35573179
501,Mn19AlCr19Fe19(CoNi)19,FCC+BCC,CAST,,4.23360000,1,298.15000000,1631.00000000,,,12.60000000,,,10.1016/j.jallcom.2018.10.168,2019,Microstructure and mechanical properties of FeCoCrNiMnAlx high-entropy alloys prepared by mechanical alloying and hot-pressed sintering,Mn19AlCr19Fe19(CoNi)19,1.40833393,1.41354009,1792.15958333,11.67014155,2.85782330,0.19800000,0.01000000,0.19800000,0.19800000,0.19800000,0.19800000,0.00000000,0.00000000,0.00000000,0.00000000,0.00000000,0.00000000,0.00000000,0.00000000,0.00014213,2.62049744,228.71414270,0.03739683,0.01022039,-0.00211339,-0.02862356,-0.03979662,-0.05580000,-0.06697307,0.02023927,0.07284825,0.12822547,55.77802707,7.94791667,1.76437500,0.05883046,161.50000000,85.17708333,217.84375000,0.27281250,2.23805208,2.70672917,1.26665625,2.72913500,0.92029167,1.30520784,0.04996409,7.93663520,0.01557782,0.06477147,0.18679383,0.15455637,0.01075292,0.00252653,0.04489727,0.00996658,0.13606421,0.04019135,0.11678632,0.03355408,21.08088162,9.41929896,0.41120208,1.75032230,0.06011613,8.89892128,0.16636353,926.11192433,1.38526560,512.05914756,23.90116891,12.39756412,11.36890010,10.92738907,14.61596869,1.56337500,13.48421308,1481.78725082
502,Mn21Al13Cr21(FeNi)21,BCC+B2,CAST,,3.53780000,1,298.15000000,1130.00000000,,53.00000000,,,,10.1016/j.msea.2019.04.104,2019,The microstructure and mechanical properties of novel Al-Cr-Fe-Mn-Ni high-entropy alloys with trimodal distributions of coherent B2 precipitates,Mn21Al13Cr21(FeNi)21,1.43521865,1.43141991,1692.07381443,12.23011581,2.90282055,0.21600000,0.13400000,0.21600000,0.21600000,0.21600000,0.00000000,0.00000000,0.00000000,0.00000000,0.00000000,0.00000000,0.00000000,0.00000000,0.00000000,0.00013731,2.65768344,205.56391919,-0.02360872,-0.01427695,-0.07953359,-0.07011347,-0.07208964,-0.06078170,-0.06275787,-0.03561182,0.04049499,-0.03422542,51.56374687,7.11340206,1.72041237,0.07610681,147.01030928,79.90721649,201.62886598,0.27422680,2.03831959,2.50706186,1.28271134,2.25312722,0.99216495,1.33332623,0.06604205,7.00105182,0.03276374,0.14084502,0.32158445,0.29924568,0.02336659,0.00636817,0.09101804,0.02392705,0.29248158,0.07578817,0.27582433,0.07257884,20.08800569,9.85517962,0.48675632,1.75568180,0.07555228,3.31369397,0.17620390,2457.57855575,2.29055688,1671.81066101,45.62009819,0.00000000,2.29893226,4.83868084,41.93550361,1.35922680,14.77899471,1165.73078488
503,Mn2Al2Cr2Fe2Cu2W,BCC+Sec.,POWDER,,7.64400000,1,298.15000000,1510.00000000,,,,,,10.1557/jmr.2019.18,2019,"Materials-structure-property correlation study of spark plasma sintered AlCuCrFeMnWx (x = 0, 0.05, 0.1, 0.5) high-entropy alloys",Mn2Al2Cr2Fe2Cu2W,1.46329919,1.45503016,1754.26181818,12.84437666,2.95062721,0.18200000,0.18200000,0.18200000,0.18200000,0.18200000,0.09100000,0.00000000,0.00000000,0.00000000,0.00000000,0.00000000,0.00000000,0.00000000,0.00000000,0.00015240,2.73471218,168.08989872,0.22055016,0.22588267,0.02323468,-0.00622865,-0.01055893,-0.00089614,-0.00522642,0.05932672,0.14103336,0.12894110,62.76848793,5.27272727,1.76909091,0.09756366,149.63636364,78.45454545,198.81818182,0.28545455,2.02536364,2.54190909,1.27727273,1.72107091,1.05818182,1.34885400,0.10774727,8.11480388,0.04081281,0.15485960,0.49920415,0.48156941,0.03093742,0.00756753,0.10645372,0.02795753,0.38934632,0.09851359,0.36945481,0.09473626,20.04763215,9.89828777,0.52246510,1.79898221,0.10974162,42.92253961,0.16995753,2828.63178273,2.55725539,1988.25391259,38.01185397,0.45791680,2.50705653,2.76492560,19.80675599,1.30245455,15.39219327,1447.53889194
504,Mn2AlCr2(FeNi)2,BCC+B2,CAST,,3.45940000,1,298.15000000,1091.00000000,,50.00000000,,,,10.1016/j.msea.2019.04.104,2019,The microstructure and mechanical properties of novel Al-Cr-Fe-Mn-Ni high-entropy alloys with trimodal distributions of coherent B2 precipitates,Mn2AlCr2(FeNi)2,1.43132153,1.42865407,1712.14666667,12.15175317,2.89660746,0.22200000,0.11100000,0.22200000,0.22200000,0.22200000,0.00000000,0.00000000,0.00000000,0.00000000,0.00000000,0.00000000,0.00000000,0.00000000,0.00000000,0.00013620,2.65087145,208.99787909,-0.02028567,-0.01046840,-0.07089387,-0.09324520,-0.09914734,-0.08342793,-0.08933007,0.00176249,0.08057772,0.08988404,52.21406984,7.22222222,1.72333333,0.07881523,148.88888889,81.33333333,205.11111111,0.27222222,2.06155556,2.54166667,1.30511111,2.29284222,1.01444444,1.33896978,0.06949811,7.13506609,0.03047672,0.13177286,0.30088778,0.27863794,0.02142552,0.00534897,0.08421717,0.02009764,0.27134002,0.06467648,0.25500391,0.06096293,20.40275659,9.89677746,0.49207718,1.74809159,0.07408087,2.50083575,0.17413812,2275.76331920,2.20953343,1530.44642272,48.33932614,0.50547099,2.40746904,4.87790544,41.02653536,1.37500000,14.83836843,1021.64908882
505,Mn2AlCr2Fe2(CoNi)2,FCC+BCC,CAST,,5.41940000,1,298.15000000,1932.00000000,,,3.80000000,,,10.1016/j.jallcom.2018.10.168,2019,Microstructure and mechanical properties of FeCoCrNiMnAlx high-entropy alloys prepared by mechanical alloying and hot-pressed sintering,Mn2AlCr2Fe2(CoNi)2,1.42250296,1.41842929,1722.30181818,11.95123291,2.88058637,0.18200000,0.09100000,0.18200000,0.18200000,0.18200000,0.18200000,0.00000000,0.00000000,0.00000000,0.00000000,0.00000000,0.00000000,0.00000000,0.00000000,0.00015240,2.63821113,216.27291574,-0.00448766,-0.03271875,-0.06077218,-0.07860918,-0.08643786,-0.10684027,-0.11466895,0.01545094,0.06735924,0.13533947,53.43572896,7.54545455,1.75181818,0.05190830,154.54545455,80.36363636,205.81818182,0.27909091,2.15036364,2.58409091,1.19909091,2.56830727,0.85763636,1.29014309,0.04064573,7.42452070,0.03012809,0.12780169,0.27663402,0.25127734,0.02109794,0.00463673,0.08087215,0.01723425,0.24418038,0.05173514,0.22888300,0.05007581,20.04800276,9.32307559,0.39883318,1.77427491,0.06662987,3.33903493,0.17311135,2201.95229517,2.12476184,1461.75301420,15.38383958,7.83758850,9.71823882,5.71409184,7.13171034,1.49827273,13.38074328,1847.40160398
506,Mn3Al2Cr3(FeNi)3,BCC+B2,CAST,,3.67500000,1,298.15000000,1170.00000000,,55.00000000,,,,10.1016/j.msea.2019.04.104,2019,The microstructure and mechanical properties of novel Al-Cr-Fe-Mn-Ni high-entropy alloys with trimodal distributions of coherent B2 precipitates,Mn3Al2Cr3(FeNi)3,1.43672182,1.43248674,1684.33142857,12.26043120,2.90521702,0.21400000,0.14300000,0.21400000,0.21400000,0.21400000,0.00000000,0.00000000,0.00000000,0.00000000,0.00000000,0.00000000,0.00000000,0.00000000,0.00000000,0.00013770,2.66031092,204.23939179,-0.02489047,-0.01574596,-0.08382542,-0.06119124,-0.06165310,-0.05204673,-0.05250859,-0.05002763,0.02503450,-0.08209620,51.31290801,7.07142857,1.71928571,0.07506213,146.28571429,79.35714286,200.28571429,0.27500000,2.02935714,2.49371429,1.27407143,2.23780857,0.98357143,1.33114943,0.06470900,6.94976752,0.03356388,0.14399347,0.32931119,0.30690287,0.02406141,0.00675333,0.09346331,0.02537420,0.30009062,0.08037197,0.28330613,0.07696853,19.96619163,9.83867809,0.48467143,1.75862069,0.07611983,3.79015319,0.17701386,2519.28694487,2.31686847,1719.89891371,36.21566477,0.00000000,2.29893226,4.83868084,40.77803959,1.35314286,14.75542030,1142.56202286
507,Mn5Al4Cr5(FeNi)5,BCC+B2,CAST,,3.78280000,1,298.15000000,1200.00000000,,55.00000000,,,,10.1016/j.msea.2019.04.104,2019,The microstructure and mechanical properties of novel Al-Cr-Fe-Mn-Ni high-entropy alloys with trimodal distributions of coherent B2 precipitates,Mn5Al4Cr5(FeNi)5,1.44077204,1.43486467,1663.47000000,12.34236359,2.91167419,0.20800000,0.16700000,0.20800000,0.20800000,0.20800000,0.00000000,0.00000000,0.00000000,0.00000000,0.00000000,0.00000000,0.00000000,0.00000000,0.00000000,0.00013833,2.66906923,200.67052632,-0.02334236,-0.01495298,-0.09164797,-0.10477131,-0.10685003,-0.09638193,-0.09846065,-0.01157085,0.06067646,0.04560781,50.63703664,6.95833333,1.71625000,0.07224731,144.33333333,77.87500000,196.66666667,0.27708333,2.00520833,2.45775000,1.25079167,2.19653333,0.96041667,1.32528417,0.06111717,6.81270118,0.03552793,0.15164475,0.34951823,0.32684299,0.02580066,0.00776868,0.09960523,0.02918918,0.31921662,0.09245580,0.30208981,0.08854066,19.63683399,9.79291463,0.47896104,1.76657059,0.07764905,2.19636534,0.17923377,2664.89981610,2.37630190,1833.46653949,40.18863157,0.00000000,2.02690401,2.21930193,39.48294441,1.33675000,14.68998241,1191.12772418
508,MnAlCrFeCoCuNi,FCC+BCC+Sec.,CAST,,,1,298.15000000,1005.00000000,,15.00000000,,,,10.1016/j.msea.2008.08.025,2008,"Effects of Mn, Ti and V on the microstructure and properties of AlCrFeCoNiCu high entropy alloy",MnAlCrFeCoCuNi,1.43253154,1.42594456,1613.84857143,12.16067166,2.89731592,0.14300000,0.14300000,0.14300000,0.14300000,0.14300000,0.14300000,0.14300000,0.00000000,0.00000000,0.00000000,0.00000000,0.00000000,0.00000000,0.00000000,0.00016777,2.66733415,175.34016484,0.08849387,0.06929336,-0.03930397,-0.02831668,-0.02968592,-0.04751720,-0.04888643,0.00961823,0.04204204,0.01759032,52.99046837,6.42857143,1.76285714,0.03531814,146.85714286,71.85714286,185.28571429,0.29285714,2.03314286,2.39485714,1.09100000,2.35352000,0.71600000,1.52225529,0.02373143,7.23585057,0.03517986,0.14802796,0.36201468,0.33351865,0.02525576,0.00700625,0.09552728,0.02610091,0.31146372,0.07429141,0.29444752,0.07209293,18.03002918,8.86805818,0.35216414,1.82828282,0.06041718,9.56152176,0.18474472,2492.62987139,2.17513010,1667.70342205,21.24445239,0.00000000,2.19205854,5.94134890,17.61575779,1.39285714,12.94463636,1107.63393407
509,MnAlCrFeCu,BCC+Sec.,POWDER,,6.66400000,1,298.15000000,1120.00000000,,,,,,10.1557/jmr.2019.18,2019,"Materials-structure-property correlation study of spark plasma sintered AlCuCrFeMnWx (x = 0, 0.05, 0.1, 0.5) high-entropy alloys",MnAlCrFeCu,1.45354703,1.44372799,1560.18800000,12.56678439,2.92921592,0.20000000,0.20000000,0.20000000,0.20000000,0.20000000,0.00000000,0.00000000,0.00000000,0.00000000,0.00000000,0.00000000,0.00000000,0.00000000,0.00000000,0.00013869,2.69992827,154.95474257,0.12884331,0.13385388,-0.00996225,-0.03695075,-0.04008032,-0.03194019,-0.03506976,0.04334496,0.09544330,0.08207686,50.66133672,5.20000000,1.71000000,0.06443785,133.60000000,70.20000000,177.60000000,0.28600000,1.86040000,2.39560000,1.14400000,1.82502800,0.89400000,1.38373940,0.06452200,6.69424919,0.03567824,0.14957653,0.43622318,0.40334499,0.02626374,0.00872523,0.09753486,0.03222062,0.36453310,0.10138445,0.34084314,0.09696021,17.80816334,9.57222282,0.48054182,1.80112045,0.06347521,5.85599518,0.19109877,2420.38090942,2.18926526,1622.81658258,22.20499447,0.00000000,2.27183036,2.72495411,33.78930900,1.29320000,13.77061811,1154.13425062
510,MnCrFeCoNi,FCC+BCC,CAST,0.40000000,4.06700000,1,298.15000000,1314.00000000,,,20.30000000,,,10.1016/j.jallcom.2018.10.168,2019,Microstructure and mechanical properties of FeCoCrNiMnAlx high-entropy alloys prepared by mechanical alloying and hot-pressed sintering,MnCrFeCoNi,1.40650029,1.41422145,1801.20000000,11.63409043,2.85487749,0.20000000,0.20000000,0.20000000,0.20000000,0.20000000,0.00000000,0.00000000,0.00000000,0.00000000,0.00000000,0.00000000,0.00000000,0.00000000,0.00000000,0.00013869,2.61954083,230.32418384,0.05505080,0.02435741,0.01085192,-0.02072488,-0.03480299,-0.05141827,-0.06549638,0.01381816,0.07354443,0.12991747,56.08114800,8.00000000,1.76600000,0.05972627,162.40000000,85.80000000,219.40000000,0.27200000,2.24940000,2.72260000,1.27540000,2.74994800,0.92840000,1.30715740,0.05117000,8.00449346,0.01263969,0.04879624,0.17230507,0.13772357,0.00878364,0.00222573,0.03840524,0.00894387,0.11646451,0.03813893,0.09516934,0.03115599,21.21316141,9.43058656,0.41273228,1.74725275,0.01447840,12.05360587,0.16552854,637.99175755,1.15039615,331.56468171,57.09616836,11.90594950,10.29247795,2.72495411,28.75133074,1.57180000,13.49609455,1217.20548978
511,Nb2Re(MoW)2,BCC,CAST,,4.63540000,1,298.15000000,896.00000000,,10.40000000,7.08000000,,298.00000000,10.1016/j.jallcom.2018.11.111,2019,"Microstructure evolution, mechanical properties and strengthening mechanism of refractory high-entropy alloy matrix composites with addition of TaC",Nb2Re(MoW)2,1.57051652,1.56595131,3163.00000000,16.19351556,3.18755030,0.28600000,0.14300000,0.28600000,0.28600000,0.00000000,0.00000000,0.00000000,0.00000000,0.00000000,0.00000000,0.00000000,0.00000000,0.00000000,0.00000000,0.00011652,2.98278043,211.43498328,-0.06748990,-0.06748990,-0.06045224,-0.09903318,-0.10933698,-0.09903318,-0.10933698,0.02843113,0.23108244,0.40304019,133.08282286,5.85714286,2.02000000,0.28169163,267.71428571,118.28571429,307.57142857,0.32571429,3.18371429,3.50028571,1.81857143,1.60897143,1.70857143,0.82959857,0.31990357,13.64678204,0.02382479,0.07176007,0.45443058,0.44058229,0.01816663,0.00679009,0.05413802,0.02009027,0.42413251,0.16117352,0.40846156,0.15526728,32.65276590,10.25618599,0.53665979,1.96610171,0.04958205,3.72144365,0.09426178,1721.56089769,3.08839110,1270.55545040,4.92887849,0.91093066,0.11487250,12.46555687,5.99575995,1.68171429,19.41635752,906.04907626
512,Nb4Al19Cr19Fe19(CoNi)19,BCC+Sec.,CAST,,6.54640000,1,298.15000000,1959.00000000,3008.00000000,,11.00000000,,,10.1016/j.msea.2011.10.110,2012,Effect of Nb addition on the microstructure and properties of AlCoCrFeNi high-entropy alloy,Nb4Al19Cr19Fe19(CoNi)19,1.44493621,1.43149321,1727.13212121,12.45672112,2.92063922,0.04000000,0.19200000,0.19200000,0.19200000,0.19200000,0.19200000,0.00000000,0.00000000,0.00000000,0.00000000,0.00000000,0.00000000,0.00000000,0.00000000,0.00014762,2.70940745,189.20435121,0.02753736,0.00824897,-0.08735542,-0.03995466,-0.03530147,-0.05924305,-0.05458985,-0.05262311,0.02537744,-0.08229785,52.20364604,7.11111111,1.77080808,0.07784132,154.26262626,73.50505051,190.21212121,0.29828283,2.18134343,2.35624242,1.16532323,2.17014303,0.76129293,1.36791710,0.06677289,6.95899443,0.04861795,0.18707934,0.39211552,0.36228835,0.03549367,0.00933245,0.12583041,0.03452566,0.34760786,0.10166500,0.33155192,0.09915219,18.59198347,8.52318035,0.34900187,1.85015115,0.17619692,6.38101087,0.17262721,3539.69811389,2.68540164,2521.79217052,17.55499687,0.12308448,1.83911464,8.44835870,19.35743422,1.31048485,14.18710294,2004.56196388
513,NbAl19Cr19Fe19(CoNi)19,BCC,CAST,,5.57620000,1,298.15000000,1641.00000000,3285.00000000,,17.00000000,,182.00000000,10.1016/j.msea.2011.10.110,2012,Effect of Nb addition on the microstructure and properties of AlCoCrFeNi high-entropy alloy,NbAl19Cr19Fe19(CoNi)19,1.43929916,1.42519648,1695.16750000,12.30543132,2.90876707,0.01000000,0.19800000,0.19800000,0.19800000,0.19800000,0.19800000,0.00000000,0.00000000,0.00000000,0.00000000,0.00000000,0.00000000,0.00000000,0.00000000,0.00014213,2.69126574,189.60371184,-0.00853768,-0.02649788,-0.08690104,-0.04820329,-0.04497265,-0.06616350,-0.06293285,-0.02593672,0.03959700,-0.02178646,50.93168561,7.17708333,1.77614583,0.07263828,153.77083333,74.61458333,192.87500000,0.29510417,2.16654167,2.34596875,1.16330208,2.16746000,0.75914583,1.39372526,0.05948454,6.87290914,0.04366185,0.17639654,0.38286004,0.35405172,0.03179372,0.00972245,0.11762418,0.03612233,0.34347302,0.10621149,0.32807002,0.10353724,18.79590734,8.67553465,0.35039521,1.83729867,0.17385129,4.99827671,0.17588232,3291.45921403,2.57731051,2318.65620141,18.22209430,0.12308448,2.09199973,8.33464471,19.25924101,1.30596875,14.39231018,1670.11448512
514,NbAl2Cr2Fe2(CoNi)2,BCC+Sec.,CAST,,7.32060000,1,298.15000000,2473.00000000,3170.00000000,,4.00000000,,,10.1016/j.msea.2011.10.110,2012,Effect of Nb addition on the microstructure and properties of AlCoCrFeNi high-entropy alloy,NbAl2Cr2Fe2(CoNi)2,1.45443018,1.44232920,1780.96727273,12.71431908,2.94063440,0.09100000,0.18200000,0.18200000,0.18200000,0.18200000,0.18200000,0.00000000,0.00000000,0.00000000,0.00000000,0.00000000,0.00000000,0.00000000,0.00000000,0.00015240,2.73491659,188.53174384,0.05787947,0.03960627,-0.08645377,-0.07074757,-0.06990939,-0.08902077,-0.08818260,-0.02631448,0.06028987,0.00370994,54.34589520,7.00000000,1.76181818,0.08660435,155.09090909,71.63636364,185.72727273,0.30363636,2.20627273,2.37354545,1.16872727,2.17466182,0.76490909,1.32445073,0.07904800,7.09778818,0.05513393,0.20083519,0.40695103,0.37539096,0.04071651,0.00868695,0.13767266,0.03189142,0.35316812,0.09415737,0.33614386,0.09190874,18.24337553,8.26886689,0.34669743,1.87206265,0.18014745,3.83644880,0.16740903,3851.99257711,2.82271089,2780.50098489,13.14779933,0.07705319,1.67868851,5.18469916,17.62581675,1.31809091,13.84075666,2128.92064876
515,NbVCrFeMo,BCC+Laves,CAST,,8.09480000,1,298.15000000,2663.00000000,,2.70000000,,,,10.1007/s40195-019-00935-x,2019,"Microstructure, Mechanical Properties, and Corrosion Behavior of MoNbFeCrV, MoNbFeCrTi, and MoNbFeVTi High-Entropy Alloys",NbVCrFeMo,1.50247472,1.50110715,2364.00000000,14.11002965,3.04452334,0.20000000,0.20000000,0.20000000,0.20000000,0.20000000,0.00000000,0.00000000,0.00000000,0.00000000,0.00000000,0.00000000,0.00000000,0.00000000,0.00000000,0.00013869,2.84810863,208.94197156,0.14083959,0.16228247,0.02817411,-0.01662924,-0.03641179,0.00481364,-0.01496891,0.06173293,0.32962298,0.33912368,69.52579600,6.00000000,1.77600000,0.26789005,186.80000000,81.60000000,210.40000000,0.31600000,2.59880000,2.97880000,1.61200000,2.08392800,1.39000000,0.87798700,0.30317020,8.18215000,0.05372456,0.16162154,0.43102426,0.40703506,0.04154204,0.01100661,0.11984656,0.03176967,0.34805482,0.08339327,0.32378115,0.07755013,21.51493794,8.27879712,0.53486224,1.92397661,0.16635017,19.71615256,0.12612098,3406.38597295,3.14400870,2524.55444597,7.75074269,0.07721500,0.18259218,2.72495411,4.66768995,1.40840000,15.27615588,2456.84205970
516,Ta21Ti21Al13(VMo)21,BCC,CAST,,,1,298.15000000,962.00000000,1033.00000000,,,,173.00000000,10.4028/www.scientific.net/MSF.898.638,2017,Microstructure and Mechanical Properties of VTaTiMoAlsubx/sub Refractory High Entropy Alloys,Ta21Ti21Al13(VMo)21,1.57220404,1.56457561,2357.14597938,16.11000309,3.18206129,0.21600000,0.21600000,0.13400000,0.21600000,0.21600000,0.00000000,0.00000000,0.00000000,0.00000000,0.00000000,0.00000000,0.00000000,0.00000000,0.00000000,0.00013731,2.96984397,173.90363097,0.00782200,-0.01060303,-0.11426651,-0.06114080,-0.07707601,-0.07956582,-0.09550104,0.05431664,0.22302419,0.20243012,84.95241218,4.73195876,1.69443299,0.16870755,170.17525773,64.96907216,173.70103093,0.33701031,2.50919588,2.77638144,1.19178351,3.06705258,0.99757732,1.10582132,0.18835298,8.75647849,0.03334607,0.09582354,0.52781252,0.51066839,0.02604371,0.00735368,0.07442728,0.02220107,0.34915127,0.10152403,0.34648805,0.09882626,17.90382549,7.13528411,0.39756853,2.01663816,0.05498107,5.29358601,0.12648771,1438.28591174,2.08130331,948.09050751,18.81517989,0.11898478,0.69532451,5.29318063,8.03072536,1.58459794,11.29865503,1134.47127942
517,Ta23Ti23Al4(VMo)23,BCC,CAST,,,1,298.15000000,1021.00000000,1249.00000000,,,,183.00000000,10.4028/www.scientific.net/MSF.898.638,2017,Microstructure and Mechanical Properties of VTaTiMoAlsubx/sub Refractory High Entropy Alloys,Ta23Ti23Al4(VMo)23,1.57110284,1.56846021,2508.99250000,16.18200588,3.18679492,0.24000000,0.24000000,0.04200000,0.24000000,0.24000000,0.00000000,0.00000000,0.00000000,0.00000000,0.00000000,0.00000000,0.00000000,0.00000000,0.00000000,0.00012953,2.97206303,184.37031262,0.03647895,0.01608895,-0.07082321,0.00732471,-0.00870040,-0.01306529,-0.02909040,0.04365383,0.23315526,0.16041291,91.13482182,4.91666667,1.70343750,0.18950143,180.21875000,69.12500000,184.76041667,0.33562500,2.65308333,2.94460417,1.27238542,3.31395625,1.08796875,1.10430921,0.21532929,9.35193303,0.03463469,0.09944345,0.48459443,0.46679642,0.02721653,0.00840597,0.07848988,0.02465095,0.31980225,0.10303219,0.31618883,0.09985958,19.07743106,7.19066410,0.41007711,2.01034807,0.05922001,44.37023072,0.11883256,1601.16730353,2.27526554,1086.93078792,8.85472425,0.63170934,0.55106804,5.93284116,10.87207793,1.67221875,11.40845422,1251.33566799
518,Ta23Ti23Nb23Al5V23,BCC,CAST,,,1,298.15000000,1330.00000000,,,,,130.00000000,10.1016/j.proeng.2012.03.043,2012,Microstructure and Compressive Properties of NbTiVTaAlx High Entropy Alloys,Ta23Ti23Nb23Al5V23,1.58884961,1.58979201,2458.12989691,16.73334018,3.22258374,0.23700000,0.23700000,0.23700000,0.05200000,0.23700000,0.00000000,0.00000000,0.00000000,0.00000000,0.00000000,0.00000000,0.00000000,0.00000000,0.00000000,0.00013086,3.01386099,163.12582752,0.08096986,0.06079006,-0.03138280,-0.02550114,-0.04483566,-0.04568094,-0.06501546,0.03494556,0.18750438,0.13794738,89.75413580,4.65979381,1.56969072,0.15255882,154.95876289,47.81443299,130.46391753,0.35711340,2.55588660,2.74426804,1.07170103,3.58834536,0.75345361,1.01899846,0.17924758,8.90679022,0.03602519,0.10032717,0.24591227,0.25703988,0.02834467,0.00970707,0.08072682,0.02851628,0.18039430,0.05695289,0.18588435,0.05951877,13.34424029,5.22098292,0.29479149,2.11096856,0.05588302,12.61399803,0.12129139,1196.09158355,1.69125140,727.95428166,24.28991151,15.39058519,16.30946521,2.64268996,2.72667069,1.67256701,7.97829935,1063.10246605
519,Ta23Ti5Nb23(MoW)23,BCC,CAST,,4.68734000,1,298.15000000,1109.00000000,1197.00000000,,,,242.00000000,10.1016/j.msea.2017.12.004,2018,Microstructures and mechanical properties of Ti NbMoTaW refractory high-entropy alloys,Ta23Ti5Nb23(MoW)23,1.59173612,1.58631126,3095.03092784,16.87479441,3.23163891,0.23700000,0.05200000,0.23700000,0.23700000,0.23700000,0.00000000,0.00000000,0.00000000,0.00000000,0.00000000,0.00000000,0.00000000,0.00000000,0.00000000,0.00013086,3.02261475,227.23631763,-0.02899580,-0.03338271,-0.06010164,-0.08171870,-0.10670375,-0.08610561,-0.11109066,0.16117024,0.45428330,0.48404331,133.74147402,5.42268041,1.88618557,0.29625685,231.24742268,95.21649485,250.44329897,0.33185567,3.06742268,3.26622680,1.76871134,1.95812062,1.63984536,1.01262859,0.36948454,13.16063999,0.02259479,0.06456471,0.50923402,0.48094279,0.01774676,0.00458611,0.05128949,0.01340626,0.40158584,0.11229608,0.38348631,0.10837205,26.64806324,8.68744416,0.53460039,1.99336522,0.03744859,4.95622593,0.09633183,1226.00784692,2.43671657,849.84938906,4.22614023,0.12847056,0.11487250,13.14823765,3.07807965,1.49751546,17.79485017,1183.50922925
520,Ta2Ti2Nb2AlV2,BCC,CAST,,,1,298.15000000,1014.00000000,,,,,127.00000000,10.1016/j.proeng.2012.03.043,2012,Microstructure and Compressive Properties of NbTiVTaAlx High Entropy Alloys,Ta2Ti2Nb2AlV2,1.58845271,1.58595446,2362.36888889,16.65041137,3.21725132,0.22200000,0.22200000,0.22200000,0.11100000,0.22200000,0.00000000,0.00000000,0.00000000,0.00000000,0.00000000,0.00000000,0.00000000,0.00000000,0.00000000,0.00013620,3.01113035,157.63909947,0.05855072,0.03963825,-0.06638701,-0.07139085,-0.08919361,-0.09030332,-0.10810607,0.04082081,0.18214874,0.16135917,85.81189540,4.55555556,1.57222222,0.14132793,150.00000000,46.44444444,126.66666667,0.35666667,2.46822222,2.64722222,1.03177778,3.41021111,0.71555556,1.02534156,0.16393367,8.55799288,0.03550992,0.09809513,0.27028200,0.28124673,0.02798922,0.00888242,0.07798572,0.02645666,0.20208669,0.05859152,0.20734244,0.06100830,12.94045038,5.24282225,0.28990727,2.10880831,0.05340398,4.50687840,0.12620806,1125.94754566,1.60921747,670.41166388,33.72198458,14.76597164,15.53658503,2.27049621,9.34312676,1.61544444,8.01045834,1079.67817816
521,Ta2TiNb2(MoW)2,BCC,CAST,,4.71576000,1,298.15000000,1211.00000000,1578.00000000,,,,234.00000000,10.1016/j.msea.2017.12.004,2018,Microstructures and mechanical properties of Ti NbMoTaW refractory high-entropy alloys,Ta2TiNb2(MoW)2,1.59318035,1.58740094,3022.55555556,16.92340438,3.23473898,0.22200000,0.11100000,0.22200000,0.22200000,0.22200000,0.00000000,0.00000000,0.00000000,0.00000000,0.00000000,0.00000000,0.00000000,0.00000000,0.00000000,0.00013620,3.02255050,219.96699421,-0.01561968,-0.02507591,-0.06517558,-0.06943476,-0.09710842,-0.07889099,-0.10656465,0.14943627,0.42470401,0.45197072,128.34839111,5.33333333,1.86444444,0.27526774,223.44444444,92.00000000,242.00000000,0.33111111,3.00666667,3.21911111,1.68055556,2.15097778,1.56166667,1.02100878,0.34000000,12.59366368,0.02222504,0.06316765,0.52779298,0.50033570,0.01740837,0.00435968,0.05028249,0.01273762,0.40376176,0.10198841,0.38775410,0.09837453,25.77256844,8.57180768,0.51940133,1.99003322,0.03608306,5.92881701,0.09864169,1147.97618259,2.32440548,784.50285822,4.22614023,0.10150438,0.10375067,4.87790544,3.95692172,1.53855556,16.75114576,1200.35690675
522,Ta7Ti5Nb7(MoW)7,BCC,CAST,,4.85688000,1,298.15000000,1304.00000000,1593.00000000,,,,228.00000000,10.1016/j.msea.2017.12.004,2018,Microstructures and mechanical properties of Ti NbMoTaW refractory high-entropy alloys,Ta7Ti5Nb7(MoW)7,1.59416000,1.58833900,2973.39393939,16.95643065,3.23684183,0.21200000,0.15200000,0.21200000,0.21200000,0.21200000,0.00000000,0.00000000,0.00000000,0.00000000,0.00000000,0.00000000,0.00000000,0.00000000,0.00000000,0.00013803,3.02284828,215.03605454,-0.00678282,-0.01967768,-0.06617971,-0.06098478,-0.08966326,-0.07387964,-0.10255812,0.14223666,0.40326703,0.42875157,124.69014606,5.27272727,1.84969697,0.26103036,218.15151515,89.81818182,236.27272727,0.33060606,2.96545455,3.18715152,1.62075758,2.28179697,1.50863636,1.02669324,0.32000000,12.21088355,0.02192680,0.06214627,0.53978724,0.51285594,0.01714922,0.00420093,0.04951585,0.01226958,0.40392681,0.09827696,0.38923906,0.09389342,25.17771823,8.49034029,0.50873697,1.98777727,0.03515680,6.72970356,0.10027262,1094.99721795,2.24743366,740.42664682,5.19382208,0.10150438,0.10375067,4.83868084,4.21456057,1.56639394,16.07368210,1222.25336550
523,TaNbVMo,BCC,ANNEAL,200.00000000,4.93920000,1,298.15000000,1525.00000000,2400.00000000,21.00000000,,,186.00000000,10.3390/e18050189,2016,MoNbTaV Medium-Entropy Alloy,TaNbVMo,1.57325327,1.57790369,2779.75000000,16.28921419,3.19381711,0.25000000,0.25000000,0.25000000,0.25000000,0.00000000,0.00000000,0.00000000,0.00000000,0.00000000,0.00000000,0.00000000,0.00000000,0.00000000,0.00000000,0.00011946,2.99839682,205.32711230,0.07391917,0.07391917,-0.03685273,-0.06304367,-0.09283018,-0.06304367,-0.09283018,0.12571561,0.39517179,0.41087947,105.18394000,5.25000000,1.72250000,0.26945618,200.50000000,69.50000000,187.00000000,0.35500000,2.85675000,3.06275000,1.52500000,2.73210000,1.23750000,0.95262425,0.32750000,10.72256517,0.03649748,0.10543039,0.49305513,0.46596231,0.02875402,0.00916877,0.08369820,0.02665721,0.32752484,0.10800722,0.31625867,0.10304423,19.22319093,6.72904207,0.43318456,2.10077519,0.08266877,5.26735437,0.10725785,1845.51251280,2.46555582,1283.70437349,6.84608505,0.15369909,0.07769919,5.54143454,8.37872382,1.53775000,12.50085575,1529.81422644
524,TaNbVW,BCC,CAST,,,1,298.15000000,1530.00000000,1700.00000000,12.00000000,,,206.00000000,10.1016/j.msea.2016.07.102,2016,"NbTaV-(Ti,W) refractory high-entropy alloys: Experiments and modeling",TaNbVW,1.57571513,1.57880639,2979.50000000,16.35533881,3.19813295,0.25000000,0.25000000,0.25000000,0.25000000,0.00000000,0.00000000,0.00000000,0.00000000,0.00000000,0.00000000,0.00000000,0.00000000,0.00000000,0.00000000,0.00011946,3.00486015,214.86274223,0.10226640,0.10226640,-0.01531263,-0.08539142,-0.11185496,-0.08539142,-0.11185496,0.12569989,0.40467178,0.41758356,127.15894000,5.25000000,1.77250000,0.27897189,210.00000000,78.25000000,207.50000000,0.34750000,3.02550000,3.20050000,1.66750000,2.65562500,1.36250000,0.97699250,0.35250000,12.91031229,0.03595027,0.10333228,0.62511316,0.58381420,0.02828990,0.00929376,0.08212607,0.02709501,0.38249272,0.12983271,0.36682703,0.12334922,21.67262375,7.16331970,0.45033879,2.06513410,0.08175054,4.16828545,0.10006713,1977.28095360,2.71894057,1413.36268435,5.22645613,0.17716832,0.11487250,5.54143454,4.95880043,1.53300000,14.13739319,1631.33280236
525,TaTi13Nb41V12Cr12Mo19,BCC+Sec.,POWDER,0.07500000,7.26180000,1,298.15000000,2680.00000000,,,,,,10.1016/j.ijrmhm.2019.02.009,2019,"Fabrication, microstructure and mechanical property of a novel Nb-rich refractory high-entropy alloy strengthened by in-situ formation of dispersoids",TaTi13Nb41V12Cr12Mo19,1.56958520,1.56811677,2537.27551020,16.13097043,3.18344118,0.01000000,0.13300000,0.41800000,0.12200000,0.12200000,0.19400000,0.00000000,0.00000000,0.00000000,0.00000000,0.00000000,0.00000000,0.00000000,0.00000000,0.00013016,2.97602842,193.37767892,0.07908533,0.07092209,-0.00027747,-0.01882902,-0.04123610,-0.02699226,-0.04939934,0.15739543,0.33600237,0.35903136,78.27032306,5.18367347,1.71061224,0.25628893,179.52040816,66.68367347,174.83673469,0.34438776,2.60580612,2.95815306,1.35464286,2.47286531,1.18270408,0.75451354,0.28510204,8.05723490,0.04603283,0.12710106,0.56667092,0.53367079,0.03615230,0.01412051,0.10218288,0.04005445,0.36607991,0.14096115,0.34570506,0.13237339,18.38429491,7.05512769,0.45387263,2.05058368,0.11855405,17.53932521,0.11750793,2199.85159072,2.61114356,1555.30575327,13.38173568,0.00000000,0.06564887,7.04588830,11.55511639,1.60351020,11.46503147,1807.88406761
526,TaTiAlVMo,bcc,UNKNOWN,0.00000000,0.00000000,1,298.15000000,735.00000000,0.00000000,0.00000000,0.00000000,0.00000000,0.00000000,UNKNOWN,UNKNOWN,UNKNOWN,TaTiAlVMo,1.57299076,1.56196252,2248.66400000,16.05869397,3.17867949,0.20000000,0.20000000,0.20000000,0.20000000,0.20000000,0.00000000,0.00000000,0.00000000,0.00000000,0.00000000,0.00000000,0.00000000,0.00000000,0.00000000,0.00013869,2.96784628,166.42603888,-0.00602716,-0.02304838,-0.12974619,-0.08013805,-0.09301221,-0.09715927,-0.11003343,0.04493942,0.19879143,0.17601265,80.53558372,4.60000000,1.68800000,0.15385201,163.00000000,62.00000000,165.80000000,0.33800000,2.40640000,2.65620000,1.13420000,2.89066000,0.93300000,1.10690160,0.16908060,8.32773665,0.03235233,0.09334505,0.55714076,0.54032935,0.02512895,0.00662892,0.07137002,0.02046039,0.36423231,0.09897284,0.36207097,0.09656744,17.06746655,7.09253098,0.38771609,2.02114804,0.05195269,3.89164170,0.13258984,1329.38033723,1.94847347,855.93790624,16.82732675,0.13485576,1.54560603,2.72495411,10.87700346,1.52200000,11.21384136,884.21609309
527,TaTiNbAlV,BCC,CAST,,,1,298.15000000,993.00000000,,,,,122.00000000,10.1016/j.proeng.2012.03.043,2012,Microstructure and Compressive Properties of NbTiVTaAlx High Entropy Alloys,TaTiNbAlV,1.58786041,1.58040615,2219.46400000,16.52716631,3.20929371,0.20000000,0.20000000,0.20000000,0.20000000,0.20000000,0.00000000,0.00000000,0.00000000,0.00000000,0.00000000,0.00000000,0.00000000,0.00000000,0.00000000,0.00013869,3.00586017,149.45121299,0.03360432,0.01658310,-0.09449346,-0.10450658,-0.11636870,-0.12152780,-0.13338992,0.03242460,0.15699260,0.13930039,79.92885972,4.40000000,1.57600000,0.12456800,142.60000000,44.40000000,121.00000000,0.35600000,2.33740000,2.50240000,0.97220000,3.14438000,0.65900000,1.03480740,0.14108060,8.03072240,0.03459657,0.09486544,0.30170094,0.31265458,0.02727716,0.00769634,0.07371088,0.02344542,0.22683477,0.06189677,0.23191809,0.06302354,12.34022466,5.27946635,0.28193720,2.10559006,0.04970450,2.94544924,0.13433424,1027.29952259,1.49177124,590.13673063,16.90672905,14.96111803,16.86673280,2.72495411,11.23999563,1.53020000,8.06445213,1070.14041445
528,TaTiNbV,BCC,CAST,,,1,298.15000000,1092.59000000,,,,,134.00000000,10.1016/j.proeng.2012.03.043,2012,Microstructure and Compressive Properties of NbTiVTaAlx High Entropy Alloys,TaTiNbV,1.58919309,1.59611197,2541.00000000,16.80532736,3.22719834,0.25000000,0.25000000,0.25000000,0.25000000,0.00000000,0.00000000,0.00000000,0.00000000,0.00000000,0.00000000,0.00000000,0.00000000,0.00000000,0.00000000,0.00011946,3.02477135,167.87395756,0.16381953,0.14254301,0.02152685,0.01012169,-0.02704005,-0.01115483,-0.04831657,0.05394908,0.21622693,0.21755193,93.16569000,4.75000000,1.56750000,0.16227785,159.25000000,49.00000000,133.75000000,0.35750000,2.63175000,2.82825000,1.10625000,3.74250000,0.78625000,1.01350925,0.19250000,9.20573400,0.03652723,0.10229805,0.22215858,0.23360000,0.02857712,0.01043945,0.08302676,0.03032528,0.15774659,0.05446287,0.16359645,0.05717816,13.69469515,5.20364592,0.29875558,2.11284047,0.07052821,29.99023465,0.11733569,1259.44672562,1.76440680,780.23410763,25.94471793,13.65631694,17.59135332,5.54143454,25.97785249,1.72200000,7.95278464,994.86251001
529,TaTiNbVMo,BCC,CAST,,,1,298.15000000,1400.00000000,2450.00000000,,,,171.00000000,10.1016/j.jallcom.2016.11.188,2017,Mechanical properties of refractory high-entropy alloys: Experiments and modeling,TaTiNbVMo,1.58154915,1.58210974,2612.00000000,16.55747024,3.21125401,0.20000000,0.20000000,0.20000000,0.20000000,0.20000000,0.00000000,0.00000000,0.00000000,0.00000000,0.00000000,0.00000000,0.00000000,0.00000000,0.00000000,0.00013869,3.00264717,186.55895416,0.08220898,0.06518776,-0.04188117,-0.02507616,-0.05911743,-0.04209738,-0.07613865,0.09192118,0.29989523,0.31499836,93.72055200,5.00000000,1.68600000,0.20797405,181.80000000,64.40000000,172.80000000,0.34800000,2.70540000,2.95340000,1.29300000,3.19148000,1.06900000,0.99131280,0.24200000,9.39918610,0.03419062,0.09764275,0.50158885,0.48002975,0.02691082,0.00773561,0.07827236,0.02247522,0.30691031,0.09126058,0.30089934,0.08806922,17.90981743,6.62002566,0.39513565,2.06748466,0.06516612,14.44638403,0.11414625,1511.24161441,2.18307006,1012.31533480,10.32353890,0.33882687,0.43730635,2.72495411,11.43953353,1.66040000,10.78644750,1374.44549909
530,TaTiNbVW,BCC,CAST,,,1,298.15000000,1420.00000000,1800.00000000,20.00000000,,,187.00000000,10.1016/j.msea.2016.07.102,2016,"NbTaV-(Ti,W) refractory high-entropy alloys: Experiments and modeling",TaTiNbVW,1.58351864,1.58545023,2771.80000000,16.61093437,3.21470668,0.20000000,0.20000000,0.20000000,0.20000000,0.20000000,0.00000000,0.00000000,0.00000000,0.00000000,0.00000000,0.00000000,0.00000000,0.00000000,0.00000000,0.00013869,3.00842194,194.18745810,0.11196218,0.09494096,-0.02076050,-0.03433885,-0.06508676,-0.05136007,-0.08210798,0.09741425,0.31300087,0.31890537,111.30055200,5.00000000,1.72600000,0.21558662,189.40000000,71.40000000,189.20000000,0.34200000,2.84040000,3.06360000,1.40700000,3.13030000,1.16900000,1.01080740,0.26200000,11.12634827,0.03359385,0.09536824,0.64209844,0.60447557,0.02634246,0.00781161,0.07633544,0.02274168,0.35607643,0.10921817,0.34580288,0.10470298,19.87788603,6.99826997,0.41156175,2.03951368,0.06361750,11.19497718,0.10756548,1594.44807591,2.36871148,1095.92737543,7.47358952,0.11603850,0.10827899,2.72495411,15.34293283,1.65660000,11.99920682,1421.93794309
531,TaTiVMo,BCC,CAST,,,1,298.15000000,1221.00000000,1454.00000000,,,,189.00000000,10.4028/www.scientific.net/MSF.898.638,2017,Microstructure and Mechanical Properties of VTaTiMoAlsubx/sub Refractory High Entropy Alloys,TaTiVMo,1.57060602,1.57034397,2577.50000000,16.21456097,3.18893057,0.25000000,0.25000000,0.25000000,0.25000000,0.00000000,0.00000000,0.00000000,0.00000000,0.00000000,0.00000000,0.00000000,0.00000000,0.00000000,0.00000000,0.00011946,2.97728185,189.09248992,0.08789631,0.06661979,-0.06724485,0.00289983,-0.03090381,-0.01837669,-0.05218033,0.09045360,0.28933645,0.30466542,93.92409500,5.00000000,1.70750000,0.19888285,184.75000000,71.00000000,189.75000000,0.33500000,2.71800000,3.02050000,1.30875000,3.42535000,1.12875000,1.10362700,0.22750000,9.61880718,0.03518242,0.10112830,0.46425492,0.44606864,0.02770746,0.00889476,0.08024723,0.02576133,0.30323811,0.10282403,0.29906052,0.09940248,19.60803366,7.21414042,0.41528698,2.00751880,0.07474389,106.18271205,0.11567410,1678.69998235,2.36583644,1153.41191760,6.61680998,0.67886869,0.53342403,5.54143454,20.32729251,1.71175000,11.45496343,1294.49823376
532,Ti11Al19Cr19Fe19Ni19Mo9,BCC+B2,CAST,,7.40978000,1,298.15000000,1314.50000000,1314.50000000,,,,,10.1088/0256-307X/35/3/036102,2018,Microstructures and Mechanical Properties of AlCrFeNiMo 0.5 Ti  x  High Entropy Alloys,Ti11Al19Cr19Fe19Ni19Mo9,1.47911093,1.46334903,1810.51125000,13.35959196,2.98956314,0.11500000,0.19800000,0.19800000,0.19800000,0.19800000,0.09400000,0.00000000,0.00000000,0.00000000,0.00000000,0.00000000,0.00000000,0.00000000,0.00000000,0.00015112,2.77258894,175.75385933,0.01041474,0.02033533,-0.11036056,-0.13833083,-0.14362426,-0.12841024,-0.13370367,0.05985665,0.17592488,0.29516168,52.77918472,6.36458333,1.76635417,0.11606823,154.13541667,76.03125000,194.55208333,0.29531250,2.15607292,2.38088542,1.24066667,2.05912146,0.97192708,1.39215637,0.10380340,6.56022716,0.05547048,0.19119914,0.44692437,0.42828518,0.04238194,0.00854362,0.14068266,0.03037078,0.38196167,0.10626513,0.36686279,0.10280904,19.68477668,9.12992158,0.45078581,1.83813747,0.17778013,1.97783578,0.16467724,3736.64950431,3.00949930,2740.70809225,13.90190751,0.15807654,1.75639610,3.24398874,19.10844018,1.26352083,15.57930523,1322.86067584
533,Ti11Cr29(FeNi)29,BCC,CAST,,5.88294000,1,298.15000000,2475.41000000,,6.50000000,,,212.00000000,10.1557/jmr.2019.40,2019,Effects of titanium addition on microstructure and mechanical properties of CrFeNiTix (x = 0.2–0.6) compositionally complex alloys,Ti11Cr29(FeNi)29,1.43042229,1.42746968,1910.22448980,12.27518542,2.90638194,0.11200000,0.29600000,0.29600000,0.29600000,0.00000000,0.00000000,0.00000000,0.00000000,0.00000000,0.00000000,0.00000000,0.00000000,0.00000000,0.00000000,0.00011429,2.67594422,197.14948238,0.01328789,0.03546188,-0.03318913,-0.03657351,-0.04710532,-0.01439953,-0.02493134,0.05874244,0.18752677,0.30150380,54.65344388,7.55102041,1.77081633,0.12878433,163.52040816,85.72448980,217.20408163,0.27561224,2.33584694,2.57222449,1.41846939,2.42072816,1.07709184,1.55586274,0.11855081,7.39330914,0.04666836,0.15935420,0.25587089,0.22454195,0.03185779,0.00858775,0.09985413,0.02902880,0.20411636,0.06905162,0.18318556,0.06034924,21.57685914,9.23727440,0.46111405,1.76095223,0.16982463,5.96917168,0.15608113,3120.74307084,2.68332532,2222.85254759,11.10216354,10.21453455,10.85897795,14.80010497,10.33318182,1.33811224,16.12484999,2354.65171836
534,Ti11Mn11Al7V11Cr11Fe11Co11(CuNi)11,BCC+Sec.,CAST,,,1,298.15000000,1461.00000000,1461.00000000,1.00000000,,163.00000000,,10.1016/j.msea.2006.11.049,2007,Microstructure and compressive properties of multicomponent Alx(TiVCrMnFeCoNiCu)100−x high-entropy alloys,Ti11Mn11Al7V11Cr11Fe11Co11(CuNi)11,1.45418574,1.44965019,1746.28484211,12.78810890,2.94631227,0.11600000,0.11600000,0.07400000,0.11600000,0.11600000,0.11600000,0.11600000,0.11600000,0.11600000,0.00000000,0.00000000,0.00000000,0.00000000,0.00000000,0.00018887,2.70654177,173.41126204,0.05581588,0.03144290,-0.06851068,-0.05250031,-0.05936431,-0.07687329,-0.08373729,0.03650831,0.08644921,0.13633436,53.25508853,6.12631579,1.72810526,0.05416517,146.74736842,67.68421053,175.48421053,0.30252632,2.14583158,2.53254737,1.06218947,2.97292042,0.71470526,1.41072942,0.04163903,6.91519099,0.05093945,0.17426285,0.36308041,0.33107193,0.03752004,0.00777293,0.11924304,0.02281931,0.28524270,0.04301540,0.26784123,0.03876256,17.27017639,8.04824412,0.33306680,1.86749172,0.10910131,6.28224335,0.17073389,3002.22814806,2.43632747,2080.99934065,12.57408703,0.00000000,2.01222792,0.00000000,9.77262488,1.54249474,11.19626274,1532.74640128
535,Ti12Mn12AlV12Cr12Fe12Co12(CuNi)12,FCC+BCC,CAST,,,1,298.15000000,1862.00000000,2431.00000000,1.00000000,,164.00000000,,10.1016/j.msea.2006.11.049,2007,Microstructure and compressive properties of multicomponent Alx(TiVCrMnFeCoNiCu)100−x high-entropy alloys,Ti12Mn12AlV12Cr12Fe12Co12(CuNi)12,1.44540494,1.44623806,1801.90474227,12.61838862,2.93321996,0.12400000,0.12400000,0.01000000,0.12400000,0.12400000,0.12400000,0.12400000,0.12400000,0.12400000,0.00000000,0.00000000,0.00000000,0.00000000,0.00000000,0.00018241,2.69389755,180.13140495,0.09046993,0.06556733,-0.03293259,-0.01902086,-0.02828420,-0.04392346,-0.05318680,0.04421516,0.09717527,0.14226585,55.05262287,6.34020619,1.73618557,0.05966833,151.58762887,70.53608247,182.70103093,0.29927835,2.21327835,2.62378351,1.10503093,3.12487402,0.75334021,1.43062000,0.04890729,7.24475178,0.04976509,0.16484621,0.32273728,0.28926156,0.03594419,0.00854554,0.10974223,0.02517673,0.24575577,0.04157749,0.22674517,0.03684097,17.91787897,8.09562836,0.34037301,1.85420038,0.10909644,17.28063004,0.16546380,2877.82133981,2.40273175,1986.55419677,9.64082004,7.58269989,9.19895862,0.00000000,8.41783316,1.59582474,11.22797417,1595.20069071
536,Ti13Al20Cr16Fe16(CoNi)16,BCC+B2,CAST,49.95000000,6.26808000,1,298.15000000,1503.00000000,,7.73000000,,,,10.1016/j.jallcom.2019.07.100,2019,"Effects of Ti-to-Al ratios on the phases, microstructures, mechanical properties, and corrosion resistance of Al2-xCoCrFeNiTix high-entropy alloys",Ti13Al20Cr16Fe16(CoNi)16,1.46710233,1.44614288,1687.54020619,13.02893577,2.96469244,0.13400000,0.20600000,0.16500000,0.16500000,0.16500000,0.16500000,0.00000000,0.00000000,0.00000000,0.00000000,0.00000000,0.00000000,0.00000000,0.00000000,0.00015373,2.73498198,174.55420710,-0.03923586,-0.06781473,-0.14740835,-0.12650074,-0.12410016,-0.15507960,-0.15267903,0.02659954,0.07884675,0.17721747,49.16891641,6.59793814,1.73917526,0.05224720,144.15463918,68.82474227,178.26804124,0.29979381,2.11187629,2.31851546,1.02574227,2.49182309,0.68460825,1.35664007,0.03090553,6.26658721,0.05914370,0.20544855,0.42560776,0.39747275,0.04399918,0.00942322,0.14637423,0.03443936,0.35894618,0.10326740,0.34570242,0.10059209,17.67074549,8.36732036,0.32417062,1.85630151,0.15686746,2.05080069,0.17667727,3771.82661763,2.80556869,2718.36501922,7.92386210,0.07705319,1.60875596,5.90012365,10.73796606,1.39553608,12.66233510,1526.85125545
537,Ti14Al19Cr19Fe19Ni19Mo9,BCC+B2,CAST,,7.50876000,1,298.15000000,618.80000000,618.80000000,,,,,10.1088/0256-307X/35/3/036102,2018,Microstructures and Mechanical Properties of AlCrFeNiMo 0.5 Ti  x  High Entropy Alloys,Ti14Al19Cr19Fe19Ni19Mo9,1.48322068,1.46734102,1814.46545455,13.47833877,2.99839461,0.14100000,0.19200000,0.19200000,0.19200000,0.19200000,0.09100000,0.00000000,0.00000000,0.00000000,0.00000000,0.00000000,0.00000000,0.00000000,0.00000000,0.00015181,2.77960721,173.80635819,0.01167204,0.01871303,-0.11581118,-0.14085418,-0.14628817,-0.13381318,-0.13924717,0.06250031,0.17390119,0.30204810,52.63033064,6.29292929,1.75949495,0.11140088,152.70707071,75.06060606,192.17171717,0.29606061,2.15437374,2.38497980,1.21413131,2.14911778,0.95444444,1.38469912,0.09762754,6.48409134,0.05703075,0.19325143,0.45175381,0.43268144,0.04367506,0.00862407,0.14324561,0.03025315,0.38104210,0.10193089,0.36598068,0.09861055,19.49088173,9.04712185,0.44302640,1.84115370,0.17816398,1.95565622,0.16431837,3750.02430516,3.02220033,2753.32036365,12.23966745,0.20394602,1.68815057,3.31432204,16.56470324,1.29041414,15.10436156,1082.91983475
538,Ti16Cr27(FeNi)27,BCC,CAST,,7.03836000,1,298.15000000,1923.15000000,,,,,204.00000000,10.1557/jmr.2019.40,2019,Effects of titanium addition on microstructure and mechanical properties of CrFeNiTix (x = 0.2–0.6) compositionally complex alloys,Ti16Cr27(FeNi)27,1.44136429,1.43855956,1912.05154639,12.55914270,2.92862207,0.16500000,0.27800000,0.27800000,0.27800000,0.00000000,0.00000000,0.00000000,0.00000000,0.00000000,0.00000000,0.00000000,0.00000000,0.00000000,0.00000000,0.00011762,2.69468833,192.06389836,0.02319959,0.03900465,-0.04935631,-0.06477111,-0.07550907,-0.04896605,-0.05970401,0.08722170,0.20610720,0.39083366,54.25055155,7.34020619,1.75711340,0.11888551,160.16494845,83.24742268,211.19587629,0.27824742,2.32184536,2.56888660,1.35592784,2.57557402,1.03659794,1.53153431,0.10557605,7.17287986,0.05417697,0.18097458,0.28165745,0.25096950,0.03839278,0.01167855,0.11790915,0.03475759,0.22643622,0.07161798,0.20661983,0.06342281,21.11372004,9.09350829,0.44645434,1.77103270,0.17776402,3.47217505,0.15593199,3618.27317381,2.91313006,2632.72990928,7.23159248,8.92446675,12.38747255,13.16047188,6.52861518,1.38637113,15.22948623,1958.77392166
539,Ti20Al13Cr16Fe16(CoNi)16,BCC+B2+Laves,CAST,22.03000000,8.39762000,1,298.15000000,1272.00000000,,3.15000000,,,,10.1016/j.jallcom.2019.07.100,2019,"Effects of Ti-to-Al ratios on the phases, microstructures, mechanical properties, and corrosion resistance of Al2-xCoCrFeNiTix high-entropy alloys",Ti20Al13Cr16Fe16(CoNi)16,1.46942626,1.45605294,1760.25938144,13.16577715,2.97503559,0.20600000,0.13400000,0.16500000,0.16500000,0.16500000,0.16500000,0.00000000,0.00000000,0.00000000,0.00000000,0.00000000,0.00000000,0.00000000,0.00000000,0.00015373,2.73774009,177.13237831,-0.03176607,-0.06544512,-0.14138275,-0.11248679,-0.11249825,-0.14616584,-0.14617730,0.02544087,0.07684497,0.17137681,50.67611466,6.67010309,1.73412371,0.05140410,146.39175258,70.12371134,181.58762887,0.29762887,2.17971134,2.41355670,1.02061856,2.80047979,0.70228866,1.35852120,0.02835067,6.39155020,0.06297759,0.21041218,0.39532225,0.36709490,0.04744015,0.01353944,0.15085457,0.03985497,0.32761419,0.06792701,0.31469202,0.06614769,18.06706846,8.28874362,0.32219342,1.84749745,0.16676235,2.40567830,0.16937845,3942.23803137,2.92559479,2871.50552844,4.48912085,0.00000000,1.53442956,6.79010259,5.35359727,1.49570103,12.07933143,1588.78422446
540,Ti23Al15Cr15Fe15(CoNi)15,BCC+Sec.,CAST,,,1,298.15000000,2220.00000000,2720.00000000,6.60000000,5.00000000,160.00000000,,10.1063/1.2734517,2007,Solid solution alloys of AlCoCrFeNiTix with excellent room-temperature mechanical properties,Ti23Al15Cr15Fe15(CoNi)15,1.47897377,1.46531339,1744.36530612,13.40534560,2.99297211,0.23500000,0.15300000,0.15300000,0.15300000,0.15300000,0.15300000,0.00000000,0.00000000,0.00000000,0.00000000,0.00000000,0.00000000,0.00000000,0.00000000,0.00015308,2.75645556,171.37620592,-0.02853526,-0.06389220,-0.14886297,-0.11313695,-0.11345346,-0.14849389,-0.14881040,0.02104486,0.06634451,0.15555638,49.87428065,6.44897959,1.72214286,0.04529965,142.66326531,67.72448980,175.54081633,0.30010204,2.14698980,2.38314286,0.97540816,2.83833265,0.67311224,1.34246231,0.02011694,6.17800171,0.06434999,0.21243050,0.41575676,0.38765302,0.04911283,0.01487933,0.15570589,0.04372118,0.33814061,0.07529666,0.32573639,0.07331078,17.55411923,8.17615400,0.31351441,1.85755941,0.16937216,2.36027785,0.17092177,3884.15770730,2.90578260,2824.41028760,7.39031927,0.07723979,1.53442956,8.55960659,5.80577092,1.50309184,11.67867376,1849.51671464
541,Ti23Nb23Al5(VMo)23,BCC,CAST,,4.50800000,1,298.15000000,1250.00000000,1500.00000000,13.00000000,,,161.00000000,10.3390/e16020870,2014,Microstructures and Crackling Noise of AlxNbTiMoV High Entropy Alloys,Ti23Nb23Al5(VMo)23,1.57133739,1.56673071,2364.70721649,16.16522293,3.18569283,0.23700000,0.23700000,0.05200000,0.23700000,0.23700000,0.00000000,0.00000000,0.00000000,0.00000000,0.00000000,0.00000000,0.00000000,0.00000000,0.00000000,0.00013086,2.96850200,178.38545954,0.01895351,-0.00122628,-0.07114335,-0.04589300,-0.06467113,-0.06607279,-0.08485092,0.04980420,0.24907346,0.24255719,69.59762818,4.89690722,1.72618557,0.19926926,172.03092784,61.80412371,164.37113402,0.35000000,2.52031959,2.83200000,1.19974227,3.05422371,1.01427835,0.85909013,0.21244345,7.14927718,0.03434831,0.09942069,0.58444504,0.56385109,0.02694744,0.00825736,0.07823799,0.02442755,0.34147509,0.11785319,0.33251444,0.11475854,17.05108356,6.76544500,0.40244037,2.07692308,0.05272047,6.74277198,0.12608326,1494.69310284,2.07649192,984.48644043,16.75417401,0.13295947,0.63735646,5.93284116,10.90464485,1.63225773,10.44631816,1394.06844819
542,Ti2Nb2Al(VMo)2,BCC,CAST,,4.77260000,1,298.15000000,1625.00000000,1800.00000000,11.00000000,,,156.00000000,10.3390/e16020870,2014,Microstructures and Crackling Noise of AlxNbTiMoV High Entropy Alloys,Ti2Nb2Al(VMo)2,1.57204029,1.56429657,2274.81333333,16.11935999,3.18267723,0.22200000,0.22200000,0.11100000,0.22200000,0.22200000,0.00000000,0.00000000,0.00000000,0.00000000,0.00000000,0.00000000,0.00000000,0.00000000,0.00000000,0.00013620,2.96741847,171.94039711,-0.00207990,-0.02099237,-0.10351293,-0.09202764,-0.10901404,-0.11094011,-0.12792650,0.05791219,0.24301707,0.26991233,66.92125540,4.77777778,1.71888889,0.18510487,166.00000000,59.55555556,158.44444444,0.35000000,2.43488889,2.72944444,1.15177778,2.90963333,0.96000000,0.87547578,0.19504478,6.89391111,0.03353302,0.09709087,0.60500139,0.58442207,0.02619873,0.00758018,0.07562070,0.02284204,0.34958726,0.11459638,0.34150949,0.11177997,16.41517468,6.74165246,0.39426850,2.07692308,0.05036559,3.36665142,0.13106570,1395.48654653,1.96397324,901.11947640,14.51348901,0.17979862,2.36690633,5.79341516,10.86918460,1.57766667,10.40471666,1403.15887876
543,Ti2Nb2Al3(VMo)2,bcc,UNKNOWN,0.00000000,0.00000000,1,298.15000000,500.00000000,0.00000000,0.00000000,0.00000000,0.00000000,0.00000000,UNKNOWN,UNKNOWN,UNKNOWN,Ti2Nb2Al3(VMo)2,1.57394746,1.55819717,2030.90545455,15.99535785,3.17449503,0.18200000,0.18200000,0.27300000,0.18200000,0.18200000,0.00000000,0.00000000,0.00000000,0.00000000,0.00000000,0.00000000,0.00000000,0.00000000,0.00000000,0.00013743,2.96385252,154.45309486,-0.03476372,-0.05023755,-0.13504273,-0.12396787,-0.13670088,-0.13944170,-0.15217471,0.03783380,0.18450663,0.20440659,59.65948871,4.45454545,1.69909091,0.14667283,149.63636364,53.45454545,142.36363636,0.35000000,2.20309091,2.45118182,1.02163636,2.51731818,0.81272727,0.91993473,0.14783718,6.19348315,0.03105432,0.09113307,0.65601744,0.63526476,0.02390022,0.00583536,0.06797287,0.01857433,0.35923338,0.10275257,0.35324570,0.10203984,14.69568806,6.67048645,0.36890319,2.07692308,0.04397615,2.25138026,0.14680644,1151.11363487,1.67690780,698.01474333,15.70431108,0.49851068,2.51173630,1.44485234,10.41806402,1.42954545,10.27997260,805.01446159
544,Ti3Al29Cr16Fe16(CoNi)16,BCC+B2,CAST,66.93000000,5.93390000,1,298.15000000,1324.00000000,,10.02000000,,,,10.1016/j.jallcom.2019.07.100,2019,"Effects of Ti-to-Al ratios on the phases, microstructures, mechanical properties, and corrosion resistance of Al2-xCoCrFeNiTix high-entropy alloys",Ti3Al29Cr16Fe16(CoNi)16,1.46254548,1.43262589,1590.43000000,12.80958540,2.94796070,0.03100000,0.30200000,0.16700000,0.16700000,0.16700000,0.16700000,0.00000000,0.00000000,0.00000000,0.00000000,0.00000000,0.00000000,0.00000000,0.00000000,0.00014346,2.73220553,171.86184359,-0.03098658,-0.05235092,-0.11908610,-0.08378200,-0.07707121,-0.10514634,-0.09843556,-0.01256362,0.04264892,0.05321302,47.22446604,6.53125000,1.74781250,0.05428209,141.63541667,67.39583333,174.60416667,0.30239583,2.02387500,2.19298958,1.03928125,2.06441604,0.66465625,1.35638976,0.03558816,6.12183157,0.05245204,0.19705569,0.46275508,0.43446292,0.03839505,0.01365989,0.13900169,0.05061103,0.39493910,0.14944526,0.38131762,0.14563881,17.20621594,8.50161988,0.32840776,1.86695534,0.14296385,2.72338691,0.18746503,3520.48036745,2.63703787,2495.76022125,10.25129856,0.16950718,1.71001418,4.63882682,12.91176691,1.25754167,13.68242210,1368.09058860
545,Ti3Cr10(FeNi)10,BCC+FCC,CAST,,5.00094000,1,298.15000000,2364.63000000,,,,,,10.1557/jmr.2019.40,2019,Effects of titanium addition on microstructure and mechanical properties of CrFeNiTix (x = 0.2–0.6) compositionally complex alloys,Ti3Cr10(FeNi)10,1.42599268,1.42109386,1909.48484848,12.16146013,2.89737854,0.09100000,0.30300000,0.30300000,0.30300000,0.00000000,0.00000000,0.00000000,0.00000000,0.00000000,0.00000000,0.00000000,0.00000000,0.00000000,0.00000000,0.00011233,2.66854512,199.20826263,0.00994895,0.03470124,-0.02590632,-0.00570546,-0.01580286,0.01904684,0.00894944,0.02731070,0.16010233,0.19931474,54.81654545,7.63636364,1.77636364,0.13279163,164.87878788,86.72727273,219.63636364,0.27454545,2.34151515,2.57357576,1.44378788,2.35804242,1.09348485,1.56571155,0.12380333,7.48471617,0.04294494,0.14774161,0.24455176,0.21276338,0.02868213,0.00798359,0.09120575,0.02741521,0.19377071,0.06755212,0.17225506,0.05861185,21.76163691,9.29382708,0.46699884,1.75689221,0.16661056,37.59276813,0.15614159,2845.49590621,2.55332650,1999.24076222,8.70423727,10.68491676,10.47422444,15.24434950,14.26300738,1.31857576,16.50389577,2311.60614097
546,Ti4Al10Cr10Fe10(Ni2Mo)5,BCC+B2,CAST,,7.17262000,1,298.15000000,2185.10000000,3673.40000000,,14.80000000,,,10.1088/0256-307X/35/3/036102,2018,Microstructures and Mechanical Properties of AlCrFeNiMo 0.5 Ti  x  High Entropy Alloys,Ti4Al10Cr10Fe10(Ni2Mo)5,1.47454398,1.45872311,1811.57551020,13.22870489,2.97976793,0.08200000,0.20400000,0.20400000,0.20400000,0.20400000,0.10200000,0.00000000,0.00000000,0.00000000,0.00000000,0.00000000,0.00000000,0.00000000,0.00000000,0.00014952,2.76551008,178.56032731,0.01128098,0.02461865,-0.10203997,-0.12990357,-0.13477612,-0.11656590,-0.12143845,0.05253311,0.17570148,0.27335865,53.19037522,6.44897959,1.77673469,0.12316837,156.48979592,77.46938776,198.14285714,0.29448980,2.16265306,2.38171429,1.27693878,1.94490612,0.99959184,1.39851394,0.11305184,6.67675007,0.05330322,0.18762984,0.44049248,0.42279223,0.04064531,0.00851255,0.13707231,0.03177724,0.38266814,0.11124734,0.36768232,0.10765706,19.99139944,9.24392350,0.46220629,1.83482790,0.17742728,2.08509331,0.16458050,3703.94714330,2.99487421,2713.51061655,20.64678909,0.15807654,1.75639610,3.05107003,21.95765176,1.23191837,16.22786049,2138.08812708
547,Ti4Mn4AlV4Cr4Fe4Co4(CuNi)4,BCC,CAST,,,1,298.15000000,1465.00000000,2016.00000000,2.00000000,,190.00000000,174.00000000,10.1016/j.msea.2006.11.049,2007,Microstructure and compressive properties of multicomponent Alx(TiVCrMnFeCoNiCu)100−x high-entropy alloys,Ti4Mn4AlV4Cr4Fe4Co4(CuNi)4,1.44817514,1.44733801,1784.35757576,12.67176940,2.93735037,0.12100000,0.12100000,0.03000000,0.12100000,0.12100000,0.12100000,0.12100000,0.12100000,0.12100000,0.00000000,0.00000000,0.00000000,0.00000000,0.00000000,0.00018524,2.69709822,178.02289647,0.07517674,0.04987354,-0.04824826,-0.04278286,-0.05259043,-0.06808607,-0.07789364,0.05167701,0.10503328,0.17886769,54.48553026,6.27272727,1.73363636,0.05793218,150.06060606,69.63636364,180.42424242,0.30030303,2.19200000,2.59500000,1.09151515,3.07693515,0.74115152,1.42434485,0.04661427,7.13991949,0.05017245,0.16815532,0.33586537,0.30296408,0.03648621,0.00829919,0.11297759,0.02442468,0.25923975,0.04213895,0.24081392,0.03756820,17.71423772,8.08131283,0.33811657,1.85838025,0.10909798,7.72570655,0.16709095,2926.18191168,2.41751830,2023.63649120,8.97604342,7.60283864,9.09939878,0.00000000,9.47854354,1.57900000,11.21864327,1555.60532041
548,Ti5Al21Cr21Fe21Ni21Mo10,BCC+B2,CAST,,6.97760000,1,298.15000000,2161.70000000,3641.50000000,,14.30000000,,,10.1088/0256-307X/35/3/036102,2018,Microstructures and Mechanical Properties of AlCrFeNiMo 0.5 Ti  x  High Entropy Alloys,Ti5Al21Cr21Fe21Ni21Mo10,1.46934342,1.45203057,1801.65373737,13.08019767,2.96857551,0.05100000,0.21200000,0.21200000,0.21200000,0.21200000,0.10100000,0.00000000,0.00000000,0.00000000,0.00000000,0.00000000,0.00000000,0.00000000,0.00000000,0.00014638,2.75698229,180.44600724,0.01136468,0.02815061,-0.09110902,-0.10619114,-0.11057526,-0.08940521,-0.09378933,0.02914515,0.15654863,0.19881125,53.15729102,6.53535354,1.78292929,0.12735041,157.60606061,78.37373737,200.30303030,0.29353535,2.16057576,2.37168687,1.30440404,1.84382364,1.01429293,1.40968882,0.11871752,6.74835510,0.05099179,0.18391764,0.43441574,0.41684729,0.03866330,0.00896623,0.13313213,0.03364295,0.38272442,0.11680391,0.36760689,0.11302050,20.14880482,9.32566457,0.46945492,1.83099798,0.17687514,2.48357708,0.16548685,3638.51273071,2.95206109,2656.18908768,20.64678909,0.15807654,1.75639610,4.97228188,21.39416476,1.19943434,16.79858926,2159.22153114
549,Ti5Al7Cr19Fe19Co28Ni19,FCC+BCC,POWDER,,5.04700000,1,298.15000000,2012.00000000,,,17.52000000,,,10.5755/j01.ms.25.3.19452,2019,Enhancement of Mechanical Properties and Corrosion Resistance of Ultra-Fine Grain Al0.4FeCrCo1.5NiTi0.3 High-Entropy Alloy by MA and SPS Technologies,Ti5Al7Cr19Fe19Co28Ni19,1.42346474,1.41474037,1797.97154639,12.02240215,2.88629300,0.05200000,0.07200000,0.19600000,0.19600000,0.28900000,0.19600000,0.00000000,0.00000000,0.00000000,0.00000000,0.00000000,0.00000000,0.00000000,0.00000000,0.00014306,2.65473267,205.30861384,-0.02072368,-0.06198022,-0.07485617,-0.07716988,-0.08214988,-0.11842642,-0.12340642,0.02754063,0.09178665,0.18532063,54.04629619,7.72164948,1.79597938,0.06424602,163.24742268,79.55670103,206.51546392,0.28989691,2.31817526,2.53293814,1.17049485,2.64137588,0.75867010,1.39360527,0.05033990,7.46490147,0.04302271,0.15900263,0.28815090,0.25670305,0.02960549,0.00787724,0.10011050,0.02580158,0.24658014,0.05606371,0.23042352,0.05262685,19.88601732,8.57830625,0.32727038,1.81649246,0.15289602,3.33315166,0.16582576,3009.76291444,2.48633465,2098.64729892,15.55502906,7.53431893,9.92664069,5.87070072,12.92503933,1.48447423,13.39600036,2168.69985705
550,Ti6Cr31(FeNi)31,BCC+FCC,CAST,,3.54956000,1,298.15000000,2297.94000000,,5.80000000,,,,10.1557/jmr.2019.40,2019,Effects of titanium addition on microstructure and mechanical properties of CrFeNiTix (x = 0.2–0.6) compositionally complex alloys,Ti6Cr31(FeNi)31,1.41970135,1.41639143,1908.43434343,12.00114775,2.88459110,0.06100000,0.31300000,0.31300000,0.31300000,0.00000000,0.00000000,0.00000000,0.00000000,0.00000000,0.00000000,0.00000000,0.00000000,0.00000000,0.00000000,0.00010869,2.65829306,202.13232733,0.00829808,0.03671232,-0.01245047,0.00022154,-0.00972286,0.02863578,0.01869138,0.02099653,0.15947969,0.18055262,55.04819697,7.75757576,1.78424242,0.13848317,166.80808081,88.15151515,223.09090909,0.27303030,2.34956566,2.57549495,1.47974747,2.26901051,1.11676768,1.57969970,0.13126344,7.61675015,0.03602624,0.12702617,0.22743352,0.19469582,0.02343085,0.00688722,0.07717726,0.02454069,0.17762968,0.06488588,0.15508054,0.05555236,22.02138716,9.37253533,0.47530814,1.75114630,0.16204564,936.30312817,0.15622754,2354.26663243,2.31062412,1605.89548134,7.66863695,11.06429869,10.77086992,15.16320357,10.21392344,1.29082828,17.05988899,2217.39762643
551,Ti7Nb7Al5(VMo)7,BCC,CAST,,5.06660000,1,298.15000000,1260.00000000,1300.00000000,8.00000000,,,151.00000000,10.3390/e16020870,2014,Microstructures and Crackling Noise of AlxNbTiMoV High Entropy Alloys,Ti7Nb7Al5(VMo)7,1.57251708,1.56271316,2213.83636364,16.08829959,3.18063168,0.21200000,0.21200000,0.15200000,0.21200000,0.21200000,0.00000000,0.00000000,0.00000000,0.00000000,0.00000000,0.00000000,0.00000000,0.00000000,0.00000000,0.00013803,2.96640203,167.56857155,-0.01386457,-0.03191738,-0.11716469,-0.10899605,-0.12375699,-0.12704886,-0.14180979,0.05503743,0.23053429,0.26065826,65.10581373,4.69696970,1.71393939,0.17549686,161.90909091,58.03030303,154.42424242,0.35000000,2.37693939,2.65987879,1.11924242,2.81155455,0.92318182,0.88659052,0.18324288,6.71984136,0.03295200,0.09554898,0.61846947,0.59787360,0.02566213,0.00713111,0.07378726,0.02177042,0.35371219,0.11199151,0.34619694,0.10935219,15.98449243,6.72482121,0.38839098,2.07692308,0.04876823,2.80349434,0.13467572,1331.03189586,1.88971191,847.22470314,11.78216713,0.17760299,0.21816339,5.29318063,10.72665426,1.54063636,10.37525327,1328.25108506
552,Ti9Al13Cr18Fe18Co18(Cu2Ni9)2,FCC+BCC,CAST,,,1,298.15000000,1900.00000000,2697.00000000,,12.00000000,164.00000000,,10.1016/j.jallcom.2008.11.059,2009,Atomic packing efficiency and phase transition in a high entropy alloy,Ti9Al13Cr18Fe18Co18(Cu2Ni9)2,1.44521834,1.43361174,1732.63918367,12.52375030,2.92586847,0.09200000,0.13300000,0.18400000,0.18400000,0.18400000,0.04100000,0.18400000,0.00000000,0.00000000,0.00000000,0.00000000,0.00000000,0.00000000,0.00000000,0.00016069,2.69719112,180.62648021,0.00992613,-0.01135654,-0.09076413,-0.07392166,-0.07242364,-0.09520433,-0.09370631,0.02132241,0.07374204,0.12728959,51.98128073,6.90816327,1.76969388,0.06187771,152.72448980,73.55102041,190.36734694,0.29540816,2.19312245,2.40074490,1.11260204,2.49368388,0.73409184,1.45874205,0.04538985,6.89226504,0.05228641,0.18864305,0.36926497,0.33964046,0.03789519,0.00659116,0.12677508,0.02390325,0.31642131,0.07007879,0.30152604,0.06831887,18.63691964,8.49789287,0.33472451,1.83852280,0.13473377,3.76633010,0.17207853,3551.45898192,2.70517869,2535.15469788,15.38063820,0.01322781,1.76478824,0.35947091,14.64094556,1.40257143,13.28767950,1953.98892168
553,Ti9Al19Cr19Fe19Ni19Mo9,BCC+B2,CAST,,7.36666000,1,298.15000000,2228.70000000,3166.20000000,,10.40000000,,,10.1088/0256-307X/35/3/036102,2018,Microstructures and Mechanical Properties of AlCrFeNiMo 0.5 Ti  x  High Entropy Alloys,Ti9Al19Cr19Fe19Ni19Mo9,1.47622536,1.46056655,1807.73489362,13.27663465,2.98336232,0.09600000,0.20200000,0.20200000,0.20200000,0.20200000,0.09600000,0.00000000,0.00000000,0.00000000,0.00000000,0.00000000,0.00000000,0.00000000,0.00000000,0.00015014,2.76775523,177.12125375,0.00977948,0.02172191,-0.10728242,-0.13637884,-0.14136860,-0.12443641,-0.12942617,0.05787185,0.17721716,0.28998943,52.88369929,6.41489362,1.77117021,0.11934531,155.13829787,76.71276596,196.22340426,0.29478723,2.15726596,2.37801064,1.25929787,1.99593255,0.98420213,1.39739232,0.10813964,6.61428976,0.05423824,0.18942704,0.44338965,0.42505425,0.04138314,0.00846545,0.13867519,0.03132917,0.38239415,0.10934240,0.36727743,0.10579001,19.82002846,9.18756835,0.45622661,1.83602352,0.17751062,1.99016252,0.16493016,3717.91618259,2.99664591,2724.13622330,13.93913601,0.15807654,1.75639610,3.05107003,19.10844018,1.24463830,15.92432794,2110.28141442
554,TiAl2Cr2Fe2(CoNi)2,BCC+BCC,CAST,,1.74440000,1,298.15000000,2260.00000000,3140.00000000,24.40000000,23.00000000,178.00000000,,10.1063/1.2734517,2007,Solid solution alloys of AlCoCrFeNiTix with excellent room-temperature mechanical properties,TiAl2Cr2Fe2(CoNi)2,1.45346754,1.43829390,1707.42181818,12.69128452,2.93885748,0.09100000,0.18200000,0.18200000,0.18200000,0.18200000,0.18200000,0.00000000,0.00000000,0.00000000,0.00000000,0.00000000,0.00000000,0.00000000,0.00000000,0.00015240,2.70923039,182.62824479,-0.04232903,-0.06833915,-0.13275482,-0.10184166,-0.09922446,-0.12785179,-0.12523458,0.00811197,0.06905329,0.11835304,50.25140611,6.90909091,1.75636364,0.06094132,149.36363636,72.18181818,186.72727273,0.29636364,2.15581818,2.35818182,1.09009091,2.42675273,0.72536364,1.37936082,0.04268436,6.57494360,0.05415207,0.19636494,0.39578274,0.36751774,0.03989396,0.00865595,0.13536751,0.03185040,0.34344234,0.09478075,0.32939526,0.09234561,18.37117670,8.52167259,0.33646791,1.84237728,0.15279984,2.55505531,0.17462000,3687.13888676,2.76712032,2647.81304234,18.02620150,0.12308448,1.68413392,5.18469916,20.07296477,1.38136364,13.29930524,1995.46851342
555,TiAl3Cr2Fe2(CoNi)2,BCC+B2,CAST,56.27000000,6.28866000,1,298.15000000,1566.00000000,,11.85000000,,,,10.1016/j.jallcom.2019.07.100,2019,"Effects of Ti-to-Al ratios on the phases, microstructures, mechanical properties, and corrosion resistance of Al2-xCoCrFeNiTix high-entropy alloys",TiAl3Cr2Fe2(CoNi)2,1.46422272,1.43738099,1642.91333333,12.90714253,2.95542562,0.08300000,0.25000000,0.16700000,0.16700000,0.16700000,0.16700000,0.00000000,0.00000000,0.00000000,0.00000000,0.00000000,0.00000000,0.00000000,0.00000000,0.00015069,2.73161653,173.72257728,-0.03922969,-0.06427497,-0.13890679,-0.13177071,-0.12751485,-0.15681600,-0.15256014,0.03039606,0.08406966,0.19173681,48.31225048,6.58333333,1.74416667,0.05367360,143.25000000,68.33333333,177.00000000,0.30083333,2.07283333,2.26158333,1.03558333,2.28718167,0.67741667,1.35774742,0.03374425,6.21550695,0.05626052,0.20126760,0.44171264,0.41354363,0.04125118,0.01139523,0.14244670,0.04192984,0.37599184,0.12477528,0.36251191,0.12156951,17.48973672,8.43759914,0.32680711,1.86054826,0.15010525,1.87882980,0.18147640,3654.74713159,2.72608179,2614.23853754,12.03630836,0.07098342,1.58943167,4.66370365,13.53392641,1.32983333,13.15182611,1431.37481501
556,TiAlCr2Fe2Co2CuNi2,FCC+BCC,CAST,,,1,298.15000000,1580.00000000,2389.00000000,,17.00000000,161.00000000,,10.1016/j.jallcom.2008.11.059,2009,Atomic packing efficiency and phase transition in a high entropy alloy,TiAlCr2Fe2Co2CuNi2,1.43802754,1.42875072,1745.99454545,12.37764548,2.91444599,0.09100000,0.09100000,0.18200000,0.18200000,0.18200000,0.09100000,0.18200000,0.00000000,0.00000000,0.00000000,0.00000000,0.00000000,0.00000000,0.00000000,0.00016327,2.68575716,175.74095072,0.03870988,0.01794589,-0.06787862,-0.07601644,-0.07770333,-0.09678043,-0.09846732,0.05360081,0.10637550,0.20519912,53.57544805,6.81818182,1.78272727,0.06104481,155.18181818,74.18181818,192.18181818,0.29545455,2.21627273,2.42663636,1.12536364,2.53776182,0.73172727,1.55026991,0.04627200,7.18748855,0.05008517,0.17909517,0.34930125,0.31794485,0.03559647,0.00657643,0.11723381,0.02030630,0.29224602,0.06135336,0.27631253,0.05501337,18.72337420,8.44813634,0.33016120,1.83870970,0.13267414,3.75011355,0.17076227,3342.70859192,2.60495269,2361.76007292,16.61663993,0.01322781,2.01222792,1.95684296,16.35354179,1.41454545,13.23631856,1677.55117483
557,TiAlCrFeCoCuNi,FCC+BCC+BCC,CAST,,,1,298.15000000,1234.00000000,,9.00000000,,,,10.1016/j.msea.2008.08.025,2008,"Effects of Mn, Ti and V on the microstructure and properties of AlCrFeCoNiCu high entropy alloy",TiAlCrFeCoCuNi,1.45916107,1.44754261,1674.13428571,12.87980976,2.95333796,0.14300000,0.14300000,0.14300000,0.14300000,0.14300000,0.14300000,0.14300000,0.00000000,0.00000000,0.00000000,0.00000000,0.00000000,0.00000000,0.00000000,0.00016777,2.72744732,151.45692959,0.04829364,0.02619736,-0.08933450,-0.06617537,-0.06496702,-0.08827165,-0.08706329,0.02839579,0.06603865,0.10847457,51.98031909,6.00000000,1.76142857,0.04158101,145.00000000,66.71428571,173.57142857,0.30428571,2.10457143,2.31142857,1.00028571,2.54780571,0.62957143,1.59421686,0.02280443,6.70160593,0.05736267,0.19936761,0.41094526,0.37973350,0.04257482,0.00964922,0.13862687,0.02838119,0.32756710,0.06932237,0.31372411,0.06768580,17.06328404,8.10772388,0.29914472,1.87474331,0.13749718,4.24424523,0.17809205,3559.19989916,2.65252120,2527.24497079,7.54412871,0.00000000,1.60436210,5.94134890,10.82094161,1.40014286,12.18681645,1365.44921001
558,TiAlCrFeCoNi,BCC+BCC,CAST,,,1,298.15000000,1757.00000000,2580.00000000,10.70000000,9.00000000,90.00000000,,10.1063/1.2734517,2007,Solid solution alloys of AlCoCrFeNiTix with excellent room-temperature mechanical properties,TiAlCrFeCoNi,1.46690631,1.45181143,1726.88666667,13.06426212,2.96736949,0.16700000,0.16700000,0.16700000,0.16700000,0.16700000,0.16700000,0.00000000,0.00000000,0.00000000,0.00000000,0.00000000,0.00000000,0.00000000,0.00000000,0.00015454,2.73347579,176.69975119,-0.03699137,-0.06792615,-0.14645524,-0.11403247,-0.11234077,-0.14496725,-0.14327555,0.01836716,0.07106717,0.14893163,50.05270560,6.66666667,1.73833333,0.05270001,145.83333333,69.83333333,180.83333333,0.29833333,2.15116667,2.37133333,1.02966667,2.64360667,0.69783333,1.35991967,0.03079400,6.36197659,0.06061538,0.20747387,0.40724831,0.37907981,0.04547224,0.01102611,0.14779059,0.03239893,0.34186822,0.08433988,0.32870183,0.08214437,17.94589124,8.34239926,0.32439761,1.85035628,0.16153149,2.34029735,0.17265175,3860.93759520,2.86699192,2798.04496647,7.81420413,0.07723979,1.53442956,5.30529656,8.02537853,1.44550000,12.41500604,1841.22482651
559,TiCr2(FeNi)2,BCC,CAST,,6.95408000,1,298.15000000,2380.79000000,,,,,208.00000000,10.1557/jmr.2019.40,2019,Effects of titanium addition on microstructure and mechanical properties of CrFeNiTix (x = 0.2–0.6) compositionally complex alloys,TiCr2(FeNi)2,1.43677783,1.43453472,1911.28571429,12.43959158,2.91929986,0.14300000,0.28600000,0.28600000,0.28600000,0.00000000,0.00000000,0.00000000,0.00000000,0.00000000,0.00000000,0.00000000,0.00000000,0.00000000,0.00000000,0.00011652,2.68676903,194.19558028,0.01882230,0.03729698,-0.04320310,-0.05938280,-0.07015037,-0.04090813,-0.05167570,0.08186398,0.20489869,0.37521786,54.41942857,7.42857143,1.76285714,0.12303471,161.57142857,84.28571429,213.71428571,0.27714286,2.32771429,2.57028571,1.38214286,2.51066857,1.05357143,1.54173186,0.11101457,7.26435818,0.05128967,0.17294435,0.27119703,0.24031097,0.03585108,0.01024737,0.11085322,0.03088706,0.21761545,0.07072531,0.19737817,0.06232801,21.30901176,9.15447908,0.45262060,1.76679843,0.17443613,3.75023033,0.15599447,3437.29487605,2.82979717,2482.75477752,9.44410859,8.92446675,12.16783874,13.55550774,9.62747803,1.36614286,15.59793810,2341.09998503
560,TiMnVCrFeCoCuNi,FCC+BCC+Sec.,CAST,,,1,298.15000000,1312.00000000,1312.00000000,1.00000000,,74.00000000,,10.1016/j.msea.2006.11.049,2007,Microstructure and compressive properties of multicomponent Alx(TiVCrMnFeCoNiCu)100−x high-entropy alloys,TiMnVCrFeCoCuNi,1.44397656,1.44583259,1810.95250000,12.59092283,2.93109022,0.12500000,0.12500000,0.12500000,0.12500000,0.12500000,0.12500000,0.12500000,0.12500000,0.00000000,0.00000000,0.00000000,0.00000000,0.00000000,0.00000000,0.00017919,2.69168523,181.21860464,0.10924797,0.08368657,-0.02625761,-0.01796460,-0.02936540,-0.04352600,-0.05492680,0.05656905,0.11117347,0.17689778,55.34503000,6.37500000,1.73750000,0.06056354,152.37500000,71.00000000,183.87500000,0.29875000,2.22425000,2.63862500,1.11200000,3.14959250,0.75962500,1.43385563,0.05008962,7.29911925,0.04953939,0.16300655,0.31580405,0.28198173,0.03564822,0.00867349,0.10798362,0.02556746,0.23838373,0.04124563,0.21903144,0.03641758,18.02262998,8.10278970,0.34151961,1.85204991,0.09918262,18.06380093,0.16463712,2849.31410316,2.39342987,1964.59083569,11.42172205,7.77502210,9.19895862,2.69969859,8.41783316,1.60450000,11.23255218,1443.40632237
561,TiNbAlVMo,BCC,CAST,,5.26260000,1,298.15000000,1375.00000000,1400.00000000,3.00000000,,,147.00000000,10.3390/e16020870,2014,Microstructures and Crackling Noise of AlxNbTiMoV High Entropy Alloys,TiNbAlVMo,1.57308923,1.56086791,2140.66400000,16.05107981,3.17817702,0.20000000,0.20000000,0.20000000,0.20000000,0.20000000,0.00000000,0.00000000,0.00000000,0.00000000,0.00000000,0.00000000,0.00000000,0.00000000,0.00000000,0.00013869,2.96515381,162.32238087,-0.02485541,-0.04187662,-0.12777749,-0.12384167,-0.13574367,-0.14086289,-0.15276489,0.05128338,0.21525063,0.24854282,62.92728372,4.60000000,1.70800000,0.16396725,157.00000000,56.20000000,149.60000000,0.35000000,2.30740000,2.57640000,1.08020000,2.69386000,0.87900000,0.89992820,0.16908060,6.51004702,0.03222231,0.09374312,0.63405146,0.61341059,0.02498576,0.00660342,0.07152063,0.02048859,0.35716985,0.10846496,0.35029338,0.10602744,15.46838705,6.70381687,0.38094825,2.07692308,0.04685140,2.39733521,0.13927921,1256.66943596,1.80279666,785.32597979,8.95253225,0.38912930,2.61608146,2.72495411,9.80545609,1.49620000,10.33844877,1123.67441501
562,TiNbCrFeMo,BCC+Laves,CAST,,7.76160000,1,298.15000000,1647.00000000,,0.90000000,,,,10.1007/s40195-019-00935-x,2019,"Microstructure, Mechanical Properties, and Corrosion Behavior of MoNbFeCrV, MoNbFeCrTi, and MoNbFeVTi High-Entropy Alloys",TiNbCrFeMo,1.52704351,1.52240002,2315.60000000,14.83628811,3.09588689,0.20000000,0.20000000,0.20000000,0.20000000,0.20000000,0.00000000,0.00000000,0.00000000,0.00000000,0.00000000,0.00000000,0.00000000,0.00000000,0.00000000,0.00013869,2.88727416,193.91091661,0.15344671,0.15786837,0.01777421,-0.00452589,-0.02392616,-0.00010423,-0.01950450,0.06954098,0.28004726,0.33417354,68.91089600,5.80000000,1.75800000,0.21050628,176.20000000,81.00000000,208.00000000,0.30600000,2.49440000,2.87640000,1.41900000,2.20072800,1.30500000,0.94940220,0.22917020,7.71279933,0.06075515,0.17592712,0.44169244,0.42331724,0.04813219,0.01087905,0.13828718,0.03236397,0.35684264,0.08303694,0.33733050,0.07707430,21.71704520,8.70632024,0.52317191,1.88184438,0.20669971,70.95879563,0.12875713,3676.02688602,3.42153442,2776.57280661,9.06021936,0.07721500,1.95983358,2.72495411,3.10078412,1.49900000,14.48768859,1752.83385429
563,TiNbCrMoW,BCC+Laves,POWDER,,,1,298.15000000,1979.93333333,,10.00000000,,,,10.1007/s11837-019-03432-9,2019,Microstructure and Mechanical Properties of WMoNbCrTi HEAs Sintered from the Powders Milled for Different Durations,TiNbCrMoW,1.55693052,1.55101636,2692.40000000,15.71034586,3.15552710,0.20000000,0.20000000,0.20000000,0.20000000,0.20000000,0.00000000,0.00000000,0.00000000,0.00000000,0.00000000,0.00000000,0.00000000,0.00000000,0.00000000,0.00013869,2.94986341,217.51282286,0.13736138,0.12034016,0.01033185,0.00561215,-0.02638726,-0.01140906,-0.04340847,0.09675851,0.38505279,0.41496405,94.50989600,5.40000000,1.86400000,0.28829428,204.20000000,96.80000000,248.00000000,0.30400000,2.74600000,3.23300000,1.60500000,1.94290000,1.62500000,0.86190220,0.32000000,9.98943518,0.04727160,0.12863757,0.49653020,0.48374998,0.03679496,0.01136449,0.10215948,0.03128997,0.41570526,0.09696389,0.39886909,0.09144336,26.45318096,9.63335068,0.59176985,1.87356322,0.13900151,66.53605528,0.11073763,2876.92530637,3.50389855,2184.07114537,5.17095127,0.00000000,0.06488038,2.72495411,3.78601026,1.62800000,16.24888266,1961.67660090
564,TiNbVFeMo,BCC+B2,CAST,,6.85020000,1,298.15000000,1707.00000000,,1.70000000,,,,10.1007/s40195-019-00935-x,2019,"Microstructure, Mechanical Properties, and Corrosion Behavior of MoNbFeCrV, MoNbFeCrTi, and MoNbFeVTi High-Entropy Alloys",TiNbVFeMo,1.53886045,1.53450579,2316.20000000,15.24341023,3.12394979,0.20000000,0.20000000,0.20000000,0.20000000,0.20000000,0.00000000,0.00000000,0.00000000,0.00000000,0.00000000,0.00000000,0.00000000,0.00000000,0.00000000,0.00013869,2.91093302,183.45671974,0.08875093,0.09317260,-0.03122588,-0.03575962,-0.05500803,-0.03133796,-0.05058636,0.07254494,0.24974280,0.31914638,68.69997600,5.60000000,1.75200000,0.17719786,175.80000000,67.40000000,177.80000000,0.33800000,2.55880000,2.78100000,1.32900000,2.93760800,1.06900000,0.96342820,0.19917020,7.48382876,0.05231073,0.15296430,0.49097016,0.47433068,0.04098527,0.01120327,0.12125482,0.03334721,0.32658795,0.08851762,0.31346415,0.08636560,18.23452995,7.12620367,0.41777396,2.02114804,0.15074892,8.98318175,0.12872377,2792.00259329,2.79469102,2010.18121342,11.79785006,0.00000000,0.00000000,2.72495411,9.77412432,1.49360000,12.20844266,1581.84556568
565,TiNbVMo,BCC,CAST,,4.32180000,1,298.15000000,1200.00000000,2050.00000000,26.00000000,,,167.00000000,10.3390/e16020870,2014,Microstructures and Crackling Noise of AlxNbTiMoV High Entropy Alloys,TiNbVMo,1.57072912,1.56820467,2442.50000000,16.20498216,3.18830248,0.25000000,0.25000000,0.25000000,0.25000000,0.00000000,0.00000000,0.00000000,0.00000000,0.00000000,0.00000000,0.00000000,0.00000000,0.00000000,0.00000000,0.00011946,2.97234691,183.96291742,0.06763625,0.04635973,-0.05221993,-0.02043362,-0.05698045,-0.04171015,-0.07825698,0.06977883,0.28130574,0.31405968,71.91372000,5.00000000,1.73250000,0.21152690,177.25000000,63.75000000,169.50000000,0.35000000,2.59425000,2.92075000,1.24125000,3.17935000,1.06125000,0.84491025,0.22750000,7.36906846,0.03504607,0.10148721,0.56605232,0.54540372,0.02755678,0.00885763,0.08042601,0.02580508,0.33252063,0.12007720,0.32274026,0.11672236,17.60233729,6.78513531,0.40907777,2.07692308,0.06653545,14.27964764,0.12206755,1584.62866922,2.17678839,1060.46816555,18.37282582,0.62918522,0.61302075,5.54143454,18.08947209,1.67950000,10.48070097,1389.36810616
566,Zr10Ti10Nb10V3,BCC,ANNEAL,,,1,298.15000000,866.00000000,,,45.00000000,,96.00000000,10.1016/j.matdes.2015.06.072,2015,Phase composition and solid solution strengthening effect in TiZrNbMoV high-entropy alloys,Zr10Ti10Nb10V3,1.65411464,1.65657584,2264.81818182,18.95889054,3.35954894,0.30300000,0.30300000,0.30300000,0.09100000,0.00000000,0.00000000,0.00000000,0.00000000,0.00000000,0.00000000,0.00000000,0.00000000,0.00000000,0.00000000,0.00011233,3.13659211,132.92894648,0.18825020,0.14435435,0.02913919,0.03837122,-0.00144113,-0.00552463,-0.04533699,0.00418215,0.08678738,0.09803142,74.93328182,4.39393939,1.50272727,0.08260523,126.06060606,39.12121212,98.90909091,0.35484848,2.28533333,2.49103030,0.69939394,4.01196970,0.52151515,0.83121282,0.06090909,6.56313335,0.05178931,0.15608384,0.12675907,0.22270987,0.03961304,0.01480750,0.11701795,0.04374590,0.09880686,0.03488486,0.18637611,0.07264871,11.38213954,4.98051614,0.22820091,2.10004695,0.15427346,6.62988850,0.13164412,1751.99647032,2.09772952,1158.00369963,40.95904509,19.96121446,16.32924594,3.42635022,42.45941847,1.79163636,6.35292953,1023.13541965
567,Zr16Ti16Nb16V16Mo33,BCC,ANNEAL,,,1,298.15000000,1765.00000000,,,12.00000000,,169.00000000,10.1016/j.matdes.2015.06.072,2015,Phase composition and solid solution strengthening effect in TiZrNbMoV high-entropy alloys,Zr16Ti16Nb16V16Mo33,1.60029411,1.59312687,2470.10309278,17.14312685,3.24867808,0.16500000,0.16500000,0.16500000,0.16500000,0.34000000,0.00000000,0.00000000,0.00000000,0.00000000,0.00000000,0.00000000,0.00000000,0.00000000,0.00000000,0.00013408,3.02842654,182.80308549,0.11468125,0.09078742,-0.02127285,0.01416891,-0.02031064,-0.00972492,-0.04420447,0.03815205,0.24480153,0.31304305,79.30971216,5.01030928,1.74103093,0.20664948,179.62886598,69.58762887,180.54639175,0.34134021,2.56734021,2.88063918,1.22828866,3.03299175,1.12701031,0.85059925,0.21402062,7.68220211,0.05586933,0.17349390,0.58552886,0.59931986,0.04139121,0.01188845,0.12144633,0.03493410,0.39125785,0.16088300,0.41329902,0.16499427,19.57804617,7.62580904,0.43897973,2.03646895,0.16496878,23.37535242,0.12070346,3444.18409318,3.54701514,2621.45171820,15.49477056,0.26865873,0.02488932,0.69224429,12.38193381,1.65235052,11.84860351,1707.55757604
568,Zr16Ti16Nb16V33Mo16,BCC,CAST,,,1,298.15000000,1538.00000000,3176.00000000,23.00000000,,,139.00000000,10.1007/s11837-012-0366-5,2012,Alloy Design and Properties Optimization of High-Entropy Alloys,Zr16Ti16Nb16V33Mo16,1.58993906,1.58829622,2345.14432990,16.80332340,3.22707006,0.16500000,0.16500000,0.16500000,0.34000000,0.16500000,0.00000000,0.00000000,0.00000000,0.00000000,0.00000000,0.00000000,0.00000000,0.00000000,0.00000000,0.00013408,3.01254053,169.71880867,0.18474701,0.16085319,0.00616712,0.01564162,-0.02007059,-0.00825221,-0.04396442,0.03748649,0.21928539,0.24616576,71.42337711,4.83505155,1.64814433,0.18179890,160.00000000,55.74226804,145.31958763,0.35185567,2.50109278,2.80597938,1.10385567,3.63896289,0.88515464,0.83070119,0.18422680,7.05821022,0.06128293,0.19109284,0.56735763,0.57938227,0.04611007,0.01664666,0.13482057,0.04841743,0.29429811,0.08569171,0.32396961,0.08698854,15.57842906,6.22864901,0.35390716,2.08573246,0.17223941,20.10330042,0.12713503,3239.86549043,3.01796917,2377.94996057,21.02209547,0.00000000,1.70093643,12.43170559,21.41994846,1.70212371,9.15234831,1570.18479603
569,Zr17Ti17Nb17V17Mo29,BCC,ANNEAL,,,1,298.15000000,1645.00000000,,,15.00000000,,161.00000000,10.1016/j.matdes.2015.06.072,2015,Phase composition and solid solution strengthening effect in TiZrNbMoV high-entropy alloys,Zr17Ti17Nb17V17Mo29,1.60337666,1.59692784,2443.48453608,17.24345352,3.25500317,0.17500000,0.17500000,0.17500000,0.17500000,0.29900000,0.00000000,0.00000000,0.00000000,0.00000000,0.00000000,0.00000000,0.00000000,0.00000000,0.00000000,0.00013625,3.03444176,177.89709454,0.12803127,0.10264408,-0.01753618,0.01519706,-0.02037156,-0.01019014,-0.04575875,0.03673366,0.23187630,0.29183100,78.27031918,4.94845361,1.71484536,0.19514264,173.85567010,66.06185567,171.26804124,0.34329897,2.54029897,2.84480412,1.17755670,3.16084124,1.05994845,0.84735376,0.19989691,7.53741188,0.05684850,0.17597697,0.59646363,0.61172715,0.04234820,0.01140052,0.12424236,0.03347376,0.37669168,0.14573326,0.40098902,0.14945739,18.62227844,7.33074282,0.41725343,2.04552591,0.16419661,21.90648138,0.12201837,3351.99636139,3.42937683,2533.07728016,14.52053342,0.12539811,0.00000000,0.76315675,12.75651895,1.66724742,11.16947504,1713.70486026
570,Zr20Ti20Nb20V6Mo31,BCC,ANNEAL,,,1,298.15000000,1576.00000000,,,8.00000000,,159.00000000,10.1016/j.matdes.2015.06.072,2015,Phase composition and solid solution strengthening effect in TiZrNbMoV high-entropy alloys,Zr20Ti20Nb20V6Mo31,1.62115198,1.61160074,2466.53608247,17.83445109,3.29177327,0.20600000,0.20600000,0.20600000,0.06200000,0.32000000,0.00000000,0.00000000,0.00000000,0.00000000,0.00000000,0.00000000,0.00000000,0.00000000,0.00000000,0.00013041,3.06411874,173.95440851,0.09744083,0.06757355,-0.02630354,0.01123540,-0.02362807,-0.01863188,-0.05349535,0.04136340,0.22245072,0.28248305,81.64676907,4.90721649,1.71278351,0.18108732,172.70103093,66.88659794,172.44329897,0.34051546,2.51373196,2.79878351,1.12783505,3.04535464,1.05793814,0.85400395,0.18206186,7.60201374,0.05359088,0.16446834,0.60877698,0.63106506,0.03977676,0.01218432,0.11717101,0.03581902,0.39224881,0.15703762,0.41968924,0.16254245,19.06775894,7.58543840,0.42086354,2.03267155,0.15589252,28.62994033,0.12087802,3075.22440754,3.41846795,2322.32539108,17.96016437,0.26304612,0.04366319,2.23807141,12.09695702,1.67094845,11.41133884,1694.26472457
571,Zr21Ta10Ti31Nb21(Al5V2)2,bcc,UNKNOWN,0.00000000,0.00000000,1,298.15000000,2035.00000000,0.00000000,0.00000000,0.00000000,0.00000000,0.00000000,UNKNOWN,UNKNOWN,UNKNOWN,Zr21Ta10Ti31Nb21(Al5V2)2,1.64350224,1.63927112,2201.79587629,18.47476504,3.33070605,0.21600000,0.10300000,0.32000000,0.21600000,0.10300000,0.04100000,0.00000000,0.00000000,0.00000000,0.00000000,0.00000000,0.00000000,0.00000000,0.00000000,0.00014011,3.11090591,130.15048345,0.07119975,0.03106528,-0.05839983,-0.03887579,-0.06004314,-0.07901027,-0.10017761,0.00448704,0.07095397,0.05498608,78.69768212,4.25773196,1.51432990,0.06646693,125.75257732,40.95876289,105.97938144,0.34886598,2.23137113,2.40880412,0.70535052,3.69087629,0.52273196,0.97132236,0.05107247,7.07346830,0.04674131,0.13793290,0.25959012,0.32341867,0.03491873,0.01104742,0.09742066,0.03156600,0.17866020,0.04669155,0.23067472,0.06016398,11.81445708,5.29470733,0.23426491,2.07156428,0.09817421,7.93509565,0.13541219,1527.47302954,1.95300304,984.32376481,23.57023352,14.75501376,16.28213567,6.52106734,33.56634850,1.70345361,6.93559074,1735.64764369
572,Zr21Ti21Nb21(V3Mo14)2,BCC,ANNEAL,,,1,298.15000000,1603.00000000,,,20.00000000,,153.00000000,10.1016/j.matdes.2015.06.072,2015,Phase composition and solid solution strengthening effect in TiZrNbMoV high-entropy alloys,Zr21Ti21Nb21(V3Mo14)2,1.62484364,1.61562829,2447.26804124,17.95820139,3.29936942,0.21600000,0.21600000,0.21600000,0.06200000,0.28900000,0.00000000,0.00000000,0.00000000,0.00000000,0.00000000,0.00000000,0.00000000,0.00000000,0.00000000,0.00013134,3.07099018,169.81808091,0.10546116,0.07410052,-0.02453449,0.01198866,-0.02371168,-0.01937199,-0.05507233,0.04020047,0.21124275,0.26541149,81.07127814,4.85567010,1.69206186,0.17104228,168.08247423,64.17525773,165.23711340,0.34185567,2.49058763,2.76734021,1.08442268,3.13755876,1.00510309,0.85192894,0.16969072,7.49641423,0.05366866,0.16427001,0.61711805,0.64124026,0.03996361,0.01244465,0.11776139,0.03669510,0.37995988,0.14510903,0.40921958,0.15022823,18.33703853,7.36253497,0.40356062,2.03884712,0.15469266,26.81156058,0.12182973,2957.76180795,3.30667911,2217.39077161,17.72596568,0.44108816,1.93228677,2.23807141,18.64003590,1.68291753,10.89598165,1540.17751866
573,Zr23Ti23Nb23V23Mo6,BCC,ANNEAL,,,1,298.15000000,1289.00000000,,,42.00000000,,114.00000000,10.1016/j.matdes.2015.06.072,2015,Phase composition and solid solution strengthening effect in TiZrNbMoV high-entropy alloys,Zr23Ti23Nb23V23Mo6,1.62114847,1.62226225,2290.02040816,17.82950979,3.29146923,0.23500000,0.23500000,0.23500000,0.23500000,0.06100000,0.00000000,0.00000000,0.00000000,0.00000000,0.00000000,0.00000000,0.00000000,0.00000000,0.00000000,0.00013201,3.07285976,149.61255493,0.20458888,0.17059198,0.02720663,0.02441379,-0.01332132,-0.00958311,-0.04731821,0.03004728,0.15884949,0.16354375,72.27790041,4.59183673,1.56387755,0.12880221,140.57142857,45.73469388,117.77551020,0.35459184,2.38439796,2.63820408,0.88507143,3.89793265,0.67331633,0.82864255,0.11846939,6.73155687,0.06077954,0.18477794,0.46260536,0.49510749,0.04645052,0.01438012,0.13619033,0.04217974,0.20079437,0.04874701,0.25386704,0.07376261,13.03665605,5.46748331,0.28238421,2.09881424,0.15974481,12.38238856,0.13019535,2563.00578015,2.57988822,1806.00455101,38.17865082,9.46246702,6.77303683,5.72762027,37.71627124,1.75313265,7.43620630,1350.01147729
574,Zr23Ti23Nb23V5Mo23,BCC,CAST,,,1,298.15000000,1776.00000000,3893.00000000,30.00000000,,,142.00000000,10.1007/s11837-012-0366-5,2012,Alloy Design and Properties Optimization of High-Entropy Alloys,Zr23Ti23Nb23V5Mo23,1.63283609,1.62456649,2416.08247423,18.22837115,3.31583277,0.23700000,0.23700000,0.23700000,0.05200000,0.23700000,0.00000000,0.00000000,0.00000000,0.00000000,0.00000000,0.00000000,0.00000000,0.00000000,0.00000000,0.00013086,3.08619557,162.31508905,0.11127634,0.07752942,-0.02116991,0.01257262,-0.02344512,-0.02117430,-0.05719204,0.03849440,0.19066270,0.23415837,80.38419835,4.76288660,1.65608247,0.15241400,160.00000000,59.56701031,152.89690722,0.34391753,2.44819588,2.70884536,1.00491753,3.28632165,0.91365979,0.84894939,0.14670103,7.32271643,0.05297865,0.16161450,0.62582974,0.65408906,0.03966476,0.01302924,0.11702054,0.03845979,0.35467559,0.12377642,0.38776653,0.12827815,17.10523537,6.98687368,0.37319718,2.04839725,0.15186527,25.14741816,0.12340224,2703.14996501,3.09136040,1995.44652685,21.55526749,0.09823785,1.71939150,2.64268996,24.43357967,1.70392784,10.03870878,1592.53437454
575,Zr23Ti23Nb23V6Mo23,BCC,ANNEAL,,,1,298.15000000,1455.00000000,,,25.00000000,,142.00000000,10.1016/j.matdes.2015.06.072,2015,Phase composition and solid solution strengthening effect in TiZrNbMoV high-entropy alloys,Zr23Ti23Nb23V6Mo23,1.63139785,1.62336068,2413.70408163,18.17933448,3.31285676,0.23500000,0.23500000,0.23500000,0.06100000,0.23500000,0.00000000,0.00000000,0.00000000,0.00000000,0.00000000,0.00000000,0.00000000,0.00000000,0.00000000,0.00013201,3.08366347,162.56331872,0.11675726,0.08276037,-0.01981350,0.01349538,-0.02309738,-0.02050152,-0.05709428,0.03735844,0.19075765,0.23480085,80.08376265,4.76530612,1.65581633,0.15339921,160.00000000,59.43877551,152.64285714,0.34418367,2.44996939,2.71210204,1.00823469,3.29814490,0.91270408,0.84833757,0.14795918,7.31502616,0.05347847,0.16312166,0.62433350,0.65203245,0.04005966,0.01303661,0.11812559,0.03846295,0.35285831,0.12249371,0.38587049,0.12686323,17.05309237,6.96053283,0.37253693,2.04963434,0.15254836,23.61017744,0.12352384,2733.12123228,3.09675010,2018.40159604,19.95262180,0.09823785,1.71939150,2.64268996,25.23871310,1.70386735,10.00846243,1589.21227004
576,Zr25Ta12Ti25Nb25Al12,BCC+HCP,WROUGHT,,,1,298.15000000,1543.80000000,,6.00000000,,,,10.1016/j.matlet.2019.03.075,2019,Precipitation strengthening in a hot-worked TiNbTa0.5ZrAl0.5 refractory high entropy alloy,Zr25Ta12Ti25Nb25Al12,1.65417778,1.64804650,2233.88727273,18.81813884,3.35121446,0.25300000,0.12100000,0.25300000,0.25300000,0.12100000,0.00000000,0.00000000,0.00000000,0.00000000,0.00000000,0.00000000,0.00000000,0.00000000,0.00000000,0.00013393,3.13429624,129.68955700,0.05125248,0.01467260,-0.08608732,-0.06614473,-0.08661776,-0.10272461,-0.12319764,0.00901138,0.07929010,0.06766649,83.78876286,4.25252525,1.50575758,0.07027872,126.38383838,40.31313131,103.75757576,0.35131313,2.22823232,2.36561616,0.71673737,3.49043232,0.52398990,0.95980506,0.05883673,7.39364345,0.04536939,0.13238612,0.28222803,0.35246292,0.03416731,0.01202058,0.09381170,0.03398441,0.18876847,0.04225635,0.24287077,0.06800704,11.69982555,5.25072069,0.23515946,2.08315166,0.07250955,4.52331332,0.13346690,1433.95658470,1.91219308,916.83130765,11.88397216,15.00689556,16.35379067,5.78364637,14.00440177,1.64887879,7.09562499,1465.58295402
577,Zr25Ti25Nb25V7Mo17,BCC,ANNEAL,,,1,298.15000000,1436.00000000,,,27.00000000,,130.00000000,10.1016/j.matdes.2015.06.072,2015,Phase composition and solid solution strengthening effect in TiZrNbMoV high-entropy alloys,Zr25Ti25Nb25V7Mo17,1.63722284,1.63108336,2373.61616162,18.37709539,3.32482625,0.25300000,0.25300000,0.25300000,0.07100000,0.17200000,0.00000000,0.00000000,0.00000000,0.00000000,0.00000000,0.00000000,0.00000000,0.00000000,0.00000000,0.00013216,3.09578870,154.70100279,0.13344555,0.09686567,-0.01171815,0.01727902,-0.02035995,-0.01930087,-0.05693983,0.03221204,0.16689234,0.19981787,78.66166667,4.66666667,1.61494949,0.13468030,150.94949495,54.00000000,138.27272727,0.34707071,2.40635354,2.65367677,0.92641414,3.49041212,0.80823232,0.84367193,0.12494949,7.10780768,0.05347143,0.16253405,0.61276686,0.64449242,0.04031987,0.01362264,0.11893043,0.04020040,0.31064522,0.09316864,0.34919531,0.09646386,15.54867359,6.46150839,0.33587430,2.06311883,0.15086643,18.15545991,0.12561003,2492.81595368,2.84959187,1803.76812969,22.44609576,0.00000000,0.68492947,3.02155458,27.47811223,1.72726263,9.00191628,1509.22082518
578,Zr26Ti26Nb26V7Mo13,BCC,ANNEAL,,,1,298.15000000,1301.00000000,,,43.00000000,,122.00000000,10.1016/j.matdes.2015.06.072,2015,Phase composition and solid solution strengthening effect in TiZrNbMoV high-entropy alloys,Zr26Ti26Nb26V7Mo13,1.64175693,1.63692612,2349.21428571,18.53220930,3.33415458,0.26500000,0.26500000,0.26500000,0.07100000,0.13300000,0.00000000,0.00000000,0.00000000,0.00000000,0.00000000,0.00000000,0.00000000,0.00000000,0.00000000,0.00013029,3.10517957,149.51914856,0.14234817,0.10391690,-0.00561155,0.01943690,-0.01855374,-0.01899437,-0.05698501,0.02894165,0.15106637,0.17683746,77.91573857,4.60204082,1.58887755,0.12212472,145.14285714,50.58163265,129.19387755,0.34877551,2.37738776,2.61438776,0.87208163,3.60721633,0.74173469,0.84101753,0.10948980,6.98147825,0.05300665,0.16081871,0.59010692,0.62517739,0.04011618,0.01394061,0.11839254,0.04115708,0.27809492,0.07368252,0.32149283,0.09297098,14.60525707,6.14340551,0.31199567,2.07113757,0.14940885,15.74672310,0.12691477,2314.15190641,2.67968259,1647.72802440,38.27238791,0.53499647,0.00000000,3.42635022,39.04271598,1.74230612,8.38271582,1444.02813904
579,Zr27Ti27Nb27(VMo)8,BCC,ANNEAL,,,1,298.15000000,1312.00000000,,,50.00000000,,112.00000000,10.1016/j.matdes.2015.06.072,2015,Phase composition and solid solution strengthening effect in TiZrNbMoV high-entropy alloys,Zr27Ti27Nb27(VMo)8,1.64577539,1.64335166,2316.95876289,18.67011105,3.34240418,0.27800000,0.27800000,0.27800000,0.08200000,0.08200000,0.00000000,0.00000000,0.00000000,0.00000000,0.00000000,0.00000000,0.00000000,0.00000000,0.00000000,0.00012735,3.11468150,143.46078862,0.15486787,0.11454704,0.00525797,0.02404388,-0.01376534,-0.01627695,-0.05408617,0.02347474,0.13132319,0.14810335,76.69052845,4.52577320,1.55680412,0.10784846,138.06185567,46.27835052,117.85567010,0.35113402,2.34392784,2.56989691,0.80930928,3.76207423,0.65963918,0.83713793,0.09195876,6.82093990,0.05291252,0.16014401,0.52655721,0.56615734,0.04023603,0.01432509,0.11875667,0.04229228,0.22668729,0.06088420,0.27874175,0.08729671,13.39576341,5.71509207,0.28142470,2.08230060,0.14834890,12.27164534,0.12868162,2120.58185176,2.47187874,1476.13883210,40.84900084,13.79403634,13.05176672,3.42635022,37.39472985,1.76058763,7.60868881,1360.42985815
580,Zr29Ti29Nb29(V4Mo)2,BCC,ANNEAL,,,1,298.15000000,932.00000000,,,45.00000000,,102.00000000,10.1016/j.matdes.2015.06.072,2015,Phase composition and solid solution strengthening effect in TiZrNbMoV high-entropy alloys,Zr29Ti29Nb29(V4Mo)2,1.65315872,1.65403200,2278.42268041,18.92585483,3.35759647,0.29900000,0.29900000,0.29900000,0.08200000,0.02100000,0.00000000,0.00000000,0.00000000,0.00000000,0.00000000,0.00000000,0.00000000,0.00000000,0.00000000,0.00011799,3.13378823,135.18813342,0.12529044,0.09687295,0.01525103,0.02139403,-0.00535036,-0.00702345,-0.03376784,0.03092403,0.09948836,0.10605642,75.53954660,4.42268041,1.51536082,0.08775838,128.82474227,40.85567010,103.44329897,0.35381443,2.29763918,2.50701031,0.72248454,3.94648247,0.55396907,0.83298791,0.06721649,6.62778273,0.05159827,0.15578485,0.32511522,0.37981481,0.03941909,0.01465715,0.11647198,0.04331302,0.13965335,0.04406414,0.21277061,0.07752150,11.87986402,5.17046546,0.24110360,2.09508614,0.14594919,12.56528347,0.13085807,1819.25460434,2.18068141,1218.20138478,37.82786819,20.57941879,20.27211620,3.42635022,43.45259566,1.78452577,6.65715465,1301.47296888
581,Zr2Ti2Nb2V2Mo,BCC,ANNEAL,,,1,298.15000000,1473.00000000,,,32.00000000,,122.00000000,10.1016/j.matdes.2015.06.072,2015,Phase composition and solid solution strengthening effect in TiZrNbMoV high-entropy alloys,Zr2Ti2Nb2V2Mo,1.61741936,1.61627556,2322.22222222,17.70545225,3.28381745,0.22200000,0.22200000,0.22200000,0.22200000,0.11100000,0.00000000,0.00000000,0.00000000,0.00000000,0.00000000,0.00000000,0.00000000,0.00000000,0.00000000,0.00013620,3.06422941,155.54758025,0.19102504,0.15883474,0.01408285,0.02127490,-0.01703671,-0.01091540,-0.04922701,0.03365077,0.17637338,0.19166069,73.53530667,4.66666667,1.59555556,0.14272261,147.55555556,50.00000000,129.00000000,0.35222222,2.41711111,2.68155556,0.94644444,3.74326667,0.75444444,0.83256878,0.13555556,6.89665145,0.06016465,0.18363018,0.54699177,0.57303783,0.04577563,0.01379637,0.13423166,0.04047691,0.25489316,0.06098809,0.29752240,0.07792714,14.21934668,5.88278570,0.31212650,2.08747855,0.16067894,14.86643813,0.12838995,2758.86072273,2.77920588,1983.45282256,31.06795194,8.59139754,9.33698254,5.23648036,35.12038161,1.73511111,8.19506405,1521.94840588
582,Zr2Ti2Nb2V2Mo3,BCC,ANNEAL,,,1,298.15000000,1603.00000000,,,20.00000000,,156.00000000,10.1016/j.matdes.2015.06.072,2015,Phase composition and solid solution strengthening effect in TiZrNbMoV high-entropy alloys,Zr2Ti2Nb2V2Mo3,1.60533827,1.59936701,2426.54545455,17.30750112,3.25902822,0.18200000,0.18200000,0.18200000,0.18200000,0.27300000,0.00000000,0.00000000,0.00000000,0.00000000,0.00000000,0.00000000,0.00000000,0.00000000,0.00000000,0.00013743,3.03843518,174.77510031,0.13811121,0.11177369,-0.01421939,0.01579858,-0.02046693,-0.01053893,-0.04680445,0.03684522,0.22466533,0.27813799,77.60888727,4.90909091,1.69818182,0.18782011,170.18181818,63.81818182,165.36363636,0.34454545,2.52309091,2.82200000,1.14527273,3.24220000,1.01727273,0.84528845,0.19090909,7.44605915,0.05742384,0.17739403,0.60103157,0.61733571,0.04291664,0.01175342,0.12590213,0.03450650,0.36542535,0.13540698,0.39136088,0.13886723,18.01205150,7.13888328,0.40318513,2.05131759,0.16370523,21.10758426,0.12287015,3285.32729991,3.34934364,2469.96036590,17.80115777,0.17169117,0.00000000,1.26366358,14.57778784,1.67672727,10.74238597,1528.67744226
583,Zr2Ti2Nb2V3Mo2,BCC,CAST,,,1,298.15000000,1735.00000000,3300.00000000,20.00000000,,,140.00000000,10.1007/s11837-012-0366-5,2012,Alloy Design and Properties Optimization of High-Entropy Alloys,Zr2Ti2Nb2V3Mo2,1.59996694,1.59724988,2361.72727273,17.12954286,3.24781978,0.18200000,0.18200000,0.18200000,0.27300000,0.18200000,0.00000000,0.00000000,0.00000000,0.00000000,0.00000000,0.00000000,0.00000000,0.00000000,0.00000000,0.00013743,3.03074806,167.98806902,0.17635657,0.15001905,0.00187173,0.01717947,-0.01967634,-0.00915805,-0.04601386,0.03805642,0.21298612,0.24305010,73.51811455,4.81818182,1.65000000,0.17492970,160.00000000,56.63636364,147.09090909,0.35000000,2.48872727,2.78327273,1.08072727,3.55652727,0.89181818,0.83496700,0.17545455,7.12685596,0.06044570,0.18702724,0.58396531,0.59966165,0.04557242,0.01401064,0.13342550,0.04075047,0.30967829,0.09456241,0.34036925,0.09647016,15.93007851,6.40089362,0.35834307,2.07692308,0.16747663,18.89245301,0.12624235,3180.78301579,3.07272916,2344.66910654,22.55505424,0.13113866,1.65396086,8.67203498,21.68760930,1.70254545,9.35662452,1562.01587856
584,Zr2Ti2Nb2VMo2,BCC,CAST,,,1,298.15000000,1647.00000000,3307.00000000,28.00000000,,,142.00000000,10.1007/s11837-012-0366-5,2012,Alloy Design and Properties Optimization of High-Entropy Alloys,Zr2Ti2Nb2VMo2,1.62398432,1.61753484,2401.44444444,17.92796509,3.29751666,0.22200000,0.22200000,0.22200000,0.11100000,0.22200000,0.00000000,0.00000000,0.00000000,0.00000000,0.00000000,0.00000000,0.00000000,0.00000000,0.00000000,0.00013620,3.07180011,163.84284072,0.13687203,0.10468173,-0.01295590,0.01584508,-0.02169516,-0.01634522,-0.05388545,0.03190916,0.19038672,0.23662347,78.53514000,4.77777778,1.65444444,0.15847755,160.00000000,58.77777778,151.33333333,0.34555556,2.45911111,2.72888889,1.02533333,3.35908889,0.90777778,0.84518389,0.15444444,7.27415278,0.05575032,0.17029373,0.61618170,0.64100322,0.04189166,0.01300720,0.12324609,0.03829174,0.34328648,0.11588825,0.37585744,0.11960325,16.78536510,6.82578556,0.36914874,2.05602719,0.15606945,20.64186343,0.12415444,2874.22996475,3.11431216,2125.43828396,21.77451351,0.22611547,1.90869538,2.27049621,24.58081393,1.70355556,9.85313629,1600.05707750
585,Zr3Ti3Nb3V3Mo2,BCC,ANNEAL,,,1,298.15000000,1706.00000000,,,32.00000000,,130.00000000,10.1016/j.matdes.2015.06.072,2015,Phase composition and solid solution strengthening effect in TiZrNbMoV high-entropy alloys,Zr3Ti3Nb3V3Mo2,1.61504629,1.61272881,2342.71428571,17.62680694,3.27894814,0.21400000,0.21400000,0.21400000,0.21400000,0.14300000,0.00000000,0.00000000,0.00000000,0.00000000,0.00000000,0.00000000,0.00000000,0.00000000,0.00000000,0.00013770,3.05894240,159.32441455,0.18078515,0.14974451,0.00726967,0.01987526,-0.01823908,-0.01116538,-0.04927972,0.03470241,0.18628346,0.20899825,74.33547429,4.71428571,1.61571429,0.15158105,152.00000000,52.71428571,136.14285714,0.35071429,2.43792857,2.70914286,0.98550000,3.64484286,0.80607143,0.83506729,0.14642857,7.00280225,0.05972084,0.18271942,0.57545816,0.59884254,0.04529699,0.01341318,0.13284016,0.03935825,0.28324060,0.07700030,0.32118453,0.07970886,14.96902472,6.14005878,0.33063784,2.08030805,0.16127339,16.23024125,0.12726691,2876.18259998,2.90074695,2090.54158007,36.01836358,0.06131878,0.88273964,5.27234774,31.66459185,1.72364286,8.68452802,1568.17414345
586,Zr3Ti3Nb3V3Mo4,BCC,ANNEAL,,,1,298.15000000,1496.00000000,,,30.00000000,,150.00000000,10.1016/j.matdes.2015.06.072,2015,Phase composition and solid solution strengthening effect in TiZrNbMoV high-entropy alloys,Zr3Ti3Nb3V3Mo4,1.60703718,1.60147951,2411.87500000,17.36309891,3.26251421,0.18800000,0.18800000,0.18800000,0.18800000,0.25000000,0.00000000,0.00000000,0.00000000,0.00000000,0.00000000,0.00000000,0.00000000,0.00000000,0.00000000,0.00013817,3.04189377,172.07123030,0.14684115,0.11968059,-0.01134681,0.01631955,-0.02054954,-0.01084101,-0.04771010,0.03694184,0.21842011,0.26627887,77.03604000,4.87500000,1.68375000,0.18147828,167.00000000,61.87500000,160.25000000,0.34562500,2.50818750,2.80225000,1.11731250,3.31266250,0.98031250,0.84349975,0.18312500,7.36743147,0.05789439,0.17852371,0.60311405,0.62039702,0.04338432,0.01205437,0.12726701,0.03538689,0.35434655,0.12604757,0.38185666,0.12926864,17.48228739,6.97008792,0.39084498,2.05635148,0.16327966,20.42027712,0.12361752,3222.88293110,3.27695831,2411.27768613,18.37903680,0.06719199,0.01159765,1.26366358,20.47895291,1.68493750,10.37562959,1567.40268201
587,Zr7Ti7Nb7V5Mo7,BCC,CAST,,,1,298.15000000,1708.00000000,3929.00000000,29.00000000,,,141.00000000,10.1007/s11837-012-0366-5,2012,Alloy Design and Properties Optimization of High-Entropy Alloys,Zr7Ti7Nb7V5Mo7,1.61797998,1.61265415,2391.51515152,17.72608338,3.28509244,0.21200000,0.21200000,0.21200000,0.15200000,0.21200000,0.00000000,0.00000000,0.00000000,0.00000000,0.00000000,0.00000000,0.00000000,0.00000000,0.00000000,0.00013803,3.06187818,164.87914779,0.14930360,0.11857650,-0.00832422,0.01681834,-0.02079326,-0.01390876,-0.05152036,0.03413428,0.19672488,0.23805035,77.28088364,4.78787879,1.65333333,0.16259059,160.00000000,58.24242424,150.27272727,0.34666667,2.46651515,2.74248485,1.03918182,3.40844848,0.90378788,0.84262967,0.15969697,7.23950188,0.05729260,0.17539503,0.60900676,0.63151443,0.04313092,0.01290606,0.12669985,0.03793732,0.33527210,0.11054623,0.36744042,0.11376434,16.56981538,6.71790537,0.36642300,2.06122451,0.15892125,19.62704136,0.12466992,2972.35865591,3.11707262,2198.45982631,21.77451351,0.22630207,1.77164764,2.23807141,23.83077087,1.70330303,9.72804903,1598.07636488
588,ZrTaTiNbMo,BCC+BCC,CAST,,,1,298.15000000,1307.77777778,,,,,,10.1016/j.msec.2016.12.057,2017,TiZrNbTaMo high-entropy alloy designed for orthopedic implants: As-cast microstructure and mechanical properties,ZrTaTiNbMo,1.63736288,1.63030910,2601.00000000,18.39587846,3.32595863,0.20000000,0.20000000,0.20000000,0.20000000,0.20000000,0.00000000,0.00000000,0.00000000,0.00000000,0.00000000,0.00000000,0.00000000,0.00000000,0.00000000,0.00013869,3.09806796,168.18301724,0.08864709,0.05967582,-0.02861955,0.00418427,-0.03155809,-0.02478699,-0.06052936,0.05736991,0.21385579,0.25002032,101.77705200,4.80000000,1.62600000,0.15648589,168.00000000,61.60000000,160.60000000,0.34200000,2.58100000,2.77000000,1.08980000,3.22668000,0.95500000,0.99715100,0.17200000,9.18710605,0.04479429,0.13817409,0.55581154,0.57639545,0.03301115,0.01018926,0.09783384,0.03025380,0.34279888,0.09839243,0.37930256,0.10114160,17.74304632,6.87448521,0.37001162,2.03951368,0.10710971,86.21197338,0.11462899,2255.22567812,2.89780860,1638.78521936,19.38872291,0.29012383,0.54356866,2.72495411,22.05640886,1.68020000,10.56007994,1454.60894103
589,ZrTiNbMo,BCC,CAST,,,1,298.15000000,1592.00000000,3450.00000000,34.00000000,,,143.00000000,10.1007/s11837-012-0366-5,2012,Alloy Design and Properties Optimization of High-Entropy Alloys,ZrTiNbMo,1.64049627,1.62899951,2428.75000000,18.49103083,3.33168326,0.25000000,0.25000000,0.25000000,0.25000000,0.00000000,0.00000000,0.00000000,0.00000000,0.00000000,0.00000000,0.00000000,0.00000000,0.00000000,0.00000000,0.00011946,3.09721151,160.99299627,0.10317073,0.06695664,-0.03428846,0.00580864,-0.03260800,-0.03040544,-0.06882209,0.03279305,0.17995975,0.23417480,81.98434500,4.75000000,1.65750000,0.14716670,160.00000000,60.25000000,154.25000000,0.34250000,2.43875000,2.69150000,0.98725000,3.22335000,0.91875000,0.85220800,0.14000000,7.36239650,0.05021298,0.15291693,0.63336141,0.66461437,0.03733847,0.01291212,0.11050628,0.03822741,0.36414683,0.13061503,0.39762169,0.13584932,17.38406708,7.12826943,0.37672988,2.04182510,0.13729327,49.95013365,0.12275862,2528.87582434,3.05047315,1860.89556841,19.19540344,0.00000000,1.80841466,5.54143454,23.14112990,1.70425000,10.20042076,1582.61174066
590,ZrTiNbV3Mo,BCC,CAST,,,1,298.15000000,1418.00000000,2508.00000000,24.00000000,,,138.00000000,10.1007/s11837-012-0366-5,2012,Alloy Design and Properties Optimization of High-Entropy Alloys,ZrTiNbV3Mo,1.57680732,1.57603819,2323.42857143,16.38243025,3.19989780,0.14300000,0.14300000,0.14300000,0.42900000,0.14300000,0.00000000,0.00000000,0.00000000,0.00000000,0.00000000,0.00000000,0.00000000,0.00000000,0.00000000,0.00012715,2.98767286,171.98525344,0.18904798,0.16835422,0.00939982,0.01216611,-0.02182661,-0.00852765,-0.04252037,0.03962961,0.23042388,0.25088277,68.68026857,4.85714286,1.64571429,0.19079428,160.00000000,54.57142857,143.00000000,0.35428571,2.51728571,2.83571429,1.13414286,3.74691429,0.87642857,0.82511500,0.19571429,6.96150358,0.06139521,0.19363033,0.54208080,0.54948688,0.04591174,0.01951574,0.13405795,0.05676225,0.27272300,0.09138024,0.30081105,0.10038790,15.12279491,6.00757985,0.34816412,2.09734511,0.17847640,24.28312249,0.12832329,3252.08113120,2.91679214,2367.02263268,19.70208152,0.54133469,0.00000000,9.90066677,21.21392144,1.70157143,8.88754632,1503.25089729
