Composition,Crystal,Processing,GrainSize,Vicker,Tension0_Compression1,temperature,Yield_EXP,UTS_EXP,Elongation_EXP,Elongation_plastic_EXP,Youngs_EXP,Youngs_ROM_ORG,DOI,YEAR,TITLE,SOURCE,ReducedFormula,radius,radius_TC,Tm_ROM,volume,LattPara,CONC0,CONC1,CONC2,CONC3,CONC4,CONC5,CONC6,CONC7,CONC8,CONC9,CONC10,CONC11,CONC12,CONC13,CONC14,Sconf,sws,Bulk,Eform,Eform_str,Eform_BOKAS,Hmix_TC,Gmix_TC,Hmix_str_TC,Gmix_str_TC,bcc2hcp_Gmix_TC,bcc2hcp_Gmix_TC2CPA,bcc2hcp,amass,VEC,E_negativity,bcc2hcp_Gmix_TC_diff,Exp_Bulk_ROM,Exp_Shear_ROM,Exp_Youngs_ROM,Exp_Poisson_ROM,Exp_Surf_ROM,Cal_Surf_ROM,E_GBR_ROM,DOS_EF_ROM,E_USF_ROM,Exp_Az_ROM,b2h_ROM,D_Surf_GBR_ROM,density,radius_TC_DELTA,volume_DELTA,Exp_Shear_ROM_DELTA,Exp_Youngs_ROM_DELTA,radius_TC_DISTORT,radius_TC_DISTORT_Max,volume_DISTORT,volume_DISTORT_Max,Exp_Shear_DISTORT,Exp_Shear_DISTORT_Max,Exp_Youngs_DISTORT,Exp_Youngs_DISTORT_Max,ShearBurger,ShearBurger_Surf,ShearBurger_D_Surf_GBR,Surf_USF,DOS_VEC,Exp_Poisson_Comp,ElasticEnergy,SH_ratio,temp_ratio,sigma_y0,delta_Eb0,Yield_MC
Al285Cr142Fe142Co142(CuNi)142,BCC,CAST,,,1,298.15000000,1620.00000000,,,,,156.00000000,10.1007/s11661-005-0218-9,2005,Mechanical performance of the Al x CoCrCuFeNi high-entropy alloy system with multiprincipal elements,S4,Al285Cr142Fe142Co142(CuNi)142,1.45468925,1.42891578,1529.58014070,12.61643532,2.93306860,0.28600000,0.14300000,0.14300000,0.14300000,0.14300000,0.14300000,0.00000000,0.00000000,0.00000000,0.00000000,0.00000000,0.00000000,0.00000000,0.00000000,0.00000000,0.00015068,2.72492403,146.32758560,0.06833376,0.05456201,-0.06508248,-0.03817124,-0.03091044,-0.05194300,-0.04468219,0.00106660,0.03848018,0.00336408,48.97455597,5.85427136,1.77126633,0.04318015,140.50653266,64.10452261,166.90251256,0.30861307,1.96947136,2.21126734,1.00985126,1.93560058,0.51263518,1.59002014,0.02776908,1.20141608,6.44589513,0.04666654,0.18578112,0.47023455,0.43881749,0.03423828,0.01311019,0.12842655,0.04889776,0.38256310,0.13535069,0.36867431,0.13226034,16.28326619,8.26783600,13.55339458,4.31353025,0.33063049,1.89273618,0.08213629,6.03813911,0.19492277,3152.69916633,2.39709956,2174.77297969
Al285Cr142Fe142Co142(CuNi)142,BCC,CAST,,,1,773.15000000,1120.00000000,,,,,156.00000000,10.1007/s11661-005-0218-9,2005,Mechanical performance of the Al x CoCrCuFeNi high-entropy alloy system with multiprincipal elements,S4,Al285Cr142Fe142Co142(CuNi)142,1.45468925,1.42891578,1529.58014070,12.61643532,2.93306860,0.28600000,0.14300000,0.14300000,0.14300000,0.14300000,0.14300000,0.00000000,0.00000000,0.00000000,0.00000000,0.00000000,0.00000000,0.00000000,0.00000000,0.00000000,0.00015068,2.72492403,146.32758560,0.06833376,0.05456201,-0.06508248,-0.03817124,-0.03091044,-0.05194300,-0.04468219,0.00106660,0.03848018,0.00336408,48.97455597,5.85427136,1.77126633,0.04318015,140.50653266,64.10452261,166.90251256,0.30861307,1.96947136,2.21126734,1.00985126,1.93560058,0.51263518,1.59002014,0.02776908,1.20141608,6.44589513,0.04666654,0.18578112,0.47023455,0.43881749,0.03423828,0.01311019,0.12842655,0.04889776,0.38256310,0.13535069,0.36867431,0.13226034,16.28326619,8.26783600,13.55339458,4.31353025,0.33063049,1.89273618,0.08213629,6.03813911,0.50546551,3152.69916633,2.39709956,1396.17911428
Al285Cr142Fe142Co142(CuNi)142,BCC,CAST,,,1,873.15000000,805.00000000,,,,,156.00000000,10.1007/s11661-005-0218-9,2005,Mechanical performance of the Al x CoCrCuFeNi high-entropy alloy system with multiprincipal elements,S4,Al285Cr142Fe142Co142(CuNi)142,1.45468925,1.42891578,1529.58014070,12.61643532,2.93306860,0.28600000,0.14300000,0.14300000,0.14300000,0.14300000,0.14300000,0.00000000,0.00000000,0.00000000,0.00000000,0.00000000,0.00000000,0.00000000,0.00000000,0.00000000,0.00015068,2.72492403,146.32758560,0.06833376,0.05456201,-0.06508248,-0.03817124,-0.03091044,-0.05194300,-0.04468219,0.00106660,0.03848018,0.00336408,48.97455597,5.85427136,1.77126633,0.04318015,140.50653266,64.10452261,166.90251256,0.30861307,1.96947136,2.21126734,1.00985126,1.93560058,0.51263518,1.59002014,0.02776908,1.20141608,6.44589513,0.04666654,0.18578112,0.47023455,0.43881749,0.03423828,0.01311019,0.12842655,0.04889776,0.38256310,0.13535069,0.36867431,0.13226034,16.28326619,8.26783600,13.55339458,4.31353025,0.33063049,1.89273618,0.08213629,6.03813911,0.57084292,3152.69916633,2.39709956,1256.57341895
Al285Cr142Fe142Co142(CuNi)142,BCC,CAST,,,1,973.15000000,567.00000000,,,,,156.00000000,10.1007/s11661-005-0218-9,2005,Mechanical performance of the Al x CoCrCuFeNi high-entropy alloy system with multiprincipal elements,S4,Al285Cr142Fe142Co142(CuNi)142,1.45468925,1.42891578,1529.58014070,12.61643532,2.93306860,0.28600000,0.14300000,0.14300000,0.14300000,0.14300000,0.14300000,0.00000000,0.00000000,0.00000000,0.00000000,0.00000000,0.00000000,0.00000000,0.00000000,0.00000000,0.00015068,2.72492403,146.32758560,0.06833376,0.05456201,-0.06508248,-0.03817124,-0.03091044,-0.05194300,-0.04468219,0.00106660,0.03848018,0.00336408,48.97455597,5.85427136,1.77126633,0.04318015,140.50653266,64.10452261,166.90251256,0.30861307,1.96947136,2.21126734,1.00985126,1.93560058,0.51263518,1.59002014,0.02776908,1.20141608,6.44589513,0.04666654,0.18578112,0.47023455,0.43881749,0.03423828,0.01311019,0.12842655,0.04889776,0.38256310,0.13535069,0.36867431,0.13226034,16.28326619,8.26783600,13.55339458,4.31353025,0.33063049,1.89273618,0.08213629,6.03813911,0.63622034,3152.69916633,2.39709956,1130.92707166
Al285Cr142Fe142Co142(CuNi)142,BCC,CAST,,,1,1073.15000000,302.00000000,,,,,156.00000000,10.1007/s11661-005-0218-9,2005,Mechanical performance of the Al x CoCrCuFeNi high-entropy alloy system with multiprincipal elements,S4,Al285Cr142Fe142Co142(CuNi)142,1.45468925,1.42891578,1529.58014070,12.61643532,2.93306860,0.28600000,0.14300000,0.14300000,0.14300000,0.14300000,0.14300000,0.00000000,0.00000000,0.00000000,0.00000000,0.00000000,0.00000000,0.00000000,0.00000000,0.00000000,0.00015068,2.72492403,146.32758560,0.06833376,0.05456201,-0.06508248,-0.03817124,-0.03091044,-0.05194300,-0.04468219,0.00106660,0.03848018,0.00336408,48.97455597,5.85427136,1.77126633,0.04318015,140.50653266,64.10452261,166.90251256,0.30861307,1.96947136,2.21126734,1.00985126,1.93560058,0.51263518,1.59002014,0.02776908,1.20141608,6.44589513,0.04666654,0.18578112,0.47023455,0.43881749,0.03423828,0.01311019,0.12842655,0.04889776,0.38256310,0.13535069,0.36867431,0.13226034,16.28326619,8.26783600,13.55339458,4.31353025,0.33063049,1.89273618,0.08213629,6.03813911,0.70159776,3152.69916633,2.39709956,1017.84425973
Al285Cr142Fe142Co142(CuNi)142,BCC,CAST,,,1,1173.15000000,214.00000000,,,,,156.00000000,10.1007/s11661-005-0218-9,2005,Mechanical performance of the Al x CoCrCuFeNi high-entropy alloy system with multiprincipal elements,S4,Al285Cr142Fe142Co142(CuNi)142,1.45468925,1.42891578,1529.58014070,12.61643532,2.93306860,0.28600000,0.14300000,0.14300000,0.14300000,0.14300000,0.14300000,0.00000000,0.00000000,0.00000000,0.00000000,0.00000000,0.00000000,0.00000000,0.00000000,0.00000000,0.00015068,2.72492403,146.32758560,0.06833376,0.05456201,-0.06508248,-0.03817124,-0.03091044,-0.05194300,-0.04468219,0.00106660,0.03848018,0.00336408,48.97455597,5.85427136,1.77126633,0.04318015,140.50653266,64.10452261,166.90251256,0.30861307,1.96947136,2.21126734,1.00985126,1.93560058,0.51263518,1.59002014,0.02776908,1.20141608,6.44589513,0.04666654,0.18578112,0.47023455,0.43881749,0.03423828,0.01311019,0.12842655,0.04889776,0.38256310,0.13535069,0.36867431,0.13226034,16.28326619,8.26783600,13.55339458,4.31353025,0.33063049,1.89273618,0.08213629,6.03813911,0.76697518,3152.69916633,2.39709956,916.06873956
Al285Cr142Fe142Co142(CuNi)142,BCC,CAST,,,1,1273.15000000,116.00000000,,,,,156.00000000,10.1007/s11661-005-0218-9,2005,Mechanical performance of the Al x CoCrCuFeNi high-entropy alloy system with multiprincipal elements,S4,Al285Cr142Fe142Co142(CuNi)142,1.45468925,1.42891578,1529.58014070,12.61643532,2.93306860,0.28600000,0.14300000,0.14300000,0.14300000,0.14300000,0.14300000,0.00000000,0.00000000,0.00000000,0.00000000,0.00000000,0.00000000,0.00000000,0.00000000,0.00000000,0.00015068,2.72492403,146.32758560,0.06833376,0.05456201,-0.06508248,-0.03817124,-0.03091044,-0.05194300,-0.04468219,0.00106660,0.03848018,0.00336408,48.97455597,5.85427136,1.77126633,0.04318015,140.50653266,64.10452261,166.90251256,0.30861307,1.96947136,2.21126734,1.00985126,1.93560058,0.51263518,1.59002014,0.02776908,1.20141608,6.44589513,0.04666654,0.18578112,0.47023455,0.43881749,0.03423828,0.01311019,0.12842655,0.04889776,0.38256310,0.13535069,0.36867431,0.13226034,16.28326619,8.26783600,13.55339458,4.31353025,0.33063049,1.89273618,0.08213629,6.03813911,0.83235260,3152.69916633,2.39709956,824.46988090
Al285Cr142Fe142Co142(CuNi)142,BCC,CAST,,,1,1373.15000000,79.00000000,,,,,156.00000000,10.1007/s11661-005-0218-9,2005,Mechanical performance of the Al x CoCrCuFeNi high-entropy alloy system with multiprincipal elements,S4,Al285Cr142Fe142Co142(CuNi)142,1.45468925,1.42891578,1529.58014070,12.61643532,2.93306860,0.28600000,0.14300000,0.14300000,0.14300000,0.14300000,0.14300000,0.00000000,0.00000000,0.00000000,0.00000000,0.00000000,0.00000000,0.00000000,0.00000000,0.00000000,0.00015068,2.72492403,146.32758560,0.06833376,0.05456201,-0.06508248,-0.03817124,-0.03091044,-0.05194300,-0.04468219,0.00106660,0.03848018,0.00336408,48.97455597,5.85427136,1.77126633,0.04318015,140.50653266,64.10452261,166.90251256,0.30861307,1.96947136,2.21126734,1.00985126,1.93560058,0.51263518,1.59002014,0.02776908,1.20141608,6.44589513,0.04666654,0.18578112,0.47023455,0.43881749,0.03423828,0.01311019,0.12842655,0.04889776,0.38256310,0.13535069,0.36867431,0.13226034,16.28326619,8.26783600,13.55339458,4.31353025,0.33063049,1.89273618,0.08213629,6.03813911,0.89773001,3152.69916633,2.39709956,742.03010665
AlCrFeCoCuNi,FCC+BCC,CAST,,,1,298.15000000,1125.50000000,,,,,,10.1007/s11661-005-0218-9,2005,Mechanical performance of the Al x CoCrCuFeNi high-entropy alloy system with multiprincipal elements,S4,AlCrFeCoCuNi,1.43323246,1.42116372,1629.65666667,12.17845264,2.89872736,0.16700000,0.16700000,0.16700000,0.16700000,0.16700000,0.16700000,0.00000000,0.00000000,0.00000000,0.00000000,0.00000000,0.00000000,0.00000000,0.00000000,0.00000000,0.00015454,2.68162961,158.11869759,0.08098019,0.06731926,-0.04729923,-0.01740920,-0.01507370,-0.03107013,-0.02873463,0.00457421,0.05179481,-0.00475517,52.66587227,6.33333333,1.79833333,0.05483692,151.33333333,70.50000000,183.16666667,0.30166667,2.10533333,2.38116667,1.10616667,2.13427333,0.57350000,1.66890850,0.04327183,1.27500000,7.18102707,0.03834181,0.15945896,0.39528007,0.36312117,0.02754257,0.00824381,0.10408151,0.03074735,0.33321909,0.08510972,0.31714191,0.08316648,17.69811928,8.40632645,13.88087787,4.15199070,0.33699053,1.86396181,0.07160641,14.46614911,0.18295265,2771.03515953,2.27494810,1880.99698885
AlCrFeCoCuNi,FCC+BCC,CAST,,,1,873.15000000,561.00000000,,,,,,10.1007/s11661-005-0218-9,2005,Mechanical performance of the Al x CoCrCuFeNi high-entropy alloy system with multiprincipal elements,S4,AlCrFeCoCuNi,1.43323246,1.42116372,1629.65666667,12.17845264,2.89872736,0.16700000,0.16700000,0.16700000,0.16700000,0.16700000,0.16700000,0.00000000,0.00000000,0.00000000,0.00000000,0.00000000,0.00000000,0.00000000,0.00000000,0.00000000,0.00015454,2.68162961,158.11869759,0.08098019,0.06731926,-0.04729923,-0.01740920,-0.01507370,-0.03107013,-0.02873463,0.00457421,0.05179481,-0.00475517,52.66587227,6.33333333,1.79833333,0.05483692,151.33333333,70.50000000,183.16666667,0.30166667,2.10533333,2.38116667,1.10616667,2.13427333,0.57350000,1.66890850,0.04327183,1.27500000,7.18102707,0.03834181,0.15945896,0.39528007,0.36312117,0.02754257,0.00824381,0.10408151,0.03074735,0.33321909,0.08510972,0.31714191,0.08316648,17.69811928,8.40632645,13.88087787,4.15199070,0.33699053,1.86396181,0.07160641,14.46614911,0.53578770,2771.03515953,2.27494810,1051.22779931
AlCrFeCoCuNi,FCC+BCC,CAST,,,1,973.15000000,307.00000000,,,,,,10.1007/s11661-005-0218-9,2005,Mechanical performance of the Al x CoCrCuFeNi high-entropy alloy system with multiprincipal elements,S4,AlCrFeCoCuNi,1.43323246,1.42116372,1629.65666667,12.17845264,2.89872736,0.16700000,0.16700000,0.16700000,0.16700000,0.16700000,0.16700000,0.00000000,0.00000000,0.00000000,0.00000000,0.00000000,0.00000000,0.00000000,0.00000000,0.00000000,0.00015454,2.68162961,158.11869759,0.08098019,0.06731926,-0.04729923,-0.01740920,-0.01507370,-0.03107013,-0.02873463,0.00457421,0.05179481,-0.00475517,52.66587227,6.33333333,1.79833333,0.05483692,151.33333333,70.50000000,183.16666667,0.30166667,2.10533333,2.38116667,1.10616667,2.13427333,0.57350000,1.66890850,0.04327183,1.27500000,7.18102707,0.03834181,0.15945896,0.39528007,0.36312117,0.02754257,0.00824381,0.10408151,0.03074735,0.33321909,0.08510972,0.31714191,0.08316648,17.69811928,8.40632645,13.88087787,4.15199070,0.33699053,1.86396181,0.07160641,14.46614911,0.59715032,2771.03515953,2.27494810,940.77741908
AlCrFeCoCuNi,FCC+BCC,CAST,,,1,1073.15000000,172.00000000,,,,,,10.1007/s11661-005-0218-9,2005,Mechanical performance of the Al x CoCrCuFeNi high-entropy alloy system with multiprincipal elements,S4,AlCrFeCoCuNi,1.43323246,1.42116372,1629.65666667,12.17845264,2.89872736,0.16700000,0.16700000,0.16700000,0.16700000,0.16700000,0.16700000,0.00000000,0.00000000,0.00000000,0.00000000,0.00000000,0.00000000,0.00000000,0.00000000,0.00000000,0.00015454,2.68162961,158.11869759,0.08098019,0.06731926,-0.04729923,-0.01740920,-0.01507370,-0.03107013,-0.02873463,0.00457421,0.05179481,-0.00475517,52.66587227,6.33333333,1.79833333,0.05483692,151.33333333,70.50000000,183.16666667,0.30166667,2.10533333,2.38116667,1.10616667,2.13427333,0.57350000,1.66890850,0.04327183,1.27500000,7.18102707,0.03834181,0.15945896,0.39528007,0.36312117,0.02754257,0.00824381,0.10408151,0.03074735,0.33321909,0.08510972,0.31714191,0.08316648,17.69811928,8.40632645,13.88087787,4.15199070,0.33699053,1.86396181,0.07160641,14.46614911,0.65851294,2771.03515953,2.27494810,841.93183707
AlCrFeCoCuNi,FCC+BCC,CAST,,,1,1173.15000000,98.00000000,,,,,,10.1007/s11661-005-0218-9,2005,Mechanical performance of the Al x CoCrCuFeNi high-entropy alloy system with multiprincipal elements,S4,AlCrFeCoCuNi,1.43323246,1.42116372,1629.65666667,12.17845264,2.89872736,0.16700000,0.16700000,0.16700000,0.16700000,0.16700000,0.16700000,0.00000000,0.00000000,0.00000000,0.00000000,0.00000000,0.00000000,0.00000000,0.00000000,0.00000000,0.00015454,2.68162961,158.11869759,0.08098019,0.06731926,-0.04729923,-0.01740920,-0.01507370,-0.03107013,-0.02873463,0.00457421,0.05179481,-0.00475517,52.66587227,6.33333333,1.79833333,0.05483692,151.33333333,70.50000000,183.16666667,0.30166667,2.10533333,2.38116667,1.10616667,2.13427333,0.57350000,1.66890850,0.04327183,1.27500000,7.18102707,0.03834181,0.15945896,0.39528007,0.36312117,0.02754257,0.00824381,0.10408151,0.03074735,0.33321909,0.08510972,0.31714191,0.08316648,17.69811928,8.40632645,13.88087787,4.15199070,0.33699053,1.86396181,0.07160641,14.46614911,0.71987556,2771.03515953,2.27494810,753.47176058
AlCrFeCoCuNi,FCC+BCC,CAST,,,1,1273.15000000,47.00000000,,,,,,10.1007/s11661-005-0218-9,2005,Mechanical performance of the Al x CoCrCuFeNi high-entropy alloy system with multiprincipal elements,S4,AlCrFeCoCuNi,1.43323246,1.42116372,1629.65666667,12.17845264,2.89872736,0.16700000,0.16700000,0.16700000,0.16700000,0.16700000,0.16700000,0.00000000,0.00000000,0.00000000,0.00000000,0.00000000,0.00000000,0.00000000,0.00000000,0.00000000,0.00015454,2.68162961,158.11869759,0.08098019,0.06731926,-0.04729923,-0.01740920,-0.01507370,-0.03107013,-0.02873463,0.00457421,0.05179481,-0.00475517,52.66587227,6.33333333,1.79833333,0.05483692,151.33333333,70.50000000,183.16666667,0.30166667,2.10533333,2.38116667,1.10616667,2.13427333,0.57350000,1.66890850,0.04327183,1.27500000,7.18102707,0.03834181,0.15945896,0.39528007,0.36312117,0.02754257,0.00824381,0.10408151,0.03074735,0.33321909,0.08510972,0.31714191,0.08316648,17.69811928,8.40632645,13.88087787,4.15199070,0.33699053,1.86396181,0.07160641,14.46614911,0.78123817,2771.03515953,2.27494810,674.30600555
AlCrFeCuNi,FCC+BCC+B2,POWDER,,,1,293.15000000,1511.00000000,,5.00000000,,,,10.1016/j.jallcom.2019.01.341,2019,Structure formation and mechanical properties of the high-entropy AlCuNiFeCr alloy prepared by mechanical alloying and spark plasma sintering,S4,AlCrFeCuNi,1.44331507,1.42998586,1601.98800000,12.40733710,2.91677453,0.20000000,0.20000000,0.20000000,0.20000000,0.20000000,0.00000000,0.00000000,0.00000000,0.00000000,0.00000000,0.00000000,0.00000000,0.00000000,0.00000000,0.00000000,0.00013869,2.70398476,139.94032098,0.08980402,0.10393184,-0.04758414,-0.09442967,-0.09478666,-0.08030185,-0.08065884,0.06725805,0.13075715,0.19604430,51.41240772,5.80000000,1.78200000,0.07963887,145.60000000,69.40000000,178.00000000,0.30000000,2.01640000,2.30240000,1.18300000,1.79954800,0.65780000,1.78860560,0.06976420,1.11940000,6.88079715,0.03882635,0.16321097,0.43815409,0.40310310,0.02829126,0.00929539,0.10877683,0.03507329,0.36162593,0.10041959,0.34142434,0.09715379,17.53044584,8.69393267,15.66057338,3.50015202,0.31026690,1.85714286,0.07936050,2.35286969,0.18299138,2799.99551932,2.31153669,1920.14723620
AlCrFeCuNi,FCC+BCC+B2,POWDER,,,1,673.15000000,1366.00000000,,17.00000000,,,,10.1016/j.jallcom.2019.01.341,2019,Structure formation and mechanical properties of the high-entropy AlCuNiFeCr alloy prepared by mechanical alloying and spark plasma sintering,S4,AlCrFeCuNi,1.44331507,1.42998586,1601.98800000,12.40733710,2.91677453,0.20000000,0.20000000,0.20000000,0.20000000,0.20000000,0.00000000,0.00000000,0.00000000,0.00000000,0.00000000,0.00000000,0.00000000,0.00000000,0.00000000,0.00000000,0.00013869,2.70398476,139.94032098,0.08980402,0.10393184,-0.04758414,-0.09442967,-0.09478666,-0.08030185,-0.08065884,0.06725805,0.13075715,0.19604430,51.41240772,5.80000000,1.78200000,0.07963887,145.60000000,69.40000000,178.00000000,0.30000000,2.01640000,2.30240000,1.18300000,1.79954800,0.65780000,1.78860560,0.06976420,1.11940000,6.88079715,0.03882635,0.16321097,0.43815409,0.40310310,0.02829126,0.00929539,0.10877683,0.03507329,0.36162593,0.10041959,0.34142434,0.09715379,17.53044584,8.69393267,15.66057338,3.50015202,0.31026690,1.85714286,0.07936050,2.35286969,0.42019666,2799.99551932,2.31153669,1342.05047683
AlCrFeCuNi,FCC+BCC+B2,POWDER,,,1,873.15000000,410.00000000,,35.00000000,,,,10.1016/j.jallcom.2019.01.341,2019,Structure formation and mechanical properties of the high-entropy AlCuNiFeCr alloy prepared by mechanical alloying and spark plasma sintering,S4,AlCrFeCuNi,1.44331507,1.42998586,1601.98800000,12.40733710,2.91677453,0.20000000,0.20000000,0.20000000,0.20000000,0.20000000,0.00000000,0.00000000,0.00000000,0.00000000,0.00000000,0.00000000,0.00000000,0.00000000,0.00000000,0.00000000,0.00013869,2.70398476,139.94032098,0.08980402,0.10393184,-0.04758414,-0.09442967,-0.09478666,-0.08030185,-0.08065884,0.06725805,0.13075715,0.19604430,51.41240772,5.80000000,1.78200000,0.07963887,145.60000000,69.40000000,178.00000000,0.30000000,2.01640000,2.30240000,1.18300000,1.79954800,0.65780000,1.78860560,0.06976420,1.11940000,6.88079715,0.03882635,0.16321097,0.43815409,0.40310310,0.02829126,0.00929539,0.10877683,0.03507329,0.36162593,0.10041959,0.34142434,0.09715379,17.53044584,8.69393267,15.66057338,3.50015202,0.31026690,1.85714286,0.07936050,2.35286969,0.54504154,2799.99551932,2.31153669,1078.63658439
AlCrFeCuNi,FCC+BCC+B2,POWDER,,,1,1073.15000000,48.00000000,,35.00000000,,,,10.1016/j.jallcom.2019.01.341,2019,Structure formation and mechanical properties of the high-entropy AlCuNiFeCr alloy prepared by mechanical alloying and spark plasma sintering,S4,AlCrFeCuNi,1.44331507,1.42998586,1601.98800000,12.40733710,2.91677453,0.20000000,0.20000000,0.20000000,0.20000000,0.20000000,0.00000000,0.00000000,0.00000000,0.00000000,0.00000000,0.00000000,0.00000000,0.00000000,0.00000000,0.00000000,0.00013869,2.70398476,139.94032098,0.08980402,0.10393184,-0.04758414,-0.09442967,-0.09478666,-0.08030185,-0.08065884,0.06725805,0.13075715,0.19604430,51.41240772,5.80000000,1.78200000,0.07963887,145.60000000,69.40000000,178.00000000,0.30000000,2.01640000,2.30240000,1.18300000,1.79954800,0.65780000,1.78860560,0.06976420,1.11940000,6.88079715,0.03882635,0.16321097,0.43815409,0.40310310,0.02829126,0.00929539,0.10877683,0.03507329,0.36162593,0.10041959,0.34142434,0.09715379,17.53044584,8.69393267,15.66057338,3.50015202,0.31026690,1.85714286,0.07936050,2.35286969,0.66988642,2799.99551932,2.31153669,866.92482979
Hf150Zr249Ta99(Ti3Nb2)100,BCC,WROUGHT,,,1,4.35000000,2283.33333333,,,,,100.00000000,10.1016/j.msea.2017.10.073,2018,Mechanical properties and thermally activated plasticity of the Ti30Zr25Hf15Nb20Ta10 high entropy alloy at temperatures 4.2–350 K,S4,Hf150Zr249Ta99(Ti3Nb2)100,1.67694080,1.67757936,2368.51903808,19.75810493,3.40610810,0.15000000,0.24900000,0.09900000,0.30100000,0.20000000,0.00000000,0.00000000,0.00000000,0.00000000,0.00000000,0.00000000,0.00000000,0.00000000,0.00000000,0.00000000,0.00013296,3.17438964,135.70903808,0.14486199,0.08924234,-0.00979010,0.06938692,0.02606115,0.01376727,-0.02955851,-0.01520597,0.03986368,0.05432936,100.54458128,4.29959920,1.45958918,0.05506965,125.30961924,40.23046092,102.80260521,0.35052104,2.30440882,2.47480461,0.64512625,4.33245391,0.45132665,0.97053677,0.01280561,1.82967836,8.45011805,0.04164848,0.12818025,0.25486299,0.33019126,0.03261420,0.00971315,0.09802074,0.02899589,0.16624749,0.04251276,0.22671701,0.06531274,11.86708540,5.14973095,6.48588609,5.48340009,1.00764134,2.07939153,0.08236283,4.53872725,0.00183659,1367.42388914,1.95856585,1338.44634354
Hf150Zr249Ta99(Ti3Nb2)100,BCC,WROUGHT,,,1,77.15000000,1850.00000000,,,,,100.00000000,10.1016/j.msea.2017.10.073,2018,Mechanical properties and thermally activated plasticity of the Ti30Zr25Hf15Nb20Ta10 high entropy alloy at temperatures 4.2–350 K,S4,Hf150Zr249Ta99(Ti3Nb2)100,1.67694080,1.67757936,2368.51903808,19.75810493,3.40610810,0.15000000,0.24900000,0.09900000,0.30100000,0.20000000,0.00000000,0.00000000,0.00000000,0.00000000,0.00000000,0.00000000,0.00000000,0.00000000,0.00000000,0.00000000,0.00013296,3.17438964,135.70903808,0.14486199,0.08924234,-0.00979010,0.06938692,0.02606115,0.01376727,-0.02955851,-0.01520597,0.03986368,0.05432936,100.54458128,4.29959920,1.45958918,0.05506965,125.30961924,40.23046092,102.80260521,0.35052104,2.30440882,2.47480461,0.64512625,4.33245391,0.45132665,0.97053677,0.01280561,1.82967836,8.45011805,0.04164848,0.12818025,0.25486299,0.33019126,0.03261420,0.00971315,0.09802074,0.02899589,0.16624749,0.04251276,0.22671701,0.06531274,11.86708540,5.14973095,6.48588609,5.48340009,1.00764134,2.07939153,0.08236283,4.53872725,0.03257310,1367.42388914,1.95856585,1170.35137963
Hf150Zr249Ta99(Ti3Nb2)100,BCC,WROUGHT,,,1,120.15000000,1520.00000000,,,,,100.00000000,10.1016/j.msea.2017.10.073,2018,Mechanical properties and thermally activated plasticity of the Ti30Zr25Hf15Nb20Ta10 high entropy alloy at temperatures 4.2–350 K,S4,Hf150Zr249Ta99(Ti3Nb2)100,1.67694080,1.67757936,2368.51903808,19.75810493,3.40610810,0.15000000,0.24900000,0.09900000,0.30100000,0.20000000,0.00000000,0.00000000,0.00000000,0.00000000,0.00000000,0.00000000,0.00000000,0.00000000,0.00000000,0.00000000,0.00013296,3.17438964,135.70903808,0.14486199,0.08924234,-0.00979010,0.06938692,0.02606115,0.01376727,-0.02955851,-0.01520597,0.03986368,0.05432936,100.54458128,4.29959920,1.45958918,0.05506965,125.30961924,40.23046092,102.80260521,0.35052104,2.30440882,2.47480461,0.64512625,4.33245391,0.45132665,0.97053677,0.01280561,1.82967836,8.45011805,0.04164848,0.12818025,0.25486299,0.33019126,0.03261420,0.00971315,0.09802074,0.02899589,0.16624749,0.04251276,0.22671701,0.06531274,11.86708540,5.14973095,6.48588609,5.48340009,1.00764134,2.07939153,0.08236283,4.53872725,0.05072790,1367.42388914,1.95856585,1102.64423529
Hf150Zr249Ta99(Ti3Nb2)100,BCC,WROUGHT,,,1,170.15000000,1333.33333333,,,,,100.00000000,10.1016/j.msea.2017.10.073,2018,Mechanical properties and thermally activated plasticity of the Ti30Zr25Hf15Nb20Ta10 high entropy alloy at temperatures 4.2–350 K,S4,Hf150Zr249Ta99(Ti3Nb2)100,1.67694080,1.67757936,2368.51903808,19.75810493,3.40610810,0.15000000,0.24900000,0.09900000,0.30100000,0.20000000,0.00000000,0.00000000,0.00000000,0.00000000,0.00000000,0.00000000,0.00000000,0.00000000,0.00000000,0.00000000,0.00013296,3.17438964,135.70903808,0.14486199,0.08924234,-0.00979010,0.06938692,0.02606115,0.01376727,-0.02955851,-0.01520597,0.03986368,0.05432936,100.54458128,4.29959920,1.45958918,0.05506965,125.30961924,40.23046092,102.80260521,0.35052104,2.30440882,2.47480461,0.64512625,4.33245391,0.45132665,0.97053677,0.01280561,1.82967836,8.45011805,0.04164848,0.12818025,0.25486299,0.33019126,0.03261420,0.00971315,0.09802074,0.02899589,0.16624749,0.04251276,0.22671701,0.06531274,11.86708540,5.14973095,6.48588609,5.48340009,1.00764134,2.07939153,0.08236283,4.53872725,0.07183814,1367.42388914,1.95856585,1033.51852530
Hf150Zr249Ta99(Ti3Nb2)100,BCC,WROUGHT,,,1,230.15000000,1133.33333333,,,,,100.00000000,10.1016/j.msea.2017.10.073,2018,Mechanical properties and thermally activated plasticity of the Ti30Zr25Hf15Nb20Ta10 high entropy alloy at temperatures 4.2–350 K,S4,Hf150Zr249Ta99(Ti3Nb2)100,1.67694080,1.67757936,2368.51903808,19.75810493,3.40610810,0.15000000,0.24900000,0.09900000,0.30100000,0.20000000,0.00000000,0.00000000,0.00000000,0.00000000,0.00000000,0.00000000,0.00000000,0.00000000,0.00000000,0.00000000,0.00013296,3.17438964,135.70903808,0.14486199,0.08924234,-0.00979010,0.06938692,0.02606115,0.01376727,-0.02955851,-0.01520597,0.03986368,0.05432936,100.54458128,4.29959920,1.45958918,0.05506965,125.30961924,40.23046092,102.80260521,0.35052104,2.30440882,2.47480461,0.64512625,4.33245391,0.45132665,0.97053677,0.01280561,1.82967836,8.45011805,0.04164848,0.12818025,0.25486299,0.33019126,0.03261420,0.00971315,0.09802074,0.02899589,0.16624749,0.04251276,0.22671701,0.06531274,11.86708540,5.14973095,6.48588609,5.48340009,1.00764134,2.07939153,0.08236283,4.53872725,0.09717042,1367.42388914,1.95856585,959.03296738
Hf150Zr249Ta99(Ti3Nb2)100,BCC,WROUGHT,,,1,298.15000000,1046.66666667,,,,,100.00000000,10.1016/j.msea.2017.10.073,2018,Mechanical properties and thermally activated plasticity of the Ti30Zr25Hf15Nb20Ta10 high entropy alloy at temperatures 4.2–350 K,S4,Hf150Zr249Ta99(Ti3Nb2)100,1.67694080,1.67757936,2368.51903808,19.75810493,3.40610810,0.15000000,0.24900000,0.09900000,0.30100000,0.20000000,0.00000000,0.00000000,0.00000000,0.00000000,0.00000000,0.00000000,0.00000000,0.00000000,0.00000000,0.00000000,0.00013296,3.17438964,135.70903808,0.14486199,0.08924234,-0.00979010,0.06938692,0.02606115,0.01376727,-0.02955851,-0.01520597,0.03986368,0.05432936,100.54458128,4.29959920,1.45958918,0.05506965,125.30961924,40.23046092,102.80260521,0.35052104,2.30440882,2.47480461,0.64512625,4.33245391,0.45132665,0.97053677,0.01280561,1.82967836,8.45011805,0.04164848,0.12818025,0.25486299,0.33019126,0.03261420,0.00971315,0.09802074,0.02899589,0.16624749,0.04251276,0.22671701,0.06531274,11.86708540,5.14973095,6.48588609,5.48340009,1.00764134,2.07939153,0.08236283,4.53872725,0.12588035,1367.42388914,1.95856585,882.10711476
Hf150Zr249Ta99(Ti3Nb2)100,BCC,WROUGHT,,,1,345.15000000,900.00000000,,,,,100.00000000,10.1016/j.msea.2017.10.073,2018,Mechanical properties and thermally activated plasticity of the Ti30Zr25Hf15Nb20Ta10 high entropy alloy at temperatures 4.2–350 K,S4,Hf150Zr249Ta99(Ti3Nb2)100,1.67694080,1.67757936,2368.51903808,19.75810493,3.40610810,0.15000000,0.24900000,0.09900000,0.30100000,0.20000000,0.00000000,0.00000000,0.00000000,0.00000000,0.00000000,0.00000000,0.00000000,0.00000000,0.00000000,0.00000000,0.00013296,3.17438964,135.70903808,0.14486199,0.08924234,-0.00979010,0.06938692,0.02606115,0.01376727,-0.02955851,-0.01520597,0.03986368,0.05432936,100.54458128,4.29959920,1.45958918,0.05506965,125.30961924,40.23046092,102.80260521,0.35052104,2.30440882,2.47480461,0.64512625,4.33245391,0.45132665,0.97053677,0.01280561,1.82967836,8.45011805,0.04164848,0.12818025,0.25486299,0.33019126,0.03261420,0.00971315,0.09802074,0.02899589,0.16624749,0.04251276,0.22671701,0.06531274,11.86708540,5.14973095,6.48588609,5.48340009,1.00764134,2.07939153,0.08236283,4.53872725,0.14572397,1367.42388914,1.95856585,832.35790159
Hf2Ti2Nb2VMo,BCC,CAST,,,1,298.15000000,1260.00000000,,,,,126.00000000,10.1016/j.jallcom.2016.10.014,2017,Microstructure and mechanical properties of refractory HfMo0.5NbTiV0.5Six high-entropy composites,S4,Hf2Ti2Nb2VMo,1.62749852,1.62810208,2434.12500000,18.02739255,3.30360137,0.25000000,0.25000000,0.25000000,0.12500000,0.12500000,0.00000000,0.00000000,0.00000000,0.00000000,0.00000000,0.00000000,0.00000000,0.00000000,0.00000000,0.00000000,0.00013439,3.07967442,167.32648073,0.14839876,0.10195761,-0.03914695,0.03381340,-0.00819735,-0.01262774,-0.05463849,0.03047194,0.16271047,0.17019334,98.17603250,4.62500000,1.58375000,0.13223852,150.75000000,49.62500000,131.87500000,0.35750000,2.43975000,2.68900000,0.92275000,3.98780000,0.63950000,0.89434000,0.09375000,1.76625000,9.04319625,0.05038675,0.15333456,0.59368412,0.57890952,0.03852315,0.01238773,0.11455606,0.03698264,0.28486159,0.07216601,0.28482782,0.07437934,14.19772594,5.81933638,8.03834448,4.20484754,0.86222703,2.11284047,0.12958683,9.67464078,0.12248755,2188.00268789,2.51056174,1529.91842507
Hf2Ti2Nb2VMo,BCC,CAST,,,1,1273.15000000,368.00000000,,,,,126.00000000,10.1016/j.actamat.2019.06.032,2019,High temperature strength of refractory complex concentrated alloys,S4,Hf2Ti2Nb2VMo,1.62749852,1.62810208,2434.12500000,18.02739255,3.30360137,0.25000000,0.25000000,0.25000000,0.12500000,0.12500000,0.00000000,0.00000000,0.00000000,0.00000000,0.00000000,0.00000000,0.00000000,0.00000000,0.00000000,0.00000000,0.00013439,3.07967442,167.32648073,0.14839876,0.10195761,-0.03914695,0.03381340,-0.00819735,-0.01262774,-0.05463849,0.03047194,0.16271047,0.17019334,98.17603250,4.62500000,1.58375000,0.13223852,150.75000000,49.62500000,131.87500000,0.35750000,2.43975000,2.68900000,0.92275000,3.98780000,0.63950000,0.89434000,0.09375000,1.76625000,9.04319625,0.05038675,0.15333456,0.59368412,0.57890952,0.03852315,0.01238773,0.11455606,0.03698264,0.28486159,0.07216601,0.28482782,0.07437934,14.19772594,5.81933638,8.03834448,4.20484754,0.86222703,2.11284047,0.12958683,9.67464078,0.52304216,2188.00268789,2.51056174,607.94730177
Hf2Ti2Nb2VMo,BCC,CAST,,,1,1473.15000000,60.00000000,,,,,126.00000000,10.1016/j.actamat.2019.06.032,2019,High temperature strength of refractory complex concentrated alloys,S4,Hf2Ti2Nb2VMo,1.62749852,1.62810208,2434.12500000,18.02739255,3.30360137,0.25000000,0.25000000,0.25000000,0.12500000,0.12500000,0.00000000,0.00000000,0.00000000,0.00000000,0.00000000,0.00000000,0.00000000,0.00000000,0.00000000,0.00000000,0.00013439,3.07967442,167.32648073,0.14839876,0.10195761,-0.03914695,0.03381340,-0.00819735,-0.01262774,-0.05463849,0.03047194,0.16271047,0.17019334,98.17603250,4.62500000,1.58375000,0.13223852,150.75000000,49.62500000,131.87500000,0.35750000,2.43975000,2.68900000,0.92275000,3.98780000,0.63950000,0.89434000,0.09375000,1.76625000,9.04319625,0.05038675,0.15333456,0.59368412,0.57890952,0.03852315,0.01238773,0.11455606,0.03698264,0.28486159,0.07216601,0.28482782,0.07437934,14.19772594,5.81933638,8.03834448,4.20484754,0.86222703,2.11284047,0.12958683,9.67464078,0.60520721,2188.00268789,2.51056174,497.15858078
Hf3Zr5Ta5Ti5Nb5Al2,BCC,OTHER,140.00000000,4.90000000,1,298.15000000,1841.00000000,2269.00000000,10.00000000,,,107.00000000,10.1007/s11837-014-1066-0,2014,Microstructure and Properties of Aluminum-Containing Refractory High-Entropy Alloys,S4,Hf3Zr5Ta5Ti5Nb5Al2,1.66359161,1.66010090,2397.18560000,19.18958281,3.37312040,0.12000000,0.20000000,0.20000000,0.20000000,0.20000000,0.08000000,0.00000000,0.00000000,0.00000000,0.00000000,0.00000000,0.00000000,0.00000000,0.00000000,0.00000000,0.00015029,3.15262440,140.87499051,0.07029957,0.02924928,-0.07058371,-0.01550975,-0.04045357,-0.05656004,-0.08150385,0.00825809,0.08481546,0.06906943,106.16637509,4.32000000,1.47880000,0.07655738,132.88000000,42.08000000,109.76000000,0.35240000,2.33696000,2.45280000,0.76600000,3.80335200,0.47140000,1.03146296,0.05723224,1.68680000,9.18693937,0.04387774,0.12934437,0.32143617,0.38524976,0.03364841,0.00882663,0.09521545,0.02530303,0.21938313,0.06362835,0.26644290,0.07359814,12.29244307,5.26001432,7.28743365,5.20322444,0.88040556,2.08832613,0.07819009,23.22876732,0.12437502,1455.93464902,2.00741953,947.62224183
Hf3Zr5Ta5Ti5Nb5Al2,BCC,OTHER,,,1,1073.15000000,796.00000000,834.00000000,50.00000000,,,107.00000000,10.1007/s11837-014-1066-0,2014,Microstructure and Properties of Aluminum-Containing Refractory High-Entropy Alloys,S4,Hf3Zr5Ta5Ti5Nb5Al2,1.66359161,1.66010090,2397.18560000,19.18958281,3.37312040,0.12000000,0.20000000,0.20000000,0.20000000,0.20000000,0.08000000,0.00000000,0.00000000,0.00000000,0.00000000,0.00000000,0.00000000,0.00000000,0.00000000,0.00000000,0.00015029,3.15262440,140.87499051,0.07029957,0.02924928,-0.07058371,-0.01550975,-0.04045357,-0.05656004,-0.08150385,0.00825809,0.08481546,0.06906943,106.16637509,4.32000000,1.47880000,0.07655738,132.88000000,42.08000000,109.76000000,0.35240000,2.33696000,2.45280000,0.76600000,3.80335200,0.47140000,1.03146296,0.05723224,1.68680000,9.18693937,0.04387774,0.12934437,0.32143617,0.38524976,0.03364841,0.00882663,0.09521545,0.02530303,0.21938313,0.06362835,0.26644290,0.07359814,12.29244307,5.26001432,7.28743365,5.20322444,0.88040556,2.08832613,0.07819009,23.22876732,0.44767080,1455.93464902,2.00741953,377.42232815
Hf3Zr5Ta5Ti5Nb5Al2,BCC,OTHER,,,1,1273.15000000,298.00000000,,,,,107.00000000,10.1016/j.actamat.2019.06.032,2019,High temperature strength of refractory complex concentrated alloys,S4,Hf3Zr5Ta5Ti5Nb5Al2,1.66359161,1.66010090,2397.18560000,19.18958281,3.37312040,0.12000000,0.20000000,0.20000000,0.20000000,0.20000000,0.08000000,0.00000000,0.00000000,0.00000000,0.00000000,0.00000000,0.00000000,0.00000000,0.00000000,0.00000000,0.00015029,3.15262440,140.87499051,0.07029957,0.02924928,-0.07058371,-0.01550975,-0.04045357,-0.05656004,-0.08150385,0.00825809,0.08481546,0.06906943,106.16637509,4.32000000,1.47880000,0.07655738,132.88000000,42.08000000,109.76000000,0.35240000,2.33696000,2.45280000,0.76600000,3.80335200,0.47140000,1.03146296,0.05723224,1.68680000,9.18693937,0.04387774,0.12934437,0.32143617,0.38524976,0.03364841,0.00882663,0.09521545,0.02530303,0.21938313,0.06362835,0.26644290,0.07359814,12.29244307,5.26001432,7.28743365,5.20322444,0.88040556,2.08832613,0.07819009,23.22876732,0.53110197,1455.93464902,2.00741953,293.46601501
Hf3Zr5Ta5Ti5Nb5Al2,BCC,OTHER,,,1,1473.15000000,89.00000000,,,,,107.00000000,10.1016/j.actamat.2019.06.032,2019,High temperature strength of refractory complex concentrated alloys,S4,Hf3Zr5Ta5Ti5Nb5Al2,1.66359161,1.66010090,2397.18560000,19.18958281,3.37312040,0.12000000,0.20000000,0.20000000,0.20000000,0.20000000,0.08000000,0.00000000,0.00000000,0.00000000,0.00000000,0.00000000,0.00000000,0.00000000,0.00000000,0.00000000,0.00015029,3.15262440,140.87499051,0.07029957,0.02924928,-0.07058371,-0.01550975,-0.04045357,-0.05656004,-0.08150385,0.00825809,0.08481546,0.06906943,106.16637509,4.32000000,1.47880000,0.07655738,132.88000000,42.08000000,109.76000000,0.35240000,2.33696000,2.45280000,0.76600000,3.80335200,0.47140000,1.03146296,0.05723224,1.68680000,9.18693937,0.04387774,0.12934437,0.32143617,0.38524976,0.03364841,0.00882663,0.09521545,0.02530303,0.21938313,0.06362835,0.26644290,0.07359814,12.29244307,5.26001432,7.28743365,5.20322444,0.88040556,2.08832613,0.07819009,23.22876732,0.61453314,1455.93464902,2.00741953,228.18549816
Hf79Zr127Ta307Ti177Nb307,BCC,CAST,,,1,298.15000000,845.00000000,,,,,122.00000000,10.1080/14786435.2015.1028506,2015,Plastic deformation properties of Zr–Nb–Ti–Ta–Hf high-entropy alloys,S4,Hf79Zr127Ta307Ti177Nb307,1.65160260,1.65254818,2674.08926780,18.88594036,3.35523443,0.07900000,0.12700000,0.30800000,0.17800000,0.30800000,0.00000000,0.00000000,0.00000000,0.00000000,0.00000000,0.00000000,0.00000000,0.00000000,0.00000000,0.00000000,0.00012885,3.13430912,159.30624674,0.10505981,0.07436364,0.00077014,0.03588061,0.00007645,0.00518444,-0.03061972,0.02808702,0.15538556,0.17888382,118.58763773,4.61584754,1.50039117,0.12729854,153.23570712,46.72417252,124.91474423,0.35730191,2.58884855,2.67534403,0.97799599,3.64525777,0.56634403,1.04285285,0.14254764,1.69734804,10.42677971,0.03415675,0.10856621,0.30077487,0.34774270,0.02519286,0.00639369,0.07582637,0.01919246,0.21749797,0.08297001,0.25860107,0.09476686,13.57672809,5.24431146,7.99878855,4.72388492,0.78972664,2.11188102,0.07918852,9.60295985,0.11149590,1299.26804380,1.96662976,839.40206924
Hf79Zr127Ta307Ti177Nb307,BCC,CAST,,,1,333.15000000,795.00000000,,,,,122.00000000,10.1080/14786435.2015.1028506,2015,Plastic deformation properties of Zr–Nb–Ti–Ta–Hf high-entropy alloys,S4,Hf79Zr127Ta307Ti177Nb307,1.65160260,1.65254818,2674.08926780,18.88594036,3.35523443,0.07900000,0.12700000,0.30800000,0.17800000,0.30800000,0.00000000,0.00000000,0.00000000,0.00000000,0.00000000,0.00000000,0.00000000,0.00000000,0.00000000,0.00000000,0.00012885,3.13430912,159.30624674,0.10505981,0.07436364,0.00077014,0.03588061,0.00007645,0.00518444,-0.03061972,0.02808702,0.15538556,0.17888382,118.58763773,4.61584754,1.50039117,0.12729854,153.23570712,46.72417252,124.91474423,0.35730191,2.58884855,2.67534403,0.97799599,3.64525777,0.56634403,1.04285285,0.14254764,1.69734804,10.42677971,0.03415675,0.10856621,0.30077487,0.34774270,0.02519286,0.00639369,0.07582637,0.01919246,0.21749797,0.08297001,0.25860107,0.09476686,13.57672809,5.24431146,7.99878855,4.72388492,0.78972664,2.11188102,0.07918852,9.60295985,0.12458447,1299.26804380,1.96662976,804.08251253
Hf79Zr127Ta307Ti177Nb307,BCC,CAST,,,1,373.15000000,765.00000000,,,,,122.00000000,10.1080/14786435.2015.1028506,2015,Plastic deformation properties of Zr–Nb–Ti–Ta–Hf high-entropy alloys,S4,Hf79Zr127Ta307Ti177Nb307,1.65160260,1.65254818,2674.08926780,18.88594036,3.35523443,0.07900000,0.12700000,0.30800000,0.17800000,0.30800000,0.00000000,0.00000000,0.00000000,0.00000000,0.00000000,0.00000000,0.00000000,0.00000000,0.00000000,0.00000000,0.00012885,3.13430912,159.30624674,0.10505981,0.07436364,0.00077014,0.03588061,0.00007645,0.00518444,-0.03061972,0.02808702,0.15538556,0.17888382,118.58763773,4.61584754,1.50039117,0.12729854,153.23570712,46.72417252,124.91474423,0.35730191,2.58884855,2.67534403,0.97799599,3.64525777,0.56634403,1.04285285,0.14254764,1.69734804,10.42677971,0.03415675,0.10856621,0.30077487,0.34774270,0.02519286,0.00639369,0.07582637,0.01919246,0.21749797,0.08297001,0.25860107,0.09476686,13.57672809,5.24431146,7.99878855,4.72388492,0.78972664,2.11188102,0.07918852,9.60295985,0.13954284,1299.26804380,1.96662976,765.19945933
Hf79Zr127Ta307Ti177Nb307,BCC,CAST,,,1,473.15000000,650.00000000,,,,,122.00000000,10.1080/14786435.2015.1028506,2015,Plastic deformation properties of Zr–Nb–Ti–Ta–Hf high-entropy alloys,S4,Hf79Zr127Ta307Ti177Nb307,1.65160260,1.65254818,2674.08926780,18.88594036,3.35523443,0.07900000,0.12700000,0.30800000,0.17800000,0.30800000,0.00000000,0.00000000,0.00000000,0.00000000,0.00000000,0.00000000,0.00000000,0.00000000,0.00000000,0.00000000,0.00012885,3.13430912,159.30624674,0.10505981,0.07436364,0.00077014,0.03588061,0.00007645,0.00518444,-0.03061972,0.02808702,0.15538556,0.17888382,118.58763773,4.61584754,1.50039117,0.12729854,153.23570712,46.72417252,124.91474423,0.35730191,2.58884855,2.67534403,0.97799599,3.64525777,0.56634403,1.04285285,0.14254764,1.69734804,10.42677971,0.03415675,0.10856621,0.30077487,0.34774270,0.02519286,0.00639369,0.07582637,0.01919246,0.21749797,0.08297001,0.25860107,0.09476686,13.57672809,5.24431146,7.99878855,4.72388492,0.78972664,2.11188102,0.07918852,9.60295985,0.17693875,1299.26804380,1.96662976,673.60481555
Hf79Zr127Ta307Ti177Nb307,BCC,CAST,,,1,573.15000000,590.00000000,,,,,122.00000000,10.1080/14786435.2015.1028506,2015,Plastic deformation properties of Zr–Nb–Ti–Ta–Hf high-entropy alloys,S4,Hf79Zr127Ta307Ti177Nb307,1.65160260,1.65254818,2674.08926780,18.88594036,3.35523443,0.07900000,0.12700000,0.30800000,0.17800000,0.30800000,0.00000000,0.00000000,0.00000000,0.00000000,0.00000000,0.00000000,0.00000000,0.00000000,0.00000000,0.00000000,0.00012885,3.13430912,159.30624674,0.10505981,0.07436364,0.00077014,0.03588061,0.00007645,0.00518444,-0.03061972,0.02808702,0.15538556,0.17888382,118.58763773,4.61584754,1.50039117,0.12729854,153.23570712,46.72417252,124.91474423,0.35730191,2.58884855,2.67534403,0.97799599,3.64525777,0.56634403,1.04285285,0.14254764,1.69734804,10.42677971,0.03415675,0.10856621,0.30077487,0.34774270,0.02519286,0.00639369,0.07582637,0.01919246,0.21749797,0.08297001,0.25860107,0.09476686,13.57672809,5.24431146,7.99878855,4.72388492,0.78972664,2.11188102,0.07918852,9.60295985,0.21433465,1299.26804380,1.96662976,622.39211616
Hf90Zr181Ti363(NbV)181,BCC,CAST,,3.04192000,1,298.15000000,980.00000000,,50.00000000,,,101.00000000,10.1007/s40195-019-00921-3,2019,A Novel Series of Refractory High-Entropy Alloys Ti2ZrHf0.5VNbx with High Specific Yield Strength and Good Ductility,S4,Hf90Zr181Ti363(NbV)181,1.63481135,1.63862467,2217.03212851,18.28850838,3.31947519,0.09000000,0.18200000,0.36400000,0.18200000,0.18200000,0.00000000,0.00000000,0.00000000,0.00000000,0.00000000,0.00000000,0.00000000,0.00000000,0.00000000,0.00000000,0.00013054,3.09904933,138.05689506,0.22033517,0.16936371,0.02190580,0.05564663,0.01388239,0.00467517,-0.03708907,0.00331785,0.07783583,0.07144411,76.29300329,4.36345382,1.50740964,0.07451798,125.44377510,40.19076305,103.84337349,0.35177711,2.28595080,2.54790361,0.69244880,4.42802108,0.47939960,0.90255601,0.03633534,1.85545482,6.92716958,0.05643127,0.17012677,0.14372549,0.20814424,0.04322673,0.01178023,0.12744024,0.03496603,0.11602435,0.03693196,0.17535545,0.05406239,11.55383897,5.05428155,6.22695786,5.31478045,1.01479728,2.08535849,0.16343009,5.20076505,0.13448159,2000.17998590,2.19149132,1341.52674631
Hf90Zr181Ti363(NbV)181,BCC,CAST,,3.04192000,1,873.15000000,859.00000000,,50.00000000,,,101.00000000,10.1007/s40195-019-00921-3,2019,A Novel Series of Refractory High-Entropy Alloys Ti2ZrHf0.5VNbx with High Specific Yield Strength and Good Ductility,S4,Hf90Zr181Ti363(NbV)181,1.63481135,1.63862467,2217.03212851,18.28850838,3.31947519,0.09000000,0.18200000,0.36400000,0.18200000,0.18200000,0.00000000,0.00000000,0.00000000,0.00000000,0.00000000,0.00000000,0.00000000,0.00000000,0.00000000,0.00000000,0.00013054,3.09904933,138.05689506,0.22033517,0.16936371,0.02190580,0.05564663,0.01388239,0.00467517,-0.03708907,0.00331785,0.07783583,0.07144411,76.29300329,4.36345382,1.50740964,0.07451798,125.44377510,40.19076305,103.84337349,0.35177711,2.28595080,2.54790361,0.69244880,4.42802108,0.47939960,0.90255601,0.03633534,1.85545482,6.92716958,0.05643127,0.17012677,0.14372549,0.20814424,0.04322673,0.01178023,0.12744024,0.03496603,0.11602435,0.03693196,0.17535545,0.05406239,11.55383897,5.05428155,6.22695786,5.31478045,1.01479728,2.08535849,0.16343009,5.20076505,0.39383732,2000.17998590,2.19149132,731.29628163
Hf90Zr181Ti363(NbV)181,BCC,CAST,,3.04192000,1,1073.15000000,195.00000000,,50.00000000,,,101.00000000,10.1007/s40195-019-00921-3,2019,A Novel Series of Refractory High-Entropy Alloys Ti2ZrHf0.5VNbx with High Specific Yield Strength and Good Ductility,S4,Hf90Zr181Ti363(NbV)181,1.63481135,1.63862467,2217.03212851,18.28850838,3.31947519,0.09000000,0.18200000,0.36400000,0.18200000,0.18200000,0.00000000,0.00000000,0.00000000,0.00000000,0.00000000,0.00000000,0.00000000,0.00000000,0.00000000,0.00000000,0.00013054,3.09904933,138.05689506,0.22033517,0.16936371,0.02190580,0.05564663,0.01388239,0.00467517,-0.03708907,0.00331785,0.07783583,0.07144411,76.29300329,4.36345382,1.50740964,0.07451798,125.44377510,40.19076305,103.84337349,0.35177711,2.28595080,2.54790361,0.69244880,4.42802108,0.47939960,0.90255601,0.03633534,1.85545482,6.92716958,0.05643127,0.17012677,0.14372549,0.20814424,0.04322673,0.01178023,0.12744024,0.03496603,0.11602435,0.03693196,0.17535545,0.05406239,11.55383897,5.05428155,6.22695786,5.31478045,1.01479728,2.08535849,0.16343009,5.20076505,0.48404801,2000.17998590,2.19149132,580.76653012
HfTaTiNb,BCC,ANNEAL,,,1,293.15000000,847.00000000,,,,,119.00000000,10.1016/j.actamat.2019.06.006,2019,Solid-solution strengthening in refractory high entropy alloys,S4,HfTaTiNb,1.65334808,1.65429126,2621.75000000,18.93113725,3.35790883,0.25000000,0.25000000,0.25000000,0.25000000,0.00000000,0.00000000,0.00000000,0.00000000,0.00000000,0.00000000,0.00000000,0.00000000,0.00000000,0.00000000,0.00000000,0.00011946,3.13549725,160.56968890,0.12195304,0.07551190,-0.02334124,0.06527024,0.02293761,0.01882909,-0.02350353,0.01088541,0.11159919,0.12424881,125.05281500,4.50000000,1.48500000,0.10071378,146.75000000,44.75000000,121.25000000,0.35750000,2.52450000,2.64975000,0.87650000,4.11875000,0.55375000,1.07713100,0.08000000,1.77325000,10.96897791,0.03260191,0.10390768,0.30777002,0.32872860,0.02460951,0.00898460,0.07512697,0.02742919,0.21870031,0.07235221,0.23200785,0.07683842,13.01345370,5.15486382,7.33875861,4.78510158,0.91527778,2.11284047,0.05711984,4.79848758,0.11181463,1174.40305024,1.83419546,743.83902307
HfTaTiNb,BCC,ANNEAL,,,1,473.15000000,610.00000000,,,,,119.00000000,10.1016/j.actamat.2019.06.006,2019,Solid-solution strengthening in refractory high entropy alloys,S4,HfTaTiNb,1.65334808,1.65429126,2621.75000000,18.93113725,3.35790883,0.25000000,0.25000000,0.25000000,0.25000000,0.00000000,0.00000000,0.00000000,0.00000000,0.00000000,0.00000000,0.00000000,0.00000000,0.00000000,0.00000000,0.00000000,0.00011946,3.13549725,160.56968890,0.12195304,0.07551190,-0.02334124,0.06527024,0.02293761,0.01882909,-0.02350353,0.01088541,0.11159919,0.12424881,125.05281500,4.50000000,1.48500000,0.10071378,146.75000000,44.75000000,121.25000000,0.35750000,2.52450000,2.64975000,0.87650000,4.11875000,0.55375000,1.07713100,0.08000000,1.77325000,10.96897791,0.03260191,0.10390768,0.30777002,0.32872860,0.02460951,0.00898460,0.07512697,0.02742919,0.21870031,0.07235221,0.23200785,0.07683842,13.01345370,5.15486382,7.33875861,4.78510158,0.91527778,2.11284047,0.05711984,4.79848758,0.18047106,1174.40305024,1.83419546,612.20746264
HfTaTiNb,BCC,ANNEAL,,,1,873.15000000,473.00000000,,,,,119.00000000,10.1016/j.actamat.2019.06.006,2019,Solid-solution strengthening in refractory high entropy alloys,S4,HfTaTiNb,1.65334808,1.65429126,2621.75000000,18.93113725,3.35790883,0.25000000,0.25000000,0.25000000,0.25000000,0.00000000,0.00000000,0.00000000,0.00000000,0.00000000,0.00000000,0.00000000,0.00000000,0.00000000,0.00000000,0.00000000,0.00011946,3.13549725,160.56968890,0.12195304,0.07551190,-0.02334124,0.06527024,0.02293761,0.01882909,-0.02350353,0.01088541,0.11159919,0.12424881,125.05281500,4.50000000,1.48500000,0.10071378,146.75000000,44.75000000,121.25000000,0.35750000,2.52450000,2.64975000,0.87650000,4.11875000,0.55375000,1.07713100,0.08000000,1.77325000,10.96897791,0.03260191,0.10390768,0.30777002,0.32872860,0.02460951,0.00898460,0.07512697,0.02742919,0.21870031,0.07235221,0.23200785,0.07683842,13.01345370,5.15486382,7.33875861,4.78510158,0.91527778,2.11284047,0.05711984,4.79848758,0.33304091,1174.40305024,1.83419546,352.95543993
HfTaTiNbMo,BCC,CAST,,,1,298.15000000,1369.00000000,,27.00000000,,,155.00000000,10.3390/e21010015,2018,"Effects of Mo, Nb, Ta, Ti, and Zr on Mechanical Properties of Equiatomic Hf-Mo-Nb-Ta-Ti-Zr Alloys",S4,HfTaTiNbMo,1.63287314,1.63059560,2676.60000000,18.22820008,3.31582240,0.20000000,0.20000000,0.20000000,0.20000000,0.20000000,0.00000000,0.00000000,0.00000000,0.00000000,0.00000000,0.00000000,0.00000000,0.00000000,0.00000000,0.00000000,0.00013869,3.09012376,180.71553924,0.07362192,0.03646900,-0.06645961,0.00244900,-0.03463636,-0.03470392,-0.07178927,0.07469424,0.23341703,0.24231096,119.23025200,4.80000000,1.62000000,0.15872279,171.80000000,61.00000000,162.80000000,0.34800000,2.61960000,2.81060000,1.10920000,3.49248000,0.72800000,1.04221020,0.15200000,1.70140000,10.86155658,0.03901897,0.12162619,0.56977532,0.55543202,0.02916676,0.00879751,0.08759775,0.02656454,0.35563650,0.10025706,0.35664531,0.09822612,17.51667723,6.68677555,10.29544918,3.86071429,0.72760000,2.06748466,0.08854565,151.58009512,0.11139132,1918.49505439,2.63543829,1359.84517675
HfTaTiNbMo,BCC,CAST,,,1,1073.15000000,822.00000000,,,,,155.00000000,10.3390/e21010015,2018,"Effects of Mo, Nb, Ta, Ti, and Zr on Mechanical Properties of Equiatomic Hf-Mo-Nb-Ta-Ti-Zr Alloys",S4,HfTaTiNbMo,1.63287314,1.63059560,2676.60000000,18.22820008,3.31582240,0.20000000,0.20000000,0.20000000,0.20000000,0.20000000,0.00000000,0.00000000,0.00000000,0.00000000,0.00000000,0.00000000,0.00000000,0.00000000,0.00000000,0.00000000,0.00013869,3.09012376,180.71553924,0.07362192,0.03646900,-0.06645961,0.00244900,-0.03463636,-0.03470392,-0.07178927,0.07469424,0.23341703,0.24231096,119.23025200,4.80000000,1.62000000,0.15872279,171.80000000,61.00000000,162.80000000,0.34800000,2.61960000,2.81060000,1.10920000,3.49248000,0.72800000,1.04221020,0.15200000,1.70140000,10.86155658,0.03901897,0.12162619,0.56977532,0.55543202,0.02916676,0.00879751,0.08759775,0.02656454,0.35563650,0.10025706,0.35664531,0.09822612,17.51667723,6.68677555,10.29544918,3.86071429,0.72760000,2.06748466,0.08854565,151.58009512,0.40093776,1918.49505439,2.63543829,686.06254831
HfTaTiNbMo,BCC,CAST,,,1,1273.15000000,778.00000000,,,,,155.00000000,10.3390/e21010015,2018,"Effects of Mo, Nb, Ta, Ti, and Zr on Mechanical Properties of Equiatomic Hf-Mo-Nb-Ta-Ti-Zr Alloys",S4,HfTaTiNbMo,1.63287314,1.63059560,2676.60000000,18.22820008,3.31582240,0.20000000,0.20000000,0.20000000,0.20000000,0.20000000,0.00000000,0.00000000,0.00000000,0.00000000,0.00000000,0.00000000,0.00000000,0.00000000,0.00000000,0.00000000,0.00013869,3.09012376,180.71553924,0.07362192,0.03646900,-0.06645961,0.00244900,-0.03463636,-0.03470392,-0.07178927,0.07469424,0.23341703,0.24231096,119.23025200,4.80000000,1.62000000,0.15872279,171.80000000,61.00000000,162.80000000,0.34800000,2.61960000,2.81060000,1.10920000,3.49248000,0.72800000,1.04221020,0.15200000,1.70140000,10.86155658,0.03901897,0.12162619,0.56977532,0.55543202,0.02916676,0.00879751,0.08759775,0.02656454,0.35563650,0.10025706,0.35664531,0.09822612,17.51667723,6.68677555,10.29544918,3.86071429,0.72760000,2.06748466,0.08854565,151.58009512,0.47565942,1918.49505439,2.63543829,566.41229065
HfTaTiNbMo,BCC,CAST,,,1,1473.15000000,699.00000000,,,,,155.00000000,10.3390/e21010015,2018,"Effects of Mo, Nb, Ta, Ti, and Zr on Mechanical Properties of Equiatomic Hf-Mo-Nb-Ta-Ti-Zr Alloys",S4,HfTaTiNbMo,1.63287314,1.63059560,2676.60000000,18.22820008,3.31582240,0.20000000,0.20000000,0.20000000,0.20000000,0.20000000,0.00000000,0.00000000,0.00000000,0.00000000,0.00000000,0.00000000,0.00000000,0.00000000,0.00000000,0.00000000,0.00013869,3.09012376,180.71553924,0.07362192,0.03646900,-0.06645961,0.00244900,-0.03463636,-0.03470392,-0.07178927,0.07469424,0.23341703,0.24231096,119.23025200,4.80000000,1.62000000,0.15872279,171.80000000,61.00000000,162.80000000,0.34800000,2.61960000,2.81060000,1.10920000,3.49248000,0.72800000,1.04221020,0.15200000,1.70140000,10.86155658,0.03901897,0.12162619,0.56977532,0.55543202,0.02916676,0.00879751,0.08759775,0.02656454,0.35563650,0.10025706,0.35664531,0.09822612,17.51667723,6.68677555,10.29544918,3.86071429,0.72760000,2.06748466,0.08854565,151.58009512,0.55038108,1918.49505439,2.63543829,467.62920348
HfTaTiNbMo,BCC,CAST,,,1,1673.15000000,367.00000000,,,,,155.00000000,10.3390/e21010015,2018,"Effects of Mo, Nb, Ta, Ti, and Zr on Mechanical Properties of Equiatomic Hf-Mo-Nb-Ta-Ti-Zr Alloys",S4,HfTaTiNbMo,1.63287314,1.63059560,2676.60000000,18.22820008,3.31582240,0.20000000,0.20000000,0.20000000,0.20000000,0.20000000,0.00000000,0.00000000,0.00000000,0.00000000,0.00000000,0.00000000,0.00000000,0.00000000,0.00000000,0.00000000,0.00013869,3.09012376,180.71553924,0.07362192,0.03646900,-0.06645961,0.00244900,-0.03463636,-0.03470392,-0.07178927,0.07469424,0.23341703,0.24231096,119.23025200,4.80000000,1.62000000,0.15872279,171.80000000,61.00000000,162.80000000,0.34800000,2.61960000,2.81060000,1.10920000,3.49248000,0.72800000,1.04221020,0.15200000,1.70140000,10.86155658,0.03901897,0.12162619,0.56977532,0.55543202,0.02916676,0.00879751,0.08759775,0.02656454,0.35563650,0.10025706,0.35664531,0.09822612,17.51667723,6.68677555,10.29544918,3.86071429,0.72760000,2.06748466,0.08854565,151.58009512,0.62510274,1918.49505439,2.63543829,386.07402338
HfZr2(Ti2V)2,BCC,CAST,,3.31534000,1,298.15000000,1160.00000000,,50.00000000,,,100.00000000,10.1007/s40195-019-00921-3,2019,A Novel Series of Refractory High-Entropy Alloys Ti2ZrHf0.5VNbx with High Specific Yield Strength and Good Ductility,S4,HfZr2(Ti2V)2,1.63701461,1.64122426,2099.11111111,18.36121387,3.32386820,0.11100000,0.22200000,0.44400000,0.22200000,0.00000000,0.00000000,0.00000000,0.00000000,0.00000000,0.00000000,0.00000000,0.00000000,0.00000000,0.00000000,0.00000000,0.00010968,3.10310100,129.57520271,0.26980979,0.20752275,0.02453994,0.07486214,0.03169002,0.01257510,-0.03059701,-0.00227026,0.03460376,0.00775991,72.69877778,4.22222222,1.48666667,0.03687402,115.55555556,40.66666667,103.55555556,0.34111111,2.20411111,2.51733333,0.57322222,4.91088889,0.43622222,0.98245467,-0.02222222,1.94411111,6.57468748,0.06225389,0.18699782,0.15465543,0.23077900,0.04831606,0.01587767,0.14222839,0.04711839,0.12733983,0.04678038,0.19522336,0.07199446,11.70612083,5.31103935,6.02132294,5.77075904,1.16310526,2.03541315,0.21367135,3.07532346,0.14203631,2222.77613730,2.33309458,1520.74708150
HfZr2(Ti2V)2,BCC,CAST,,3.31534000,1,873.15000000,405.00000000,,50.00000000,,,100.00000000,10.1007/s40195-019-00921-3,2019,A Novel Series of Refractory High-Entropy Alloys Ti2ZrHf0.5VNbx with High Specific Yield Strength and Good Ductility,S4,HfZr2(Ti2V)2,1.63701461,1.64122426,2099.11111111,18.36121387,3.32386820,0.11100000,0.22200000,0.44400000,0.22200000,0.00000000,0.00000000,0.00000000,0.00000000,0.00000000,0.00000000,0.00000000,0.00000000,0.00000000,0.00000000,0.00000000,0.00010968,3.10310100,129.57520271,0.26980979,0.20752275,0.02453994,0.07486214,0.03169002,0.01257510,-0.03059701,-0.00227026,0.03460376,0.00775991,72.69877778,4.22222222,1.48666667,0.03687402,115.55555556,40.66666667,103.55555556,0.34111111,2.20411111,2.51733333,0.57322222,4.91088889,0.43622222,0.98245467,-0.02222222,1.94411111,6.57468748,0.06225389,0.18699782,0.15465543,0.23077900,0.04831606,0.01587767,0.14222839,0.04711839,0.12733983,0.04678038,0.19522336,0.07199446,11.70612083,5.31103935,6.02132294,5.77075904,1.16310526,2.03541315,0.21367135,3.07532346,0.41596178,2222.77613730,2.33309458,863.85633275
HfZr2(Ti2V)2,BCC,CAST,,3.31534000,1,1073.15000000,85.00000000,,50.00000000,,,100.00000000,10.1007/s40195-019-00921-3,2019,A Novel Series of Refractory High-Entropy Alloys Ti2ZrHf0.5VNbx with High Specific Yield Strength and Good Ductility,S4,HfZr2(Ti2V)2,1.63701461,1.64122426,2099.11111111,18.36121387,3.32386820,0.11100000,0.22200000,0.44400000,0.22200000,0.00000000,0.00000000,0.00000000,0.00000000,0.00000000,0.00000000,0.00000000,0.00000000,0.00000000,0.00000000,0.00000000,0.00010968,3.10310100,129.57520271,0.26980979,0.20752275,0.02453994,0.07486214,0.03169002,0.01257510,-0.03059701,-0.00227026,0.03460376,0.00775991,72.69877778,4.22222222,1.48666667,0.03687402,115.55555556,40.66666667,103.55555556,0.34111111,2.20411111,2.51733333,0.57322222,4.91088889,0.43622222,0.98245467,-0.02222222,1.94411111,6.57468748,0.06225389,0.18699782,0.15465543,0.23077900,0.04831606,0.01587767,0.14222839,0.04711839,0.12733983,0.04678038,0.19522336,0.07199446,11.70612083,5.31103935,6.02132294,5.77075904,1.16310526,2.03541315,0.21367135,3.07532346,0.51124021,2222.77613730,2.33309458,695.70422190
HfZr2Ti4NbV2,BCC,CAST,,3.16050000,1,298.15000000,1065.00000000,,50.00000000,,,100.00000000,10.1007/s40195-019-00921-3,2019,A Novel Series of Refractory High-Entropy Alloys Ti2ZrHf0.5VNbx with High Specific Yield Strength and Good Ductility,S4,HfZr2Ti4NbV2,1.63584532,1.63966499,2164.20000000,18.32259403,3.32153616,0.10000000,0.20000000,0.40000000,0.10000000,0.20000000,0.00000000,0.00000000,0.00000000,0.00000000,0.00000000,0.00000000,0.00000000,0.00000000,0.00000000,0.00000000,0.00012674,3.09947496,134.26016355,0.23425392,0.17819559,0.02254235,0.06451750,0.02278746,0.00845917,-0.03327087,-0.00233956,0.05528094,0.04279618,74.71953800,4.30000000,1.49800000,0.05762050,121.00000000,40.40000000,103.70000000,0.34700000,2.24920000,2.53410000,0.63890000,4.64540000,0.46000000,0.93841480,0.01000000,1.89520000,6.77168289,0.05914802,0.17801382,0.14900908,0.21867116,0.04559515,0.01356318,0.13433282,0.04025457,0.12141053,0.04127667,0.18462261,0.06187667,11.62120017,5.16681494,6.13191229,5.50891304,1.08032558,2.06278714,0.17059163,4.25156480,0.13776453,2105.05701439,2.25825707,1425.59914066
HfZr2Ti4NbV2,BCC,CAST,,3.16050000,1,873.15000000,718.00000000,,50.00000000,,,100.00000000,10.1007/s40195-019-00921-3,2019,A Novel Series of Refractory High-Entropy Alloys Ti2ZrHf0.5VNbx with High Specific Yield Strength and Good Ductility,S4,HfZr2Ti4NbV2,1.63584532,1.63966499,2164.20000000,18.32259403,3.32153616,0.10000000,0.20000000,0.40000000,0.10000000,0.20000000,0.00000000,0.00000000,0.00000000,0.00000000,0.00000000,0.00000000,0.00000000,0.00000000,0.00000000,0.00000000,0.00012674,3.09947496,134.26016355,0.23425392,0.17819559,0.02254235,0.06451750,0.02278746,0.00845917,-0.03327087,-0.00233956,0.05528094,0.04279618,74.71953800,4.30000000,1.49800000,0.05762050,121.00000000,40.40000000,103.70000000,0.34700000,2.24920000,2.53410000,0.63890000,4.64540000,0.46000000,0.93841480,0.01000000,1.89520000,6.77168289,0.05914802,0.17801382,0.14900908,0.21867116,0.04559515,0.01356318,0.13433282,0.04025457,0.12141053,0.04127667,0.18462261,0.06187667,11.62120017,5.16681494,6.13191229,5.50891304,1.08032558,2.06278714,0.17059163,4.25156480,0.40345162,2105.05701439,2.25825707,792.87990439
HfZr2Ti4NbV2,BCC,CAST,,3.16050000,1,1073.15000000,135.00000000,,50.00000000,,,100.00000000,10.1007/s40195-019-00921-3,2019,A Novel Series of Refractory High-Entropy Alloys Ti2ZrHf0.5VNbx with High Specific Yield Strength and Good Ductility,S4,HfZr2Ti4NbV2,1.63584532,1.63966499,2164.20000000,18.32259403,3.32153616,0.10000000,0.20000000,0.40000000,0.10000000,0.20000000,0.00000000,0.00000000,0.00000000,0.00000000,0.00000000,0.00000000,0.00000000,0.00000000,0.00000000,0.00000000,0.00012674,3.09947496,134.26016355,0.23425392,0.17819559,0.02254235,0.06451750,0.02278746,0.00845917,-0.03327087,-0.00233956,0.05528094,0.04279618,74.71953800,4.30000000,1.49800000,0.05762050,121.00000000,40.40000000,103.70000000,0.34700000,2.24920000,2.53410000,0.63890000,4.64540000,0.46000000,0.93841480,0.01000000,1.89520000,6.77168289,0.05914802,0.17801382,0.14900908,0.21867116,0.04559515,0.01356318,0.13433282,0.04025457,0.12141053,0.04127667,0.18462261,0.06187667,11.62120017,5.16681494,6.13191229,5.50891304,1.08032558,2.06278714,0.17059163,4.25156480,0.49586452,2105.05701439,2.25825707,633.97897550
HfZrTaNbMo,BCC,CAST,,,1,298.15000000,1524.00000000,,16.00000000,,,141.00000000,10.3390/e21010015,2018,"Effects of Mo, Nb, Ta, Ti, and Zr on Mechanical Properties of Equiatomic Hf-Mo-Nb-Ta-Ti-Zr Alloys",S4,HfZrTaNbMo,1.66411807,1.65990718,2714.00000000,19.29290418,3.37916346,0.20000000,0.20000000,0.20000000,0.20000000,0.20000000,0.00000000,0.00000000,0.00000000,0.00000000,0.00000000,0.00000000,0.00000000,0.00000000,0.00000000,0.00000000,0.00013869,3.14287968,177.37065726,0.09007462,0.05799288,-0.03122316,0.02170854,-0.01462408,-0.01037321,-0.04670582,0.05648054,0.22109894,0.24546232,127.90165200,4.80000000,1.57800000,0.16461840,168.60000000,58.80000000,153.00000000,0.35200000,2.59960000,2.72960000,1.09900000,3.41088000,0.69900000,0.97663320,0.15600000,1.63060000,11.00849477,0.04997143,0.15073003,0.61369820,0.63630732,0.03887470,0.00963185,0.11594333,0.02845751,0.37653403,0.10563930,0.40869708,0.10844692,17.20747546,6.61927814,10.55284892,3.90500715,0.71060000,2.08641975,0.14488578,17.33909104,0.10985630,2491.82536818,3.12110858,1843.60011908
HfZrTaNbMo,BCC,CAST,,,1,1073.15000000,1005.00000000,,,,,141.00000000,10.3390/e21010015,2018,"Effects of Mo, Nb, Ta, Ti, and Zr on Mechanical Properties of Equiatomic Hf-Mo-Nb-Ta-Ti-Zr Alloys",S4,HfZrTaNbMo,1.66411807,1.65990718,2714.00000000,19.29290418,3.37916346,0.20000000,0.20000000,0.20000000,0.20000000,0.20000000,0.00000000,0.00000000,0.00000000,0.00000000,0.00000000,0.00000000,0.00000000,0.00000000,0.00000000,0.00000000,0.00013869,3.14287968,177.37065726,0.09007462,0.05799288,-0.03122316,0.02170854,-0.01462408,-0.01037321,-0.04670582,0.05648054,0.22109894,0.24546232,127.90165200,4.80000000,1.57800000,0.16461840,168.60000000,58.80000000,153.00000000,0.35200000,2.59960000,2.72960000,1.09900000,3.41088000,0.69900000,0.97663320,0.15600000,1.63060000,11.00849477,0.04997143,0.15073003,0.61369820,0.63630732,0.03887470,0.00963185,0.11594333,0.02845751,0.37653403,0.10563930,0.40869708,0.10844692,17.20747546,6.61927814,10.55284892,3.90500715,0.71060000,2.08641975,0.14488578,17.33909104,0.39541268,2491.82536818,3.12110858,1045.71854557
HfZrTaNbMo,BCC,CAST,,,1,1273.15000000,927.00000000,,,,,141.00000000,10.3390/e21010015,2018,"Effects of Mo, Nb, Ta, Ti, and Zr on Mechanical Properties of Equiatomic Hf-Mo-Nb-Ta-Ti-Zr Alloys",S4,HfZrTaNbMo,1.66411807,1.65990718,2714.00000000,19.29290418,3.37916346,0.20000000,0.20000000,0.20000000,0.20000000,0.20000000,0.00000000,0.00000000,0.00000000,0.00000000,0.00000000,0.00000000,0.00000000,0.00000000,0.00000000,0.00000000,0.00013869,3.14287968,177.37065726,0.09007462,0.05799288,-0.03122316,0.02170854,-0.01462408,-0.01037321,-0.04670582,0.05648054,0.22109894,0.24546232,127.90165200,4.80000000,1.57800000,0.16461840,168.60000000,58.80000000,153.00000000,0.35200000,2.59960000,2.72960000,1.09900000,3.41088000,0.69900000,0.97663320,0.15600000,1.63060000,11.00849477,0.04997143,0.15073003,0.61369820,0.63630732,0.03887470,0.00963185,0.11594333,0.02845751,0.37653403,0.10563930,0.40869708,0.10844692,17.20747546,6.61927814,10.55284892,3.90500715,0.71060000,2.08641975,0.14488578,17.33909104,0.46910464,2491.82536818,3.12110858,889.47798753
HfZrTaNbMo,BCC,CAST,,,1,1473.15000000,694.00000000,,,,,141.00000000,10.3390/e21010015,2018,"Effects of Mo, Nb, Ta, Ti, and Zr on Mechanical Properties of Equiatomic Hf-Mo-Nb-Ta-Ti-Zr Alloys",S4,HfZrTaNbMo,1.66411807,1.65990718,2714.00000000,19.29290418,3.37916346,0.20000000,0.20000000,0.20000000,0.20000000,0.20000000,0.00000000,0.00000000,0.00000000,0.00000000,0.00000000,0.00000000,0.00000000,0.00000000,0.00000000,0.00000000,0.00013869,3.14287968,177.37065726,0.09007462,0.05799288,-0.03122316,0.02170854,-0.01462408,-0.01037321,-0.04670582,0.05648054,0.22109894,0.24546232,127.90165200,4.80000000,1.57800000,0.16461840,168.60000000,58.80000000,153.00000000,0.35200000,2.59960000,2.72960000,1.09900000,3.41088000,0.69900000,0.97663320,0.15600000,1.63060000,11.00849477,0.04997143,0.15073003,0.61369820,0.63630732,0.03887470,0.00963185,0.11594333,0.02845751,0.37653403,0.10563930,0.40869708,0.10844692,17.20747546,6.61927814,10.55284892,3.90500715,0.71060000,2.08641975,0.14488578,17.33909104,0.54279661,2491.82536818,3.12110858,756.58129394
HfZrTaNbMo,BCC,CAST,,,1,1673.15000000,278.00000000,,,,,141.00000000,10.3390/e21010015,2018,"Effects of Mo, Nb, Ta, Ti, and Zr on Mechanical Properties of Equiatomic Hf-Mo-Nb-Ta-Ti-Zr Alloys",S4,HfZrTaNbMo,1.66411807,1.65990718,2714.00000000,19.29290418,3.37916346,0.20000000,0.20000000,0.20000000,0.20000000,0.20000000,0.00000000,0.00000000,0.00000000,0.00000000,0.00000000,0.00000000,0.00000000,0.00000000,0.00000000,0.00000000,0.00013869,3.14287968,177.37065726,0.09007462,0.05799288,-0.03122316,0.02170854,-0.01462408,-0.01037321,-0.04670582,0.05648054,0.22109894,0.24546232,127.90165200,4.80000000,1.57800000,0.16461840,168.60000000,58.80000000,153.00000000,0.35200000,2.59960000,2.72960000,1.09900000,3.41088000,0.69900000,0.97663320,0.15600000,1.63060000,11.00849477,0.04997143,0.15073003,0.61369820,0.63630732,0.03887470,0.00963185,0.11594333,0.02845751,0.37653403,0.10563930,0.40869708,0.10844692,17.20747546,6.61927814,10.55284892,3.90500715,0.71060000,2.08641975,0.14488578,17.33909104,0.61648858,2491.82536818,3.12110858,643.54066358
HfZrTaTiMo,BCC,CAST,,,1,298.15000000,1600.00000000,,4.00000000,,,143.00000000,10.3390/e21010015,2018,"Effects of Mo, Nb, Ta, Ti, and Zr on Mechanical Properties of Equiatomic Hf-Mo-Nb-Ta-Ti-Zr Alloys",S4,HfZrTaTiMo,1.66200028,1.65648758,2552.20000000,19.22602376,3.37525423,0.20000000,0.20000000,0.20000000,0.20000000,0.20000000,0.00000000,0.00000000,0.00000000,0.00000000,0.00000000,0.00000000,0.00000000,0.00000000,0.00000000,0.00000000,0.00013869,3.13830819,164.38295936,0.12991549,0.08081252,-0.04597909,0.05807388,0.01842665,0.00897092,-0.03067631,0.02092263,0.12908237,0.15984571,118.89377600,4.60000000,1.56600000,0.10815974,156.00000000,60.00000000,155.20000000,0.33600000,2.48860000,2.69580000,0.92600000,3.96548000,0.64320000,1.09743540,0.07600000,1.76980000,10.26878449,0.05071719,0.15323532,0.59113826,0.62090673,0.03939552,0.00956216,0.11764321,0.02823000,0.36955041,0.10295708,0.40604176,0.10669234,17.53833544,7.04747064,9.90978384,4.19123134,0.86206087,2.01204819,0.14664389,6.09510122,0.11682078,2476.39130743,3.13212107,1833.69199463
HfZrTaTiMo,BCC,CAST,,,1,1073.15000000,1045.00000000,,,,,143.00000000,10.3390/e21010015,2018,"Effects of Mo, Nb, Ta, Ti, and Zr on Mechanical Properties of Equiatomic Hf-Mo-Nb-Ta-Ti-Zr Alloys",S4,HfZrTaTiMo,1.66200028,1.65648758,2552.20000000,19.22602376,3.37525423,0.20000000,0.20000000,0.20000000,0.20000000,0.20000000,0.00000000,0.00000000,0.00000000,0.00000000,0.00000000,0.00000000,0.00000000,0.00000000,0.00000000,0.00000000,0.00013869,3.13830819,164.38295936,0.12991549,0.08081252,-0.04597909,0.05807388,0.01842665,0.00897092,-0.03067631,0.02092263,0.12908237,0.15984571,118.89377600,4.60000000,1.56600000,0.10815974,156.00000000,60.00000000,155.20000000,0.33600000,2.48860000,2.69580000,0.92600000,3.96548000,0.64320000,1.09743540,0.07600000,1.76980000,10.26878449,0.05071719,0.15323532,0.59113826,0.62090673,0.03939552,0.00956216,0.11764321,0.02823000,0.36955041,0.10295708,0.40604176,0.10669234,17.53833544,7.04747064,9.90978384,4.19123134,0.86206087,2.01204819,0.14664389,6.09510122,0.42048037,2476.39130743,3.13212107,1042.41911380
HfZrTaTiMo,BCC,CAST,,,1,1273.15000000,855.00000000,,,,,143.00000000,10.3390/e21010015,2018,"Effects of Mo, Nb, Ta, Ti, and Zr on Mechanical Properties of Equiatomic Hf-Mo-Nb-Ta-Ti-Zr Alloys",S4,HfZrTaTiMo,1.66200028,1.65648758,2552.20000000,19.22602376,3.37525423,0.20000000,0.20000000,0.20000000,0.20000000,0.20000000,0.00000000,0.00000000,0.00000000,0.00000000,0.00000000,0.00000000,0.00000000,0.00000000,0.00000000,0.00000000,0.00013869,3.13830819,164.38295936,0.12991549,0.08081252,-0.04597909,0.05807388,0.01842665,0.00897092,-0.03067631,0.02092263,0.12908237,0.15984571,118.89377600,4.60000000,1.56600000,0.10815974,156.00000000,60.00000000,155.20000000,0.33600000,2.48860000,2.69580000,0.92600000,3.96548000,0.64320000,1.09743540,0.07600000,1.76980000,10.26878449,0.05071719,0.15323532,0.59113826,0.62090673,0.03939552,0.00956216,0.11764321,0.02823000,0.36955041,0.10295708,0.40604176,0.10669234,17.53833544,7.04747064,9.90978384,4.19123134,0.86206087,2.01204819,0.14664389,6.09510122,0.49884413,2476.39130743,3.13212107,887.17615921
HfZrTaTiMo,BCC,CAST,,,1,1473.15000000,404.00000000,,,,,143.00000000,10.3390/e21010015,2018,"Effects of Mo, Nb, Ta, Ti, and Zr on Mechanical Properties of Equiatomic Hf-Mo-Nb-Ta-Ti-Zr Alloys",S4,HfZrTaTiMo,1.66200028,1.65648758,2552.20000000,19.22602376,3.37525423,0.20000000,0.20000000,0.20000000,0.20000000,0.20000000,0.00000000,0.00000000,0.00000000,0.00000000,0.00000000,0.00000000,0.00000000,0.00000000,0.00000000,0.00000000,0.00013869,3.13830819,164.38295936,0.12991549,0.08081252,-0.04597909,0.05807388,0.01842665,0.00897092,-0.03067631,0.02092263,0.12908237,0.15984571,118.89377600,4.60000000,1.56600000,0.10815974,156.00000000,60.00000000,155.20000000,0.33600000,2.48860000,2.69580000,0.92600000,3.96548000,0.64320000,1.09743540,0.07600000,1.76980000,10.26878449,0.05071719,0.15323532,0.59113826,0.62090673,0.03939552,0.00956216,0.11764321,0.02823000,0.36955041,0.10295708,0.40604176,0.10669234,17.53833544,7.04747064,9.90978384,4.19123134,0.86206087,2.01204819,0.14664389,6.09510122,0.57720790,2476.39130743,3.13212107,755.05286410
HfZrTaTiNb,BCC,CAST,,,1,298.15000000,956.83333333,,,,,107.00000000,10.1016/j.matchar.2015.11.018,2016,Mechanical behavior and microstructure of Ti20Hf20Zr20Ta20Nb20 high-entropy alloy loaded under quasi-static and dynamic compression conditions,S4,HfZrTaTiNb,1.67686993,1.67773632,2523.00000000,19.75393464,3.40586845,0.20000000,0.20000000,0.20000000,0.20000000,0.20000000,0.00000000,0.00000000,0.00000000,0.00000000,0.00000000,0.00000000,0.00000000,0.00000000,0.00000000,0.00000000,0.00013869,3.17523461,147.40813347,0.13576187,0.08665891,-0.00835625,0.07318701,0.03022910,0.02408404,-0.01887386,-0.01449557,0.06438016,0.08982691,118.28705200,4.40000000,1.45400000,0.07887573,135.60000000,42.40000000,110.40000000,0.35400000,2.41960000,2.54200000,0.76400000,4.21920000,0.49300000,1.02534120,0.04800000,1.77800000,9.94335602,0.04023782,0.12419667,0.31096320,0.37803765,0.03151117,0.00769545,0.09503376,0.02299041,0.20925790,0.06205392,0.26052880,0.07254599,12.50617086,5.16869353,7.03384188,5.15618661,0.95890909,2.09597523,0.08124698,4.78112767,0.11817281,1396.47226281,2.03149849,912.78026358
HfZrTaTiNb,BCC,OTHER,,,1,673.15000000,790.00000000,,50.00000000,,,107.00000000,10.1007/s10853-012-6260-2,2012,Microstructure and elevated temperature properties of a refractory TaNbHfZrTi alloy,S4,HfZrTaTiNb,1.67686993,1.67773632,2523.00000000,19.75393464,3.40586845,0.20000000,0.20000000,0.20000000,0.20000000,0.20000000,0.00000000,0.00000000,0.00000000,0.00000000,0.00000000,0.00000000,0.00000000,0.00000000,0.00000000,0.00000000,0.00013869,3.17523461,147.40813347,0.13576187,0.08665891,-0.00835625,0.07318701,0.03022910,0.02408404,-0.01887386,-0.01449557,0.06438016,0.08982691,118.28705200,4.40000000,1.45400000,0.07887573,135.60000000,42.40000000,110.40000000,0.35400000,2.41960000,2.54200000,0.76400000,4.21920000,0.49300000,1.02534120,0.04800000,1.77800000,9.94335602,0.04023782,0.12419667,0.31096320,0.37803765,0.03151117,0.00769545,0.09503376,0.02299041,0.20925790,0.06205392,0.26052880,0.07254599,12.50617086,5.16869353,7.03384188,5.15618661,0.95890909,2.09597523,0.08124698,4.78112767,0.26680539,1396.47226281,2.03149849,604.80689457
HfZrTaTiNb,BCC,OTHER,,,1,873.15000000,675.00000000,,50.00000000,,,107.00000000,10.1007/s10853-012-6260-2,2012,Microstructure and elevated temperature properties of a refractory TaNbHfZrTi alloy,S4,HfZrTaTiNb,1.67686993,1.67773632,2523.00000000,19.75393464,3.40586845,0.20000000,0.20000000,0.20000000,0.20000000,0.20000000,0.00000000,0.00000000,0.00000000,0.00000000,0.00000000,0.00000000,0.00000000,0.00000000,0.00000000,0.00000000,0.00013869,3.17523461,147.40813347,0.13576187,0.08665891,-0.00835625,0.07318701,0.03022910,0.02408404,-0.01887386,-0.01449557,0.06438016,0.08982691,118.28705200,4.40000000,1.45400000,0.07887573,135.60000000,42.40000000,110.40000000,0.35400000,2.41960000,2.54200000,0.76400000,4.21920000,0.49300000,1.02534120,0.04800000,1.77800000,9.94335602,0.04023782,0.12419667,0.31096320,0.37803765,0.03151117,0.00769545,0.09503376,0.02299041,0.20925790,0.06205392,0.26052880,0.07254599,12.50617086,5.16869353,7.03384188,5.15618661,0.95890909,2.09597523,0.08124698,4.78112767,0.34607610,1396.47226281,2.03149849,471.67418998
HfZrTaTiNb,BCC,OTHER,,,1,1073.15000000,535.00000000,,50.00000000,,,107.00000000,10.1007/s10853-012-6260-2,2012,Microstructure and elevated temperature properties of a refractory TaNbHfZrTi alloy,S4,HfZrTaTiNb,1.67686993,1.67773632,2523.00000000,19.75393464,3.40586845,0.20000000,0.20000000,0.20000000,0.20000000,0.20000000,0.00000000,0.00000000,0.00000000,0.00000000,0.00000000,0.00000000,0.00000000,0.00000000,0.00000000,0.00000000,0.00013869,3.17523461,147.40813347,0.13576187,0.08665891,-0.00835625,0.07318701,0.03022910,0.02408404,-0.01887386,-0.01449557,0.06438016,0.08982691,118.28705200,4.40000000,1.45400000,0.07887573,135.60000000,42.40000000,110.40000000,0.35400000,2.41960000,2.54200000,0.76400000,4.21920000,0.49300000,1.02534120,0.04800000,1.77800000,9.94335602,0.04023782,0.12419667,0.31096320,0.37803765,0.03151117,0.00769545,0.09503376,0.02299041,0.20925790,0.06205392,0.26052880,0.07254599,12.50617086,5.16869353,7.03384188,5.15618661,0.95890909,2.09597523,0.08124698,4.78112767,0.42534681,1396.47226281,2.03149849,367.84723106
HfZrTaTiNb,BCC,OTHER,,,1,1273.15000000,295.00000000,,,,,107.00000000,10.1016/j.actamat.2019.06.032,2019,High temperature strength of refractory complex concentrated alloys,S4,HfZrTaTiNb,1.67686993,1.67773632,2523.00000000,19.75393464,3.40586845,0.20000000,0.20000000,0.20000000,0.20000000,0.20000000,0.00000000,0.00000000,0.00000000,0.00000000,0.00000000,0.00000000,0.00000000,0.00000000,0.00000000,0.00000000,0.00013869,3.17523461,147.40813347,0.13576187,0.08665891,-0.00835625,0.07318701,0.03022910,0.02408404,-0.01887386,-0.01449557,0.06438016,0.08982691,118.28705200,4.40000000,1.45400000,0.07887573,135.60000000,42.40000000,110.40000000,0.35400000,2.41960000,2.54200000,0.76400000,4.21920000,0.49300000,1.02534120,0.04800000,1.77800000,9.94335602,0.04023782,0.12419667,0.31096320,0.37803765,0.03151117,0.00769545,0.09503376,0.02299041,0.20925790,0.06205392,0.26052880,0.07254599,12.50617086,5.16869353,7.03384188,5.15618661,0.95890909,2.09597523,0.08124698,4.78112767,0.50461752,1396.47226281,2.03149849,286.87511056
HfZrTaTiNb,BCC,OTHER,,,1,1473.15000000,92.00000000,,,,,107.00000000,10.1016/j.actamat.2019.06.032,2019,High temperature strength of refractory complex concentrated alloys,S4,HfZrTaTiNb,1.67686993,1.67773632,2523.00000000,19.75393464,3.40586845,0.20000000,0.20000000,0.20000000,0.20000000,0.20000000,0.00000000,0.00000000,0.00000000,0.00000000,0.00000000,0.00000000,0.00000000,0.00000000,0.00000000,0.00000000,0.00013869,3.17523461,147.40813347,0.13576187,0.08665891,-0.00835625,0.07318701,0.03022910,0.02408404,-0.01887386,-0.01449557,0.06438016,0.08982691,118.28705200,4.40000000,1.45400000,0.07887573,135.60000000,42.40000000,110.40000000,0.35400000,2.41960000,2.54200000,0.76400000,4.21920000,0.49300000,1.02534120,0.04800000,1.77800000,9.94335602,0.04023782,0.12419667,0.31096320,0.37803765,0.03151117,0.00769545,0.09503376,0.02299041,0.20925790,0.06205392,0.26052880,0.07254599,12.50617086,5.16869353,7.03384188,5.15618661,0.95890909,2.09597523,0.08124698,4.78112767,0.58388823,1396.47226281,2.03149849,223.72692278
HfZrTaTiNbMo,BCC,CAST,,,1,298.15000000,1512.00000000,,12.00000000,,,137.00000000,10.3390/e21010015,2018,"Effects of Mo, Nb, Ta, Ti, and Zr on Mechanical Properties of Equiatomic Hf-Mo-Nb-Ta-Ti-Zr Alloys",S4,HfZrTaTiNbMo,1.65588717,1.65183047,2585.16666667,19.01403737,3.36280316,0.16700000,0.16700000,0.16700000,0.16700000,0.16700000,0.16700000,0.00000000,0.00000000,0.00000000,0.00000000,0.00000000,0.00000000,0.00000000,0.00000000,0.00000000,0.00015454,3.13022485,166.38993465,0.10607677,0.06515763,-0.03824285,0.03222071,-0.00668414,-0.00869843,-0.04760328,0.03662565,0.16748190,0.19294543,114.56254333,4.66666667,1.57166667,0.13085625,158.33333333,56.33333333,146.83333333,0.34666667,2.51633333,2.69400000,0.97666667,3.68056667,0.64833333,1.00487217,0.11333333,1.71733333,10.00501392,0.04713014,0.14403688,0.59289823,0.61250352,0.03619492,0.00777022,0.10813385,0.02306140,0.34470306,0.08843871,0.37475504,0.09026853,16.40580434,6.51972619,9.55306930,4.15526992,0.78869286,2.06122449,0.11810094,12.39907220,0.11533106,2210.90007601,2.83599480,1597.82581121
HfZrTaTiNbMo,BCC,CAST,,,1,1073.15000000,1007.00000000,,,,,137.00000000,10.3390/e21010015,2018,"Effects of Mo, Nb, Ta, Ti, and Zr on Mechanical Properties of Equiatomic Hf-Mo-Nb-Ta-Ti-Zr Alloys",S4,HfZrTaTiNbMo,1.65588717,1.65183047,2585.16666667,19.01403737,3.36280316,0.16700000,0.16700000,0.16700000,0.16700000,0.16700000,0.16700000,0.00000000,0.00000000,0.00000000,0.00000000,0.00000000,0.00000000,0.00000000,0.00000000,0.00000000,0.00015454,3.13022485,166.38993465,0.10607677,0.06515763,-0.03824285,0.03222071,-0.00668414,-0.00869843,-0.04760328,0.03662565,0.16748190,0.19294543,114.56254333,4.66666667,1.57166667,0.13085625,158.33333333,56.33333333,146.83333333,0.34666667,2.51633333,2.69400000,0.97666667,3.68056667,0.64833333,1.00487217,0.11333333,1.71733333,10.00501392,0.04713014,0.14403688,0.59289823,0.61250352,0.03619492,0.00777022,0.10813385,0.02306140,0.34470306,0.08843871,0.37475504,0.09026853,16.40580434,6.51972619,9.55306930,4.15526992,0.78869286,2.06122449,0.11810094,12.39907220,0.41511830,2210.90007601,2.83599480,850.26575268
HfZrTaTiNbMo,BCC,CAST,,,1,1273.15000000,814.00000000,,,,,137.00000000,10.3390/e21010015,2018,"Effects of Mo, Nb, Ta, Ti, and Zr on Mechanical Properties of Equiatomic Hf-Mo-Nb-Ta-Ti-Zr Alloys",S4,HfZrTaTiNbMo,1.65588717,1.65183047,2585.16666667,19.01403737,3.36280316,0.16700000,0.16700000,0.16700000,0.16700000,0.16700000,0.16700000,0.00000000,0.00000000,0.00000000,0.00000000,0.00000000,0.00000000,0.00000000,0.00000000,0.00000000,0.00015454,3.13022485,166.38993465,0.10607677,0.06515763,-0.03824285,0.03222071,-0.00668414,-0.00869843,-0.04760328,0.03662565,0.16748190,0.19294543,114.56254333,4.66666667,1.57166667,0.13085625,158.33333333,56.33333333,146.83333333,0.34666667,2.51633333,2.69400000,0.97666667,3.68056667,0.64833333,1.00487217,0.11333333,1.71733333,10.00501392,0.04713014,0.14403688,0.59289823,0.61250352,0.03619492,0.00777022,0.10813385,0.02306140,0.34470306,0.08843871,0.37475504,0.09026853,16.40580434,6.51972619,9.55306930,4.15526992,0.78869286,2.06122449,0.11810094,12.39907220,0.49248275,2210.90007601,2.83599480,711.55683493
HfZrTaTiNbMo,BCC,CAST,,,1,1473.15000000,556.00000000,,,,,137.00000000,10.3390/e21010015,2018,"Effects of Mo, Nb, Ta, Ti, and Zr on Mechanical Properties of Equiatomic Hf-Mo-Nb-Ta-Ti-Zr Alloys",S4,HfZrTaTiNbMo,1.65588717,1.65183047,2585.16666667,19.01403737,3.36280316,0.16700000,0.16700000,0.16700000,0.16700000,0.16700000,0.16700000,0.00000000,0.00000000,0.00000000,0.00000000,0.00000000,0.00000000,0.00000000,0.00000000,0.00000000,0.00015454,3.13022485,166.38993465,0.10607677,0.06515763,-0.03824285,0.03222071,-0.00668414,-0.00869843,-0.04760328,0.03662565,0.16748190,0.19294543,114.56254333,4.66666667,1.57166667,0.13085625,158.33333333,56.33333333,146.83333333,0.34666667,2.51633333,2.69400000,0.97666667,3.68056667,0.64833333,1.00487217,0.11333333,1.71733333,10.00501392,0.04713014,0.14403688,0.59289823,0.61250352,0.03619492,0.00777022,0.10813385,0.02306140,0.34470306,0.08843871,0.37475504,0.09026853,16.40580434,6.51972619,9.55306930,4.15526992,0.78869286,2.06122449,0.11810094,12.39907220,0.56984721,2210.90007601,2.83599480,595.47632930
HfZrTaTiNbMoW,BCC+Laves,CAST,31.70000000,,1,298.15000000,1637.00000000,,15.50000000,,,,10.1016/j.jallcom.2019.06.138,2019,Microstructures and mechanical properties of HfNbTaTiZrW and HfNbTaTiZrMoW refractory high-entropy alloys,S4,HfZrTaTiNbMoW,1.64230627,1.63878613,2743.71428571,18.53811028,3.33450842,0.14300000,0.14300000,0.14300000,0.14300000,0.14300000,0.14300000,0.14300000,0.00000000,0.00000000,0.00000000,0.00000000,0.00000000,0.00000000,0.00000000,0.00000000,0.00016777,3.10227676,185.39729546,0.09614350,0.06106995,-0.03093854,0.03084431,-0.00556987,-0.00422923,-0.04064341,0.04911770,0.22254045,0.26533228,124.45932286,4.85714286,1.68428571,0.17342275,180.00000000,71.28571429,184.57142857,0.33714286,2.68185714,2.88128571,1.21000000,3.25212857,0.81085714,1.00417614,0.17428571,1.67128571,11.14836981,0.04864664,0.14972722,0.67241562,0.67405041,0.03708607,0.00729019,0.11010796,0.02154664,0.42396782,0.08145977,0.44246922,0.08151957,20.58566762,7.67590014,12.31726415,3.55338266,0.66955588,2.01724138,0.12689689,14.92348892,0.10866656,2862.54500193,3.53921284,2177.74756298
HfZrTaTiNbMoW,BCC+Laves,CAST,,,1,1073.15000000,1065.00000000,,35.00000000,,,,10.1016/j.jallcom.2019.06.138,2019,Microstructures and mechanical properties of HfNbTaTiZrW and HfNbTaTiZrMoW refractory high-entropy alloys,S4,HfZrTaTiNbMoW,1.64230627,1.63878613,2743.71428571,18.53811028,3.33450842,0.14300000,0.14300000,0.14300000,0.14300000,0.14300000,0.14300000,0.14300000,0.00000000,0.00000000,0.00000000,0.00000000,0.00000000,0.00000000,0.00000000,0.00000000,0.00016777,3.10227676,185.39729546,0.09614350,0.06106995,-0.03093854,0.03084431,-0.00556987,-0.00422923,-0.04064341,0.04911770,0.22254045,0.26533228,124.45932286,4.85714286,1.68428571,0.17342275,180.00000000,71.28571429,184.57142857,0.33714286,2.68185714,2.88128571,1.21000000,3.25212857,0.81085714,1.00417614,0.17428571,1.67128571,11.14836981,0.04864664,0.14972722,0.67241562,0.67405041,0.03708607,0.00729019,0.11010796,0.02154664,0.42396782,0.08145977,0.44246922,0.08151957,20.58566762,7.67590014,12.31726415,3.55338266,0.66955588,2.01724138,0.12689689,14.92348892,0.39113038,2862.54500193,3.53921284,1331.06265829
HfZrTaTiNbMoW,BCC+Laves,CAST,,,1,1273.15000000,736.00000000,,35.00000000,,,,10.1016/j.jallcom.2019.06.138,2019,Microstructures and mechanical properties of HfNbTaTiZrW and HfNbTaTiZrMoW refractory high-entropy alloys,S4,HfZrTaTiNbMoW,1.64230627,1.63878613,2743.71428571,18.53811028,3.33450842,0.14300000,0.14300000,0.14300000,0.14300000,0.14300000,0.14300000,0.14300000,0.00000000,0.00000000,0.00000000,0.00000000,0.00000000,0.00000000,0.00000000,0.00000000,0.00016777,3.10227676,185.39729546,0.09614350,0.06106995,-0.03093854,0.03084431,-0.00556987,-0.00422923,-0.04064341,0.04911770,0.22254045,0.26533228,124.45932286,4.85714286,1.68428571,0.17342275,180.00000000,71.28571429,184.57142857,0.33714286,2.68185714,2.88128571,1.21000000,3.25212857,0.81085714,1.00417614,0.17428571,1.67128571,11.14836981,0.04864664,0.14972722,0.67241562,0.67405041,0.03708607,0.00729019,0.11010796,0.02154664,0.42396782,0.08145977,0.44246922,0.08151957,20.58566762,7.67590014,12.31726415,3.55338266,0.66955588,2.01724138,0.12689689,14.92348892,0.46402426,2862.54500193,3.53921284,1154.04133065
HfZrTaTiNbMoW,BCC+Laves,CAST,,,1,1473.15000000,703.00000000,,35.00000000,,,,10.1016/j.jallcom.2019.06.138,2019,Microstructures and mechanical properties of HfNbTaTiZrW and HfNbTaTiZrMoW refractory high-entropy alloys,S4,HfZrTaTiNbMoW,1.64230627,1.63878613,2743.71428571,18.53811028,3.33450842,0.14300000,0.14300000,0.14300000,0.14300000,0.14300000,0.14300000,0.14300000,0.00000000,0.00000000,0.00000000,0.00000000,0.00000000,0.00000000,0.00000000,0.00000000,0.00016777,3.10227676,185.39729546,0.09614350,0.06106995,-0.03093854,0.03084431,-0.00556987,-0.00422923,-0.04064341,0.04911770,0.22254045,0.26533228,124.45932286,4.85714286,1.68428571,0.17342275,180.00000000,71.28571429,184.57142857,0.33714286,2.68185714,2.88128571,1.21000000,3.25212857,0.81085714,1.00417614,0.17428571,1.67128571,11.14836981,0.04864664,0.14972722,0.67241562,0.67405041,0.03708607,0.00729019,0.11010796,0.02154664,0.42396782,0.08145977,0.44246922,0.08151957,20.58566762,7.67590014,12.31726415,3.55338266,0.66955588,2.01724138,0.12689689,14.92348892,0.53691815,2862.54500193,3.53921284,1000.56250888
HfZrTaTiNbW,BCC+Laves,CAST,29.40000000,,1,298.15000000,1550.00000000,,26.30000000,,,,10.1016/j.jallcom.2019.06.138,2019,Microstructures and mechanical properties of HfNbTaTiZrW and HfNbTaTiZrMoW refractory high-entropy alloys,S4,HfZrTaTiNbW,1.65752842,1.65737471,2718.33333333,19.06288455,3.36568038,0.16700000,0.16700000,0.16700000,0.16700000,0.16700000,0.16700000,0.00000000,0.00000000,0.00000000,0.00000000,0.00000000,0.00000000,0.00000000,0.00000000,0.00000000,0.00015454,3.13241999,172.74702127,0.12597958,0.08506045,-0.01228181,0.05824343,0.01939425,0.01732429,-0.02152488,0.01297537,0.15017544,0.19521166,129.21254333,4.66666667,1.60500000,0.13720006,164.66666667,62.16666667,160.50000000,0.34166667,2.62883333,2.78583333,1.07166667,3.62958333,0.70850000,1.02111767,0.13000000,1.71416667,11.25551707,0.04577256,0.14038830,0.73687535,0.73724789,0.03528633,0.00763477,0.10508842,0.02261139,0.38316388,0.10222571,0.40702110,0.10237562,18.12012062,6.89283736,10.57080444,3.93201600,0.77776786,2.03797468,0.11358380,7.21259465,0.10968118,2322.39183651,3.06125116,1710.39321100
HfZrTaTiNbW,BCC+Laves,CAST,,,1,1073.15000000,577.00000000,,35.00000000,,,,10.1016/j.jallcom.2019.06.138,2019,Microstructures and mechanical properties of HfNbTaTiZrW and HfNbTaTiZrMoW refractory high-entropy alloys,S4,HfZrTaTiNbW,1.65752842,1.65737471,2718.33333333,19.06288455,3.36568038,0.16700000,0.16700000,0.16700000,0.16700000,0.16700000,0.16700000,0.00000000,0.00000000,0.00000000,0.00000000,0.00000000,0.00000000,0.00000000,0.00000000,0.00000000,0.00015454,3.13241999,172.74702127,0.12597958,0.08506045,-0.01228181,0.05824343,0.01939425,0.01732429,-0.02152488,0.01297537,0.15017544,0.19521166,129.21254333,4.66666667,1.60500000,0.13720006,164.66666667,62.16666667,160.50000000,0.34166667,2.62883333,2.78583333,1.07166667,3.62958333,0.70850000,1.02111767,0.13000000,1.71416667,11.25551707,0.04577256,0.14038830,0.73687535,0.73724789,0.03528633,0.00763477,0.10508842,0.02261139,0.38316388,0.10222571,0.40702110,0.10237562,18.12012062,6.89283736,10.57080444,3.93201600,0.77776786,2.03797468,0.11358380,7.21259465,0.39478234,2322.39183651,3.06125116,958.20650921
HfZrTaTiNbW,BCC+Laves,CAST,,,1,1273.15000000,409.00000000,,35.00000000,,,,10.1016/j.jallcom.2019.06.138,2019,Microstructures and mechanical properties of HfNbTaTiZrW and HfNbTaTiZrMoW refractory high-entropy alloys,S4,HfZrTaTiNbW,1.65752842,1.65737471,2718.33333333,19.06288455,3.36568038,0.16700000,0.16700000,0.16700000,0.16700000,0.16700000,0.16700000,0.00000000,0.00000000,0.00000000,0.00000000,0.00000000,0.00000000,0.00000000,0.00000000,0.00000000,0.00015454,3.13241999,172.74702127,0.12597958,0.08506045,-0.01228181,0.05824343,0.01939425,0.01732429,-0.02152488,0.01297537,0.15017544,0.19521166,129.21254333,4.66666667,1.60500000,0.13720006,164.66666667,62.16666667,160.50000000,0.34166667,2.62883333,2.78583333,1.07166667,3.62958333,0.70850000,1.02111767,0.13000000,1.71416667,11.25551707,0.04577256,0.14038830,0.73687535,0.73724789,0.03528633,0.00763477,0.10508842,0.02261139,0.38316388,0.10222571,0.40702110,0.10237562,18.12012062,6.89283736,10.57080444,3.93201600,0.77776786,2.03797468,0.11358380,7.21259465,0.46835684,2322.39183651,3.06125116,812.46622568
HfZrTaTiNbW,BCC+Laves,CAST,,,1,1473.15000000,345.00000000,,35.00000000,,,,10.1016/j.jallcom.2019.06.138,2019,Microstructures and mechanical properties of HfNbTaTiZrW and HfNbTaTiZrMoW refractory high-entropy alloys,S4,HfZrTaTiNbW,1.65752842,1.65737471,2718.33333333,19.06288455,3.36568038,0.16700000,0.16700000,0.16700000,0.16700000,0.16700000,0.16700000,0.00000000,0.00000000,0.00000000,0.00000000,0.00000000,0.00000000,0.00000000,0.00000000,0.00000000,0.00015454,3.13241999,172.74702127,0.12597958,0.08506045,-0.01228181,0.05824343,0.01939425,0.01732429,-0.02152488,0.01297537,0.15017544,0.19521166,129.21254333,4.66666667,1.60500000,0.13720006,164.66666667,62.16666667,160.50000000,0.34166667,2.62883333,2.78583333,1.07166667,3.62958333,0.70850000,1.02111767,0.13000000,1.71416667,11.25551707,0.04577256,0.14038830,0.73687535,0.73724789,0.03528633,0.00763477,0.10508842,0.02261139,0.38316388,0.10222571,0.40702110,0.10237562,18.12012062,6.89283736,10.57080444,3.93201600,0.77776786,2.03797468,0.11358380,7.21259465,0.54193133,2322.39183651,3.06125116,688.89259415
HfZrTiNb,BCC,CAST,,3.43980000,1,298.15000000,1000.00000000,,52.00000000,,,89.00000000,10.1007/s12598-019-01310-6,2019,Microstructure and mechanical properties of NbZrTi and NbHfZrTi alloys,S4,HfZrTiNb,1.68988009,1.69023213,2331.25000000,20.20453195,3.43157053,0.25000000,0.25000000,0.25000000,0.25000000,0.00000000,0.00000000,0.00000000,0.00000000,0.00000000,0.00000000,0.00000000,0.00000000,0.00000000,0.00000000,0.00000000,0.00011946,3.19748986,135.02439155,0.14722703,0.08584833,-0.02609310,0.07140231,0.02440272,0.01002361,-0.03697598,-0.02310184,0.02705218,0.03799173,102.62184500,4.25000000,1.44250000,0.05015401,119.50000000,36.25000000,91.50000000,0.35750000,2.23700000,2.40650000,0.58000000,4.46400000,0.43475000,0.88744575,-0.01500000,1.82650000,8.43413247,0.04139591,0.12540829,0.14646042,0.21617531,0.03284524,0.00892254,0.09872548,0.02657059,0.11215883,0.03488936,0.17125063,0.04996848,10.77287381,4.81576835,5.89809680,5.53536515,1.05035294,2.11284047,0.08708217,3.90036175,0.12789276,1222.46646515,1.79756698,763.06276220
HfZrTiNb,BCC,CAST,,,1,1073.15000000,303.00000000,,51.00000000,,,89.00000000,10.1007/s12598-019-01310-6,2019,Microstructure and mechanical properties of NbZrTi and NbHfZrTi alloys,S4,HfZrTiNb,1.68988009,1.69023213,2331.25000000,20.20453195,3.43157053,0.25000000,0.25000000,0.25000000,0.25000000,0.00000000,0.00000000,0.00000000,0.00000000,0.00000000,0.00000000,0.00000000,0.00000000,0.00000000,0.00000000,0.00000000,0.00011946,3.19748986,135.02439155,0.14722703,0.08584833,-0.02609310,0.07140231,0.02440272,0.01002361,-0.03697598,-0.02310184,0.02705218,0.03799173,102.62184500,4.25000000,1.44250000,0.05015401,119.50000000,36.25000000,91.50000000,0.35750000,2.23700000,2.40650000,0.58000000,4.46400000,0.43475000,0.88744575,-0.01500000,1.82650000,8.43413247,0.04139591,0.12540829,0.14646042,0.21617531,0.03284524,0.00892254,0.09872548,0.02657059,0.11215883,0.03488936,0.17125063,0.04996848,10.77287381,4.81576835,5.89809680,5.53536515,1.05035294,2.11284047,0.08708217,3.90036175,0.46033244,1222.46646515,1.79756698,270.69163679
HfZrTiNb,BCC,CAST,,,1,1273.15000000,154.00000000,,51.00000000,,,89.00000000,10.1007/s12598-019-01310-6,2019,Microstructure and mechanical properties of NbZrTi and NbHfZrTi alloys,S4,HfZrTiNb,1.68988009,1.69023213,2331.25000000,20.20453195,3.43157053,0.25000000,0.25000000,0.25000000,0.25000000,0.00000000,0.00000000,0.00000000,0.00000000,0.00000000,0.00000000,0.00000000,0.00000000,0.00000000,0.00000000,0.00000000,0.00011946,3.19748986,135.02439155,0.14722703,0.08584833,-0.02609310,0.07140231,0.02440272,0.01002361,-0.03697598,-0.02310184,0.02705218,0.03799173,102.62184500,4.25000000,1.44250000,0.05015401,119.50000000,36.25000000,91.50000000,0.35750000,2.23700000,2.40650000,0.58000000,4.46400000,0.43475000,0.88744575,-0.01500000,1.82650000,8.43413247,0.04139591,0.12540829,0.14646042,0.21617531,0.03284524,0.00892254,0.09872548,0.02657059,0.11215883,0.03488936,0.17125063,0.04996848,10.77287381,4.81576835,5.89809680,5.53536515,1.05035294,2.11284047,0.08708217,3.90036175,0.54612332,1222.46646515,1.79756698,204.38481765
HfZrTiNbMo,BCC,CAST,,,1,298.15000000,1587.80000000,,20.00000000,,,128.00000000,10.3390/e21010015,2018,"Effects of Mo, Nb, Ta, Ti, and Zr on Mechanical Properties of Equiatomic Hf-Mo-Nb-Ta-Ti-Zr Alloys",S4,HfZrTiNbMo,1.66209875,1.65594704,2444.20000000,19.21743866,3.37475176,0.20000000,0.20000000,0.20000000,0.20000000,0.20000000,0.00000000,0.00000000,0.00000000,0.00000000,0.00000000,0.00000000,0.00000000,0.00000000,0.00000000,0.00000000,0.00013869,3.13673492,160.27930136,0.11843962,0.06933665,-0.04881942,0.03372155,-0.00794206,-0.01538141,-0.05704502,0.02478212,0.14305710,0.17020638,101.28547600,4.60000000,1.58600000,0.11827498,150.00000000,54.20000000,139.00000000,0.34800000,2.38960000,2.61600000,0.87200000,3.76868000,0.63280000,0.89046200,0.07600000,1.74400000,8.75187415,0.05080946,0.15325583,0.66813109,0.69520380,0.03945128,0.00955252,0.11757636,0.02824133,0.35011912,0.11211238,0.37554795,0.11532477,15.84060452,6.62897745,9.08291543,4.13400759,0.81927826,2.06748466,0.14017362,10.05255028,0.12198265,2319.97533145,2.88005403,1683.23278725
HfZrTiNbMo,BCC,CAST,,,1,1073.15000000,827.00000000,,,,,128.00000000,10.3390/e21010015,2018,"Effects of Mo, Nb, Ta, Ti, and Zr on Mechanical Properties of Equiatomic Hf-Mo-Nb-Ta-Ti-Zr Alloys",S4,HfZrTiNbMo,1.66209875,1.65594704,2444.20000000,19.21743866,3.37475176,0.20000000,0.20000000,0.20000000,0.20000000,0.20000000,0.00000000,0.00000000,0.00000000,0.00000000,0.00000000,0.00000000,0.00000000,0.00000000,0.00000000,0.00000000,0.00013869,3.13673492,160.27930136,0.11843962,0.06933665,-0.04881942,0.03372155,-0.00794206,-0.01538141,-0.05704502,0.02478212,0.14305710,0.17020638,101.28547600,4.60000000,1.58600000,0.11827498,150.00000000,54.20000000,139.00000000,0.34800000,2.38960000,2.61600000,0.87200000,3.76868000,0.63280000,0.89046200,0.07600000,1.74400000,8.75187415,0.05080946,0.15325583,0.66813109,0.69520380,0.03945128,0.00955252,0.11757636,0.02824133,0.35011912,0.11211238,0.37554795,0.11532477,15.84060452,6.62897745,9.08291543,4.13400759,0.81927826,2.06748466,0.14017362,10.05255028,0.43905982,2319.97533145,2.88005403,905.35280903
HfZrTiNbMo,BCC,CAST,,,1,1273.15000000,663.66666667,,,,,128.00000000,10.3390/e21010015,2018,"Effects of Mo, Nb, Ta, Ti, and Zr on Mechanical Properties of Equiatomic Hf-Mo-Nb-Ta-Ti-Zr Alloys",S4,HfZrTiNbMo,1.66209875,1.65594704,2444.20000000,19.21743866,3.37475176,0.20000000,0.20000000,0.20000000,0.20000000,0.20000000,0.00000000,0.00000000,0.00000000,0.00000000,0.00000000,0.00000000,0.00000000,0.00000000,0.00000000,0.00000000,0.00013869,3.13673492,160.27930136,0.11843962,0.06933665,-0.04881942,0.03372155,-0.00794206,-0.01538141,-0.05704502,0.02478212,0.14305710,0.17020638,101.28547600,4.60000000,1.58600000,0.11827498,150.00000000,54.20000000,139.00000000,0.34800000,2.38960000,2.61600000,0.87200000,3.76868000,0.63280000,0.89046200,0.07600000,1.74400000,8.75187415,0.05080946,0.15325583,0.66813109,0.69520380,0.03945128,0.00955252,0.11757636,0.02824133,0.35011912,0.11211238,0.37554795,0.11532477,15.84060452,6.62897745,9.08291543,4.13400759,0.81927826,2.06748466,0.14017362,10.05255028,0.52088618,2319.97533145,2.88005403,759.72425324
HfZrTiNbMo,BCC,CAST,,,1,1473.15000000,225.00000000,,,,,128.00000000,10.3390/e21010015,2018,"Effects of Mo, Nb, Ta, Ti, and Zr on Mechanical Properties of Equiatomic Hf-Mo-Nb-Ta-Ti-Zr Alloys",S4,HfZrTiNbMo,1.66209875,1.65594704,2444.20000000,19.21743866,3.37475176,0.20000000,0.20000000,0.20000000,0.20000000,0.20000000,0.00000000,0.00000000,0.00000000,0.00000000,0.00000000,0.00000000,0.00000000,0.00000000,0.00000000,0.00000000,0.00013869,3.13673492,160.27930136,0.11843962,0.06933665,-0.04881942,0.03372155,-0.00794206,-0.01538141,-0.05704502,0.02478212,0.14305710,0.17020638,101.28547600,4.60000000,1.58600000,0.11827498,150.00000000,54.20000000,139.00000000,0.34800000,2.38960000,2.61600000,0.87200000,3.76868000,0.63280000,0.89046200,0.07600000,1.74400000,8.75187415,0.05080946,0.15325583,0.66813109,0.69520380,0.03945128,0.00955252,0.11757636,0.02824133,0.35011912,0.11211238,0.37554795,0.11532477,15.84060452,6.62897745,9.08291543,4.13400759,0.81927826,2.06748466,0.14017362,10.05255028,0.60271254,2319.97533145,2.88005403,637.52046186
Mn219Al122Cr175Fe350Ni131,B2+BCC,CAST,175.00000000,,1,298.15000000,942.00000000,,,,,,10.1016/j.jallcom.2018.08.093,2019,Effect of Al on structure and mechanical properties of Fe-Mn-Cr-Ni-Al non-equiatomic high entropy alloys with high Fe content,S4,Mn219Al122Cr175Fe350Ni131,1.43531246,1.43062254,1693.32401204,12.22501397,2.90241685,0.22000000,0.12200000,0.17600000,0.35100000,0.13100000,0.00000000,0.00000000,0.00000000,0.00000000,0.00000000,0.00000000,0.00000000,0.00000000,0.00000000,0.00000000,0.00013178,2.65959916,202.86190393,-0.03613328,-0.01255451,-0.06941099,-0.10990403,-0.11291229,-0.08632526,-0.08933352,0.01957988,0.08457056,0.14905052,51.81252002,7.08024072,1.72224674,0.06499067,147.42427282,79.71213641,201.38114343,0.27494483,2.05832497,2.61470311,1.33223370,2.18858716,0.90518054,1.25934868,0.06657152,1.28246941,7.03776475,0.03095532,0.13272185,0.30089154,0.28111847,0.02185086,0.00637890,0.08420329,0.02458365,0.27540377,0.07703570,0.26037941,0.07336262,20.03617736,9.73421476,15.62312304,2.88859845,0.30911197,1.75841080,0.07195068,2.03041482,0.17607380,2269.58507157,2.19759990,1523.60314324
Mn219Al122Cr175Fe350Ni131,B2+BCC,CAST,,,1,673.15000000,833.00000000,,,,,,10.1016/j.jallcom.2018.08.093,2019,Effect of Al on structure and mechanical properties of Fe-Mn-Cr-Ni-Al non-equiatomic high entropy alloys with high Fe content,S4,Mn219Al122Cr175Fe350Ni131,1.43531246,1.43062254,1693.32401204,12.22501397,2.90241685,0.22000000,0.12200000,0.17600000,0.35100000,0.13100000,0.00000000,0.00000000,0.00000000,0.00000000,0.00000000,0.00000000,0.00000000,0.00000000,0.00000000,0.00000000,0.00013178,2.65959916,202.86190393,-0.03613328,-0.01255451,-0.06941099,-0.10990403,-0.11291229,-0.08632526,-0.08933352,0.01957988,0.08457056,0.14905052,51.81252002,7.08024072,1.72224674,0.06499067,147.42427282,79.71213641,201.38114343,0.27494483,2.05832497,2.61470311,1.33223370,2.18858716,0.90518054,1.25934868,0.06657152,1.28246941,7.03776475,0.03095532,0.13272185,0.30089154,0.28111847,0.02185086,0.00637890,0.08420329,0.02458365,0.27540377,0.07703570,0.26037941,0.07336262,20.03617736,9.73421476,15.62312304,2.88859845,0.30911197,1.75841080,0.07195068,2.03041482,0.39753172,2269.58507157,2.19759990,1047.12604533
Mn219Al122Cr175Fe350Ni131,B2+BCC,CAST,,,1,873.15000000,326.00000000,,,,,,10.1016/j.jallcom.2018.08.093,2019,Effect of Al on structure and mechanical properties of Fe-Mn-Cr-Ni-Al non-equiatomic high entropy alloys with high Fe content,S4,Mn219Al122Cr175Fe350Ni131,1.43531246,1.43062254,1693.32401204,12.22501397,2.90241685,0.22000000,0.12200000,0.17600000,0.35100000,0.13100000,0.00000000,0.00000000,0.00000000,0.00000000,0.00000000,0.00000000,0.00000000,0.00000000,0.00000000,0.00000000,0.00013178,2.65959916,202.86190393,-0.03613328,-0.01255451,-0.06941099,-0.10990403,-0.11291229,-0.08632526,-0.08933352,0.01957988,0.08457056,0.14905052,51.81252002,7.08024072,1.72224674,0.06499067,147.42427282,79.71213641,201.38114343,0.27494483,2.05832497,2.61470311,1.33223370,2.18858716,0.90518054,1.25934868,0.06657152,1.28246941,7.03776475,0.03095532,0.13272185,0.30089154,0.28111847,0.02185086,0.00637890,0.08420329,0.02458365,0.27540377,0.07703570,0.26037941,0.07336262,20.03617736,9.73421476,15.62312304,2.88859845,0.30911197,1.75841080,0.07195068,2.03041482,0.51564260,2269.58507157,2.19759990,832.11892177
Mn227Al90Cr181Fe363Ni136,B2+BCC,CAST,175.00000000,,1,298.15000000,994.00000000,,,,,,10.1016/j.jallcom.2018.08.093,2019,Effect of Al on structure and mechanical properties of Fe-Mn-Cr-Ni-Al non-equiatomic high entropy alloys with high Fe content,S4,Mn227Al90Cr181Fe363Ni136,1.42991259,1.42868805,1720.95566700,12.11642381,2.89379759,0.22800000,0.09000000,0.18200000,0.36400000,0.13600000,0.00000000,0.00000000,0.00000000,0.00000000,0.00000000,0.00000000,0.00000000,0.00000000,0.00000000,0.00000000,0.00012952,2.64995041,207.49088998,-0.03430164,-0.00950953,-0.05594491,-0.08775422,-0.09230622,-0.06296211,-0.06751411,0.01253520,0.08070429,0.12565713,52.72277451,7.23069208,1.72643932,0.06816909,150.04212638,81.66198596,206.15646941,0.27223671,2.09122467,2.66603912,1.36487462,2.24192830,0.93244634,1.26499832,0.07120400,1.30116449,7.22558800,0.02744044,0.11833454,0.27009768,0.25044102,0.01888161,0.00573227,0.07367520,0.02228280,0.24263836,0.07046613,0.22831181,0.06674488,20.46532848,9.78628874,15.72847137,2.85918771,0.31005722,1.74814631,0.06979220,2.54011237,0.17324676,1979.75151037,2.05898684,1300.14756125
Mn227Al90Cr181Fe363Ni136,B2+BCC,CAST,,,1,673.15000000,943.00000000,,,,,,10.1016/j.jallcom.2018.08.093,2019,Effect of Al on structure and mechanical properties of Fe-Mn-Cr-Ni-Al non-equiatomic high entropy alloys with high Fe content,S4,Mn227Al90Cr181Fe363Ni136,1.42991259,1.42868805,1720.95566700,12.11642381,2.89379759,0.22800000,0.09000000,0.18200000,0.36400000,0.13600000,0.00000000,0.00000000,0.00000000,0.00000000,0.00000000,0.00000000,0.00000000,0.00000000,0.00000000,0.00000000,0.00012952,2.64995041,207.49088998,-0.03430164,-0.00950953,-0.05594491,-0.08775422,-0.09230622,-0.06296211,-0.06751411,0.01253520,0.08070429,0.12565713,52.72277451,7.23069208,1.72643932,0.06816909,150.04212638,81.66198596,206.15646941,0.27223671,2.09122467,2.66603912,1.36487462,2.24192830,0.93244634,1.26499832,0.07120400,1.30116449,7.22558800,0.02744044,0.11833454,0.27009768,0.25044102,0.01888161,0.00573227,0.07367520,0.02228280,0.24263836,0.07046613,0.22831181,0.06674488,20.46532848,9.78628874,15.72847137,2.85918771,0.31005722,1.74814631,0.06979220,2.54011237,0.39114895,1979.75151037,2.05898684,867.05541705
Mn227Al90Cr181Fe363Ni136,B2+BCC,CAST,,,1,873.15000000,359.00000000,,,,,,10.1016/j.jallcom.2018.08.093,2019,Effect of Al on structure and mechanical properties of Fe-Mn-Cr-Ni-Al non-equiatomic high entropy alloys with high Fe content,S4,Mn227Al90Cr181Fe363Ni136,1.42991259,1.42868805,1720.95566700,12.11642381,2.89379759,0.22800000,0.09000000,0.18200000,0.36400000,0.13600000,0.00000000,0.00000000,0.00000000,0.00000000,0.00000000,0.00000000,0.00000000,0.00000000,0.00000000,0.00000000,0.00012952,2.64995041,207.49088998,-0.03430164,-0.00950953,-0.05594491,-0.08775422,-0.09230622,-0.06296211,-0.06751411,0.01253520,0.08070429,0.12565713,52.72277451,7.23069208,1.72643932,0.06816909,150.04212638,81.66198596,206.15646941,0.27223671,2.09122467,2.66603912,1.36487462,2.24192830,0.93244634,1.26499832,0.07120400,1.30116449,7.22558800,0.02744044,0.11833454,0.27009768,0.25044102,0.01888161,0.00573227,0.07367520,0.02228280,0.24263836,0.07046613,0.22831181,0.06674488,20.46532848,9.78628874,15.72847137,2.85918771,0.31005722,1.74814631,0.06979220,2.54011237,0.50736345,1979.75151037,2.05898684,678.44358803
Mn235Al56Cr188Fe377Ni141,FCC+BCC,CAST,,,1,298.15000000,550.00000000,,,,,,10.1016/j.jallcom.2018.08.093,2019,Effect of Al on structure and mechanical properties of Fe-Mn-Cr-Ni-Al non-equiatomic high entropy alloys with high Fe content,S4,Mn235Al56Cr188Fe377Ni141,1.42419088,1.42562275,1750.71807422,12.00190546,2.88465181,0.23600000,0.05600000,0.18900000,0.37800000,0.14100000,0.00000000,0.00000000,0.00000000,0.00000000,0.00000000,0.00000000,0.00000000,0.00000000,0.00000000,0.00000000,0.00012590,2.64168474,212.38950898,-0.02291095,0.00322240,-0.03825198,-0.06059805,-0.06644382,-0.03446470,-0.04031047,0.00616047,0.07801743,0.10448845,53.68706914,7.38916750,1.73090271,0.07185697,152.84052156,83.75727182,211.28284855,0.26932798,2.12652859,2.72092277,1.40011133,2.29650058,0.96194784,1.27056407,0.07647343,1.32081143,7.42794857,0.02268992,0.09843380,0.23409436,0.21405898,0.01507317,0.00478911,0.06035998,0.01896117,0.20166798,0.06110495,0.18799638,0.05725274,20.92408876,9.83955208,15.84184405,2.82855540,0.31079287,1.73720624,0.06749178,3.63735209,0.17030155,1575.27010890,1.84248001,992.94242846
Mn235Al56Cr188Fe377Ni141,FCC+BCC,CAST,,,1,673.15000000,469.00000000,,,,,,10.1016/j.jallcom.2018.08.093,2019,Effect of Al on structure and mechanical properties of Fe-Mn-Cr-Ni-Al non-equiatomic high entropy alloys with high Fe content,S4,Mn235Al56Cr188Fe377Ni141,1.42419088,1.42562275,1750.71807422,12.00190546,2.88465181,0.23600000,0.05600000,0.18900000,0.37800000,0.14100000,0.00000000,0.00000000,0.00000000,0.00000000,0.00000000,0.00000000,0.00000000,0.00000000,0.00000000,0.00000000,0.00012590,2.64168474,212.38950898,-0.02291095,0.00322240,-0.03825198,-0.06059805,-0.06644382,-0.03446470,-0.04031047,0.00616047,0.07801743,0.10448845,53.68706914,7.38916750,1.73090271,0.07185697,152.84052156,83.75727182,211.28284855,0.26932798,2.12652859,2.72092277,1.40011133,2.29650058,0.96194784,1.27056407,0.07647343,1.32081143,7.42794857,0.02268992,0.09843380,0.23409436,0.21405898,0.01507317,0.00478911,0.06035998,0.01896117,0.20166798,0.06110495,0.18799638,0.05725274,20.92408876,9.83955208,15.84184405,2.82855540,0.31079287,1.73720624,0.06749178,3.63735209,0.38449937,1575.27010890,1.84248001,626.11909988
Mn235Al56Cr188Fe377Ni141,FCC+BCC,CAST,,,1,873.15000000,272.00000000,,,,,,10.1016/j.jallcom.2018.08.093,2019,Effect of Al on structure and mechanical properties of Fe-Mn-Cr-Ni-Al non-equiatomic high entropy alloys with high Fe content,S4,Mn235Al56Cr188Fe377Ni141,1.42419088,1.42562275,1750.71807422,12.00190546,2.88465181,0.23600000,0.05600000,0.18900000,0.37800000,0.14100000,0.00000000,0.00000000,0.00000000,0.00000000,0.00000000,0.00000000,0.00000000,0.00000000,0.00000000,0.00000000,0.00012590,2.64168474,212.38950898,-0.02291095,0.00322240,-0.03825198,-0.06059805,-0.06644382,-0.03446470,-0.04031047,0.00616047,0.07801743,0.10448845,53.68706914,7.38916750,1.73090271,0.07185697,152.84052156,83.75727182,211.28284855,0.26932798,2.12652859,2.72092277,1.40011133,2.29650058,0.96194784,1.27056407,0.07647343,1.32081143,7.42794857,0.02268992,0.09843380,0.23409436,0.21405898,0.01507317,0.00478911,0.06035998,0.01896117,0.20166798,0.06110495,0.18799638,0.05725274,20.92408876,9.83955208,15.84184405,2.82855540,0.31079287,1.73720624,0.06749178,3.63735209,0.49873821,1575.27010890,1.84248001,475.99819458
Mn245Al19Cr196(Fe8Ni3)49,FCC+BCC,CAST,,,1,298.15000000,354.00000000,,,,,,10.1016/j.jallcom.2018.08.093,2019,Effect of Al on structure and mechanical properties of Fe-Mn-Cr-Ni-Al non-equiatomic high entropy alloys with high Fe content,S4,Mn245Al19Cr196(Fe8Ni3)49,1.41796215,1.42200624,1782.87895896,11.87806624,2.87469592,0.24500000,0.01900000,0.19600000,0.39200000,0.14700000,0.00000000,0.00000000,0.00000000,0.00000000,0.00000000,0.00000000,0.00000000,0.00000000,0.00000000,0.00000000,0.00011963,2.63407689,217.80807027,0.00322733,0.02558709,-0.00843329,-0.02345681,-0.03089014,-0.00109705,-0.00853039,0.00481199,0.07728031,0.07961528,54.73761327,7.56156156,1.73556557,0.07575879,155.85185185,86.03603604,216.85285285,0.26612613,2.16432833,2.78122422,1.43782683,2.35773251,0.99393794,1.27632545,0.08202498,1.34339740,7.65225630,0.01519461,0.06642263,0.18859787,0.16692607,0.00958688,0.00316724,0.04192315,0.01344499,0.14595649,0.04602103,0.13251228,0.04169296,21.41918478,9.89645817,15.94404219,2.79818701,0.31180497,1.72526393,0.06498828,9.09275341,0.16722952,948.95918359,1.43441068,534.43858429
Mn245Al19Cr196(Fe8Ni3)49,FCC+BCC,CAST,,,1,673.15000000,260.00000000,,,,,,10.1016/j.jallcom.2018.08.093,2019,Effect of Al on structure and mechanical properties of Fe-Mn-Cr-Ni-Al non-equiatomic high entropy alloys with high Fe content,S4,Mn245Al19Cr196(Fe8Ni3)49,1.41796215,1.42200624,1782.87895896,11.87806624,2.87469592,0.24500000,0.01900000,0.19600000,0.39200000,0.14700000,0.00000000,0.00000000,0.00000000,0.00000000,0.00000000,0.00000000,0.00000000,0.00000000,0.00000000,0.00000000,0.00011963,2.63407689,217.80807027,0.00322733,0.02558709,-0.00843329,-0.02345681,-0.03089014,-0.00109705,-0.00853039,0.00481199,0.07728031,0.07961528,54.73761327,7.56156156,1.73556557,0.07575879,155.85185185,86.03603604,216.85285285,0.26612613,2.16432833,2.78122422,1.43782683,2.35773251,0.99393794,1.27632545,0.08202498,1.34339740,7.65225630,0.01519461,0.06642263,0.18859787,0.16692607,0.00958688,0.00316724,0.04192315,0.01344499,0.14595649,0.04602103,0.13251228,0.04169296,21.41918478,9.89645817,15.94404219,2.79818701,0.31180497,1.72526393,0.06498828,9.09275341,0.37756349,948.95918359,1.43441068,290.10591233
Mn245Al19Cr196(Fe8Ni3)49,FCC+BCC,CAST,,,1,873.15000000,155.00000000,,,,,,10.1016/j.jallcom.2018.08.093,2019,Effect of Al on structure and mechanical properties of Fe-Mn-Cr-Ni-Al non-equiatomic high entropy alloys with high Fe content,S4,Mn245Al19Cr196(Fe8Ni3)49,1.41796215,1.42200624,1782.87895896,11.87806624,2.87469592,0.24500000,0.01900000,0.19600000,0.39200000,0.14700000,0.00000000,0.00000000,0.00000000,0.00000000,0.00000000,0.00000000,0.00000000,0.00000000,0.00000000,0.00000000,0.00011963,2.63407689,217.80807027,0.00322733,0.02558709,-0.00843329,-0.02345681,-0.03089014,-0.00109705,-0.00853039,0.00481199,0.07728031,0.07961528,54.73761327,7.56156156,1.73556557,0.07575879,155.85185185,86.03603604,216.85285285,0.26612613,2.16432833,2.78122422,1.43782683,2.35773251,0.99393794,1.27632545,0.08202498,1.34339740,7.65225630,0.01519461,0.06642263,0.18859787,0.16692607,0.00958688,0.00316724,0.04192315,0.01344499,0.14595649,0.04602103,0.13251228,0.04169296,21.41918478,9.89645817,15.94404219,2.79818701,0.31180497,1.72526393,0.06498828,9.09275341,0.48974160,948.95918359,1.43441068,204.00294742
Mn5Cr4Fe8Ni3,FCC+BCC,CAST,75.00000000,,1,298.15000000,219.00000000,,,,,,10.1016/j.jallcom.2018.08.093,2019,Effect of Al on structure and mechanical properties of Fe-Mn-Cr-Ni-Al non-equiatomic high entropy alloys with high Fe content,S4,Mn5Cr4Fe8Ni3,1.41477156,1.42212002,1799.35000000,11.81497725,2.86959734,0.25000000,0.20000000,0.40000000,0.15000000,0.00000000,0.00000000,0.00000000,0.00000000,0.00000000,0.00000000,0.00000000,0.00000000,0.00000000,0.00000000,0.00000000,0.00011371,2.63207923,220.56205892,0.02677081,0.05446115,0.01478646,0.00042877,-0.01015276,0.02811910,0.01753758,-0.00641721,0.07131972,0.06272158,55.27574125,7.65000000,1.73800000,0.07773693,157.40000000,87.20000000,219.70000000,0.26450000,2.18380000,2.81190000,1.45725000,2.38886600,1.01030000,1.27935625,0.08486765,1.35465000,7.76874881,0.00956822,0.03828984,0.16102486,0.13726938,0.00537751,0.00161873,0.02925380,0.00883228,0.10935252,0.03595219,0.09509039,0.03100804,21.67045742,9.92327934,15.99708959,2.78323270,0.31227007,1.71923861,0.01207492,477.19129426,0.16569872,459.28375412,0.99929906,216.19980097
Mn5Cr4Fe8Ni3,FCC+BCC,CAST,,,1,673.15000000,132.00000000,,,,,,10.1016/j.jallcom.2018.08.093,2019,Effect of Al on structure and mechanical properties of Fe-Mn-Cr-Ni-Al non-equiatomic high entropy alloys with high Fe content,S4,Mn5Cr4Fe8Ni3,1.41477156,1.42212002,1799.35000000,11.81497725,2.86959734,0.25000000,0.20000000,0.40000000,0.15000000,0.00000000,0.00000000,0.00000000,0.00000000,0.00000000,0.00000000,0.00000000,0.00000000,0.00000000,0.00000000,0.00000000,0.00011371,2.63207923,220.56205892,0.02677081,0.05446115,0.01478646,0.00042877,-0.01015276,0.02811910,0.01753758,-0.00641721,0.07131972,0.06272158,55.27574125,7.65000000,1.73800000,0.07773693,157.40000000,87.20000000,219.70000000,0.26450000,2.18380000,2.81190000,1.45725000,2.38886600,1.01030000,1.27935625,0.08486765,1.35465000,7.76874881,0.00956822,0.03828984,0.16102486,0.13726938,0.00537751,0.00161873,0.02925380,0.00883228,0.10935252,0.03595219,0.09509039,0.03100804,21.67045742,9.92327934,15.99708959,2.78323270,0.31227007,1.71923861,0.01207492,477.19129426,0.37410732,459.28375412,0.99929906,83.80791394
Mn5Cr4Fe8Ni3,FCC+BCC,CAST,,,1,873.15000000,115.00000000,,,,,,10.1016/j.jallcom.2018.08.093,2019,Effect of Al on structure and mechanical properties of Fe-Mn-Cr-Ni-Al non-equiatomic high entropy alloys with high Fe content,S4,Mn5Cr4Fe8Ni3,1.41477156,1.42212002,1799.35000000,11.81497725,2.86959734,0.25000000,0.20000000,0.40000000,0.15000000,0.00000000,0.00000000,0.00000000,0.00000000,0.00000000,0.00000000,0.00000000,0.00000000,0.00000000,0.00000000,0.00000000,0.00011371,2.63207923,220.56205892,0.02677081,0.05446115,0.01478646,0.00042877,-0.01015276,0.02811910,0.01753758,-0.00641721,0.07131972,0.06272158,55.27574125,7.65000000,1.73800000,0.07773693,157.40000000,87.20000000,219.70000000,0.26450000,2.18380000,2.81190000,1.45725000,2.38886600,1.01030000,1.27935625,0.08486765,1.35465000,7.76874881,0.00956822,0.03828984,0.16102486,0.13726938,0.00537751,0.00161873,0.02925380,0.00883228,0.10935252,0.03595219,0.09509039,0.03100804,21.67045742,9.92327934,15.99708959,2.78323270,0.31227007,1.71923861,0.01207492,477.19129426,0.48525857,459.28375412,0.99929906,50.55695311
Ta232Ti69V232(CrW)232,BCC+Laves,POWDER,,7.64400000,1,298.15000000,2050.00000000,,1.50000000,,,,10.1016/j.matchemphys.2017.06.054,2018,The effect of Ti on the sintering and mechanical properties of refractory high-entropy alloy TixWTaVCr fabricated via spark plasma sintering for fusion plasma-facing materials,S4,Ta232Ti69V232(CrW)232,1.53361695,1.53577897,2774.98996991,14.99529823,3.10690782,0.23300000,0.06900000,0.23300000,0.23300000,0.23300000,0.00000000,0.00000000,0.00000000,0.00000000,0.00000000,0.00000000,0.00000000,0.00000000,0.00000000,0.00000000,0.00013289,2.91580294,222.24909079,0.20243364,0.19654365,0.00552790,0.00445846,-0.02325901,-0.00143153,-0.02914900,0.10127896,0.39814752,0.41455133,112.15158913,5.39618857,1.77037111,0.29686855,201.01003009,93.79739218,241.65697091,0.30138415,2.87884052,3.34393982,1.70534102,2.47190391,1.13823771,1.02983593,0.34910732,1.63859880,12.41937435,0.05084028,0.14427341,0.47724509,0.44983917,0.03983938,0.01167351,0.11115747,0.03196889,0.35576669,0.09741085,0.33141146,0.09344073,25.23769941,8.76661948,15.40200046,2.93782202,0.45808331,1.86280365,0.16385442,82.71296900,0.10744183,3223.54390963,3.48482594,2444.38306073
Ta232Ti69V232(CrW)232,BCC+Laves,POWDER,,,1,1473.15000000,586.00000000,,1.50000000,,,,10.1016/j.matchemphys.2017.06.054,2018,The effect of Ti on the sintering and mechanical properties of refractory high-entropy alloy TixWTaVCr fabricated via spark plasma sintering for fusion plasma-facing materials,S4,Ta232Ti69V232(CrW)232,1.53361695,1.53577897,2774.98996991,14.99529823,3.10690782,0.23300000,0.06900000,0.23300000,0.23300000,0.23300000,0.00000000,0.00000000,0.00000000,0.00000000,0.00000000,0.00000000,0.00000000,0.00000000,0.00000000,0.00000000,0.00013289,2.91580294,222.24909079,0.20243364,0.19654365,0.00552790,0.00445846,-0.02325901,-0.00143153,-0.02914900,0.10127896,0.39814752,0.41455133,112.15158913,5.39618857,1.77037111,0.29686855,201.01003009,93.79739218,241.65697091,0.30138415,2.87884052,3.34393982,1.70534102,2.47190391,1.13823771,1.02983593,0.34910732,1.63859880,12.41937435,0.05084028,0.14427341,0.47724509,0.44983917,0.03983938,0.01167351,0.11115747,0.03196889,0.35576669,0.09741085,0.33141146,0.09344073,25.23769941,8.76661948,15.40200046,2.93782202,0.45808331,1.86280365,0.16385442,82.71296900,0.53086678,3223.54390963,3.48482594,1108.41111591
Ta239Ti40V239(CrW)239,BCC+Laves,POWDER,,7.00700000,1,298.15000000,2034.00000000,,1.50000000,,,,10.1016/j.matchemphys.2017.06.054,2018,The effect of Ti on the sintering and mechanical properties of refractory high-entropy alloy TixWTaVCr fabricated via spark plasma sintering for fusion plasma-facing materials,S4,Ta239Ti40V239(CrW)239,1.53108560,1.53257780,2801.01606426,14.91677109,3.10147492,0.24000000,0.04000000,0.24000000,0.24000000,0.24000000,0.00000000,0.00000000,0.00000000,0.00000000,0.00000000,0.00000000,0.00000000,0.00000000,0.00000000,0.00000000,0.00012916,2.91159272,225.70563390,0.18448069,0.18106277,0.00638962,0.00138172,-0.02275655,-0.00203619,-0.02617447,0.14033885,0.41004520,0.42447303,114.15770052,5.43975904,1.77756024,0.30731728,203.94377510,95.35140562,245.57831325,0.30080321,2.90314558,3.36977711,1.74716867,2.39210532,1.16143173,1.02620874,0.36312249,1.62260843,12.70807534,0.05072286,0.14436193,0.46743998,0.44003863,0.03968330,0.01183188,0.11067756,0.03239029,0.35213420,0.09830792,0.32679405,0.09413685,25.61096867,8.82179965,15.78382568,2.90139922,0.43974472,1.86042504,0.16606092,261.82342482,0.10644352,3274.04946214,3.52244969,2488.32616745
Ta239Ti40V239(CrW)239,BCC+Laves,POWDER,,,1,1473.15000000,750.00000000,,1.50000000,,,,10.1016/j.matchemphys.2017.06.054,2018,The effect of Ti on the sintering and mechanical properties of refractory high-entropy alloy TixWTaVCr fabricated via spark plasma sintering for fusion plasma-facing materials,S4,Ta239Ti40V239(CrW)239,1.53108560,1.53257780,2801.01606426,14.91677109,3.10147492,0.24000000,0.04000000,0.24000000,0.24000000,0.24000000,0.00000000,0.00000000,0.00000000,0.00000000,0.00000000,0.00000000,0.00000000,0.00000000,0.00000000,0.00000000,0.00012916,2.91159272,225.70563390,0.18448069,0.18106277,0.00638962,0.00138172,-0.02275655,-0.00203619,-0.02617447,0.14033885,0.41004520,0.42447303,114.15770052,5.43975904,1.77756024,0.30731728,203.94377510,95.35140562,245.57831325,0.30080321,2.90314558,3.36977711,1.74716867,2.39210532,1.16143173,1.02620874,0.36312249,1.62260843,12.70807534,0.05072286,0.14436193,0.46743998,0.44003863,0.03968330,0.01183188,0.11067756,0.03239029,0.35213420,0.09830792,0.32679405,0.09413685,25.61096867,8.82179965,15.78382568,2.90139922,0.43974472,1.86042504,0.16606092,261.82342482,0.52593415,3274.04946214,3.52244969,1138.68772962
TaNbMoW,BCC,POWDER,,4.94410000,1,298.15000000,1066.75000000,,7.50000000,3.80000000,,250.00000000,10.1007/s10853-019-03567-9,2019,Correction to: Effect of Si additions on microstructure and mechanical properties of refractory NbTaWMo high-entropy alloys,S4,TaNbMoW,1.59048630,1.58486405,3157.75000000,16.83280329,3.22895616,0.25000000,0.25000000,0.25000000,0.25000000,0.00000000,0.00000000,0.00000000,0.00000000,0.00000000,0.00000000,0.00000000,0.00000000,0.00000000,0.00000000,0.00000000,0.00011946,3.02207957,233.52707828,-0.04563347,-0.04563347,-0.06274716,-0.10485312,-0.13074463,-0.10485312,-0.13074463,0.16622545,0.48064596,0.51998611,138.40856500,5.50000000,1.90500000,0.31442051,238.00000000,98.00000000,257.75000000,0.33250000,3.12000000,3.30700000,1.84500000,1.79122500,1.15275000,1.00537650,0.39500000,1.46200000,13.65387465,0.02292950,0.06567358,0.49239320,0.46330988,0.01799885,0.00477458,0.05204603,0.01396394,0.39784172,0.12147923,0.37777802,0.11728030,27.40430897,8.78343236,18.74439738,2.86879202,0.32567727,1.99625468,0.04412727,3.59769772,0.09441849,1293.32170950,2.53271648,906.60187910
TaNbMoW,BCC,CAST,,,1,873.15000000,561.00000000,,40.00000000,,,250.00000000,10.1016/j.intermet.2011.01.004,2011,Mechanical properties of Nb25Mo25Ta25W25 and V20Nb20Mo20Ta20W20 refractory high entropy alloys,S4,TaNbMoW,1.59048630,1.58486405,3157.75000000,16.83280329,3.22895616,0.25000000,0.25000000,0.25000000,0.25000000,0.00000000,0.00000000,0.00000000,0.00000000,0.00000000,0.00000000,0.00000000,0.00000000,0.00000000,0.00000000,0.00000000,0.00011946,3.02207957,233.52707828,-0.04563347,-0.04563347,-0.06274716,-0.10485312,-0.13074463,-0.10485312,-0.13074463,0.16622545,0.48064596,0.51998611,138.40856500,5.50000000,1.90500000,0.31442051,238.00000000,98.00000000,257.75000000,0.33250000,3.12000000,3.30700000,1.84500000,1.79122500,1.15275000,1.00537650,0.39500000,1.46200000,13.65387465,0.02292950,0.06567358,0.49239320,0.46330988,0.01799885,0.00477458,0.05204603,0.01396394,0.39784172,0.12147923,0.37777802,0.11728030,27.40430897,8.78343236,18.74439738,2.86879202,0.32567727,1.99625468,0.04412727,3.59769772,0.27651017,1293.32170950,2.53271648,541.50598118
TaNbMoW,BCC,CAST,,,1,1073.15000000,552.00000000,,40.00000000,,,250.00000000,10.1016/j.intermet.2011.01.004,2011,Mechanical properties of Nb25Mo25Ta25W25 and V20Nb20Mo20Ta20W20 refractory high entropy alloys,S4,TaNbMoW,1.59048630,1.58486405,3157.75000000,16.83280329,3.22895616,0.25000000,0.25000000,0.25000000,0.25000000,0.00000000,0.00000000,0.00000000,0.00000000,0.00000000,0.00000000,0.00000000,0.00000000,0.00000000,0.00000000,0.00000000,0.00011946,3.02207957,233.52707828,-0.04563347,-0.04563347,-0.06274716,-0.10485312,-0.13074463,-0.10485312,-0.13074463,0.16622545,0.48064596,0.51998611,138.40856500,5.50000000,1.90500000,0.31442051,238.00000000,98.00000000,257.75000000,0.33250000,3.12000000,3.30700000,1.84500000,1.79122500,1.15275000,1.00537650,0.39500000,1.46200000,13.65387465,0.02292950,0.06567358,0.49239320,0.46330988,0.01799885,0.00477458,0.05204603,0.01396394,0.39784172,0.12147923,0.37777802,0.11728030,27.40430897,8.78343236,18.74439738,2.86879202,0.32567727,1.99625468,0.04412727,3.59769772,0.33984641,1293.32170950,2.53271648,443.60510256
TaNbMoW,BCC,OTHER,,,1,1273.15000000,548.00000000,,,,,250.00000000,10.1016/j.actamat.2019.06.032,2019,High temperature strength of refractory complex concentrated alloys,S4,TaNbMoW,1.59048630,1.58486405,3157.75000000,16.83280329,3.22895616,0.25000000,0.25000000,0.25000000,0.25000000,0.00000000,0.00000000,0.00000000,0.00000000,0.00000000,0.00000000,0.00000000,0.00000000,0.00000000,0.00000000,0.00000000,0.00011946,3.02207957,233.52707828,-0.04563347,-0.04563347,-0.06274716,-0.10485312,-0.13074463,-0.10485312,-0.13074463,0.16622545,0.48064596,0.51998611,138.40856500,5.50000000,1.90500000,0.31442051,238.00000000,98.00000000,257.75000000,0.33250000,3.12000000,3.30700000,1.84500000,1.79122500,1.15275000,1.00537650,0.39500000,1.46200000,13.65387465,0.02292950,0.06567358,0.49239320,0.46330988,0.01799885,0.00477458,0.05204603,0.01396394,0.39784172,0.12147923,0.37777802,0.11728030,27.40430897,8.78343236,18.74439738,2.86879202,0.32567727,1.99625468,0.04412727,3.59769772,0.40318265,1293.32170950,2.53271648,363.40408759
TaNbMoW,BCC,OTHER,,,1,1473.15000000,506.00000000,,,,,250.00000000,10.1016/j.actamat.2019.06.032,2019,High temperature strength of refractory complex concentrated alloys,S4,TaNbMoW,1.59048630,1.58486405,3157.75000000,16.83280329,3.22895616,0.25000000,0.25000000,0.25000000,0.25000000,0.00000000,0.00000000,0.00000000,0.00000000,0.00000000,0.00000000,0.00000000,0.00000000,0.00000000,0.00000000,0.00000000,0.00011946,3.02207957,233.52707828,-0.04563347,-0.04563347,-0.06274716,-0.10485312,-0.13074463,-0.10485312,-0.13074463,0.16622545,0.48064596,0.51998611,138.40856500,5.50000000,1.90500000,0.31442051,238.00000000,98.00000000,257.75000000,0.33250000,3.12000000,3.30700000,1.84500000,1.79122500,1.15275000,1.00537650,0.39500000,1.46200000,13.65387465,0.02292950,0.06567358,0.49239320,0.46330988,0.01799885,0.00477458,0.05204603,0.01396394,0.39784172,0.12147923,0.37777802,0.11728030,27.40430897,8.78343236,18.74439738,2.86879202,0.32567727,1.99625468,0.04412727,3.59769772,0.46651888,1293.32170950,2.53271648,297.70291215
TaNbMoW,BCC,CAST,,,1,1673.15000000,421.00000000,,40.00000000,,,250.00000000,10.1016/j.intermet.2011.01.004,2011,Mechanical properties of Nb25Mo25Ta25W25 and V20Nb20Mo20Ta20W20 refractory high entropy alloys,S4,TaNbMoW,1.59048630,1.58486405,3157.75000000,16.83280329,3.22895616,0.25000000,0.25000000,0.25000000,0.25000000,0.00000000,0.00000000,0.00000000,0.00000000,0.00000000,0.00000000,0.00000000,0.00000000,0.00000000,0.00000000,0.00000000,0.00011946,3.02207957,233.52707828,-0.04563347,-0.04563347,-0.06274716,-0.10485312,-0.13074463,-0.10485312,-0.13074463,0.16622545,0.48064596,0.51998611,138.40856500,5.50000000,1.90500000,0.31442051,238.00000000,98.00000000,257.75000000,0.33250000,3.12000000,3.30700000,1.84500000,1.79122500,1.15275000,1.00537650,0.39500000,1.46200000,13.65387465,0.02292950,0.06567358,0.49239320,0.46330988,0.01799885,0.00477458,0.05204603,0.01396394,0.39784172,0.12147923,0.37777802,0.11728030,27.40430897,8.78343236,18.74439738,2.86879202,0.32567727,1.99625468,0.04412727,3.59769772,0.52985512,1293.32170950,2.53271648,243.88009637
TaNbMoW,BCC,CAST,,,1,1873.15000000,405.00000000,,40.00000000,,,250.00000000,10.1016/j.intermet.2011.01.004,2011,Mechanical properties of Nb25Mo25Ta25W25 and V20Nb20Mo20Ta20W20 refractory high entropy alloys,S4,TaNbMoW,1.59048630,1.58486405,3157.75000000,16.83280329,3.22895616,0.25000000,0.25000000,0.25000000,0.25000000,0.00000000,0.00000000,0.00000000,0.00000000,0.00000000,0.00000000,0.00000000,0.00000000,0.00000000,0.00000000,0.00000000,0.00011946,3.02207957,233.52707828,-0.04563347,-0.04563347,-0.06274716,-0.10485312,-0.13074463,-0.10485312,-0.13074463,0.16622545,0.48064596,0.51998611,138.40856500,5.50000000,1.90500000,0.31442051,238.00000000,98.00000000,257.75000000,0.33250000,3.12000000,3.30700000,1.84500000,1.79122500,1.15275000,1.00537650,0.39500000,1.46200000,13.65387465,0.02292950,0.06567358,0.49239320,0.46330988,0.01799885,0.00477458,0.05204603,0.01396394,0.39784172,0.12147923,0.37777802,0.11728030,27.40430897,8.78343236,18.74439738,2.86879202,0.32567727,1.99625468,0.04412727,3.59769772,0.59319135,1293.32170950,2.53271648,199.78810747
TaNbVMoW,BCC,POWDER,,,1,298.15000000,1701.33333333,3472.00000000,,,,229.00000000,10.1016/j.msea.2017.12.021,2018,Ultra-high strength WNbMoTaV high-entropy alloys with fine grain structure fabricated by powder metallurgical process,S4,TaNbVMoW,1.57076679,1.57113806,2962.80000000,16.20039620,3.18800170,0.20000000,0.20000000,0.20000000,0.20000000,0.20000000,0.00000000,0.00000000,0.00000000,0.00000000,0.00000000,0.00000000,0.00000000,0.00000000,0.00000000,0.00000000,0.00013869,2.99063852,224.14998189,0.04218059,0.04218059,-0.04351952,-0.07844072,-0.10509877,-0.07844072,-0.10509877,0.13529227,0.43662156,0.46687543,120.91515200,5.40000000,1.85000000,0.30132928,222.40000000,87.80000000,231.80000000,0.34000000,3.02040000,3.25120000,1.74200000,2.32198000,1.06480000,0.96209940,0.37000000,1.50920000,12.39380002,0.03285872,0.09547860,0.54371816,0.51230594,0.02563214,0.00694725,0.07454383,0.02025261,0.39546579,0.09370766,0.37797597,0.08896303,24.24061821,8.02563177,16.06189916,3.05334335,0.42999630,2.03030303,0.06790704,5.23851099,0.10063116,1951.89015621,2.83442119,1410.43805713
TaNbVMoW,BCC,CAST,,,1,873.15000000,862.00000000,,13.00000000,,,229.00000000,10.1016/j.intermet.2011.01.004,2011,Mechanical properties of Nb25Mo25Ta25W25 and V20Nb20Mo20Ta20W20 refractory high entropy alloys,S4,TaNbVMoW,1.57076679,1.57113806,2962.80000000,16.20039620,3.18800170,0.20000000,0.20000000,0.20000000,0.20000000,0.20000000,0.00000000,0.00000000,0.00000000,0.00000000,0.00000000,0.00000000,0.00000000,0.00000000,0.00000000,0.00000000,0.00013869,2.99063852,224.14998189,0.04218059,0.04218059,-0.04351952,-0.07844072,-0.10509877,-0.07844072,-0.10509877,0.13529227,0.43662156,0.46687543,120.91515200,5.40000000,1.85000000,0.30132928,222.40000000,87.80000000,231.80000000,0.34000000,3.02040000,3.25120000,1.74200000,2.32198000,1.06480000,0.96209940,0.37000000,1.50920000,12.39380002,0.03285872,0.09547860,0.54371816,0.51230594,0.02563214,0.00694725,0.07454383,0.02025261,0.39546579,0.09370766,0.37797597,0.08896303,24.24061821,8.02563177,16.06189916,3.05334335,0.42999630,2.03030303,0.06790704,5.23851099,0.29470433,1951.89015621,2.83442119,896.59966192
TaNbVMoW,BCC,CAST,,,1,1073.15000000,846.00000000,,17.00000000,,,229.00000000,10.1016/j.intermet.2011.01.004,2011,Mechanical properties of Nb25Mo25Ta25W25 and V20Nb20Mo20Ta20W20 refractory high entropy alloys,S4,TaNbVMoW,1.57076679,1.57113806,2962.80000000,16.20039620,3.18800170,0.20000000,0.20000000,0.20000000,0.20000000,0.20000000,0.00000000,0.00000000,0.00000000,0.00000000,0.00000000,0.00000000,0.00000000,0.00000000,0.00000000,0.00000000,0.00013869,2.99063852,224.14998189,0.04218059,0.04218059,-0.04351952,-0.07844072,-0.10509877,-0.07844072,-0.10509877,0.13529227,0.43662156,0.46687543,120.91515200,5.40000000,1.85000000,0.30132928,222.40000000,87.80000000,231.80000000,0.34000000,3.02040000,3.25120000,1.74200000,2.32198000,1.06480000,0.96209940,0.37000000,1.50920000,12.39380002,0.03285872,0.09547860,0.54371816,0.51230594,0.02563214,0.00694725,0.07454383,0.02025261,0.39546579,0.09370766,0.37797597,0.08896303,24.24061821,8.02563177,16.06189916,3.05334335,0.42999630,2.03030303,0.06790704,5.23851099,0.36220805,1951.89015621,2.83442119,750.25783283
TaNbVMoW,BCC,OTHER,,,1,1273.15000000,842.00000000,,,,,229.00000000,10.1016/j.actamat.2019.06.032,2019,High temperature strength of refractory complex concentrated alloys,S4,TaNbVMoW,1.57076679,1.57113806,2962.80000000,16.20039620,3.18800170,0.20000000,0.20000000,0.20000000,0.20000000,0.20000000,0.00000000,0.00000000,0.00000000,0.00000000,0.00000000,0.00000000,0.00000000,0.00000000,0.00000000,0.00000000,0.00013869,2.99063852,224.14998189,0.04218059,0.04218059,-0.04351952,-0.07844072,-0.10509877,-0.07844072,-0.10509877,0.13529227,0.43662156,0.46687543,120.91515200,5.40000000,1.85000000,0.30132928,222.40000000,87.80000000,231.80000000,0.34000000,3.02040000,3.25120000,1.74200000,2.32198000,1.06480000,0.96209940,0.37000000,1.50920000,12.39380002,0.03285872,0.09547860,0.54371816,0.51230594,0.02563214,0.00694725,0.07454383,0.02025261,0.39546579,0.09370766,0.37797597,0.08896303,24.24061821,8.02563177,16.06189916,3.05334335,0.42999630,2.03030303,0.06790704,5.23851099,0.42971176,1951.89015621,2.83442119,627.80172648
TaNbVMoW,BCC,OTHER,,,1,1473.15000000,735.00000000,,,,,229.00000000,10.1016/j.actamat.2019.06.032,2019,High temperature strength of refractory complex concentrated alloys,S4,TaNbVMoW,1.57076679,1.57113806,2962.80000000,16.20039620,3.18800170,0.20000000,0.20000000,0.20000000,0.20000000,0.20000000,0.00000000,0.00000000,0.00000000,0.00000000,0.00000000,0.00000000,0.00000000,0.00000000,0.00000000,0.00000000,0.00013869,2.99063852,224.14998189,0.04218059,0.04218059,-0.04351952,-0.07844072,-0.10509877,-0.07844072,-0.10509877,0.13529227,0.43662156,0.46687543,120.91515200,5.40000000,1.85000000,0.30132928,222.40000000,87.80000000,231.80000000,0.34000000,3.02040000,3.25120000,1.74200000,2.32198000,1.06480000,0.96209940,0.37000000,1.50920000,12.39380002,0.03285872,0.09547860,0.54371816,0.51230594,0.02563214,0.00694725,0.07454383,0.02025261,0.39546579,0.09370766,0.37797597,0.08896303,24.24061821,8.02563177,16.06189916,3.05334335,0.42999630,2.03030303,0.06790704,5.23851099,0.49721547,1951.89015621,2.83442119,525.33274633
TaNbVMoW,BCC,CAST,,,1,1673.15000000,656.00000000,,40.00000000,,,229.00000000,10.1016/j.intermet.2011.01.004,2011,Mechanical properties of Nb25Mo25Ta25W25 and V20Nb20Mo20Ta20W20 refractory high entropy alloys,S4,TaNbVMoW,1.57076679,1.57113806,2962.80000000,16.20039620,3.18800170,0.20000000,0.20000000,0.20000000,0.20000000,0.20000000,0.00000000,0.00000000,0.00000000,0.00000000,0.00000000,0.00000000,0.00000000,0.00000000,0.00000000,0.00000000,0.00013869,2.99063852,224.14998189,0.04218059,0.04218059,-0.04351952,-0.07844072,-0.10509877,-0.07844072,-0.10509877,0.13529227,0.43662156,0.46687543,120.91515200,5.40000000,1.85000000,0.30132928,222.40000000,87.80000000,231.80000000,0.34000000,3.02040000,3.25120000,1.74200000,2.32198000,1.06480000,0.96209940,0.37000000,1.50920000,12.39380002,0.03285872,0.09547860,0.54371816,0.51230594,0.02563214,0.00694725,0.07454383,0.02025261,0.39546579,0.09370766,0.37797597,0.08896303,24.24061821,8.02563177,16.06189916,3.05334335,0.42999630,2.03030303,0.06790704,5.23851099,0.56471918,1951.89015621,2.83442119,439.58861966
TaNbVMoW,BCC,CAST,,,1,1873.15000000,477.00000000,,40.00000000,,,229.00000000,10.1016/j.intermet.2011.01.004,2011,Mechanical properties of Nb25Mo25Ta25W25 and V20Nb20Mo20Ta20W20 refractory high entropy alloys,S4,TaNbVMoW,1.57076679,1.57113806,2962.80000000,16.20039620,3.18800170,0.20000000,0.20000000,0.20000000,0.20000000,0.20000000,0.00000000,0.00000000,0.00000000,0.00000000,0.00000000,0.00000000,0.00000000,0.00000000,0.00000000,0.00000000,0.00013869,2.99063852,224.14998189,0.04218059,0.04218059,-0.04351952,-0.07844072,-0.10509877,-0.07844072,-0.10509877,0.13529227,0.43662156,0.46687543,120.91515200,5.40000000,1.85000000,0.30132928,222.40000000,87.80000000,231.80000000,0.34000000,3.02040000,3.25120000,1.74200000,2.32198000,1.06480000,0.96209940,0.37000000,1.50920000,12.39380002,0.03285872,0.09547860,0.54371816,0.51230594,0.02563214,0.00694725,0.07454383,0.02025261,0.39546579,0.09370766,0.37797597,0.08896303,24.24061821,8.02563177,16.06189916,3.05334335,0.42999630,2.03030303,0.06790704,5.23851099,0.63222290,1951.89015621,2.83442119,367.83953767
TaTiCrMo,BCC+Laves,ANNEAL,,,1,293.15000000,1795.00000000,,,,,,10.1016/j.actamat.2019.06.006,2019,Solid-solution strengthening in refractory high entropy alloys,S4,TaTiCrMo,1.55583485,1.55156217,2576.75000000,15.68533898,3.15385194,0.25000000,0.25000000,0.25000000,0.25000000,0.00000000,0.00000000,0.00000000,0.00000000,0.00000000,0.00000000,0.00000000,0.00000000,0.00000000,0.00000000,0.00000000,0.00011946,2.94843092,202.16023601,0.17910295,0.15782643,-0.00715040,0.04792882,0.01299260,0.02665229,-0.00828392,0.08297867,0.32349704,0.35761749,94.18774500,5.25000000,1.71500000,0.24051838,185.25000000,88.00000000,227.50000000,0.29500000,2.63750000,3.13975000,1.42125000,2.50425000,1.02375000,1.08609450,0.26500000,1.71850000,9.97125641,0.05295621,0.14375699,0.38325959,0.36186398,0.04177055,0.01451276,0.11533018,0.03983309,0.31450957,0.09691888,0.29696867,0.09466057,24.03557994,9.11301609,13.98637180,3.06691087,0.47700000,1.83687943,0.18601684,6.42249656,0.11376734,2954.15874785,3.37999428,2233.59208138
TaTiCrMo,BCC+Laves,ANNEAL,,,1,373.15000000,1506.00000000,,,,,,10.1016/j.actamat.2019.06.006,2019,Solid-solution strengthening in refractory high entropy alloys,S4,TaTiCrMo,1.55583485,1.55156217,2576.75000000,15.68533898,3.15385194,0.25000000,0.25000000,0.25000000,0.25000000,0.00000000,0.00000000,0.00000000,0.00000000,0.00000000,0.00000000,0.00000000,0.00000000,0.00000000,0.00000000,0.00000000,0.00011946,2.94843092,202.16023601,0.17910295,0.15782643,-0.00715040,0.04792882,0.01299260,0.02665229,-0.00828392,0.08297867,0.32349704,0.35761749,94.18774500,5.25000000,1.71500000,0.24051838,185.25000000,88.00000000,227.50000000,0.29500000,2.63750000,3.13975000,1.42125000,2.50425000,1.02375000,1.08609450,0.26500000,1.71850000,9.97125641,0.05295621,0.14375699,0.38325959,0.36186398,0.04177055,0.01451276,0.11533018,0.03983309,0.31450957,0.09691888,0.29696867,0.09466057,24.03557994,9.11301609,13.98637180,3.06691087,0.47700000,1.83687943,0.18601684,6.42249656,0.14481420,2954.15874785,3.37999428,2107.83498963
TaTiCrMo,BCC+Laves,ANNEAL,,,1,473.15000000,1266.00000000,,,,,,10.1016/j.actamat.2019.06.006,2019,Solid-solution strengthening in refractory high entropy alloys,S4,TaTiCrMo,1.55583485,1.55156217,2576.75000000,15.68533898,3.15385194,0.25000000,0.25000000,0.25000000,0.25000000,0.00000000,0.00000000,0.00000000,0.00000000,0.00000000,0.00000000,0.00000000,0.00000000,0.00000000,0.00000000,0.00000000,0.00011946,2.94843092,202.16023601,0.17910295,0.15782643,-0.00715040,0.04792882,0.01299260,0.02665229,-0.00828392,0.08297867,0.32349704,0.35761749,94.18774500,5.25000000,1.71500000,0.24051838,185.25000000,88.00000000,227.50000000,0.29500000,2.63750000,3.13975000,1.42125000,2.50425000,1.02375000,1.08609450,0.26500000,1.71850000,9.97125641,0.05295621,0.14375699,0.38325959,0.36186398,0.04177055,0.01451276,0.11533018,0.03983309,0.31450957,0.09691888,0.29696867,0.09466057,24.03557994,9.11301609,13.98637180,3.06691087,0.47700000,1.83687943,0.18601684,6.42249656,0.18362278,2954.15874785,3.37999428,1962.68748346
TaTiCrMo,BCC+Laves,ANNEAL,,,1,573.15000000,1183.00000000,,,,,,10.1016/j.actamat.2019.06.006,2019,Solid-solution strengthening in refractory high entropy alloys,S4,TaTiCrMo,1.55583485,1.55156217,2576.75000000,15.68533898,3.15385194,0.25000000,0.25000000,0.25000000,0.25000000,0.00000000,0.00000000,0.00000000,0.00000000,0.00000000,0.00000000,0.00000000,0.00000000,0.00000000,0.00000000,0.00000000,0.00011946,2.94843092,202.16023601,0.17910295,0.15782643,-0.00715040,0.04792882,0.01299260,0.02665229,-0.00828392,0.08297867,0.32349704,0.35761749,94.18774500,5.25000000,1.71500000,0.24051838,185.25000000,88.00000000,227.50000000,0.29500000,2.63750000,3.13975000,1.42125000,2.50425000,1.02375000,1.08609450,0.26500000,1.71850000,9.97125641,0.05295621,0.14375699,0.38325959,0.36186398,0.04177055,0.01451276,0.11533018,0.03983309,0.31450957,0.09691888,0.29696867,0.09466057,24.03557994,9.11301609,13.98637180,3.06691087,0.47700000,1.83687943,0.18601684,6.42249656,0.22243136,2954.15874785,3.37999428,1827.49816647
TaTiCrMo,BCC+Laves,ANNEAL,,,1,673.15000000,1175.00000000,,,,,,10.1016/j.actamat.2019.06.006,2019,Solid-solution strengthening in refractory high entropy alloys,S4,TaTiCrMo,1.55583485,1.55156217,2576.75000000,15.68533898,3.15385194,0.25000000,0.25000000,0.25000000,0.25000000,0.00000000,0.00000000,0.00000000,0.00000000,0.00000000,0.00000000,0.00000000,0.00000000,0.00000000,0.00000000,0.00000000,0.00011946,2.94843092,202.16023601,0.17910295,0.15782643,-0.00715040,0.04792882,0.01299260,0.02665229,-0.00828392,0.08297867,0.32349704,0.35761749,94.18774500,5.25000000,1.71500000,0.24051838,185.25000000,88.00000000,227.50000000,0.29500000,2.63750000,3.13975000,1.42125000,2.50425000,1.02375000,1.08609450,0.26500000,1.71850000,9.97125641,0.05295621,0.14375699,0.38325959,0.36186398,0.04177055,0.01451276,0.11533018,0.03983309,0.31450957,0.09691888,0.29696867,0.09466057,24.03557994,9.11301609,13.98637180,3.06691087,0.47700000,1.83687943,0.18601684,6.42249656,0.26123993,2954.15874785,3.37999428,1699.99146057
TaTiCrMo,BCC+Laves,ANNEAL,,,1,873.15000000,1162.00000000,,,,,,10.1016/j.actamat.2019.06.006,2019,Solid-solution strengthening in refractory high entropy alloys,S4,TaTiCrMo,1.55583485,1.55156217,2576.75000000,15.68533898,3.15385194,0.25000000,0.25000000,0.25000000,0.25000000,0.00000000,0.00000000,0.00000000,0.00000000,0.00000000,0.00000000,0.00000000,0.00000000,0.00000000,0.00000000,0.00000000,0.00011946,2.94843092,202.16023601,0.17910295,0.15782643,-0.00715040,0.04792882,0.01299260,0.02665229,-0.00828392,0.08297867,0.32349704,0.35761749,94.18774500,5.25000000,1.71500000,0.24051838,185.25000000,88.00000000,227.50000000,0.29500000,2.63750000,3.13975000,1.42125000,2.50425000,1.02375000,1.08609450,0.26500000,1.71850000,9.97125641,0.05295621,0.14375699,0.38325959,0.36186398,0.04177055,0.01451276,0.11533018,0.03983309,0.31450957,0.09691888,0.29696867,0.09466057,24.03557994,9.11301609,13.98637180,3.06691087,0.47700000,1.83687943,0.18601684,6.42249656,0.33885709,2954.15874785,3.37999428,1538.54893415
TaTiCrMo,BCC+Laves,ANNEAL,,,1,1073.15000000,1162.00000000,,,,,,10.1016/j.actamat.2019.06.006,2019,Solid-solution strengthening in refractory high entropy alloys,S4,TaTiCrMo,1.55583485,1.55156217,2576.75000000,15.68533898,3.15385194,0.25000000,0.25000000,0.25000000,0.25000000,0.00000000,0.00000000,0.00000000,0.00000000,0.00000000,0.00000000,0.00000000,0.00000000,0.00000000,0.00000000,0.00000000,0.00011946,2.94843092,202.16023601,0.17910295,0.15782643,-0.00715040,0.04792882,0.01299260,0.02665229,-0.00828392,0.08297867,0.32349704,0.35761749,94.18774500,5.25000000,1.71500000,0.24051838,185.25000000,88.00000000,227.50000000,0.29500000,2.63750000,3.13975000,1.42125000,2.50425000,1.02375000,1.08609450,0.26500000,1.71850000,9.97125641,0.05295621,0.14375699,0.38325959,0.36186398,0.04177055,0.01451276,0.11533018,0.03983309,0.31450957,0.09691888,0.29696867,0.09466057,24.03557994,9.11301609,13.98637180,3.06691087,0.47700000,1.83687943,0.18601684,6.42249656,0.41647424,2954.15874785,3.37999428,1324.99631831
TaTiCrMo,BCC+Laves,ANNEAL,,,1,1273.15000000,1159.00000000,,,,,,10.1016/j.actamat.2019.06.006,2019,Solid-solution strengthening in refractory high entropy alloys,S4,TaTiCrMo,1.55583485,1.55156217,2576.75000000,15.68533898,3.15385194,0.25000000,0.25000000,0.25000000,0.25000000,0.00000000,0.00000000,0.00000000,0.00000000,0.00000000,0.00000000,0.00000000,0.00000000,0.00000000,0.00000000,0.00000000,0.00011946,2.94843092,202.16023601,0.17910295,0.15782643,-0.00715040,0.04792882,0.01299260,0.02665229,-0.00828392,0.08297867,0.32349704,0.35761749,94.18774500,5.25000000,1.71500000,0.24051838,185.25000000,88.00000000,227.50000000,0.29500000,2.63750000,3.13975000,1.42125000,2.50425000,1.02375000,1.08609450,0.26500000,1.71850000,9.97125641,0.05295621,0.14375699,0.38325959,0.36186398,0.04177055,0.01451276,0.11533018,0.03983309,0.31450957,0.09691888,0.29696867,0.09466057,24.03557994,9.11301609,13.98637180,3.06691087,0.47700000,1.83687943,0.18601684,6.42249656,0.49409139,2954.15874785,3.37999428,1141.08508645
TaTiNb,BCC,WROUGHT,,,1,293.15000000,573.00000000,,,,,136.00000000,10.1016/j.actamat.2019.06.006,2019,Solid-solution strengthening in refractory high entropy alloys,S4,TaTiNb,1.62162788,1.62123998,2660.33333333,17.88482895,3.29486983,0.33300000,0.33300000,0.33300000,0.00000000,0.00000000,0.00000000,0.00000000,0.00000000,0.00000000,0.00000000,0.00000000,0.00000000,0.00000000,0.00000000,0.00000000,0.00009466,3.08284212,161.61807796,0.08614643,0.05777773,-0.00816888,0.01813060,-0.01916109,-0.01023810,-0.04752979,0.04503369,0.17841603,0.19969882,107.24042000,4.66666667,1.54666667,0.13338234,159.00000000,49.66666667,135.66666667,0.35333333,2.63500000,2.76166667,1.03166667,3.50833333,0.59833333,1.08834867,0.16666667,1.73000000,9.95687624,0.00306543,0.00907981,0.25165548,0.26442187,0.00234759,0.00096932,0.00708476,0.00293315,0.18419114,0.07475460,0.19097151,0.07842335,14.17209019,5.37840235,8.19195965,4.61559889,0.75178571,2.09278351,0.00058401,13.88999455,0.11019296,49.90433912,0.37631390,6.97854166
TaTiNb,BCC,WROUGHT,,,1,373.15000000,486.00000000,,,,,136.00000000,10.1016/j.actamat.2019.06.006,2019,Solid-solution strengthening in refractory high entropy alloys,S4,TaTiNb,1.62162788,1.62123998,2660.33333333,17.88482895,3.29486983,0.33300000,0.33300000,0.33300000,0.00000000,0.00000000,0.00000000,0.00000000,0.00000000,0.00000000,0.00000000,0.00000000,0.00000000,0.00000000,0.00000000,0.00000000,0.00009466,3.08284212,161.61807796,0.08614643,0.05777773,-0.00816888,0.01813060,-0.01916109,-0.01023810,-0.04752979,0.04503369,0.17841603,0.19969882,107.24042000,4.66666667,1.54666667,0.13338234,159.00000000,49.66666667,135.66666667,0.35333333,2.63500000,2.76166667,1.03166667,3.50833333,0.59833333,1.08834867,0.16666667,1.73000000,9.95687624,0.00306543,0.00907981,0.25165548,0.26442187,0.00234759,0.00096932,0.00708476,0.00293315,0.18419114,0.07475460,0.19097151,0.07842335,14.17209019,5.37840235,8.19195965,4.61559889,0.75178571,2.09278351,0.00058401,13.88999455,0.14026438,49.90433912,0.37631390,4.07950962
TaTiNb,BCC,WROUGHT,,,1,473.15000000,378.00000000,,,,,136.00000000,10.1016/j.actamat.2019.06.006,2019,Solid-solution strengthening in refractory high entropy alloys,S4,TaTiNb,1.62162788,1.62123998,2660.33333333,17.88482895,3.29486983,0.33300000,0.33300000,0.33300000,0.00000000,0.00000000,0.00000000,0.00000000,0.00000000,0.00000000,0.00000000,0.00000000,0.00000000,0.00000000,0.00000000,0.00000000,0.00009466,3.08284212,161.61807796,0.08614643,0.05777773,-0.00816888,0.01813060,-0.01916109,-0.01023810,-0.04752979,0.04503369,0.17841603,0.19969882,107.24042000,4.66666667,1.54666667,0.13338234,159.00000000,49.66666667,135.66666667,0.35333333,2.63500000,2.76166667,1.03166667,3.50833333,0.59833333,1.08834867,0.16666667,1.73000000,9.95687624,0.00306543,0.00907981,0.25165548,0.26442187,0.00234759,0.00096932,0.00708476,0.00293315,0.18419114,0.07475460,0.19097151,0.07842335,14.17209019,5.37840235,8.19195965,4.61559889,0.75178571,2.09278351,0.00058401,13.88999455,0.17785365,49.90433912,0.37631390,2.08526892
TaTiNb,BCC,WROUGHT,,,1,573.15000000,314.00000000,,,,,136.00000000,10.1016/j.actamat.2019.06.006,2019,Solid-solution strengthening in refractory high entropy alloys,S4,TaTiNb,1.62162788,1.62123998,2660.33333333,17.88482895,3.29486983,0.33300000,0.33300000,0.33300000,0.00000000,0.00000000,0.00000000,0.00000000,0.00000000,0.00000000,0.00000000,0.00000000,0.00000000,0.00000000,0.00000000,0.00000000,0.00009466,3.08284212,161.61807796,0.08614643,0.05777773,-0.00816888,0.01813060,-0.01916109,-0.01023810,-0.04752979,0.04503369,0.17841603,0.19969882,107.24042000,4.66666667,1.54666667,0.13338234,159.00000000,49.66666667,135.66666667,0.35333333,2.63500000,2.76166667,1.03166667,3.50833333,0.59833333,1.08834867,0.16666667,1.73000000,9.95687624,0.00306543,0.00907981,0.25165548,0.26442187,0.00234759,0.00096932,0.00708476,0.00293315,0.18419114,0.07475460,0.19097151,0.07842335,14.17209019,5.37840235,8.19195965,4.61559889,0.75178571,2.09278351,0.00058401,13.88999455,0.21544293,49.90433912,0.37631390,1.06589930
TaTiNb,BCC,WROUGHT,,,1,673.15000000,232.00000000,,,,,136.00000000,10.1016/j.actamat.2019.06.006,2019,Solid-solution strengthening in refractory high entropy alloys,S4,TaTiNb,1.62162788,1.62123998,2660.33333333,17.88482895,3.29486983,0.33300000,0.33300000,0.33300000,0.00000000,0.00000000,0.00000000,0.00000000,0.00000000,0.00000000,0.00000000,0.00000000,0.00000000,0.00000000,0.00000000,0.00000000,0.00009466,3.08284212,161.61807796,0.08614643,0.05777773,-0.00816888,0.01813060,-0.01916109,-0.01023810,-0.04752979,0.04503369,0.17841603,0.19969882,107.24042000,4.66666667,1.54666667,0.13338234,159.00000000,49.66666667,135.66666667,0.35333333,2.63500000,2.76166667,1.03166667,3.50833333,0.59833333,1.08834867,0.16666667,1.73000000,9.95687624,0.00306543,0.00907981,0.25165548,0.26442187,0.00234759,0.00096932,0.00708476,0.00293315,0.18419114,0.07475460,0.19097151,0.07842335,14.17209019,5.37840235,8.19195965,4.61559889,0.75178571,2.09278351,0.00058401,13.88999455,0.25303220,49.90433912,0.37631390,0.54484163
TaTiNb,BCC,WROUGHT,,,1,873.15000000,222.00000000,,,,,136.00000000,10.1016/j.actamat.2019.06.006,2019,Solid-solution strengthening in refractory high entropy alloys,S4,TaTiNb,1.62162788,1.62123998,2660.33333333,17.88482895,3.29486983,0.33300000,0.33300000,0.33300000,0.00000000,0.00000000,0.00000000,0.00000000,0.00000000,0.00000000,0.00000000,0.00000000,0.00000000,0.00000000,0.00000000,0.00000000,0.00009466,3.08284212,161.61807796,0.08614643,0.05777773,-0.00816888,0.01813060,-0.01916109,-0.01023810,-0.04752979,0.04503369,0.17841603,0.19969882,107.24042000,4.66666667,1.54666667,0.13338234,159.00000000,49.66666667,135.66666667,0.35333333,2.63500000,2.76166667,1.03166667,3.50833333,0.59833333,1.08834867,0.16666667,1.73000000,9.95687624,0.00306543,0.00907981,0.25165548,0.26442187,0.00234759,0.00096932,0.00708476,0.00293315,0.18419114,0.07475460,0.19097151,0.07842335,14.17209019,5.37840235,8.19195965,4.61559889,0.75178571,2.09278351,0.00058401,13.88999455,0.32821075,49.90433912,0.37631390,0.14235689
TaTiNb,BCC,WROUGHT,,,1,1073.15000000,210.00000000,,,,,136.00000000,10.1016/j.actamat.2019.06.006,2019,Solid-solution strengthening in refractory high entropy alloys,S4,TaTiNb,1.62162788,1.62123998,2660.33333333,17.88482895,3.29486983,0.33300000,0.33300000,0.33300000,0.00000000,0.00000000,0.00000000,0.00000000,0.00000000,0.00000000,0.00000000,0.00000000,0.00000000,0.00000000,0.00000000,0.00000000,0.00009466,3.08284212,161.61807796,0.08614643,0.05777773,-0.00816888,0.01813060,-0.01916109,-0.01023810,-0.04752979,0.04503369,0.17841603,0.19969882,107.24042000,4.66666667,1.54666667,0.13338234,159.00000000,49.66666667,135.66666667,0.35333333,2.63500000,2.76166667,1.03166667,3.50833333,0.59833333,1.08834867,0.16666667,1.73000000,9.95687624,0.00306543,0.00907981,0.25165548,0.26442187,0.00234759,0.00096932,0.00708476,0.00293315,0.18419114,0.07475460,0.19097151,0.07842335,14.17209019,5.37840235,8.19195965,4.61559889,0.75178571,2.09278351,0.00058401,13.88999455,0.40338930,49.90433912,0.37631390,0.03719518
TaTiNb,BCC,WROUGHT,,,1,1273.15000000,160.00000000,,,,,136.00000000,10.1016/j.actamat.2019.06.006,2019,Solid-solution strengthening in refractory high entropy alloys,S4,TaTiNb,1.62162788,1.62123998,2660.33333333,17.88482895,3.29486983,0.33300000,0.33300000,0.33300000,0.00000000,0.00000000,0.00000000,0.00000000,0.00000000,0.00000000,0.00000000,0.00000000,0.00000000,0.00000000,0.00000000,0.00000000,0.00009466,3.08284212,161.61807796,0.08614643,0.05777773,-0.00816888,0.01813060,-0.01916109,-0.01023810,-0.04752979,0.04503369,0.17841603,0.19969882,107.24042000,4.66666667,1.54666667,0.13338234,159.00000000,49.66666667,135.66666667,0.35333333,2.63500000,2.76166667,1.03166667,3.50833333,0.59833333,1.08834867,0.16666667,1.73000000,9.95687624,0.00306543,0.00907981,0.25165548,0.26442187,0.00234759,0.00096932,0.00708476,0.00293315,0.18419114,0.07475460,0.19097151,0.07842335,14.17209019,5.37840235,8.19195965,4.61559889,0.75178571,2.09278351,0.00058401,13.88999455,0.47856785,49.90433912,0.37631390,0.00971840
TaTiNbAl,BCC,CAST,,,1,293.15000000,1152.00000000,,,,,120.00000000,10.1016/j.actamat.2019.06.006,2019,Solid-solution strengthening in refractory high entropy alloys,S4,TaTiNbAl,1.61185334,1.59824851,2228.58000000,17.25248207,3.25557117,0.25000000,0.25000000,0.25000000,0.25000000,0.00000000,0.00000000,0.00000000,0.00000000,0.00000000,0.00000000,0.00000000,0.00000000,0.00000000,0.00000000,0.00000000,0.00011946,3.05587516,140.15361715,-0.01188793,-0.03316446,-0.14086128,-0.13608511,-0.14067322,-0.15736163,-0.16194974,0.01517319,0.10864210,0.08422921,87.17569965,4.25000000,1.56250000,0.09346891,138.25000000,43.75000000,119.25000000,0.35250000,2.26625000,2.37100000,0.88275000,2.81922500,0.48625000,1.09626150,0.10885075,1.48825000,8.39060450,0.02133791,0.03688438,0.34070755,0.35316704,0.01638969,0.00596281,0.02514096,0.00897852,0.25083225,0.07874670,0.25631094,0.08157789,12.33490709,5.44287130,8.28819559,4.87609254,0.66334706,2.08880309,0.00499255,1.95634713,0.13154116,284.20802277,0.81305998,114.34073155
TaTiNbAl,BCC,CAST,,,1,373.15000000,740.00000000,,,,,120.00000000,10.1016/j.actamat.2019.06.006,2019,Solid-solution strengthening in refractory high entropy alloys,S4,TaTiNbAl,1.61185334,1.59824851,2228.58000000,17.25248207,3.25557117,0.25000000,0.25000000,0.25000000,0.25000000,0.00000000,0.00000000,0.00000000,0.00000000,0.00000000,0.00000000,0.00000000,0.00000000,0.00000000,0.00000000,0.00000000,0.00011946,3.05587516,140.15361715,-0.01188793,-0.03316446,-0.14086128,-0.13608511,-0.14067322,-0.15736163,-0.16194974,0.01517319,0.10864210,0.08422921,87.17569965,4.25000000,1.56250000,0.09346891,138.25000000,43.75000000,119.25000000,0.35250000,2.26625000,2.37100000,0.88275000,2.81922500,0.48625000,1.09626150,0.10885075,1.48825000,8.39060450,0.02133791,0.03688438,0.34070755,0.35316704,0.01638969,0.00596281,0.02514096,0.00897852,0.25083225,0.07874670,0.25631094,0.08157789,12.33490709,5.44287130,8.28819559,4.87609254,0.66334706,2.08880309,0.00499255,1.95634713,0.16743846,284.20802277,0.81305998,89.18411591
TaTiNbAl,BCC,CAST,,,1,473.15000000,740.00000000,,,,,120.00000000,10.1016/j.actamat.2019.06.006,2019,Solid-solution strengthening in refractory high entropy alloys,S4,TaTiNbAl,1.61185334,1.59824851,2228.58000000,17.25248207,3.25557117,0.25000000,0.25000000,0.25000000,0.25000000,0.00000000,0.00000000,0.00000000,0.00000000,0.00000000,0.00000000,0.00000000,0.00000000,0.00000000,0.00000000,0.00000000,0.00011946,3.05587516,140.15361715,-0.01188793,-0.03316446,-0.14086128,-0.13608511,-0.14067322,-0.15736163,-0.16194974,0.01517319,0.10864210,0.08422921,87.17569965,4.25000000,1.56250000,0.09346891,138.25000000,43.75000000,119.25000000,0.35250000,2.26625000,2.37100000,0.88275000,2.81922500,0.48625000,1.09626150,0.10885075,1.48825000,8.39060450,0.02133791,0.03688438,0.34070755,0.35316704,0.01638969,0.00596281,0.02514096,0.00897852,0.25083225,0.07874670,0.25631094,0.08157789,12.33490709,5.44287130,8.28819559,4.87609254,0.66334706,2.08880309,0.00499255,1.95634713,0.21231008,284.20802277,0.81305998,65.37259016
TaTiNbMo,BCC,ANNEAL,,,1,293.15000000,1210.00000000,,,,,179.00000000,10.1016/j.actamat.2019.06.006,2019,Solid-solution strengthening in refractory high entropy alloys,S4,TaTiNbMo,1.60396426,1.59798441,2719.25000000,17.29146783,3.25802155,0.25000000,0.25000000,0.25000000,0.25000000,0.00000000,0.00000000,0.00000000,0.00000000,0.00000000,0.00000000,0.00000000,0.00000000,0.00000000,0.00000000,0.00000000,0.00011946,3.04043892,186.53829362,0.01777363,-0.00350289,-0.07461517,-0.05492505,-0.08783266,-0.07620157,-0.10910919,0.11970877,0.31743524,0.32783529,104.41531500,5.00000000,1.70000000,0.19772647,187.25000000,68.75000000,184.00000000,0.34250000,2.72625000,2.93475000,1.28375000,2.87810000,0.80500000,1.04189325,0.23500000,1.65100000,10.02724753,0.02021336,0.05655207,0.50589909,0.48529596,0.01536148,0.00558394,0.04482692,0.01628648,0.33507150,0.11019478,0.32846658,0.10641115,19.39801481,7.11527366,11.74925185,3.64565217,0.57562000,2.04182510,0.03135429,5.91434977,0.10780546,766.00876461,1.67706111,467.89264308
TaTiNbMo,BCC,ANNEAL,,,1,333.15000000,1071.00000000,,,,,179.00000000,10.1016/j.actamat.2019.06.006,2019,Solid-solution strengthening in refractory high entropy alloys,S4,TaTiNbMo,1.60396426,1.59798441,2719.25000000,17.29146783,3.25802155,0.25000000,0.25000000,0.25000000,0.25000000,0.00000000,0.00000000,0.00000000,0.00000000,0.00000000,0.00000000,0.00000000,0.00000000,0.00000000,0.00000000,0.00000000,0.00011946,3.04043892,186.53829362,0.01777363,-0.00350289,-0.07461517,-0.05492505,-0.08783266,-0.07620157,-0.10910919,0.11970877,0.31743524,0.32783529,104.41531500,5.00000000,1.70000000,0.19772647,187.25000000,68.75000000,184.00000000,0.34250000,2.72625000,2.93475000,1.28375000,2.87810000,0.80500000,1.04189325,0.23500000,1.65100000,10.02724753,0.02021336,0.05655207,0.50589909,0.48529596,0.01536148,0.00558394,0.04482692,0.01628648,0.33507150,0.11019478,0.32846658,0.10641115,19.39801481,7.11527366,11.74925185,3.64565217,0.57562000,2.04182510,0.03135429,5.91434977,0.12251540,766.00876461,1.67706111,441.35627185
TaTiNbMo,BCC,ANNEAL,,,1,373.15000000,1029.00000000,,,,,179.00000000,10.1016/j.actamat.2019.06.006,2019,Solid-solution strengthening in refractory high entropy alloys,S4,TaTiNbMo,1.60396426,1.59798441,2719.25000000,17.29146783,3.25802155,0.25000000,0.25000000,0.25000000,0.25000000,0.00000000,0.00000000,0.00000000,0.00000000,0.00000000,0.00000000,0.00000000,0.00000000,0.00000000,0.00000000,0.00000000,0.00011946,3.04043892,186.53829362,0.01777363,-0.00350289,-0.07461517,-0.05492505,-0.08783266,-0.07620157,-0.10910919,0.11970877,0.31743524,0.32783529,104.41531500,5.00000000,1.70000000,0.19772647,187.25000000,68.75000000,184.00000000,0.34250000,2.72625000,2.93475000,1.28375000,2.87810000,0.80500000,1.04189325,0.23500000,1.65100000,10.02724753,0.02021336,0.05655207,0.50589909,0.48529596,0.01536148,0.00558394,0.04482692,0.01628648,0.33507150,0.11019478,0.32846658,0.10641115,19.39801481,7.11527366,11.74925185,3.64565217,0.57562000,2.04182510,0.03135429,5.91434977,0.13722534,766.00876461,1.67706111,415.86384659
TaTiNbMo,BCC,ANNEAL,,,1,473.15000000,868.00000000,,,,,179.00000000,10.1016/j.actamat.2019.06.006,2019,Solid-solution strengthening in refractory high entropy alloys,S4,TaTiNbMo,1.60396426,1.59798441,2719.25000000,17.29146783,3.25802155,0.25000000,0.25000000,0.25000000,0.25000000,0.00000000,0.00000000,0.00000000,0.00000000,0.00000000,0.00000000,0.00000000,0.00000000,0.00000000,0.00000000,0.00000000,0.00011946,3.04043892,186.53829362,0.01777363,-0.00350289,-0.07461517,-0.05492505,-0.08783266,-0.07620157,-0.10910919,0.11970877,0.31743524,0.32783529,104.41531500,5.00000000,1.70000000,0.19772647,187.25000000,68.75000000,184.00000000,0.34250000,2.72625000,2.93475000,1.28375000,2.87810000,0.80500000,1.04189325,0.23500000,1.65100000,10.02724753,0.02021336,0.05655207,0.50589909,0.48529596,0.01536148,0.00558394,0.04482692,0.01628648,0.33507150,0.11019478,0.32846658,0.10641115,19.39801481,7.11527366,11.74925185,3.64565217,0.57562000,2.04182510,0.03135429,5.91434977,0.17400018,766.00876461,1.67706111,375.67022674
TaTiNbMo,BCC,ANNEAL,,,1,573.15000000,732.00000000,,,,,179.00000000,10.1016/j.actamat.2019.06.006,2019,Solid-solution strengthening in refractory high entropy alloys,S4,TaTiNbMo,1.60396426,1.59798441,2719.25000000,17.29146783,3.25802155,0.25000000,0.25000000,0.25000000,0.25000000,0.00000000,0.00000000,0.00000000,0.00000000,0.00000000,0.00000000,0.00000000,0.00000000,0.00000000,0.00000000,0.00000000,0.00011946,3.04043892,186.53829362,0.01777363,-0.00350289,-0.07461517,-0.05492505,-0.08783266,-0.07620157,-0.10910919,0.11970877,0.31743524,0.32783529,104.41531500,5.00000000,1.70000000,0.19772647,187.25000000,68.75000000,184.00000000,0.34250000,2.72625000,2.93475000,1.28375000,2.87810000,0.80500000,1.04189325,0.23500000,1.65100000,10.02724753,0.02021336,0.05655207,0.50589909,0.48529596,0.01536148,0.00558394,0.04482692,0.01628648,0.33507150,0.11019478,0.32846658,0.10641115,19.39801481,7.11527366,11.74925185,3.64565217,0.57562000,2.04182510,0.03135429,5.91434977,0.21077503,766.00876461,1.67706111,323.15401320
TaTiNbMo,BCC,ANNEAL,,,1,673.15000000,685.00000000,,,,,179.00000000,10.1016/j.actamat.2019.06.006,2019,Solid-solution strengthening in refractory high entropy alloys,S4,TaTiNbMo,1.60396426,1.59798441,2719.25000000,17.29146783,3.25802155,0.25000000,0.25000000,0.25000000,0.25000000,0.00000000,0.00000000,0.00000000,0.00000000,0.00000000,0.00000000,0.00000000,0.00000000,0.00000000,0.00000000,0.00000000,0.00011946,3.04043892,186.53829362,0.01777363,-0.00350289,-0.07461517,-0.05492505,-0.08783266,-0.07620157,-0.10910919,0.11970877,0.31743524,0.32783529,104.41531500,5.00000000,1.70000000,0.19772647,187.25000000,68.75000000,184.00000000,0.34250000,2.72625000,2.93475000,1.28375000,2.87810000,0.80500000,1.04189325,0.23500000,1.65100000,10.02724753,0.02021336,0.05655207,0.50589909,0.48529596,0.01536148,0.00558394,0.04482692,0.01628648,0.33507150,0.11019478,0.32846658,0.10641115,19.39801481,7.11527366,11.74925185,3.64565217,0.57562000,2.04182510,0.03135429,5.91434977,0.24754988,766.00876461,1.67706111,277.97921903
TaTiNbMo,BCC,ANNEAL,,,1,873.15000000,593.00000000,,,,,179.00000000,10.1016/j.actamat.2019.06.006,2019,Solid-solution strengthening in refractory high entropy alloys,S4,TaTiNbMo,1.60396426,1.59798441,2719.25000000,17.29146783,3.25802155,0.25000000,0.25000000,0.25000000,0.25000000,0.00000000,0.00000000,0.00000000,0.00000000,0.00000000,0.00000000,0.00000000,0.00000000,0.00000000,0.00000000,0.00000000,0.00011946,3.04043892,186.53829362,0.01777363,-0.00350289,-0.07461517,-0.05492505,-0.08783266,-0.07620157,-0.10910919,0.11970877,0.31743524,0.32783529,104.41531500,5.00000000,1.70000000,0.19772647,187.25000000,68.75000000,184.00000000,0.34250000,2.72625000,2.93475000,1.28375000,2.87810000,0.80500000,1.04189325,0.23500000,1.65100000,10.02724753,0.02021336,0.05655207,0.50589909,0.48529596,0.01536148,0.00558394,0.04482692,0.01628648,0.33507150,0.11019478,0.32846658,0.10641115,19.39801481,7.11527366,11.74925185,3.64565217,0.57562000,2.04182510,0.03135429,5.91434977,0.32109957,766.00876461,1.67706111,205.69222875
TaTiNbMo,BCC,ANNEAL,,,1,1073.15000000,564.00000000,,,,,179.00000000,10.1016/j.actamat.2019.06.006,2019,Solid-solution strengthening in refractory high entropy alloys,S4,TaTiNbMo,1.60396426,1.59798441,2719.25000000,17.29146783,3.25802155,0.25000000,0.25000000,0.25000000,0.25000000,0.00000000,0.00000000,0.00000000,0.00000000,0.00000000,0.00000000,0.00000000,0.00000000,0.00000000,0.00000000,0.00000000,0.00011946,3.04043892,186.53829362,0.01777363,-0.00350289,-0.07461517,-0.05492505,-0.08783266,-0.07620157,-0.10910919,0.11970877,0.31743524,0.32783529,104.41531500,5.00000000,1.70000000,0.19772647,187.25000000,68.75000000,184.00000000,0.34250000,2.72625000,2.93475000,1.28375000,2.87810000,0.80500000,1.04189325,0.23500000,1.65100000,10.02724753,0.02021336,0.05655207,0.50589909,0.48529596,0.01536148,0.00558394,0.04482692,0.01628648,0.33507150,0.11019478,0.32846658,0.10641115,19.39801481,7.11527366,11.74925185,3.64565217,0.57562000,2.04182510,0.03135429,5.91434977,0.39464926,766.00876461,1.67706111,152.20307876
TaTiNbMo,BCC,ANNEAL,,,1,1273.15000000,539.00000000,,,,,179.00000000,10.1016/j.actamat.2019.06.006,2019,Solid-solution strengthening in refractory high entropy alloys,S4,TaTiNbMo,1.60396426,1.59798441,2719.25000000,17.29146783,3.25802155,0.25000000,0.25000000,0.25000000,0.25000000,0.00000000,0.00000000,0.00000000,0.00000000,0.00000000,0.00000000,0.00000000,0.00000000,0.00000000,0.00000000,0.00000000,0.00011946,3.04043892,186.53829362,0.01777363,-0.00350289,-0.07461517,-0.05492505,-0.08783266,-0.07620157,-0.10910919,0.11970877,0.31743524,0.32783529,104.41531500,5.00000000,1.70000000,0.19772647,187.25000000,68.75000000,184.00000000,0.34250000,2.72625000,2.93475000,1.28375000,2.87810000,0.80500000,1.04189325,0.23500000,1.65100000,10.02724753,0.02021336,0.05655207,0.50589909,0.48529596,0.01536148,0.00558394,0.04482692,0.01628648,0.33507150,0.11019478,0.32846658,0.10641115,19.39801481,7.11527366,11.74925185,3.64565217,0.57562000,2.04182510,0.03135429,5.91434977,0.46819895,766.00876461,1.67706111,112.62349252
TaTiNbMoW,BCC,CAST,,,1,298.15000000,1380.33333333,2005.00000000,,,,222.00000000,10.1016/j.intermet.2017.01.007,2017,Effect of Ti additions on mechanical properties of NbMoTaW and VNbMoTaW refractory high entropy alloys,S4,TaTiNbMoW,1.59533558,1.58948722,2914.40000000,16.99611887,3.23936525,0.20000000,0.20000000,0.20000000,0.20000000,0.20000000,0.00000000,0.00000000,0.00000000,0.00000000,0.00000000,0.00000000,0.00000000,0.00000000,0.00000000,0.00000000,0.00013869,3.02319166,209.11892695,0.00330158,-0.01371964,-0.06734975,-0.05114828,-0.08094582,-0.06816950,-0.09796703,0.13367923,0.37762475,0.40098930,120.30025200,5.20000000,1.83200000,0.24394552,211.80000000,87.20000000,229.40000000,0.33000000,2.91600000,3.14880000,1.54900000,2.43878000,1.00120000,1.03351460,0.29600000,1.59980000,11.75347184,0.02153606,0.06083809,0.55347986,0.52714654,0.01680559,0.00400501,0.04850360,0.01169274,0.40271903,0.09506712,0.38951733,0.09108152,24.46284903,8.38918005,15.29119204,3.14502597,0.46899615,1.98507463,0.03404528,7.90251261,0.10230236,1031.47336291,2.15427339,687.91140836
TaTiNbMoW,BCC,CAST,,,1,873.15000000,689.00000000,1681.00000000,,,,222.00000000,10.1016/j.intermet.2017.01.007,2017,Effect of Ti additions on mechanical properties of NbMoTaW and VNbMoTaW refractory high entropy alloys,S4,TaTiNbMoW,1.59533558,1.58948722,2914.40000000,16.99611887,3.23936525,0.20000000,0.20000000,0.20000000,0.20000000,0.20000000,0.00000000,0.00000000,0.00000000,0.00000000,0.00000000,0.00000000,0.00000000,0.00000000,0.00000000,0.00000000,0.00013869,3.02319166,209.11892695,0.00330158,-0.01371964,-0.06734975,-0.05114828,-0.08094582,-0.06816950,-0.09796703,0.13367923,0.37762475,0.40098930,120.30025200,5.20000000,1.83200000,0.24394552,211.80000000,87.20000000,229.40000000,0.33000000,2.91600000,3.14880000,1.54900000,2.43878000,1.00120000,1.03351460,0.29600000,1.59980000,11.75347184,0.02153606,0.06083809,0.55347986,0.52714654,0.01680559,0.00400501,0.04850360,0.01169274,0.40271903,0.09506712,0.38951733,0.09108152,24.46284903,8.38918005,15.29119204,3.14502597,0.46899615,1.98507463,0.03404528,7.90251261,0.29959855,1031.47336291,2.15427339,370.62351328
TaTiNbMoW,BCC,CAST,,,1,1073.15000000,674.00000000,1618.00000000,,,,222.00000000,10.1016/j.intermet.2017.01.007,2017,Effect of Ti additions on mechanical properties of NbMoTaW and VNbMoTaW refractory high entropy alloys,S4,TaTiNbMoW,1.59533558,1.58948722,2914.40000000,16.99611887,3.23936525,0.20000000,0.20000000,0.20000000,0.20000000,0.20000000,0.00000000,0.00000000,0.00000000,0.00000000,0.00000000,0.00000000,0.00000000,0.00000000,0.00000000,0.00000000,0.00013869,3.02319166,209.11892695,0.00330158,-0.01371964,-0.06734975,-0.05114828,-0.08094582,-0.06816950,-0.09796703,0.13367923,0.37762475,0.40098930,120.30025200,5.20000000,1.83200000,0.24394552,211.80000000,87.20000000,229.40000000,0.33000000,2.91600000,3.14880000,1.54900000,2.43878000,1.00120000,1.03351460,0.29600000,1.59980000,11.75347184,0.02153606,0.06083809,0.55347986,0.52714654,0.01680559,0.00400501,0.04850360,0.01169274,0.40271903,0.09506712,0.38951733,0.09108152,24.46284903,8.38918005,15.29119204,3.14502597,0.46899615,1.98507463,0.03404528,7.90251261,0.36822330,1031.47336291,2.15427339,293.16489498
TaTiNbMoW,BCC,CAST,,,1,1273.15000000,620.00000000,,,,,222.00000000,10.1016/j.actamat.2019.06.032,2019,High temperature strength of refractory complex concentrated alloys,S4,TaTiNbMoW,1.59533558,1.58948722,2914.40000000,16.99611887,3.23936525,0.20000000,0.20000000,0.20000000,0.20000000,0.20000000,0.00000000,0.00000000,0.00000000,0.00000000,0.00000000,0.00000000,0.00000000,0.00000000,0.00000000,0.00000000,0.00013869,3.02319166,209.11892695,0.00330158,-0.01371964,-0.06734975,-0.05114828,-0.08094582,-0.06816950,-0.09796703,0.13367923,0.37762475,0.40098930,120.30025200,5.20000000,1.83200000,0.24394552,211.80000000,87.20000000,229.40000000,0.33000000,2.91600000,3.14880000,1.54900000,2.43878000,1.00120000,1.03351460,0.29600000,1.59980000,11.75347184,0.02153606,0.06083809,0.55347986,0.52714654,0.01680559,0.00400501,0.04850360,0.01169274,0.40271903,0.09506712,0.38951733,0.09108152,24.46284903,8.38918005,15.29119204,3.14502597,0.46899615,1.98507463,0.03404528,7.90251261,0.43684806,1031.47336291,2.15427339,231.89477346
TaTiNbMoW,BCC,CAST,,,1,1473.15000000,586.00000000,,,,,222.00000000,10.1016/j.actamat.2019.06.032,2019,High temperature strength of refractory complex concentrated alloys,S4,TaTiNbMoW,1.59533558,1.58948722,2914.40000000,16.99611887,3.23936525,0.20000000,0.20000000,0.20000000,0.20000000,0.20000000,0.00000000,0.00000000,0.00000000,0.00000000,0.00000000,0.00000000,0.00000000,0.00000000,0.00000000,0.00000000,0.00013869,3.02319166,209.11892695,0.00330158,-0.01371964,-0.06734975,-0.05114828,-0.08094582,-0.06816950,-0.09796703,0.13367923,0.37762475,0.40098930,120.30025200,5.20000000,1.83200000,0.24394552,211.80000000,87.20000000,229.40000000,0.33000000,2.91600000,3.14880000,1.54900000,2.43878000,1.00120000,1.03351460,0.29600000,1.59980000,11.75347184,0.02153606,0.06083809,0.55347986,0.52714654,0.01680559,0.00400501,0.04850360,0.01169274,0.40271903,0.09506712,0.38951733,0.09108152,24.46284903,8.38918005,15.29119204,3.14502597,0.46899615,1.98507463,0.03404528,7.90251261,0.50547282,1031.47336291,2.15427339,183.42982696
TaTiNbVMoW,BCC,CAST,,,1,298.15000000,1515.00000000,2135.00000000,,,,209.00000000,10.1016/j.intermet.2017.01.007,2017,Effect of Ti additions on mechanical properties of NbMoTaW and VNbMoTaW refractory high entropy alloys,S4,TaTiNbVMoW,1.57809444,1.57685744,2792.50000000,16.43784471,3.20350168,0.16700000,0.16700000,0.16700000,0.16700000,0.16700000,0.16700000,0.00000000,0.00000000,0.00000000,0.00000000,0.00000000,0.00000000,0.00000000,0.00000000,0.00000000,0.00015454,2.99494033,205.37270518,0.05841832,0.04423397,-0.04862385,-0.04100229,-0.07120036,-0.05518664,-0.08538471,0.11210672,0.35688871,0.37825369,108.74046000,5.16666667,1.79833333,0.24478199,203.16666667,80.50000000,212.50000000,0.33666667,2.86700000,3.12866667,1.51250000,2.77315000,0.95316667,0.99276067,0.29166667,1.61616667,10.98488935,0.03177623,0.09119156,0.57808483,0.54908291,0.02484887,0.00613609,0.07213496,0.01786447,0.38627632,0.08360784,0.37379232,0.08010063,22.33322639,7.78975458,13.81864065,3.28239203,0.53673871,2.01507538,0.05778002,10.52496702,0.10676813,1666.46214232,2.54451107,1169.70954401
TaTiNbVMoW,BCC,CAST,,,1,873.15000000,973.00000000,1590.00000000,,,,209.00000000,10.1016/j.intermet.2017.01.007,2017,Effect of Ti additions on mechanical properties of NbMoTaW and VNbMoTaW refractory high entropy alloys,S4,TaTiNbVMoW,1.57809444,1.57685744,2792.50000000,16.43784471,3.20350168,0.16700000,0.16700000,0.16700000,0.16700000,0.16700000,0.16700000,0.00000000,0.00000000,0.00000000,0.00000000,0.00000000,0.00000000,0.00000000,0.00000000,0.00000000,0.00015454,2.99494033,205.37270518,0.05841832,0.04423397,-0.04862385,-0.04100229,-0.07120036,-0.05518664,-0.08538471,0.11210672,0.35688871,0.37825369,108.74046000,5.16666667,1.79833333,0.24478199,203.16666667,80.50000000,212.50000000,0.33666667,2.86700000,3.12866667,1.51250000,2.77315000,0.95316667,0.99276067,0.29166667,1.61616667,10.98488935,0.03177623,0.09119156,0.57808483,0.54908291,0.02484887,0.00613609,0.07213496,0.01786447,0.38627632,0.08360784,0.37379232,0.08010063,22.33322639,7.78975458,13.81864065,3.28239203,0.53673871,2.01507538,0.05778002,10.52496702,0.31267681,1666.46214232,2.54451107,700.55908305
TaTiNbVMoW,BCC,CAST,,,1,1073.15000000,791.30000000,1180.00000000,,,,209.00000000,10.1016/j.intermet.2017.01.007,2017,Effect of Ti additions on mechanical properties of NbMoTaW and VNbMoTaW refractory high entropy alloys,S4,TaTiNbVMoW,1.57809444,1.57685744,2792.50000000,16.43784471,3.20350168,0.16700000,0.16700000,0.16700000,0.16700000,0.16700000,0.16700000,0.00000000,0.00000000,0.00000000,0.00000000,0.00000000,0.00000000,0.00000000,0.00000000,0.00000000,0.00015454,2.99494033,205.37270518,0.05841832,0.04423397,-0.04862385,-0.04100229,-0.07120036,-0.05518664,-0.08538471,0.11210672,0.35688871,0.37825369,108.74046000,5.16666667,1.79833333,0.24478199,203.16666667,80.50000000,212.50000000,0.33666667,2.86700000,3.12866667,1.51250000,2.77315000,0.95316667,0.99276067,0.29166667,1.61616667,10.98488935,0.03177623,0.09119156,0.57808483,0.54908291,0.02484887,0.00613609,0.07213496,0.01786447,0.38627632,0.08360784,0.37379232,0.08010063,22.33322639,7.78975458,13.81864065,3.28239203,0.53673871,2.01507538,0.05778002,10.52496702,0.38429722,1666.46214232,2.54451107,574.43314676
TaTiNbVMoW,BCC,CAST,,,1,1273.15000000,752.90000000,,,,,209.00000000,10.1016/j.actamat.2019.06.032,2019,High temperature strength of refractory complex concentrated alloys,S4,TaTiNbVMoW,1.57809444,1.57685744,2792.50000000,16.43784471,3.20350168,0.16700000,0.16700000,0.16700000,0.16700000,0.16700000,0.16700000,0.00000000,0.00000000,0.00000000,0.00000000,0.00000000,0.00000000,0.00000000,0.00000000,0.00000000,0.00015454,2.99494033,205.37270518,0.05841832,0.04423397,-0.04862385,-0.04100229,-0.07120036,-0.05518664,-0.08538471,0.11210672,0.35688871,0.37825369,108.74046000,5.16666667,1.79833333,0.24478199,203.16666667,80.50000000,212.50000000,0.33666667,2.86700000,3.12866667,1.51250000,2.77315000,0.95316667,0.99276067,0.29166667,1.61616667,10.98488935,0.03177623,0.09119156,0.57808483,0.54908291,0.02484887,0.00613609,0.07213496,0.01786447,0.38627632,0.08360784,0.37379232,0.08010063,22.33322639,7.78975458,13.81864065,3.28239203,0.53673871,2.01507538,0.05778002,10.52496702,0.45591764,1666.46214232,2.54451107,471.01443415
TaTiNbVMoW,BCC,CAST,,,1,1473.15000000,659.00000000,,,,,209.00000000,10.1016/j.actamat.2019.06.032,2019,High temperature strength of refractory complex concentrated alloys,S4,TaTiNbVMoW,1.57809444,1.57685744,2792.50000000,16.43784471,3.20350168,0.16700000,0.16700000,0.16700000,0.16700000,0.16700000,0.16700000,0.00000000,0.00000000,0.00000000,0.00000000,0.00000000,0.00000000,0.00000000,0.00000000,0.00000000,0.00015454,2.99494033,205.37270518,0.05841832,0.04423397,-0.04862385,-0.04100229,-0.07120036,-0.05518664,-0.08538471,0.11210672,0.35688871,0.37825369,108.74046000,5.16666667,1.79833333,0.24478199,203.16666667,80.50000000,212.50000000,0.33666667,2.86700000,3.12866667,1.51250000,2.77315000,0.95316667,0.99276067,0.29166667,1.61616667,10.98488935,0.03177623,0.09119156,0.57808483,0.54908291,0.02484887,0.00613609,0.07213496,0.01786447,0.38627632,0.08360784,0.37379232,0.08010063,22.33322639,7.78975458,13.81864065,3.28239203,0.53673871,2.01507538,0.05778002,10.52496702,0.52753805,1666.46214232,2.54451107,386.21482488
TaTiNbW,BCC,ANNEAL,,,1,293.15000000,1054.00000000,,,,,198.00000000,10.1016/j.actamat.2019.06.006,2019,Solid-solution strengthening in refractory high entropy alloys,S4,TaTiNbW,1.60642613,1.60277497,2919.00000000,17.36027592,3.26233739,0.25000000,0.25000000,0.25000000,0.25000000,0.00000000,0.00000000,0.00000000,0.00000000,0.00000000,0.00000000,0.00000000,0.00000000,0.00000000,0.00000000,0.00000000,0.00011946,3.04604225,196.07392354,0.04619993,0.02492340,-0.04591763,-0.03035959,-0.06108131,-0.05163611,-0.08235783,0.11139222,0.31863441,0.33294408,126.39031500,5.00000000,1.75000000,0.20724218,196.75000000,77.50000000,204.50000000,0.33500000,2.89500000,3.07250000,1.42625000,2.80162500,0.89525000,1.06626150,0.26000000,1.64625000,12.08945065,0.01764414,0.04895096,0.63753558,0.60246503,0.01356147,0.00491972,0.03860653,0.01398923,0.38913111,0.13174888,0.37771729,0.12633288,21.89581965,7.56332285,13.30042196,3.43200223,0.56032500,2.00751880,0.02534096,11.48593904,0.10042823,696.41445539,1.70453204,428.30303521
TaTiNbW,BCC,ANNEAL,,,1,373.15000000,968.00000000,,,,,198.00000000,10.1016/j.actamat.2019.06.006,2019,Solid-solution strengthening in refractory high entropy alloys,S4,TaTiNbW,1.60642613,1.60277497,2919.00000000,17.36027592,3.26233739,0.25000000,0.25000000,0.25000000,0.25000000,0.00000000,0.00000000,0.00000000,0.00000000,0.00000000,0.00000000,0.00000000,0.00000000,0.00000000,0.00000000,0.00000000,0.00011946,3.04604225,196.07392354,0.04619993,0.02492340,-0.04591763,-0.03035959,-0.06108131,-0.05163611,-0.08235783,0.11139222,0.31863441,0.33294408,126.39031500,5.00000000,1.75000000,0.20724218,196.75000000,77.50000000,204.50000000,0.33500000,2.89500000,3.07250000,1.42625000,2.80162500,0.89525000,1.06626150,0.26000000,1.64625000,12.08945065,0.01764414,0.04895096,0.63753558,0.60246503,0.01356147,0.00491972,0.03860653,0.01398923,0.38913111,0.13174888,0.37771729,0.12633288,21.89581965,7.56332285,13.30042196,3.43200223,0.56032500,2.00751880,0.02534096,11.48593904,0.12783487,696.41445539,1.70453204,381.51081731
TaTiNbW,BCC,ANNEAL,,,1,473.15000000,869.00000000,,,,,198.00000000,10.1016/j.actamat.2019.06.006,2019,Solid-solution strengthening in refractory high entropy alloys,S4,TaTiNbW,1.60642613,1.60277497,2919.00000000,17.36027592,3.26233739,0.25000000,0.25000000,0.25000000,0.25000000,0.00000000,0.00000000,0.00000000,0.00000000,0.00000000,0.00000000,0.00000000,0.00000000,0.00000000,0.00000000,0.00000000,0.00011946,3.04604225,196.07392354,0.04619993,0.02492340,-0.04591763,-0.03035959,-0.06108131,-0.05163611,-0.08235783,0.11139222,0.31863441,0.33294408,126.39031500,5.00000000,1.75000000,0.20724218,196.75000000,77.50000000,204.50000000,0.33500000,2.89500000,3.07250000,1.42625000,2.80162500,0.89525000,1.06626150,0.26000000,1.64625000,12.08945065,0.01764414,0.04895096,0.63753558,0.60246503,0.01356147,0.00491972,0.03860653,0.01398923,0.38913111,0.13174888,0.37771729,0.12633288,21.89581965,7.56332285,13.30042196,3.43200223,0.56032500,2.00751880,0.02534096,11.48593904,0.16209318,696.41445539,1.70453204,345.48378274
TaTiNbW,BCC,ANNEAL,,,1,573.15000000,754.00000000,,,,,198.00000000,10.1016/j.actamat.2019.06.006,2019,Solid-solution strengthening in refractory high entropy alloys,S4,TaTiNbW,1.60642613,1.60277497,2919.00000000,17.36027592,3.26233739,0.25000000,0.25000000,0.25000000,0.25000000,0.00000000,0.00000000,0.00000000,0.00000000,0.00000000,0.00000000,0.00000000,0.00000000,0.00000000,0.00000000,0.00000000,0.00011946,3.04604225,196.07392354,0.04619993,0.02492340,-0.04591763,-0.03035959,-0.06108131,-0.05163611,-0.08235783,0.11139222,0.31863441,0.33294408,126.39031500,5.00000000,1.75000000,0.20724218,196.75000000,77.50000000,204.50000000,0.33500000,2.89500000,3.07250000,1.42625000,2.80162500,0.89525000,1.06626150,0.26000000,1.64625000,12.08945065,0.01764414,0.04895096,0.63753558,0.60246503,0.01356147,0.00491972,0.03860653,0.01398923,0.38913111,0.13174888,0.37771729,0.12633288,21.89581965,7.56332285,13.30042196,3.43200223,0.56032500,2.00751880,0.02534096,11.48593904,0.19635149,696.41445539,1.70453204,297.90954012
TaTiNbW,BCC,ANNEAL,,,1,673.15000000,627.00000000,,,,,198.00000000,10.1016/j.actamat.2019.06.006,2019,Solid-solution strengthening in refractory high entropy alloys,S4,TaTiNbW,1.60642613,1.60277497,2919.00000000,17.36027592,3.26233739,0.25000000,0.25000000,0.25000000,0.25000000,0.00000000,0.00000000,0.00000000,0.00000000,0.00000000,0.00000000,0.00000000,0.00000000,0.00000000,0.00000000,0.00000000,0.00011946,3.04604225,196.07392354,0.04619993,0.02492340,-0.04591763,-0.03035959,-0.06108131,-0.05163611,-0.08235783,0.11139222,0.31863441,0.33294408,126.39031500,5.00000000,1.75000000,0.20724218,196.75000000,77.50000000,204.50000000,0.33500000,2.89500000,3.07250000,1.42625000,2.80162500,0.89525000,1.06626150,0.26000000,1.64625000,12.08945065,0.01764414,0.04895096,0.63753558,0.60246503,0.01356147,0.00491972,0.03860653,0.01398923,0.38913111,0.13174888,0.37771729,0.12633288,21.89581965,7.56332285,13.30042196,3.43200223,0.56032500,2.00751880,0.02534096,11.48593904,0.23060980,696.41445539,1.70453204,256.88642573
TaTiNbW,BCC,ANNEAL,,,1,873.15000000,596.00000000,,,,,198.00000000,10.1016/j.actamat.2019.06.006,2019,Solid-solution strengthening in refractory high entropy alloys,S4,TaTiNbW,1.60642613,1.60277497,2919.00000000,17.36027592,3.26233739,0.25000000,0.25000000,0.25000000,0.25000000,0.00000000,0.00000000,0.00000000,0.00000000,0.00000000,0.00000000,0.00000000,0.00000000,0.00000000,0.00000000,0.00000000,0.00011946,3.04604225,196.07392354,0.04619993,0.02492340,-0.04591763,-0.03035959,-0.06108131,-0.05163611,-0.08235783,0.11139222,0.31863441,0.33294408,126.39031500,5.00000000,1.75000000,0.20724218,196.75000000,77.50000000,204.50000000,0.33500000,2.89500000,3.07250000,1.42625000,2.80162500,0.89525000,1.06626150,0.26000000,1.64625000,12.08945065,0.01764414,0.04895096,0.63753558,0.60246503,0.01356147,0.00491972,0.03860653,0.01398923,0.38913111,0.13174888,0.37771729,0.12633288,21.89581965,7.56332285,13.30042196,3.43200223,0.56032500,2.00751880,0.02534096,11.48593904,0.29912641,696.41445539,1.70453204,191.00935853
TaTiNbW,BCC,ANNEAL,,,1,1073.15000000,564.00000000,,,,,198.00000000,10.1016/j.actamat.2019.06.006,2019,Solid-solution strengthening in refractory high entropy alloys,S4,TaTiNbW,1.60642613,1.60277497,2919.00000000,17.36027592,3.26233739,0.25000000,0.25000000,0.25000000,0.25000000,0.00000000,0.00000000,0.00000000,0.00000000,0.00000000,0.00000000,0.00000000,0.00000000,0.00000000,0.00000000,0.00000000,0.00011946,3.04604225,196.07392354,0.04619993,0.02492340,-0.04591763,-0.03035959,-0.06108131,-0.05163611,-0.08235783,0.11139222,0.31863441,0.33294408,126.39031500,5.00000000,1.75000000,0.20724218,196.75000000,77.50000000,204.50000000,0.33500000,2.89500000,3.07250000,1.42625000,2.80162500,0.89525000,1.06626150,0.26000000,1.64625000,12.08945065,0.01764414,0.04895096,0.63753558,0.60246503,0.01356147,0.00491972,0.03860653,0.01398923,0.38913111,0.13174888,0.37771729,0.12633288,21.89581965,7.56332285,13.30042196,3.43200223,0.56032500,2.00751880,0.02534096,11.48593904,0.36764303,696.41445539,1.70453204,142.02609166
TaTiNbW,BCC,ANNEAL,,,1,1273.15000000,459.00000000,,,,,198.00000000,10.1016/j.actamat.2019.06.006,2019,Solid-solution strengthening in refractory high entropy alloys,S4,TaTiNbW,1.60642613,1.60277497,2919.00000000,17.36027592,3.26233739,0.25000000,0.25000000,0.25000000,0.25000000,0.00000000,0.00000000,0.00000000,0.00000000,0.00000000,0.00000000,0.00000000,0.00000000,0.00000000,0.00000000,0.00000000,0.00011946,3.04604225,196.07392354,0.04619993,0.02492340,-0.04591763,-0.03035959,-0.06108131,-0.05163611,-0.08235783,0.11139222,0.31863441,0.33294408,126.39031500,5.00000000,1.75000000,0.20724218,196.75000000,77.50000000,204.50000000,0.33500000,2.89500000,3.07250000,1.42625000,2.80162500,0.89525000,1.06626150,0.26000000,1.64625000,12.08945065,0.01764414,0.04895096,0.63753558,0.60246503,0.01356147,0.00491972,0.03860653,0.01398923,0.38913111,0.13174888,0.37771729,0.12633288,21.89581965,7.56332285,13.30042196,3.43200223,0.56032500,2.00751880,0.02534096,11.48593904,0.43615964,696.41445539,1.70453204,105.60430581
TaVCrW,BCC+Laves,POWDER,,7.00700000,1,298.15000000,2327.00000000,,1.50000000,,,,10.1016/j.matchemphys.2017.06.054,2018,The effect of Ti on the sintering and mechanical properties of refractory high-entropy alloy TixWTaVCr fabricated via spark plasma sintering for fusion plasma-facing materials,S4,TaVCrW,1.52758572,1.53046979,2837.00000000,14.80865093,3.09396334,0.25000000,0.25000000,0.25000000,0.25000000,0.00000000,0.00000000,0.00000000,0.00000000,0.00000000,0.00000000,0.00000000,0.00000000,0.00000000,0.00000000,0.00000000,0.00011946,2.91440544,230.48468462,0.23437398,0.23437398,0.01154058,-0.00555089,-0.03366238,-0.00555089,-0.03366238,0.10942223,0.43118603,0.44794583,116.93137000,5.50000000,1.78750000,0.32176380,208.00000000,97.50000000,251.00000000,0.30000000,2.93675000,3.40550000,1.80500000,2.28177500,1.19350000,1.02119375,0.38250000,1.60050000,13.11187909,0.05050188,0.14417574,0.45346210,0.42602479,0.03937955,0.01202401,0.10976261,0.03289744,0.34607754,0.10016604,0.31932172,0.09478510,26.12464582,8.89576771,16.32280276,2.85337243,0.41486818,1.85714286,0.18293185,61.05558658,0.10509341,3334.20995348,3.56843739,2540.93852086
TaVCrW,BCC+Laves,POWDER,,,1,1473.15000000,979.00000000,,1.50000000,,,,10.1016/j.matchemphys.2017.06.054,2018,The effect of Ti on the sintering and mechanical properties of refractory high-entropy alloy TixWTaVCr fabricated via spark plasma sintering for fusion plasma-facing materials,S4,TaVCrW,1.52758572,1.53046979,2837.00000000,14.80865093,3.09396334,0.25000000,0.25000000,0.25000000,0.25000000,0.00000000,0.00000000,0.00000000,0.00000000,0.00000000,0.00000000,0.00000000,0.00000000,0.00000000,0.00000000,0.00000000,0.00011946,2.91440544,230.48468462,0.23437398,0.23437398,0.01154058,-0.00555089,-0.03366238,-0.00555089,-0.03366238,0.10942223,0.43118603,0.44794583,116.93137000,5.50000000,1.78750000,0.32176380,208.00000000,97.50000000,251.00000000,0.30000000,2.93675000,3.40550000,1.80500000,2.28177500,1.19350000,1.02119375,0.38250000,1.60050000,13.11187909,0.05050188,0.14417574,0.45346210,0.42602479,0.03937955,0.01202401,0.10976261,0.03289744,0.34607754,0.10016604,0.31932172,0.09478510,26.12464582,8.89576771,16.32280276,2.85337243,0.41486818,1.85714286,0.18293185,61.05558658,0.51926331,3334.20995348,3.56843739,1175.50241559
Ti181Nb181Al181V181Cr272,BCC+Laves,ANNEAL,,,1,298.15000000,1700.00000000,1700.00000000,,,,,10.1016/j.jallcom.2015.08.224,2015,"Structure and mechanical properties of the AlCrxNbTiV (x = 0, 0.5, 1, 1.5) high entropy alloys",S4,Ti181Nb181Al181V181Cr272,1.53879745,1.52817806,2014.14148594,14.94431806,3.10338292,0.18200000,0.18200000,0.18200000,0.18200000,0.27300000,0.00000000,0.00000000,0.00000000,0.00000000,0.00000000,0.00000000,0.00000000,0.00000000,0.00000000,0.00000000,0.00013743,2.88825322,165.25187590,0.04958815,0.03309872,-0.07063790,-0.09058748,-0.10544265,-0.10707690,-0.12193207,0.04104594,0.23249249,0.25455628,53.94276201,4.72791165,1.61275100,0.19144655,137.46686747,59.57329317,152.33634538,0.31903614,2.17951506,2.67051004,1.09688855,2.47601114,0.77411647,0.85000786,0.18837143,1.57362149,5.99385830,0.05324582,0.15791515,0.58177353,0.52384549,0.04180720,0.01375487,0.12091834,0.03971790,0.37260822,0.13274506,0.34646376,0.12229267,16.01096860,7.34611515,10.17459964,3.44975228,0.52370081,1.93701345,0.13297963,3.05555481,0.14802833,2432.94243860,2.40453791,1679.83256720
Ti181Nb181Al181V181Cr272,BCC+Laves,ANNEAL,,,1,873.15000000,1370.00000000,1480.00000000,,,,,10.1016/j.jallcom.2015.08.224,2015,"Structure and mechanical properties of the AlCrxNbTiV (x = 0, 0.5, 1, 1.5) high entropy alloys",S4,Ti181Nb181Al181V181Cr272,1.53879745,1.52817806,2014.14148594,14.94431806,3.10338292,0.18200000,0.18200000,0.18200000,0.18200000,0.27300000,0.00000000,0.00000000,0.00000000,0.00000000,0.00000000,0.00000000,0.00000000,0.00000000,0.00000000,0.00000000,0.00013743,2.88825322,165.25187590,0.04958815,0.03309872,-0.07063790,-0.09058748,-0.10544265,-0.10707690,-0.12193207,0.04104594,0.23249249,0.25455628,53.94276201,4.72791165,1.61275100,0.19144655,137.46686747,59.57329317,152.33634538,0.31903614,2.17951506,2.67051004,1.09688855,2.47601114,0.77411647,0.85000786,0.18837143,1.57362149,5.99385830,0.05324582,0.15791515,0.58177353,0.52384549,0.04180720,0.01375487,0.12091834,0.03971790,0.37260822,0.13274506,0.34646376,0.12229267,16.01096860,7.34611515,10.17459964,3.44975228,0.52370081,1.93701345,0.13297963,3.05555481,0.43350976,2432.94243860,2.40453791,972.46279055
Ti181Nb181Al181V181Cr272,BCC+Laves,ANNEAL,,,1,1073.15000000,970.00000000,1045.00000000,,,,,10.1016/j.jallcom.2015.08.224,2015,"Structure and mechanical properties of the AlCrxNbTiV (x = 0, 0.5, 1, 1.5) high entropy alloys",S4,Ti181Nb181Al181V181Cr272,1.53879745,1.52817806,2014.14148594,14.94431806,3.10338292,0.18200000,0.18200000,0.18200000,0.18200000,0.27300000,0.00000000,0.00000000,0.00000000,0.00000000,0.00000000,0.00000000,0.00000000,0.00000000,0.00000000,0.00000000,0.00013743,2.88825322,165.25187590,0.04958815,0.03309872,-0.07063790,-0.09058748,-0.10544265,-0.10707690,-0.12193207,0.04104594,0.23249249,0.25455628,53.94276201,4.72791165,1.61275100,0.19144655,137.46686747,59.57329317,152.33634538,0.31903614,2.17951506,2.67051004,1.09688855,2.47601114,0.77411647,0.85000786,0.18837143,1.57362149,5.99385830,0.05324582,0.15791515,0.58177353,0.52384549,0.04180720,0.01375487,0.12091834,0.03971790,0.37260822,0.13274506,0.34646376,0.12229267,16.01096860,7.34611515,10.17459964,3.44975228,0.52370081,1.93701345,0.13297963,3.05555481,0.53280765,2432.94243860,2.40453791,788.22377115
Ti181Nb181Al181V181Cr272,BCC+Laves,ANNEAL,,,1,1273.15000000,75.00000000,105.00000000,,,,,10.1016/j.jallcom.2015.08.224,2015,"Structure and mechanical properties of the AlCrxNbTiV (x = 0, 0.5, 1, 1.5) high entropy alloys",S4,Ti181Nb181Al181V181Cr272,1.53879745,1.52817806,2014.14148594,14.94431806,3.10338292,0.18200000,0.18200000,0.18200000,0.18200000,0.27300000,0.00000000,0.00000000,0.00000000,0.00000000,0.00000000,0.00000000,0.00000000,0.00000000,0.00000000,0.00000000,0.00013743,2.88825322,165.25187590,0.04958815,0.03309872,-0.07063790,-0.09058748,-0.10544265,-0.10707690,-0.12193207,0.04104594,0.23249249,0.25455628,53.94276201,4.72791165,1.61275100,0.19144655,137.46686747,59.57329317,152.33634538,0.31903614,2.17951506,2.67051004,1.09688855,2.47601114,0.77411647,0.85000786,0.18837143,1.57362149,5.99385830,0.05324582,0.15791515,0.58177353,0.52384549,0.04180720,0.01375487,0.12091834,0.03971790,0.37260822,0.13274506,0.34646376,0.12229267,16.01096860,7.34611515,10.17459964,3.44975228,0.52370081,1.93701345,0.13297963,3.05555481,0.63210554,2432.94243860,2.40453791,638.88996006
Ti2Nb2Al2V2Cr,BCC,ANNEAL,,,1,298.15000000,1300.00000000,1430.00000000,,,,119.00000000,10.1016/j.jallcom.2015.08.224,2015,"Structure and mechanical properties of the AlCrxNbTiV (x = 0, 0.5, 1, 1.5) high entropy alloys",S4,Ti2Nb2Al2V2Cr,1.56241661,1.55123443,1977.18222222,15.66217227,3.15229847,0.22200000,0.22200000,0.22200000,0.22200000,0.11100000,0.00000000,0.00000000,0.00000000,0.00000000,0.00000000,0.00000000,0.00000000,0.00000000,0.00000000,0.00000000,0.00013620,2.94029642,148.83761203,0.03082329,0.01015693,-0.08630668,-0.08385512,-0.09214449,-0.10452148,-0.11281085,0.00359600,0.14511392,0.09180211,54.37654858,4.44444444,1.60222222,0.14151792,132.00000000,47.22222222,124.11111111,0.34333333,2.15266667,2.48455556,0.94466667,2.85826667,0.60144444,0.87923211,0.13675622,1.53988889,5.76512908,0.04518903,0.13059389,0.53225381,0.47088208,0.03541306,0.00818862,0.10144327,0.02354252,0.28180274,0.07295773,0.26668412,0.07132512,12.89152761,5.98863159,8.37172584,4.13098097,0.64311000,2.04568528,0.09934387,3.21135107,0.15079541,1610.02885750,1.82518059,1011.09707835
Ti2Nb2Al2V2Cr,BCC,ANNEAL,,,1,873.15000000,1005.00000000,1045.00000000,,,,119.00000000,10.1016/j.jallcom.2015.08.224,2015,"Structure and mechanical properties of the AlCrxNbTiV (x = 0, 0.5, 1, 1.5) high entropy alloys",S4,Ti2Nb2Al2V2Cr,1.56241661,1.55123443,1977.18222222,15.66217227,3.15229847,0.22200000,0.22200000,0.22200000,0.22200000,0.11100000,0.00000000,0.00000000,0.00000000,0.00000000,0.00000000,0.00000000,0.00000000,0.00000000,0.00000000,0.00000000,0.00013620,2.94029642,148.83761203,0.03082329,0.01015693,-0.08630668,-0.08385512,-0.09214449,-0.10452148,-0.11281085,0.00359600,0.14511392,0.09180211,54.37654858,4.44444444,1.60222222,0.14151792,132.00000000,47.22222222,124.11111111,0.34333333,2.15266667,2.48455556,0.94466667,2.85826667,0.60144444,0.87923211,0.13675622,1.53988889,5.76512908,0.04518903,0.13059389,0.53225381,0.47088208,0.03541306,0.00818862,0.10144327,0.02354252,0.28180274,0.07295773,0.26668412,0.07132512,12.89152761,5.98863159,8.37172584,4.13098097,0.64311000,2.04568528,0.09934387,3.21135107,0.44161332,1610.02885750,1.82518059,481.01391987
Ti2Nb2Al2V2Cr,BCC,ANNEAL,,,1,1073.15000000,640.00000000,685.00000000,,,,119.00000000,10.1016/j.jallcom.2015.08.224,2015,"Structure and mechanical properties of the AlCrxNbTiV (x = 0, 0.5, 1, 1.5) high entropy alloys",S4,Ti2Nb2Al2V2Cr,1.56241661,1.55123443,1977.18222222,15.66217227,3.15229847,0.22200000,0.22200000,0.22200000,0.22200000,0.11100000,0.00000000,0.00000000,0.00000000,0.00000000,0.00000000,0.00000000,0.00000000,0.00000000,0.00000000,0.00000000,0.00013620,2.94029642,148.83761203,0.03082329,0.01015693,-0.08630668,-0.08385512,-0.09214449,-0.10452148,-0.11281085,0.00359600,0.14511392,0.09180211,54.37654858,4.44444444,1.60222222,0.14151792,132.00000000,47.22222222,124.11111111,0.34333333,2.15266667,2.48455556,0.94466667,2.85826667,0.60144444,0.87923211,0.13675622,1.53988889,5.76512908,0.04518903,0.13059389,0.53225381,0.47088208,0.03541306,0.00818862,0.10144327,0.02354252,0.28180274,0.07295773,0.26668412,0.07132512,12.89152761,5.98863159,8.37172584,4.13098097,0.64311000,2.04568528,0.09934387,3.21135107,0.54276737,1610.02885750,1.82518059,364.73513670
Ti2Nb2Al2V2Cr,BCC,ANNEAL,,,1,1273.15000000,40.00000000,80.00000000,,,,119.00000000,10.1016/j.jallcom.2015.08.224,2015,"Structure and mechanical properties of the AlCrxNbTiV (x = 0, 0.5, 1, 1.5) high entropy alloys",S4,Ti2Nb2Al2V2Cr,1.56241661,1.55123443,1977.18222222,15.66217227,3.15229847,0.22200000,0.22200000,0.22200000,0.22200000,0.11100000,0.00000000,0.00000000,0.00000000,0.00000000,0.00000000,0.00000000,0.00000000,0.00000000,0.00000000,0.00000000,0.00013620,2.94029642,148.83761203,0.03082329,0.01015693,-0.08630668,-0.08385512,-0.09214449,-0.10452148,-0.11281085,0.00359600,0.14511392,0.09180211,54.37654858,4.44444444,1.60222222,0.14151792,132.00000000,47.22222222,124.11111111,0.34333333,2.15266667,2.48455556,0.94466667,2.85826667,0.60144444,0.87923211,0.13675622,1.53988889,5.76512908,0.04518903,0.13059389,0.53225381,0.47088208,0.03541306,0.00818862,0.10144327,0.02354252,0.28180274,0.07295773,0.26668412,0.07132512,12.89152761,5.98863159,8.37172584,4.13098097,0.64311000,2.04568528,0.09934387,3.21135107,0.64392143,1610.02885750,1.82518059,276.56521870
Ti4Nb2AlVCr2,BCC,CAST,,,1,298.15000000,1290.00000000,,,,,134.00000000,10.1016/j.matlet.2016.11.030,2017,Precipitation-strengthened refractory Al 0.5 CrNbTi 2 V 0.5 high entropy alloy,S4,Ti4Nb2AlVCr2,1.56496005,1.55930869,2074.03200000,15.85932138,3.16546998,0.40000000,0.20000000,0.10000000,0.10000000,0.20000000,0.00000000,0.00000000,0.00000000,0.00000000,0.00000000,0.00000000,0.00000000,0.00000000,0.00000000,0.00000000,0.00012674,2.94166562,153.90219012,0.07710010,0.04260666,-0.04803026,-0.04344530,-0.06407186,-0.07793874,-0.09856530,0.02459090,0.16364748,0.17535887,55.91959986,4.60000000,1.59200000,0.13905658,132.80000000,55.50000000,143.00000000,0.32200000,2.20920000,2.66710000,0.92460000,3.13461000,0.68890000,0.90150930,0.12454030,1.74250000,5.85502628,0.05181172,0.14246509,0.54545811,0.48625290,0.04105432,0.01456415,0.11439510,0.03974476,0.31308272,0.09825209,0.28948072,0.09101914,15.21464465,6.88694760,8.73150338,3.87153433,0.68143696,1.94985251,0.12280198,6.05064464,0.14375381,1993.32572647,2.22937965,1344.38777252
Ti4Nb2AlVCr2,BCC+Laves,ANNEAL,,,1,873.15000000,930.00000000,,,,,,10.1016/j.matlet.2016.11.030,2017,Precipitation-strengthened refractory Al 0.5 CrNbTi 2 V 0.5 high entropy alloy,S4,Ti4Nb2AlVCr2,1.56496005,1.55930869,2074.03200000,15.85932138,3.16546998,0.40000000,0.20000000,0.10000000,0.10000000,0.20000000,0.00000000,0.00000000,0.00000000,0.00000000,0.00000000,0.00000000,0.00000000,0.00000000,0.00000000,0.00000000,0.00012674,2.94166562,153.90219012,0.07710010,0.04260666,-0.04803026,-0.04344530,-0.06407186,-0.07793874,-0.09856530,0.02459090,0.16364748,0.17535887,55.91959986,4.60000000,1.59200000,0.13905658,132.80000000,55.50000000,143.00000000,0.32200000,2.20920000,2.66710000,0.92460000,3.13461000,0.68890000,0.90150930,0.12454030,1.74250000,5.85502628,0.05181172,0.14246509,0.54545811,0.48625290,0.04105432,0.01456415,0.11439510,0.03974476,0.31308272,0.09825209,0.28948072,0.09101914,15.21464465,6.88694760,8.73150338,3.87153433,0.68143696,1.94985251,0.12280198,6.05064464,0.42099158,1993.32572647,2.22937965,741.35968643
Ti4Nb2AlVCr2,BCC+Laves,ANNEAL,,,1,1073.15000000,445.00000000,,,,,,10.1016/j.matlet.2016.11.030,2017,Precipitation-strengthened refractory Al 0.5 CrNbTi 2 V 0.5 high entropy alloy,S4,Ti4Nb2AlVCr2,1.56496005,1.55930869,2074.03200000,15.85932138,3.16546998,0.40000000,0.20000000,0.10000000,0.10000000,0.20000000,0.00000000,0.00000000,0.00000000,0.00000000,0.00000000,0.00000000,0.00000000,0.00000000,0.00000000,0.00000000,0.00012674,2.94166562,153.90219012,0.07710010,0.04260666,-0.04803026,-0.04344530,-0.06407186,-0.07793874,-0.09856530,0.02459090,0.16364748,0.17535887,55.91959986,4.60000000,1.59200000,0.13905658,132.80000000,55.50000000,143.00000000,0.32200000,2.20920000,2.66710000,0.92460000,3.13461000,0.68890000,0.90150930,0.12454030,1.74250000,5.85502628,0.05181172,0.14246509,0.54545811,0.48625290,0.04105432,0.01456415,0.11439510,0.03974476,0.31308272,0.09825209,0.28948072,0.09101914,15.21464465,6.88694760,8.73150338,3.87153433,0.68143696,1.94985251,0.12280198,6.05064464,0.51742210,1993.32572647,2.22937965,591.06908090
Ti4Nb2AlVCr2,BCC+Laves,ANNEAL,,,1,1273.15000000,90.00000000,,,,,,10.1016/j.matlet.2016.11.030,2017,Precipitation-strengthened refractory Al 0.5 CrNbTi 2 V 0.5 high entropy alloy,S4,Ti4Nb2AlVCr2,1.56496005,1.55930869,2074.03200000,15.85932138,3.16546998,0.40000000,0.20000000,0.10000000,0.10000000,0.20000000,0.00000000,0.00000000,0.00000000,0.00000000,0.00000000,0.00000000,0.00000000,0.00000000,0.00000000,0.00000000,0.00012674,2.94166562,153.90219012,0.07710010,0.04260666,-0.04803026,-0.04344530,-0.06407186,-0.07793874,-0.09856530,0.02459090,0.16364748,0.17535887,55.91959986,4.60000000,1.59200000,0.13905658,132.80000000,55.50000000,143.00000000,0.32200000,2.20920000,2.66710000,0.92460000,3.13461000,0.68890000,0.90150930,0.12454030,1.74250000,5.85502628,0.05181172,0.14246509,0.54545811,0.48625290,0.04105432,0.01456415,0.11439510,0.03974476,0.31308272,0.09825209,0.28948072,0.09101914,15.21464465,6.88694760,8.73150338,3.87153433,0.68143696,1.94985251,0.12280198,6.05064464,0.61385263,1993.32572647,2.22937965,471.24582681
TiAlCrMo,BCC,ANNEAL,,,1,296.15000000,1100.00000000,,,,,189.00000000,10.1016/j.actamat.2019.06.032,2019,High temperature strength of refractory complex concentrated alloys,S4,TiAlCrMo,1.54525995,1.52676264,1987.58000000,15.07649796,3.11250571,0.25000000,0.25000000,0.25000000,0.25000000,0.00000000,0.00000000,0.00000000,0.00000000,0.00000000,0.00000000,0.00000000,0.00000000,0.00000000,0.00000000,0.00000000,0.00011946,2.89560770,171.86451940,0.01521787,-0.00831366,-0.11363108,-0.08339058,-0.09487283,-0.10692211,-0.11840436,0.03754827,0.22305814,0.22442916,55.69615965,4.75000000,1.74250000,0.18550987,154.25000000,77.75000000,198.50000000,0.29750000,2.14000000,2.66850000,1.15525000,1.88222500,0.87975000,0.97186375,0.17385075,1.51325000,6.13442938,0.04647373,0.13581424,0.55814416,0.54508839,0.03599121,0.01244875,0.10400968,0.03650129,0.45628640,0.13321341,0.44133500,0.12897310,20.95758256,9.79326288,13.84938547,3.03324808,0.39625789,1.84697509,0.12065952,2.84731774,0.14900029,2437.32725929,2.77377609,1754.46708258
TiAlCrMo,BCC,ANNEAL,,,1,673.15000000,1070.00000000,,,,,189.00000000,10.1007/s11661-017-4386-1,2017,Contribution of Lattice Distortion to Solid Solution Strengthening in a Series of Refractory High Entropy Alloys,S4,TiAlCrMo,1.54525995,1.52676264,1987.58000000,15.07649796,3.11250571,0.25000000,0.25000000,0.25000000,0.25000000,0.00000000,0.00000000,0.00000000,0.00000000,0.00000000,0.00000000,0.00000000,0.00000000,0.00000000,0.00000000,0.00000000,0.00011946,2.89560770,171.86451940,0.01521787,-0.00831366,-0.11363108,-0.08339058,-0.09487283,-0.10692211,-0.11840436,0.03754827,0.22305814,0.22442916,55.69615965,4.75000000,1.74250000,0.18550987,154.25000000,77.75000000,198.50000000,0.29750000,2.14000000,2.66850000,1.15525000,1.88222500,0.87975000,0.97186375,0.17385075,1.51325000,6.13442938,0.04647373,0.13581424,0.55814416,0.54508839,0.03599121,0.01244875,0.10400968,0.03650129,0.45628640,0.13321341,0.44133500,0.12897310,20.95758256,9.79326288,13.84938547,3.03324808,0.39625789,1.84697509,0.12065952,2.84731774,0.33867819,2437.32725929,2.77377609,1256.82942444
TiAlCrMo,BCC,ANNEAL,,,1,873.15000000,1020.00000000,,,,,189.00000000,10.1007/s11661-017-4386-1,2017,Contribution of Lattice Distortion to Solid Solution Strengthening in a Series of Refractory High Entropy Alloys,S4,TiAlCrMo,1.54525995,1.52676264,1987.58000000,15.07649796,3.11250571,0.25000000,0.25000000,0.25000000,0.25000000,0.00000000,0.00000000,0.00000000,0.00000000,0.00000000,0.00000000,0.00000000,0.00000000,0.00000000,0.00000000,0.00000000,0.00011946,2.89560770,171.86451940,0.01521787,-0.00831366,-0.11363108,-0.08339058,-0.09487283,-0.10692211,-0.11840436,0.03754827,0.22305814,0.22442916,55.69615965,4.75000000,1.74250000,0.18550987,154.25000000,77.75000000,198.50000000,0.29750000,2.14000000,2.66850000,1.15525000,1.88222500,0.87975000,0.97186375,0.17385075,1.51325000,6.13442938,0.04647373,0.13581424,0.55814416,0.54508839,0.03599121,0.01244875,0.10400968,0.03650129,0.45628640,0.13321341,0.44133500,0.12897310,20.95758256,9.79326288,13.84938547,3.03324808,0.39625789,1.84697509,0.12065952,2.84731774,0.43930307,2437.32725929,2.77377609,1100.70320741
TiAlCrMo,BCC,ANNEAL,,,1,1073.15000000,875.00000000,,,,,189.00000000,10.1007/s11661-017-4386-1,2017,Contribution of Lattice Distortion to Solid Solution Strengthening in a Series of Refractory High Entropy Alloys,S4,TiAlCrMo,1.54525995,1.52676264,1987.58000000,15.07649796,3.11250571,0.25000000,0.25000000,0.25000000,0.25000000,0.00000000,0.00000000,0.00000000,0.00000000,0.00000000,0.00000000,0.00000000,0.00000000,0.00000000,0.00000000,0.00000000,0.00011946,2.89560770,171.86451940,0.01521787,-0.00831366,-0.11363108,-0.08339058,-0.09487283,-0.10692211,-0.11840436,0.03754827,0.22305814,0.22442916,55.69615965,4.75000000,1.74250000,0.18550987,154.25000000,77.75000000,198.50000000,0.29750000,2.14000000,2.66850000,1.15525000,1.88222500,0.87975000,0.97186375,0.17385075,1.51325000,6.13442938,0.04647373,0.13581424,0.55814416,0.54508839,0.03599121,0.01244875,0.10400968,0.03650129,0.45628640,0.13321341,0.44133500,0.12897310,20.95758256,9.79326288,13.84938547,3.03324808,0.39625789,1.84697509,0.12065952,2.84731774,0.53992795,2437.32725929,2.77377609,917.46648454
TiAlCrMo,BCC,ANNEAL,,,1,1273.15000000,375.00000000,,,,,189.00000000,10.1016/j.actamat.2019.06.032,2019,High temperature strength of refractory complex concentrated alloys,S4,TiAlCrMo,1.54525995,1.52676264,1987.58000000,15.07649796,3.11250571,0.25000000,0.25000000,0.25000000,0.25000000,0.00000000,0.00000000,0.00000000,0.00000000,0.00000000,0.00000000,0.00000000,0.00000000,0.00000000,0.00000000,0.00000000,0.00011946,2.89560770,171.86451940,0.01521787,-0.00831366,-0.11363108,-0.08339058,-0.09487283,-0.10692211,-0.11840436,0.03754827,0.22305814,0.22442916,55.69615965,4.75000000,1.74250000,0.18550987,154.25000000,77.75000000,198.50000000,0.29750000,2.14000000,2.66850000,1.15525000,1.88222500,0.87975000,0.97186375,0.17385075,1.51325000,6.13442938,0.04647373,0.13581424,0.55814416,0.54508839,0.03599121,0.01244875,0.10400968,0.03650129,0.45628640,0.13321341,0.44133500,0.12897310,20.95758256,9.79326288,13.84938547,3.03324808,0.39625789,1.84697509,0.12065952,2.84731774,0.64055283,2437.32725929,2.77377609,764.73362173
TiAlCrMo,BCC,ANNEAL,,,1,1473.15000000,100.00000000,,,,,189.00000000,10.1016/j.actamat.2019.06.032,2019,High temperature strength of refractory complex concentrated alloys,S4,TiAlCrMo,1.54525995,1.52676264,1987.58000000,15.07649796,3.11250571,0.25000000,0.25000000,0.25000000,0.25000000,0.00000000,0.00000000,0.00000000,0.00000000,0.00000000,0.00000000,0.00000000,0.00000000,0.00000000,0.00000000,0.00000000,0.00011946,2.89560770,171.86451940,0.01521787,-0.00831366,-0.11363108,-0.08339058,-0.09487283,-0.10692211,-0.11840436,0.03754827,0.22305814,0.22442916,55.69615965,4.75000000,1.74250000,0.18550987,154.25000000,77.75000000,198.50000000,0.29750000,2.14000000,2.66850000,1.15525000,1.88222500,0.87975000,0.97186375,0.17385075,1.51325000,6.13442938,0.04647373,0.13581424,0.55814416,0.54508839,0.03599121,0.01244875,0.10400968,0.03650129,0.45628640,0.13321341,0.44133500,0.12897310,20.95758256,9.79326288,13.84938547,3.03324808,0.39625789,1.84697509,0.12065952,2.84731774,0.74117771,2437.32725929,2.77377609,637.42656768
TiNbAlCrMo,BCC+Laves,ANNEAL,,,1,296.15000000,1010.00000000,,,,,,10.1016/j.actamat.2019.06.032,2019,High temperature strength of refractory complex concentrated alloys,S4,TiNbAlCrMo,1.56127229,1.54714321,2140.06400000,15.62963613,3.15011412,0.20000000,0.20000000,0.20000000,0.20000000,0.20000000,0.00000000,0.00000000,0.00000000,0.00000000,0.00000000,0.00000000,0.00000000,0.00000000,0.00000000,0.00000000,0.00013869,2.94298531,172.77657775,0.04308037,0.02470615,-0.08780053,-0.09708113,-0.10928079,-0.11545536,-0.12765502,0.05051154,0.24778720,0.27098220,63.13820372,4.80000000,1.71400000,0.19727567,157.40000000,69.80000000,179.80000000,0.31800000,2.24300000,2.67180000,1.17020000,1.95698000,0.83860000,0.88590220,0.19908060,1.50160000,6.70799528,0.04744352,0.13255570,0.60092730,0.57704337,0.03686430,0.01119408,0.10324590,0.03218369,0.43661882,0.09835856,0.41840031,0.09670394,19.04199040,8.48951868,12.68113373,3.18602433,0.40770417,1.93255132,0.11847444,3.05730660,0.13838371,2250.26151517,2.61792307,1595.03125418
TiNbAlCrMo,BCC,CAST,,,1,673.15000000,1080.00000000,1100.00000000,2.00000000,,,170.00000000,10.1016/j.jallcom.2015.11.050,2016,Microstructure and mechanical properties at elevated temperatures of a new Al-containing refractory high-entropy alloy Nb-Mo-Cr-Ti-Al,S4,TiNbAlCrMo,1.56127229,1.54714321,2140.06400000,15.62963613,3.15011412,0.20000000,0.20000000,0.20000000,0.20000000,0.20000000,0.00000000,0.00000000,0.00000000,0.00000000,0.00000000,0.00000000,0.00000000,0.00000000,0.00000000,0.00000000,0.00013869,2.94298531,172.77657775,0.04308037,0.02470615,-0.08780053,-0.09708113,-0.10928079,-0.11545536,-0.12765502,0.05051154,0.24778720,0.27098220,63.13820372,4.80000000,1.71400000,0.19727567,157.40000000,69.80000000,179.80000000,0.31800000,2.24300000,2.67180000,1.17020000,1.95698000,0.83860000,0.88590220,0.19908060,1.50160000,6.70799528,0.04744352,0.13255570,0.60092730,0.57704337,0.03686430,0.01119408,0.10324590,0.03218369,0.43661882,0.09835856,0.41840031,0.09670394,19.04199040,8.48951868,12.68113373,3.18602433,0.40770417,1.93255132,0.11847444,3.05730660,0.31454667,2250.26151517,2.61792307,1175.50333287
TiNbAlCrMo,BCC,ANNEAL,,,1,873.15000000,995.00000000,,,,,170.00000000,10.1007/s11661-017-4386-1,2017,Contribution of Lattice Distortion to Solid Solution Strengthening in a Series of Refractory High Entropy Alloys,S4,TiNbAlCrMo,1.56127229,1.54714321,2140.06400000,15.62963613,3.15011412,0.20000000,0.20000000,0.20000000,0.20000000,0.20000000,0.00000000,0.00000000,0.00000000,0.00000000,0.00000000,0.00000000,0.00000000,0.00000000,0.00000000,0.00000000,0.00013869,2.94298531,172.77657775,0.04308037,0.02470615,-0.08780053,-0.09708113,-0.10928079,-0.11545536,-0.12765502,0.05051154,0.24778720,0.27098220,63.13820372,4.80000000,1.71400000,0.19727567,157.40000000,69.80000000,179.80000000,0.31800000,2.24300000,2.67180000,1.17020000,1.95698000,0.83860000,0.88590220,0.19908060,1.50160000,6.70799528,0.04744352,0.13255570,0.60092730,0.57704337,0.03686430,0.01119408,0.10324590,0.03218369,0.43661882,0.09835856,0.41840031,0.09670394,19.04199040,8.48951868,12.68113373,3.18602433,0.40770417,1.93255132,0.11847444,3.05730660,0.40800182,2250.26151517,2.61792307,969.25034386
TiNbAlCrMo,BCC,ANNEAL,,,1,1073.15000000,867.50000000,,,,,170.00000000,10.1007/s11661-017-4386-1,2017,Contribution of Lattice Distortion to Solid Solution Strengthening in a Series of Refractory High Entropy Alloys,S4,TiNbAlCrMo,1.56127229,1.54714321,2140.06400000,15.62963613,3.15011412,0.20000000,0.20000000,0.20000000,0.20000000,0.20000000,0.00000000,0.00000000,0.00000000,0.00000000,0.00000000,0.00000000,0.00000000,0.00000000,0.00000000,0.00000000,0.00013869,2.94298531,172.77657775,0.04308037,0.02470615,-0.08780053,-0.09708113,-0.10928079,-0.11545536,-0.12765502,0.05051154,0.24778720,0.27098220,63.13820372,4.80000000,1.71400000,0.19727567,157.40000000,69.80000000,179.80000000,0.31800000,2.24300000,2.67180000,1.17020000,1.95698000,0.83860000,0.88590220,0.19908060,1.50160000,6.70799528,0.04744352,0.13255570,0.60092730,0.57704337,0.03686430,0.01119408,0.10324590,0.03218369,0.43661882,0.09835856,0.41840031,0.09670394,19.04199040,8.48951868,12.68113373,3.18602433,0.40770417,1.93255132,0.11847444,3.05730660,0.50145697,2250.26151517,2.61792307,799.18635941
TiNbAlCrMo,BCC+Laves,ANNEAL,,,1,1273.15000000,564.66666667,,,,,,10.1016/j.actamat.2019.06.032,2019,High temperature strength of refractory complex concentrated alloys,S4,TiNbAlCrMo,1.56127229,1.54714321,2140.06400000,15.62963613,3.15011412,0.20000000,0.20000000,0.20000000,0.20000000,0.20000000,0.00000000,0.00000000,0.00000000,0.00000000,0.00000000,0.00000000,0.00000000,0.00000000,0.00000000,0.00000000,0.00013869,2.94298531,172.77657775,0.04308037,0.02470615,-0.08780053,-0.09708113,-0.10928079,-0.11545536,-0.12765502,0.05051154,0.24778720,0.27098220,63.13820372,4.80000000,1.71400000,0.19727567,157.40000000,69.80000000,179.80000000,0.31800000,2.24300000,2.67180000,1.17020000,1.95698000,0.83860000,0.88590220,0.19908060,1.50160000,6.70799528,0.04744352,0.13255570,0.60092730,0.57704337,0.03686430,0.01119408,0.10324590,0.03218369,0.43661882,0.09835856,0.41840031,0.09670394,19.04199040,8.48951868,12.68113373,3.18602433,0.40770417,1.93255132,0.11847444,3.05730660,0.59491211,2250.26151517,2.61792307,658.96168220
TiNbAlCrMo,BCC+Laves,ANNEAL,,,1,1473.15000000,120.00000000,,,,,,10.1016/j.actamat.2019.06.032,2019,High temperature strength of refractory complex concentrated alloys,S4,TiNbAlCrMo,1.56127229,1.54714321,2140.06400000,15.62963613,3.15011412,0.20000000,0.20000000,0.20000000,0.20000000,0.20000000,0.00000000,0.00000000,0.00000000,0.00000000,0.00000000,0.00000000,0.00000000,0.00000000,0.00000000,0.00000000,0.00013869,2.94298531,172.77657775,0.04308037,0.02470615,-0.08780053,-0.09708113,-0.10928079,-0.11545536,-0.12765502,0.05051154,0.24778720,0.27098220,63.13820372,4.80000000,1.71400000,0.19727567,157.40000000,69.80000000,179.80000000,0.31800000,2.24300000,2.67180000,1.17020000,1.95698000,0.83860000,0.88590220,0.19908060,1.50160000,6.70799528,0.04744352,0.13255570,0.60092730,0.57704337,0.03686430,0.01119408,0.10324590,0.03218369,0.43661882,0.09835856,0.41840031,0.09670394,19.04199040,8.48951868,12.68113373,3.18602433,0.40770417,1.93255132,0.11847444,3.05730660,0.68836726,2250.26151517,2.61792307,543.34072835
TiNbAlMo,BCC,ANNEAL,,,1,296.15000000,1100.00000000,,,,,151.00000000,10.1016/j.actamat.2019.06.032,2019,High temperature strength of refractory complex concentrated alloys,S4,TiNbAlMo,1.59338937,1.57515535,2130.08000000,16.64146982,3.21667531,0.25000000,0.25000000,0.25000000,0.25000000,0.00000000,0.00000000,0.00000000,0.00000000,0.00000000,0.00000000,0.00000000,0.00000000,0.00000000,0.00000000,0.00000000,0.00011946,3.00521418,156.24257701,-0.06575873,-0.08703525,-0.17340954,-0.17455911,-0.17921353,-0.19583564,-0.20049005,0.04761495,0.19033292,0.23606099,65.92372965,4.50000000,1.72750000,0.14271797,156.25000000,58.50000000,155.00000000,0.34500000,2.22875000,2.46350000,1.01775000,2.25607500,0.66100000,0.92766250,0.14385075,1.44575000,6.57808501,0.02392649,0.05873719,0.67532186,0.65732090,0.01839661,0.00489639,0.04294227,0.01368613,0.39822674,0.13731034,0.39054432,0.13465217,16.29647683,7.31193576,11.27198813,3.72692890,0.50135000,2.05343511,0.02183930,1.45774542,0.13903234,690.80122118,1.41387159,387.49685768
TiNbAlMo,BCC,ANNEAL,,,1,873.15000000,520.00000000,,,,,151.00000000,10.1007/s11661-017-4386-1,2017,Contribution of Lattice Distortion to Solid Solution Strengthening in a Series of Refractory High Entropy Alloys,S4,TiNbAlMo,1.59338937,1.57515535,2130.08000000,16.64146982,3.21667531,0.25000000,0.25000000,0.25000000,0.25000000,0.00000000,0.00000000,0.00000000,0.00000000,0.00000000,0.00000000,0.00000000,0.00000000,0.00000000,0.00000000,0.00000000,0.00011946,3.00521418,156.24257701,-0.06575873,-0.08703525,-0.17340954,-0.17455911,-0.17921353,-0.19583564,-0.20049005,0.04761495,0.19033292,0.23606099,65.92372965,4.50000000,1.72750000,0.14271797,156.25000000,58.50000000,155.00000000,0.34500000,2.22875000,2.46350000,1.01775000,2.25607500,0.66100000,0.92766250,0.14385075,1.44575000,6.57808501,0.02392649,0.05873719,0.67532186,0.65732090,0.01839661,0.00489639,0.04294227,0.01368613,0.39822674,0.13731034,0.39054432,0.13465217,16.29647683,7.31193576,11.27198813,3.72692890,0.50135000,2.05343511,0.02183930,1.45774542,0.40991418,690.80122118,1.41387159,145.22578193
TiNbAlMo,BCC,ANNEAL,,,1,1073.15000000,500.00000000,,,,,151.00000000,10.1007/s11661-017-4386-1,2017,Contribution of Lattice Distortion to Solid Solution Strengthening in a Series of Refractory High Entropy Alloys,S4,TiNbAlMo,1.59338937,1.57515535,2130.08000000,16.64146982,3.21667531,0.25000000,0.25000000,0.25000000,0.25000000,0.00000000,0.00000000,0.00000000,0.00000000,0.00000000,0.00000000,0.00000000,0.00000000,0.00000000,0.00000000,0.00000000,0.00011946,3.00521418,156.24257701,-0.06575873,-0.08703525,-0.17340954,-0.17455911,-0.17921353,-0.19583564,-0.20049005,0.04761495,0.19033292,0.23606099,65.92372965,4.50000000,1.72750000,0.14271797,156.25000000,58.50000000,155.00000000,0.34500000,2.22875000,2.46350000,1.01775000,2.25607500,0.66100000,0.92766250,0.14385075,1.44575000,6.57808501,0.02392649,0.05873719,0.67532186,0.65732090,0.01839661,0.00489639,0.04294227,0.01368613,0.39822674,0.13731034,0.39054432,0.13465217,16.29647683,7.31193576,11.27198813,3.72692890,0.50135000,2.05343511,0.02183930,1.45774542,0.50380737,690.80122118,1.41387159,101.60197237
TiNbAlMo,BCC,ANNEAL,,,1,1273.15000000,540.00000000,,,,,151.00000000,10.1016/j.actamat.2019.06.032,2019,High temperature strength of refractory complex concentrated alloys,S4,TiNbAlMo,1.59338937,1.57515535,2130.08000000,16.64146982,3.21667531,0.25000000,0.25000000,0.25000000,0.25000000,0.00000000,0.00000000,0.00000000,0.00000000,0.00000000,0.00000000,0.00000000,0.00000000,0.00000000,0.00000000,0.00000000,0.00011946,3.00521418,156.24257701,-0.06575873,-0.08703525,-0.17340954,-0.17455911,-0.17921353,-0.19583564,-0.20049005,0.04761495,0.19033292,0.23606099,65.92372965,4.50000000,1.72750000,0.14271797,156.25000000,58.50000000,155.00000000,0.34500000,2.22875000,2.46350000,1.01775000,2.25607500,0.66100000,0.92766250,0.14385075,1.44575000,6.57808501,0.02392649,0.05873719,0.67532186,0.65732090,0.01839661,0.00489639,0.04294227,0.01368613,0.39822674,0.13731034,0.39054432,0.13465217,16.29647683,7.31193576,11.27198813,3.72692890,0.50135000,2.05343511,0.02183930,1.45774542,0.59770056,690.80122118,1.41387159,71.08214982
TiNbAlMo,BCC,ANNEAL,,,1,1473.15000000,200.00000000,,,,,151.00000000,10.1016/j.actamat.2019.06.032,2019,High temperature strength of refractory complex concentrated alloys,S4,TiNbAlMo,1.59338937,1.57515535,2130.08000000,16.64146982,3.21667531,0.25000000,0.25000000,0.25000000,0.25000000,0.00000000,0.00000000,0.00000000,0.00000000,0.00000000,0.00000000,0.00000000,0.00000000,0.00000000,0.00000000,0.00000000,0.00011946,3.00521418,156.24257701,-0.06575873,-0.08703525,-0.17340954,-0.17455911,-0.17921353,-0.19583564,-0.20049005,0.04761495,0.19033292,0.23606099,65.92372965,4.50000000,1.72750000,0.14271797,156.25000000,58.50000000,155.00000000,0.34500000,2.22875000,2.46350000,1.01775000,2.25607500,0.66100000,0.92766250,0.14385075,1.44575000,6.57808501,0.02392649,0.05873719,0.67532186,0.65732090,0.01839661,0.00489639,0.04294227,0.01368613,0.39822674,0.13731034,0.39054432,0.13465217,16.29647683,7.31193576,11.27198813,3.72692890,0.50135000,2.05343511,0.02183930,1.45774542,0.69159374,690.80122118,1.41387159,49.73005844
TiNbAlV,BCC,ANNEAL,,,1,298.15000000,1010.00000000,1280.00000000,,,,104.00000000,10.1016/j.jallcom.2015.08.224,2015,"Structure and mechanical properties of the AlCrxNbTiV (x = 0, 0.5, 1, 1.5) high entropy alloys",S4,TiNbAlV,1.57861819,1.56647202,1951.83000000,16.16764769,3.18585210,0.25000000,0.25000000,0.25000000,0.25000000,0.00000000,0.00000000,0.00000000,0.00000000,0.00000000,0.00000000,0.00000000,0.00000000,0.00000000,0.00000000,0.00000000,0.00011946,2.97383197,137.57824095,-0.01367697,-0.03495349,-0.12932554,-0.16034970,-0.16897133,-0.18162622,-0.19024785,0.03573901,0.14300836,0.17393051,54.67410465,4.25000000,1.59500000,0.10726935,128.25000000,38.75000000,104.75000000,0.36000000,2.13425000,2.35700000,0.84025000,3.12047500,0.48300000,0.89927850,0.10135075,1.51675000,5.61544576,0.03540202,0.10138071,0.20755752,0.20667486,0.02785447,0.00879056,0.07779430,0.02743935,0.17354475,0.06032689,0.17310147,0.06080640,10.69123681,5.00936479,7.04877983,4.87991718,0.73422941,2.12500000,0.05205317,1.45412632,0.15275408,991.65904832,1.33945364,538.24861008
TiNbAlV,BCC,ANNEAL,,,1,873.15000000,795.00000000,1005.00000000,,,,104.00000000,10.1016/j.jallcom.2015.08.224,2015,"Structure and mechanical properties of the AlCrxNbTiV (x = 0, 0.5, 1, 1.5) high entropy alloys",S4,TiNbAlV,1.57861819,1.56647202,1951.83000000,16.16764769,3.18585210,0.25000000,0.25000000,0.25000000,0.25000000,0.00000000,0.00000000,0.00000000,0.00000000,0.00000000,0.00000000,0.00000000,0.00000000,0.00000000,0.00000000,0.00000000,0.00011946,2.97383197,137.57824095,-0.01367697,-0.03495349,-0.12932554,-0.16034970,-0.16897133,-0.18162622,-0.19024785,0.03573901,0.14300836,0.17393051,54.67410465,4.25000000,1.59500000,0.10726935,128.25000000,38.75000000,104.75000000,0.36000000,2.13425000,2.35700000,0.84025000,3.12047500,0.48300000,0.89927850,0.10135075,1.51675000,5.61544576,0.03540202,0.10138071,0.20755752,0.20667486,0.02785447,0.00879056,0.07779430,0.02743935,0.17354475,0.06032689,0.17310147,0.06080640,10.69123681,5.00936479,7.04877983,4.87991718,0.73422941,2.12500000,0.05205317,1.45412632,0.44734941,991.65904832,1.33945364,191.17132590
TiNbAlV,BCC,ANNEAL,,,1,1073.15000000,622.50000000,700.00000000,,,,104.00000000,10.1016/j.jallcom.2015.08.224,2015,"Structure and mechanical properties of the AlCrxNbTiV (x = 0, 0.5, 1, 1.5) high entropy alloys",S4,TiNbAlV,1.57861819,1.56647202,1951.83000000,16.16764769,3.18585210,0.25000000,0.25000000,0.25000000,0.25000000,0.00000000,0.00000000,0.00000000,0.00000000,0.00000000,0.00000000,0.00000000,0.00000000,0.00000000,0.00000000,0.00000000,0.00011946,2.97383197,137.57824095,-0.01367697,-0.03495349,-0.12932554,-0.16034970,-0.16897133,-0.18162622,-0.19024785,0.03573901,0.14300836,0.17393051,54.67410465,4.25000000,1.59500000,0.10726935,128.25000000,38.75000000,104.75000000,0.36000000,2.13425000,2.35700000,0.84025000,3.12047500,0.48300000,0.89927850,0.10135075,1.51675000,5.61544576,0.03540202,0.10138071,0.20755752,0.20667486,0.02785447,0.00879056,0.07779430,0.02743935,0.17354475,0.06032689,0.17310147,0.06080640,10.69123681,5.00936479,7.04877983,4.87991718,0.73422941,2.12500000,0.05205317,1.45412632,0.54981735,991.65904832,1.33945364,131.11782694
TiNbAlV,BCC,ANNEAL,,,1,1273.15000000,134.00000000,,,,,104.00000000,10.1016/j.jallcom.2015.08.224,2015,"Structure and mechanical properties of the AlCrxNbTiV (x = 0, 0.5, 1, 1.5) high entropy alloys",S4,TiNbAlV,1.57861819,1.56647202,1951.83000000,16.16764769,3.18585210,0.25000000,0.25000000,0.25000000,0.25000000,0.00000000,0.00000000,0.00000000,0.00000000,0.00000000,0.00000000,0.00000000,0.00000000,0.00000000,0.00000000,0.00000000,0.00011946,2.97383197,137.57824095,-0.01367697,-0.03495349,-0.12932554,-0.16034970,-0.16897133,-0.18162622,-0.19024785,0.03573901,0.14300836,0.17393051,54.67410465,4.25000000,1.59500000,0.10726935,128.25000000,38.75000000,104.75000000,0.36000000,2.13425000,2.35700000,0.84025000,3.12047500,0.48300000,0.89927850,0.10135075,1.51675000,5.61544576,0.03540202,0.10138071,0.20755752,0.20667486,0.02785447,0.00879056,0.07779430,0.02743935,0.17354475,0.06032689,0.17310147,0.06080640,10.69123681,5.00936479,7.04877983,4.87991718,0.73422941,2.12500000,0.05205317,1.45412632,0.65228529,991.65904832,1.33945364,89.92920074
TiNbAlVCr,BCC+Laves,ANNEAL,,,1,298.15000000,1550.00000000,1570.00000000,,,,,10.1016/j.jallcom.2015.08.224,2015,"Structure and mechanical properties of the AlCrxNbTiV (x = 0, 0.5, 1, 1.5) high entropy alloys",S4,TiNbAlVCr,1.54945535,1.53869676,1997.46400000,15.26546322,3.12545556,0.20000000,0.20000000,0.20000000,0.20000000,0.20000000,0.00000000,0.00000000,0.00000000,0.00000000,0.00000000,0.00000000,0.00000000,0.00000000,0.00000000,0.00000000,0.00013869,2.91179580,157.84510890,0.04426085,0.02588663,-0.07771635,-0.10066978,-0.11521393,-0.11904400,-0.13358816,0.03984682,0.20876358,0.23297403,54.13850372,4.60000000,1.60800000,0.16891677,135.00000000,54.00000000,139.60000000,0.33000000,2.16740000,2.58660000,1.02820000,2.64850000,0.69620000,0.86319500,0.16508060,1.55840000,5.88905561,0.05031567,0.14737397,0.58031258,0.51819308,0.03951091,0.01056775,0.11396731,0.03051491,0.33923254,0.10198685,0.31710724,0.09395637,14.61630911,6.74370634,9.37904846,3.71531169,0.57576087,1.98507463,0.11780184,2.75186380,0.14926427,2078.07997073,2.16123405,1387.40246098
TiNbAlVCr,BCC+Laves,ANNEAL,,,1,873.15000000,1015.00000000,1060.00000000,,,,,10.1016/j.jallcom.2015.08.224,2015,"Structure and mechanical properties of the AlCrxNbTiV (x = 0, 0.5, 1, 1.5) high entropy alloys",S4,TiNbAlVCr,1.54945535,1.53869676,1997.46400000,15.26546322,3.12545556,0.20000000,0.20000000,0.20000000,0.20000000,0.20000000,0.00000000,0.00000000,0.00000000,0.00000000,0.00000000,0.00000000,0.00000000,0.00000000,0.00000000,0.00000000,0.00013869,2.91179580,157.84510890,0.04426085,0.02588663,-0.07771635,-0.10066978,-0.11521393,-0.11904400,-0.13358816,0.03984682,0.20876358,0.23297403,54.13850372,4.60000000,1.60800000,0.16891677,135.00000000,54.00000000,139.60000000,0.33000000,2.16740000,2.58660000,1.02820000,2.64850000,0.69620000,0.86319500,0.16508060,1.55840000,5.88905561,0.05031567,0.14737397,0.58031258,0.51819308,0.03951091,0.01056775,0.11396731,0.03051491,0.33923254,0.10198685,0.31710724,0.09395637,14.61630911,6.74370634,9.37904846,3.71531169,0.57576087,1.98507463,0.11780184,2.75186380,0.43712928,2078.07997073,2.16123405,749.15017404
TiNbAlVCr,BCC+Laves,ANNEAL,,,1,1073.15000000,860.00000000,895.00000000,,,,,10.1016/j.jallcom.2015.08.224,2015,"Structure and mechanical properties of the AlCrxNbTiV (x = 0, 0.5, 1, 1.5) high entropy alloys",S4,TiNbAlVCr,1.54945535,1.53869676,1997.46400000,15.26546322,3.12545556,0.20000000,0.20000000,0.20000000,0.20000000,0.20000000,0.00000000,0.00000000,0.00000000,0.00000000,0.00000000,0.00000000,0.00000000,0.00000000,0.00000000,0.00000000,0.00013869,2.91179580,157.84510890,0.04426085,0.02588663,-0.07771635,-0.10066978,-0.11521393,-0.11904400,-0.13358816,0.03984682,0.20876358,0.23297403,54.13850372,4.60000000,1.60800000,0.16891677,135.00000000,54.00000000,139.60000000,0.33000000,2.16740000,2.58660000,1.02820000,2.64850000,0.69620000,0.86319500,0.16508060,1.55840000,5.88905561,0.05031567,0.14737397,0.58031258,0.51819308,0.03951091,0.01056775,0.11396731,0.03051491,0.33923254,0.10198685,0.31710724,0.09395637,14.61630911,6.74370634,9.37904846,3.71531169,0.57576087,1.98507463,0.11780184,2.75186380,0.53725624,2078.07997073,2.16123405,593.02884010
TiNbAlVCr,BCC+Laves,ANNEAL,,,1,1273.15000000,65.00000000,95.00000000,,,,,10.1016/j.jallcom.2015.08.224,2015,"Structure and mechanical properties of the AlCrxNbTiV (x = 0, 0.5, 1, 1.5) high entropy alloys",S4,TiNbAlVCr,1.54945535,1.53869676,1997.46400000,15.26546322,3.12545556,0.20000000,0.20000000,0.20000000,0.20000000,0.20000000,0.00000000,0.00000000,0.00000000,0.00000000,0.00000000,0.00000000,0.00000000,0.00000000,0.00000000,0.00000000,0.00013869,2.91179580,157.84510890,0.04426085,0.02588663,-0.07771635,-0.10066978,-0.11521393,-0.11904400,-0.13358816,0.03984682,0.20876358,0.23297403,54.13850372,4.60000000,1.60800000,0.16891677,135.00000000,54.00000000,139.60000000,0.33000000,2.16740000,2.58660000,1.02820000,2.64850000,0.69620000,0.86319500,0.16508060,1.55840000,5.88905561,0.05031567,0.14737397,0.58031258,0.51819308,0.03951091,0.01056775,0.11396731,0.03051491,0.33923254,0.10198685,0.31710724,0.09395637,14.61630911,6.74370634,9.37904846,3.71531169,0.57576087,1.98507463,0.11780184,2.75186380,0.63738320,2078.07997073,2.16123405,469.44286657
TiNbCrMo,BCC,ANNEAL,,,1,293.15000000,1630.00000000,,,,,196.00000000,10.1016/j.actamat.2019.06.006,2019,Solid-solution strengthening in refractory high entropy alloys,S4,TiNbCrMo,1.55595794,1.55057945,2441.75000000,15.67596977,3.15322386,0.25000000,0.25000000,0.25000000,0.25000000,0.00000000,0.00000000,0.00000000,0.00000000,0.00000000,0.00000000,0.00000000,0.00000000,0.00000000,0.00000000,0.00000000,0.00011946,2.94387867,197.03066351,0.16018892,0.13891240,0.01211456,0.00243998,-0.03201365,-0.01883654,-0.05329017,0.07877081,0.33193323,0.36370064,72.17737000,5.25000000,1.74000000,0.25316243,177.75000000,80.75000000,207.25000000,0.31000000,2.51375000,3.04000000,1.35375000,2.25825000,1.01075000,0.82737775,0.26500000,1.68625000,7.64567846,0.05282100,0.14416347,0.49530766,0.47492686,0.04163910,0.01447785,0.11548673,0.03987372,0.39346726,0.10396330,0.37260172,0.09966132,22.05098364,8.77214665,13.07693618,3.00766757,0.43014286,1.89855072,0.16898745,119.54821164,0.12005734,2843.48393406,3.17464288,2120.31708569
TiNbCrMo,BCC,ANNEAL,,,1,473.15000000,1268.00000000,,,,,196.00000000,10.1016/j.actamat.2019.06.006,2019,Solid-solution strengthening in refractory high entropy alloys,S4,TiNbCrMo,1.55595794,1.55057945,2441.75000000,15.67596977,3.15322386,0.25000000,0.25000000,0.25000000,0.25000000,0.00000000,0.00000000,0.00000000,0.00000000,0.00000000,0.00000000,0.00000000,0.00000000,0.00000000,0.00000000,0.00000000,0.00011946,2.94387867,197.03066351,0.16018892,0.13891240,0.01211456,0.00243998,-0.03201365,-0.01883654,-0.05329017,0.07877081,0.33193323,0.36370064,72.17737000,5.25000000,1.74000000,0.25316243,177.75000000,80.75000000,207.25000000,0.31000000,2.51375000,3.04000000,1.35375000,2.25825000,1.01075000,0.82737775,0.26500000,1.68625000,7.64567846,0.05282100,0.14416347,0.49530766,0.47492686,0.04163910,0.01447785,0.11548673,0.03987372,0.39346726,0.10396330,0.37260172,0.09966132,22.05098364,8.77214665,13.07693618,3.00766757,0.43014286,1.89855072,0.16898745,119.54821164,0.19377496,2843.48393406,3.17464288,1848.43492210
TiNbCrMo,BCC,ANNEAL,,,1,673.15000000,1115.00000000,,,,,196.00000000,10.1016/j.actamat.2019.06.006,2019,Solid-solution strengthening in refractory high entropy alloys,S4,TiNbCrMo,1.55595794,1.55057945,2441.75000000,15.67596977,3.15322386,0.25000000,0.25000000,0.25000000,0.25000000,0.00000000,0.00000000,0.00000000,0.00000000,0.00000000,0.00000000,0.00000000,0.00000000,0.00000000,0.00000000,0.00000000,0.00011946,2.94387867,197.03066351,0.16018892,0.13891240,0.01211456,0.00243998,-0.03201365,-0.01883654,-0.05329017,0.07877081,0.33193323,0.36370064,72.17737000,5.25000000,1.74000000,0.25316243,177.75000000,80.75000000,207.25000000,0.31000000,2.51375000,3.04000000,1.35375000,2.25825000,1.01075000,0.82737775,0.26500000,1.68625000,7.64567846,0.05282100,0.14416347,0.49530766,0.47492686,0.04163910,0.01447785,0.11548673,0.03987372,0.39346726,0.10396330,0.37260172,0.09966132,22.05098364,8.77214665,13.07693618,3.00766757,0.43014286,1.89855072,0.16898745,119.54821164,0.27568342,2843.48393406,3.17464288,1584.79095439
TiNbCrMo,BCC,ANNEAL,,,1,873.15000000,1062.00000000,,,,,196.00000000,10.1016/j.actamat.2019.06.006,2019,Solid-solution strengthening in refractory high entropy alloys,S4,TiNbCrMo,1.55595794,1.55057945,2441.75000000,15.67596977,3.15322386,0.25000000,0.25000000,0.25000000,0.25000000,0.00000000,0.00000000,0.00000000,0.00000000,0.00000000,0.00000000,0.00000000,0.00000000,0.00000000,0.00000000,0.00000000,0.00011946,2.94387867,197.03066351,0.16018892,0.13891240,0.01211456,0.00243998,-0.03201365,-0.01883654,-0.05329017,0.07877081,0.33193323,0.36370064,72.17737000,5.25000000,1.74000000,0.25316243,177.75000000,80.75000000,207.25000000,0.31000000,2.51375000,3.04000000,1.35375000,2.25825000,1.01075000,0.82737775,0.26500000,1.68625000,7.64567846,0.05282100,0.14416347,0.49530766,0.47492686,0.04163910,0.01447785,0.11548673,0.03987372,0.39346726,0.10396330,0.37260172,0.09966132,22.05098364,8.77214665,13.07693618,3.00766757,0.43014286,1.89855072,0.16898745,119.54821164,0.35759189,2843.48393406,3.17464288,1419.71633598
TiNbCrMo,BCC,ANNEAL,,,1,1073.15000000,1058.00000000,,,,,196.00000000,10.1016/j.actamat.2019.06.006,2019,Solid-solution strengthening in refractory high entropy alloys,S4,TiNbCrMo,1.55595794,1.55057945,2441.75000000,15.67596977,3.15322386,0.25000000,0.25000000,0.25000000,0.25000000,0.00000000,0.00000000,0.00000000,0.00000000,0.00000000,0.00000000,0.00000000,0.00000000,0.00000000,0.00000000,0.00000000,0.00011946,2.94387867,197.03066351,0.16018892,0.13891240,0.01211456,0.00243998,-0.03201365,-0.01883654,-0.05329017,0.07877081,0.33193323,0.36370064,72.17737000,5.25000000,1.74000000,0.25316243,177.75000000,80.75000000,207.25000000,0.31000000,2.51375000,3.04000000,1.35375000,2.25825000,1.01075000,0.82737775,0.26500000,1.68625000,7.64567846,0.05282100,0.14416347,0.49530766,0.47492686,0.04163910,0.01447785,0.11548673,0.03987372,0.39346726,0.10396330,0.37260172,0.09966132,22.05098364,8.77214665,13.07693618,3.00766757,0.43014286,1.89855072,0.16898745,119.54821164,0.43950036,2843.48393406,3.17464288,1210.89672814
TiNbMo,BCC,OTHER,,,1,296.15000000,1100.00000000,,,,,177.00000000,10.1016/j.actamat.2019.06.032,2019,High temperature strength of refractory complex concentrated alloys,S4,TiNbMo,1.59700925,1.58624150,2529.00000000,17.05353210,3.24300869,0.33300000,0.33300000,0.33300000,0.00000000,0.00000000,0.00000000,0.00000000,0.00000000,0.00000000,0.00000000,0.00000000,0.00000000,0.00000000,0.00000000,0.00000000,0.00009466,3.01621730,183.07002444,0.00353463,-0.02483407,-0.09462906,-0.07510647,-0.11101581,-0.10347517,-0.13938451,0.12298260,0.32203034,0.32846908,78.90446000,5.00000000,1.76666667,0.19904775,183.00000000,69.33333333,183.33333333,0.34333333,2.58500000,2.88500000,1.21166667,2.75746667,0.83133333,0.86355000,0.21333333,1.67333333,7.68310207,0.02213224,0.06092493,0.57900266,0.56236220,0.01655183,0.00682932,0.04859858,0.02003079,0.37908974,0.15621323,0.36885566,0.15240211,19.47246020,7.53286661,11.63692841,3.47032879,0.55149333,2.04568528,0.03580234,3.18749561,0.11710162,855.31387021,1.75514074,530.18932456
TiNbMo,BCC,OTHER,,,1,1273.15000000,504.00000000,,,,,177.00000000,10.1016/j.actamat.2019.06.032,2019,High temperature strength of refractory complex concentrated alloys,S4,TiNbMo,1.59700925,1.58624150,2529.00000000,17.05353210,3.24300869,0.33300000,0.33300000,0.33300000,0.00000000,0.00000000,0.00000000,0.00000000,0.00000000,0.00000000,0.00000000,0.00000000,0.00000000,0.00000000,0.00000000,0.00000000,0.00009466,3.01621730,183.07002444,0.00353463,-0.02483407,-0.09462906,-0.07510647,-0.11101581,-0.10347517,-0.13938451,0.12298260,0.32203034,0.32846908,78.90446000,5.00000000,1.76666667,0.19904775,183.00000000,69.33333333,183.33333333,0.34333333,2.58500000,2.88500000,1.21166667,2.75746667,0.83133333,0.86355000,0.21333333,1.67333333,7.68310207,0.02213224,0.06092493,0.57900266,0.56236220,0.01655183,0.00682932,0.04859858,0.02003079,0.37908974,0.15621323,0.36885566,0.15240211,19.47246020,7.53286661,11.63692841,3.47032879,0.55149333,2.04568528,0.03580234,3.18749561,0.50342032,855.31387021,1.75514074,136.94943010
TiNbMo,BCC,OTHER,,,1,1473.15000000,324.00000000,,,,,177.00000000,10.1016/j.actamat.2019.06.032,2019,High temperature strength of refractory complex concentrated alloys,S4,TiNbMo,1.59700925,1.58624150,2529.00000000,17.05353210,3.24300869,0.33300000,0.33300000,0.33300000,0.00000000,0.00000000,0.00000000,0.00000000,0.00000000,0.00000000,0.00000000,0.00000000,0.00000000,0.00000000,0.00000000,0.00000000,0.00009466,3.01621730,183.07002444,0.00353463,-0.02483407,-0.09462906,-0.07510647,-0.11101581,-0.10347517,-0.13938451,0.12298260,0.32203034,0.32846908,78.90446000,5.00000000,1.76666667,0.19904775,183.00000000,69.33333333,183.33333333,0.34333333,2.58500000,2.88500000,1.21166667,2.75746667,0.83133333,0.86355000,0.21333333,1.67333333,7.68310207,0.02213224,0.06092493,0.57900266,0.56236220,0.01655183,0.00682932,0.04859858,0.02003079,0.37908974,0.15621323,0.36885566,0.15240211,19.47246020,7.53286661,11.63692841,3.47032879,0.55149333,2.04568528,0.03580234,3.18749561,0.58250297,855.31387021,1.75514074,102.70328555
Zr101Ta30(TiNb)101,BCC,OTHER,,,1,296.15000000,882.00000000,,,,,101.00000000,10.1016/j.actamat.2019.06.032,2019,High temperature strength of refractory complex concentrated alloys,S4,Zr101Ta30(TiNb)101,1.66623742,1.66664686,2364.62162162,19.39261706,3.38497505,0.30300000,0.09000000,0.30300000,0.30300000,0.00000000,0.00000000,0.00000000,0.00000000,0.00000000,0.00000000,0.00000000,0.00000000,0.00000000,0.00000000,0.00000000,0.00011220,3.15656056,133.80862020,0.14004081,0.09610541,0.01195457,0.04379264,0.00423131,-0.00014277,-0.03970410,0.00094786,0.07843008,0.10012117,86.66718252,4.39339339,1.49090090,0.07748222,129.63363363,40.91591592,104.10810811,0.35213213,2.33259760,2.49559159,0.71414114,3.90302102,0.46546246,0.90223572,0.06342342,1.78145045,7.42108918,0.04154007,0.12911607,0.22634037,0.31345928,0.03181148,0.01262969,0.09496036,0.03769449,0.14396586,0.04591667,0.22186853,0.08109232,11.99439596,5.14207679,6.73293829,5.36153136,0.88838414,2.08704923,0.08102408,6.05858989,0.12524202,1411.17619169,1.96941384,914.40608124
Zr101Ta30(TiNb)101,BCC,OTHER,,,1,1273.15000000,274.00000000,,,,,101.00000000,10.1016/j.actamat.2019.06.032,2019,High temperature strength of refractory complex concentrated alloys,S4,Zr101Ta30(TiNb)101,1.66623742,1.66664686,2364.62162162,19.39261706,3.38497505,0.30300000,0.09000000,0.30300000,0.30300000,0.00000000,0.00000000,0.00000000,0.00000000,0.00000000,0.00000000,0.00000000,0.00000000,0.00000000,0.00000000,0.00000000,0.00011220,3.15656056,133.80862020,0.14004081,0.09610541,0.01195457,0.04379264,0.00423131,-0.00014277,-0.03970410,0.00094786,0.07843008,0.10012117,86.66718252,4.39339339,1.49090090,0.07748222,129.63363363,40.91591592,104.10810811,0.35213213,2.33259760,2.49559159,0.71414114,3.90302102,0.46546246,0.90223572,0.06342342,1.78145045,7.42108918,0.04154007,0.12911607,0.22634037,0.31345928,0.03181148,0.01262969,0.09496036,0.03769449,0.14396586,0.04591667,0.22186853,0.08109232,11.99439596,5.14207679,6.73293829,5.36153136,0.88838414,2.08704923,0.08102408,6.05858989,0.53841595,1411.17619169,1.96941384,275.78701502
Zr101Ta30(TiNb)101,BCC,OTHER,,,1,1473.15000000,102.00000000,,,,,101.00000000,10.1016/j.actamat.2019.06.032,2019,High temperature strength of refractory complex concentrated alloys,S4,Zr101Ta30(TiNb)101,1.66623742,1.66664686,2364.62162162,19.39261706,3.38497505,0.30300000,0.09000000,0.30300000,0.30300000,0.00000000,0.00000000,0.00000000,0.00000000,0.00000000,0.00000000,0.00000000,0.00000000,0.00000000,0.00000000,0.00000000,0.00011220,3.15656056,133.80862020,0.14004081,0.09610541,0.01195457,0.04379264,0.00423131,-0.00014277,-0.03970410,0.00094786,0.07843008,0.10012117,86.66718252,4.39339339,1.49090090,0.07748222,129.63363363,40.91591592,104.10810811,0.35213213,2.33259760,2.49559159,0.71414114,3.90302102,0.46546246,0.90223572,0.06342342,1.78145045,7.42108918,0.04154007,0.12911607,0.22634037,0.31345928,0.03181148,0.01262969,0.09496036,0.03769449,0.14396586,0.04591667,0.22186853,0.08109232,11.99439596,5.14207679,6.73293829,5.36153136,0.88838414,2.08704923,0.08102408,6.05858989,0.62299608,1411.17619169,1.96941384,213.40046190
Zr101Ti101Nb101Re30,BCC+Laves,OTHER,,,1,296.15000000,1244.00000000,,,,,,10.1016/j.actamat.2019.06.032,2019,High temperature strength of refractory complex concentrated alloys,S4,Zr101Ti101Nb101Re30,1.65673782,1.65674465,2379.84684685,19.06048715,3.36553928,0.30300000,0.30300000,0.30300000,0.09000000,0.00000000,0.00000000,0.00000000,0.00000000,0.00000000,0.00000000,0.00000000,0.00000000,0.00000000,0.00000000,0.00000000,0.00011220,3.13813543,115.97760092,-0.09278423,-0.12207450,-0.08939687,-0.07202065,-0.09199725,-0.10131092,-0.12128752,-0.08297554,-0.04295812,0.04040889,87.14097712,4.57357357,1.52693694,0.04597231,144.94894895,50.91591592,129.06306306,0.34852853,2.37548048,2.59739339,0.66639339,3.91860661,0.44510210,0.84287545,0.00750676,1.93100000,7.59167877,0.04862639,0.14884423,0.78988049,0.82879660,0.03716459,0.01419600,0.11073240,0.04222388,0.27690650,0.07648040,0.32178746,0.10055383,14.84016933,6.24722849,7.68522492,5.83550017,0.85679317,2.06997326,0.14965860,3.70768648,0.12444078,2099.52417244,2.63381351,1490.64693444
Zr101Ti101Nb101Re30,BCC+Laves,OTHER,,,1,1273.15000000,323.00000000,,,,,,10.1016/j.actamat.2019.06.032,2019,High temperature strength of refractory complex concentrated alloys,S4,Zr101Ti101Nb101Re30,1.65673782,1.65674465,2379.84684685,19.06048715,3.36553928,0.30300000,0.30300000,0.30300000,0.09000000,0.00000000,0.00000000,0.00000000,0.00000000,0.00000000,0.00000000,0.00000000,0.00000000,0.00000000,0.00000000,0.00000000,0.00011220,3.13813543,115.97760092,-0.09278423,-0.12207450,-0.08939687,-0.07202065,-0.09199725,-0.10131092,-0.12128752,-0.08297554,-0.04295812,0.04040889,87.14097712,4.57357357,1.52693694,0.04597231,144.94894895,50.91591592,129.06306306,0.34852853,2.37548048,2.59739339,0.66639339,3.91860661,0.44510210,0.84287545,0.00750676,1.93100000,7.59167877,0.04862639,0.14884423,0.78988049,0.82879660,0.03716459,0.01419600,0.11073240,0.04222388,0.27690650,0.07648040,0.32178746,0.10055383,14.84016933,6.24722849,7.68522492,5.83550017,0.85679317,2.06997326,0.14965860,3.70768648,0.53497140,2099.52417244,2.63381351,619.39260646
Zr101Ti101Nb101Re30,BCC+Laves,OTHER,,,1,1473.15000000,89.00000000,,,,,,10.1016/j.actamat.2019.06.032,2019,High temperature strength of refractory complex concentrated alloys,S4,Zr101Ti101Nb101Re30,1.65673782,1.65674465,2379.84684685,19.06048715,3.36553928,0.30300000,0.30300000,0.30300000,0.09000000,0.00000000,0.00000000,0.00000000,0.00000000,0.00000000,0.00000000,0.00000000,0.00000000,0.00000000,0.00000000,0.00000000,0.00011220,3.13813543,115.97760092,-0.09278423,-0.12207450,-0.08939687,-0.07202065,-0.09199725,-0.10131092,-0.12128752,-0.08297554,-0.04295812,0.04040889,87.14097712,4.57357357,1.52693694,0.04597231,144.94894895,50.91591592,129.06306306,0.34852853,2.37548048,2.59739339,0.66639339,3.91860661,0.44510210,0.84287545,0.00750676,1.93100000,7.59167877,0.04862639,0.14884423,0.78988049,0.82879660,0.03716459,0.01419600,0.11073240,0.04222388,0.27690650,0.07648040,0.32178746,0.10055383,14.84016933,6.24722849,7.68522492,5.83550017,0.85679317,2.06997326,0.14965860,3.70768648,0.61901042,2099.52417244,2.63381351,511.30922565
Zr200Ta159Ti300Nb200(Al33V13)3,BCC,OTHER,100.00000000,5.19400000,1,298.15000000,2035.00000000,2105.00000000,5.00000000,,,109.00000000,10.1007/s11837-014-1066-0,2014,Microstructure and Properties of Aluminum-Containing Refractory High-Entropy Alloys,S4,Zr200Ta159Ti300Nb200(Al33V13)3,1.64180297,1.63793446,2265.34170512,18.42468986,3.32769408,0.20100000,0.15900000,0.30100000,0.20100000,0.09900000,0.03900000,0.00000000,0.00000000,0.00000000,0.00000000,0.00000000,0.00000000,0.00000000,0.00000000,0.00000000,0.00014255,3.10955654,134.17901669,0.07132904,0.03373438,-0.05745603,-0.03493218,-0.05606899,-0.07252684,-0.09366365,0.00930909,0.08323402,0.06340235,84.86938791,4.29989970,1.51400201,0.07392492,130.25476429,42.58776329,111.02908726,0.34818455,2.28580542,2.44849448,0.75409629,3.65802718,0.46277934,1.01128295,0.06603300,1.69439819,7.64892280,0.04530663,0.13391687,0.28409854,0.34630528,0.03367026,0.01023665,0.09388204,0.02931457,0.19781248,0.04811293,0.24788570,0.05993088,12.27322955,5.36932386,7.24341515,5.29084659,0.85072384,2.06835318,0.09656096,9.24438563,0.13161370,1523.71287320,1.98361770,987.48990610
Zr200Ta159Ti300Nb200(Al33V13)3,BCC,OTHER,,,1,1073.15000000,796.00000000,851.00000000,50.00000000,,,109.00000000,10.1007/s11837-014-1066-0,2014,Microstructure and Properties of Aluminum-Containing Refractory High-Entropy Alloys,S4,Zr200Ta159Ti300Nb200(Al33V13)3,1.64180297,1.63793446,2265.34170512,18.42468986,3.32769408,0.20100000,0.15900000,0.30100000,0.20100000,0.09900000,0.03900000,0.00000000,0.00000000,0.00000000,0.00000000,0.00000000,0.00000000,0.00000000,0.00000000,0.00000000,0.00014255,3.10955654,134.17901669,0.07132904,0.03373438,-0.05745603,-0.03493218,-0.05606899,-0.07252684,-0.09366365,0.00930909,0.08323402,0.06340235,84.86938791,4.29989970,1.51400201,0.07392492,130.25476429,42.58776329,111.02908726,0.34818455,2.28580542,2.44849448,0.75409629,3.65802718,0.46277934,1.01128295,0.06603300,1.69439819,7.64892280,0.04530663,0.13391687,0.28409854,0.34630528,0.03367026,0.01023665,0.09388204,0.02931457,0.19781248,0.04811293,0.24788570,0.05993088,12.27322955,5.36932386,7.24341515,5.29084659,0.85072384,2.06835318,0.09656096,9.24438563,0.47372544,1523.71287320,1.98361770,388.64540916
Zr200Ta159Ti300Nb200(Al33V13)3,BCC,OTHER,,,1,1273.15000000,220.00000000,225.00000000,50.00000000,,,109.00000000,10.1007/s11837-014-1066-0,2014,Microstructure and Properties of Aluminum-Containing Refractory High-Entropy Alloys,S4,Zr200Ta159Ti300Nb200(Al33V13)3,1.64180297,1.63793446,2265.34170512,18.42468986,3.32769408,0.20100000,0.15900000,0.30100000,0.20100000,0.09900000,0.03900000,0.00000000,0.00000000,0.00000000,0.00000000,0.00000000,0.00000000,0.00000000,0.00000000,0.00000000,0.00014255,3.10955654,134.17901669,0.07132904,0.03373438,-0.05745603,-0.03493218,-0.05606899,-0.07252684,-0.09366365,0.00930909,0.08323402,0.06340235,84.86938791,4.29989970,1.51400201,0.07392492,130.25476429,42.58776329,111.02908726,0.34818455,2.28580542,2.44849448,0.75409629,3.65802718,0.46277934,1.01128295,0.06603300,1.69439819,7.64892280,0.04530663,0.13391687,0.28409854,0.34630528,0.03367026,0.01023665,0.09388204,0.02931457,0.19781248,0.04811293,0.24788570,0.05993088,12.27322955,5.36932386,7.24341515,5.29084659,0.85072384,2.06835318,0.09656096,9.24438563,0.56201234,1523.71287320,1.98361770,301.28160597
Zr235Ta235Ti235Nb235Al58,BCC+B2,OTHER,,,1,298.15000000,1745.00000000,1830.00000000,,,,,10.1016/j.matdes.2017.11.033,2018,Compositional variation effects on the microstructure and properties of a refractory high-entropy superalloy AlMo0.5NbTa0.5TiZr,S4,Zr235Ta235Ti235Nb235Al58,1.65451839,1.65185884,2434.61679359,18.91650736,3.35704361,0.23500000,0.23500000,0.23500000,0.23500000,0.05800000,0.00000000,0.00000000,0.00000000,0.00000000,0.00000000,0.00000000,0.00000000,0.00000000,0.00000000,0.00000000,0.00013154,3.13725391,140.88565916,0.07015204,0.03604259,-0.04683287,-0.01812050,-0.04148335,-0.05222996,-0.07559281,0.02417723,0.11487747,0.10121990,98.80467469,4.41282565,1.49932866,0.09070024,138.16432866,44.36673347,115.68136273,0.35000000,2.39975451,2.51763727,0.82805912,3.61014048,0.49025551,1.02657172,0.09514366,1.68957816,8.67333124,0.04134384,0.12473560,0.30258957,0.37386933,0.03090773,0.01071639,0.08816333,0.03115317,0.21202635,0.06835760,0.27082454,0.08161551,12.89867409,5.37499733,7.63425713,5.13535742,0.81810177,2.07692308,0.07099263,17.67292164,0.12246280,1451.92284948,2.02910844,948.62976749
Zr235Ta235Ti235Nb235Al58,BCC+B2,OTHER,,,1,1273.15000000,366.00000000,408.00000000,,,,,10.1016/j.matdes.2017.11.033,2018,Compositional variation effects on the microstructure and properties of a refractory high-entropy superalloy AlMo0.5NbTa0.5TiZr,S4,Zr235Ta235Ti235Nb235Al58,1.65451839,1.65185884,2434.61679359,18.91650736,3.35704361,0.23500000,0.23500000,0.23500000,0.23500000,0.05800000,0.00000000,0.00000000,0.00000000,0.00000000,0.00000000,0.00000000,0.00000000,0.00000000,0.00000000,0.00000000,0.00013154,3.13725391,140.88565916,0.07015204,0.03604259,-0.04683287,-0.01812050,-0.04148335,-0.05222996,-0.07559281,0.02417723,0.11487747,0.10121990,98.80467469,4.41282565,1.49932866,0.09070024,138.16432866,44.36673347,115.68136273,0.35000000,2.39975451,2.51763727,0.82805912,3.61014048,0.49025551,1.02657172,0.09514366,1.68957816,8.67333124,0.04134384,0.12473560,0.30258957,0.37386933,0.03090773,0.01071639,0.08816333,0.03115317,0.21202635,0.06835760,0.27082454,0.08161551,12.89867409,5.37499733,7.63425713,5.13535742,0.81810177,2.07692308,0.07099263,17.67292164,0.52293651,1451.92284948,2.02910844,297.71073249
Zr235Ti235Nb235Al56V235,BCC+Laves,OTHER,,,1,296.15000000,1240.00000000,,,,,,10.1016/j.actamat.2019.06.032,2019,High temperature strength of refractory complex concentrated alloys,S4,Zr235Ti235Nb235Al56V235,1.62329644,1.62262596,2176.44168675,17.83301633,3.29168499,0.23600000,0.23600000,0.23600000,0.05600000,0.23600000,0.00000000,0.00000000,0.00000000,0.00000000,0.00000000,0.00000000,0.00000000,0.00000000,0.00000000,0.00000000,0.00013137,3.07231787,138.58585717,0.12286414,0.08868619,-0.02748866,-0.03297167,-0.05693303,-0.06714962,-0.09111098,0.01784171,0.12180135,0.10737534,68.27470177,4.41566265,1.52977912,0.10395964,128.85140562,39.68473896,102.08835341,0.35707831,2.27766566,2.50707229,0.78873594,3.90019217,0.48787149,0.84047647,0.08838611,1.71833635,6.35747115,0.06097081,0.18339483,0.15688444,0.23065374,0.04662659,0.01446610,0.13468753,0.04184697,0.12626409,0.03227024,0.19331820,0.06026532,11.31286038,4.96686611,6.58361235,5.13879651,0.88326317,2.11079878,0.14326100,8.67161941,0.13607073,2218.57321564,2.23633705,1501.03043386
Zr235Ti235Nb235Al56V235,BCC+Laves,OTHER,,,1,1273.15000000,82.00000000,,,,,,10.1016/j.actamat.2019.06.032,2019,High temperature strength of refractory complex concentrated alloys,S4,Zr235Ti235Nb235Al56V235,1.62329644,1.62262596,2176.44168675,17.83301633,3.29168499,0.23600000,0.23600000,0.23600000,0.05600000,0.23600000,0.00000000,0.00000000,0.00000000,0.00000000,0.00000000,0.00000000,0.00000000,0.00000000,0.00000000,0.00000000,0.00013137,3.07231787,138.58585717,0.12286414,0.08868619,-0.02748866,-0.03297167,-0.05693303,-0.06714962,-0.09111098,0.01784171,0.12180135,0.10737534,68.27470177,4.41566265,1.52977912,0.10395964,128.85140562,39.68473896,102.08835341,0.35707831,2.27766566,2.50707229,0.78873594,3.90019217,0.48787149,0.84047647,0.08838611,1.71833635,6.35747115,0.06097081,0.18339483,0.15688444,0.23065374,0.04662659,0.01446610,0.13468753,0.04184697,0.12626409,0.03227024,0.19331820,0.06026532,11.31286038,4.96686611,6.58361235,5.13879651,0.88326317,2.11079878,0.14326100,8.67161941,0.58496858,2218.57321564,2.23633705,526.85556237
Zr235Ti235Nb235Al56V235,BCC+Laves,OTHER,,,1,1473.15000000,24.00000000,,,,,,10.1016/j.actamat.2019.06.032,2019,High temperature strength of refractory complex concentrated alloys,S4,Zr235Ti235Nb235Al56V235,1.62329644,1.62262596,2176.44168675,17.83301633,3.29168499,0.23600000,0.23600000,0.23600000,0.05600000,0.23600000,0.00000000,0.00000000,0.00000000,0.00000000,0.00000000,0.00000000,0.00000000,0.00000000,0.00000000,0.00000000,0.00013137,3.07231787,138.58585717,0.12286414,0.08868619,-0.02748866,-0.03297167,-0.05693303,-0.06714962,-0.09111098,0.01784171,0.12180135,0.10737534,68.27470177,4.41566265,1.52977912,0.10395964,128.85140562,39.68473896,102.08835341,0.35707831,2.27766566,2.50707229,0.78873594,3.90019217,0.48787149,0.84047647,0.08838611,1.71833635,6.35747115,0.06097081,0.18339483,0.15688444,0.23065374,0.04662659,0.01446610,0.13468753,0.04184697,0.12626409,0.03227024,0.19331820,0.06026532,11.31286038,4.96686611,6.58361235,5.13879651,0.88326317,2.11079878,0.14326100,8.67161941,0.67686169,2218.57321564,2.23633705,420.34602555
Zr260Ta159Ti280Nb199Al59V40,BCC,OTHER,180.00000000,4.90000000,1,298.15000000,1965.00000000,2061.00000000,5.00000000,,,107.00000000,10.1007/s11837-014-1066-0,2014,Microstructure and Properties of Aluminum-Containing Refractory High-Entropy Alloys,S4,Zr260Ta159Ti280Nb199Al59V40,1.65236282,1.65028475,2316.45524574,18.83519597,3.35222669,0.26100000,0.15900000,0.28100000,0.20000000,0.05900000,0.04000000,0.00000000,0.00000000,0.00000000,0.00000000,0.00000000,0.00000000,0.00000000,0.00000000,0.00000000,0.00013937,3.12893267,134.61612368,0.08456148,0.04507827,-0.03566809,-0.01057829,-0.03464274,-0.05006150,-0.07412595,0.01374742,0.08898225,0.07800635,88.27447675,4.34002006,1.49858576,0.07523483,130.52557673,42.65697091,109.94884654,0.34815446,2.31746740,2.47730391,0.74827884,3.80726790,0.46392177,0.99284415,0.06578614,1.72902508,7.78241530,0.04726848,0.14102660,0.27820541,0.35530631,0.03570730,0.01256230,0.10227478,0.03642993,0.19027736,0.04840217,0.25373180,0.07712833,12.38380270,5.34367935,7.16230370,5.33991741,0.87724661,2.06821154,0.10612731,30.51890935,0.12870959,1635.01969598,2.10227947,1081.48657238
Zr260Ta159Ti280Nb199Al59V40,BCC,OTHER,,,1,1073.15000000,678.00000000,693.00000000,50.00000000,,,107.00000000,10.1007/s11837-014-1066-0,2014,Microstructure and Properties of Aluminum-Containing Refractory High-Entropy Alloys,S4,Zr260Ta159Ti280Nb199Al59V40,1.65236282,1.65028475,2316.45524574,18.83519597,3.35222669,0.26100000,0.15900000,0.28100000,0.20000000,0.05900000,0.04000000,0.00000000,0.00000000,0.00000000,0.00000000,0.00000000,0.00000000,0.00000000,0.00000000,0.00000000,0.00013937,3.12893267,134.61612368,0.08456148,0.04507827,-0.03566809,-0.01057829,-0.03464274,-0.05006150,-0.07412595,0.01374742,0.08898225,0.07800635,88.27447675,4.34002006,1.49858576,0.07523483,130.52557673,42.65697091,109.94884654,0.34815446,2.31746740,2.47730391,0.74827884,3.80726790,0.46392177,0.99284415,0.06578614,1.72902508,7.78241530,0.04726848,0.14102660,0.27820541,0.35530631,0.03570730,0.01256230,0.10227478,0.03642993,0.19027736,0.04840217,0.25373180,0.07712833,12.38380270,5.34367935,7.16230370,5.33991741,0.87724661,2.06821154,0.10612731,30.51890935,0.46327249,1635.01969598,2.10227947,450.46869696
Zr260Ta159Ti280Nb199Al59V40,BCC,OTHER,,,1,1273.15000000,166.00000000,189.00000000,50.00000000,,,107.00000000,10.1007/s11837-014-1066-0,2014,Microstructure and Properties of Aluminum-Containing Refractory High-Entropy Alloys,S4,Zr260Ta159Ti280Nb199Al59V40,1.65236282,1.65028475,2316.45524574,18.83519597,3.35222669,0.26100000,0.15900000,0.28100000,0.20000000,0.05900000,0.04000000,0.00000000,0.00000000,0.00000000,0.00000000,0.00000000,0.00000000,0.00000000,0.00000000,0.00000000,0.00013937,3.12893267,134.61612368,0.08456148,0.04507827,-0.03566809,-0.01057829,-0.03464274,-0.05006150,-0.07412595,0.01374742,0.08898225,0.07800635,88.27447675,4.34002006,1.49858576,0.07523483,130.52557673,42.65697091,109.94884654,0.34815446,2.31746740,2.47730391,0.74827884,3.80726790,0.46392177,0.99284415,0.06578614,1.72902508,7.78241530,0.04726848,0.14102660,0.27820541,0.35530631,0.03570730,0.01256230,0.10227478,0.03642993,0.19027736,0.04840217,0.25373180,0.07712833,12.38380270,5.34367935,7.16230370,5.33991741,0.87724661,2.06821154,0.10612731,30.51890935,0.54961131,1635.01969598,2.10227947,354.26264405
Zr260Ta199Ti280Nb199Al59,BCC,OTHER,200.00000000,4.80200000,1,298.15000000,1965.00000000,2054.00000000,5.00000000,,,110.00000000,10.1007/s11837-014-1066-0,2014,Microstructure and Properties of Aluminum-Containing Refractory High-Entropy Alloys,S4,Zr260Ta199Ti280Nb199Al59,1.65769644,1.65489547,2360.86848546,19.02442297,3.36341531,0.26100000,0.20000000,0.28100000,0.20000000,0.05900000,0.00000000,0.00000000,0.00000000,0.00000000,0.00000000,0.00000000,0.00000000,0.00000000,0.00000000,0.00000000,0.00013081,3.14101014,135.02942377,0.07564558,0.03616236,-0.04819307,-0.01182845,-0.03615423,-0.05131167,-0.07563744,0.01341930,0.08643942,0.07381514,93.49037966,4.34002006,1.49337011,0.07302012,132.13039117,43.45937813,112.27582748,0.34695085,2.33865095,2.47955065,0.75509930,3.75892287,0.46444333,1.02445627,0.06698975,1.72445135,8.16027555,0.04286795,0.12894877,0.29396042,0.37149048,0.03233301,0.01175599,0.09238523,0.03413755,0.20290880,0.05895486,0.26568688,0.07984254,12.65886113,5.41289033,7.34080500,5.33875823,0.86610726,2.06255664,0.07376948,26.10965899,0.12628827,1472.94302402,2.03427671,963.22867977
Zr260Ta199Ti280Nb199Al59,BCC,OTHER,,,1,1073.15000000,362.00000000,397.00000000,50.00000000,,,110.00000000,10.1007/s11837-014-1066-0,2014,Microstructure and Properties of Aluminum-Containing Refractory High-Entropy Alloys,S4,Zr260Ta199Ti280Nb199Al59,1.65769644,1.65489547,2360.86848546,19.02442297,3.36341531,0.26100000,0.20000000,0.28100000,0.20000000,0.05900000,0.00000000,0.00000000,0.00000000,0.00000000,0.00000000,0.00000000,0.00000000,0.00000000,0.00000000,0.00000000,0.00013081,3.14101014,135.02942377,0.07564558,0.03616236,-0.04819307,-0.01182845,-0.03615423,-0.05131167,-0.07563744,0.01341930,0.08643942,0.07381514,93.49037966,4.34002006,1.49337011,0.07302012,132.13039117,43.45937813,112.27582748,0.34695085,2.33865095,2.47955065,0.75509930,3.75892287,0.46444333,1.02445627,0.06698975,1.72445135,8.16027555,0.04286795,0.12894877,0.29396042,0.37149048,0.03233301,0.01175599,0.09238523,0.03413755,0.20290880,0.05895486,0.26568688,0.07984254,12.65886113,5.41289033,7.34080500,5.33875823,0.86610726,2.06255664,0.07376948,26.10965899,0.45455730,1472.94302402,2.03427671,388.69805373
Zr260Ta199Ti280Nb199Al59,BCC,OTHER,,,1,1273.15000000,236.00000000,247.00000000,50.00000000,,,110.00000000,10.1007/s11837-014-1066-0,2014,Microstructure and Properties of Aluminum-Containing Refractory High-Entropy Alloys,S4,Zr260Ta199Ti280Nb199Al59,1.65769644,1.65489547,2360.86848546,19.02442297,3.36341531,0.26100000,0.20000000,0.28100000,0.20000000,0.05900000,0.00000000,0.00000000,0.00000000,0.00000000,0.00000000,0.00000000,0.00000000,0.00000000,0.00000000,0.00000000,0.00013081,3.14101014,135.02942377,0.07564558,0.03616236,-0.04819307,-0.01182845,-0.03615423,-0.05131167,-0.07563744,0.01341930,0.08643942,0.07381514,93.49037966,4.34002006,1.49337011,0.07302012,132.13039117,43.45937813,112.27582748,0.34695085,2.33865095,2.47955065,0.75509930,3.75892287,0.46444333,1.02445627,0.06698975,1.72445135,8.16027555,0.04286795,0.12894877,0.29396042,0.37149048,0.03233301,0.01175599,0.09238523,0.03413755,0.20290880,0.05895486,0.26568688,0.07984254,12.65886113,5.41289033,7.34080500,5.33875823,0.86610726,2.06255664,0.07376948,26.10965899,0.53927189,1472.94302402,2.03427671,303.23910517
Zr2TaTi2Nb2Al2Mo,BCC+B2,OTHER,,,1,298.15000000,2065.66666667,2370.00000000,,,,,10.1016/j.matdes.2017.11.033,2018,Compositional variation effects on the microstructure and properties of a refractory high-entropy superalloy AlMo0.5NbTa0.5TiZr,S4,Zr2TaTi2Nb2Al2Mo,1.63628855,1.62329674,2169.06400000,18.10671997,3.30843998,0.20000000,0.10000000,0.20000000,0.20000000,0.20000000,0.10000000,0.00000000,0.00000000,0.00000000,0.00000000,0.00000000,0.00000000,0.00000000,0.00000000,0.00000000,0.00015064,3.09497289,137.51086001,0.01930535,-0.00966592,-0.11038713,-0.08801592,-0.10305496,-0.11698718,-0.13202622,0.01395097,0.10673043,0.08620952,79.48457172,4.30000000,1.58200000,0.09277946,136.00000000,47.50000000,123.10000000,0.34700000,2.19800000,2.35600000,0.82300000,2.95432000,0.50890000,0.97320600,0.08508060,1.53300000,7.28941116,0.04839537,0.14014862,0.59889094,0.62419234,0.03595193,0.01092105,0.09604101,0.03032235,0.30724478,0.06590209,0.33515032,0.06753525,13.60966708,6.19184126,8.87779979,4.62959324,0.68705116,2.06278714,0.08283720,3.71229220,0.13745560,1799.24201254,2.23715043,1214.84626025
Zr2TaTi2Nb2Al2Mo,BCC+B2,OTHER,,,1,1073.15000000,1597.00000000,1810.00000000,11.00000000,,,,10.1007/s11837-014-1066-0,2014,Microstructure and Properties of Aluminum-Containing Refractory High-Entropy Alloys,S4,Zr2TaTi2Nb2Al2Mo,1.63628855,1.62329674,2169.06400000,18.10671997,3.30843998,0.20000000,0.10000000,0.20000000,0.20000000,0.20000000,0.10000000,0.00000000,0.00000000,0.00000000,0.00000000,0.00000000,0.00000000,0.00000000,0.00000000,0.00000000,0.00015064,3.09497289,137.51086001,0.01930535,-0.00966592,-0.11038713,-0.08801592,-0.10305496,-0.11698718,-0.13202622,0.01395097,0.10673043,0.08620952,79.48457172,4.30000000,1.58200000,0.09277946,136.00000000,47.50000000,123.10000000,0.34700000,2.19800000,2.35600000,0.82300000,2.95432000,0.50890000,0.97320600,0.08508060,1.53300000,7.28941116,0.04839537,0.14014862,0.59889094,0.62419234,0.03595193,0.01092105,0.09604101,0.03032235,0.30724478,0.06590209,0.33515032,0.06753525,13.60966708,6.19184126,8.87779979,4.62959324,0.68705116,2.06278714,0.08283720,3.71229220,0.49475258,1799.24201254,2.23715043,535.77612933
Zr2TaTi2Nb2Al2Mo,B2+BCC,OTHER,,,1,1273.15000000,745.00000000,,,,,,10.1016/j.actamat.2019.06.032,2019,High temperature strength of refractory complex concentrated alloys,S4,Zr2TaTi2Nb2Al2Mo,1.63628855,1.62329674,2169.06400000,18.10671997,3.30843998,0.20000000,0.10000000,0.20000000,0.20000000,0.20000000,0.10000000,0.00000000,0.00000000,0.00000000,0.00000000,0.00000000,0.00000000,0.00000000,0.00000000,0.00000000,0.00015064,3.09497289,137.51086001,0.01930535,-0.00966592,-0.11038713,-0.08801592,-0.10305496,-0.11698718,-0.13202622,0.01395097,0.10673043,0.08620952,79.48457172,4.30000000,1.58200000,0.09277946,136.00000000,47.50000000,123.10000000,0.34700000,2.19800000,2.35600000,0.82300000,2.95432000,0.50890000,0.97320600,0.08508060,1.53300000,7.28941116,0.04839537,0.14014862,0.59889094,0.62419234,0.03595193,0.01092105,0.09604101,0.03032235,0.30724478,0.06590209,0.33515032,0.06753525,13.60966708,6.19184126,8.87779979,4.62959324,0.68705116,2.06278714,0.08283720,3.71229220,0.58695825,1799.24201254,2.23715043,427.49830530
Zr2TaTi2Nb2Al2Mo,B2+BCC,OTHER,,,1,1473.15000000,250.00000000,,,,,,10.1016/j.actamat.2019.06.032,2019,High temperature strength of refractory complex concentrated alloys,S4,Zr2TaTi2Nb2Al2Mo,1.63628855,1.62329674,2169.06400000,18.10671997,3.30843998,0.20000000,0.10000000,0.20000000,0.20000000,0.20000000,0.10000000,0.00000000,0.00000000,0.00000000,0.00000000,0.00000000,0.00000000,0.00000000,0.00000000,0.00000000,0.00015064,3.09497289,137.51086001,0.01930535,-0.00966592,-0.11038713,-0.08801592,-0.10305496,-0.11698718,-0.13202622,0.01395097,0.10673043,0.08620952,79.48457172,4.30000000,1.58200000,0.09277946,136.00000000,47.50000000,123.10000000,0.34700000,2.19800000,2.35600000,0.82300000,2.95432000,0.50890000,0.97320600,0.08508060,1.53300000,7.28941116,0.04839537,0.14014862,0.59889094,0.62419234,0.03595193,0.01092105,0.09604101,0.03032235,0.30724478,0.06590209,0.33515032,0.06753525,13.60966708,6.19184126,8.87779979,4.62959324,0.68705116,2.06278714,0.08283720,3.71229220,0.67916392,1799.24201254,2.23715043,341.10291787
Zr2TaTi2Nb2AlMo,BCC+B2,OTHER,,,1,298.15000000,2350.00000000,2460.00000000,,,,,10.1016/j.matdes.2017.11.033,2018,Compositional variation effects on the microstructure and properties of a refractory high-entropy superalloy AlMo0.5NbTa0.5TiZr,S4,Zr2TaTi2Nb2AlMo,1.64226175,1.63330492,2306.36888889,18.42003552,3.32741385,0.22200000,0.11100000,0.22200000,0.22200000,0.11100000,0.11100000,0.00000000,0.00000000,0.00000000,0.00000000,0.00000000,0.00000000,0.00000000,0.00000000,0.00000000,0.00014946,3.10707829,144.37204060,0.03834316,0.00615287,-0.08729445,-0.06317561,-0.08331978,-0.09536591,-0.11551007,0.03000521,0.13601254,0.13461562,85.31824207,4.44444444,1.57888889,0.10600733,142.66666667,49.88888889,129.00000000,0.34666667,2.31333333,2.48455556,0.86600000,3.19903333,0.54877778,0.95689556,0.10171144,1.61855556,7.69131908,0.04732195,0.14002585,0.58167136,0.61097862,0.03531605,0.01145474,0.09841109,0.03266798,0.30388053,0.06252338,0.33910795,0.07907717,14.37610655,6.21445528,8.88205938,4.52743470,0.71978250,2.06122449,0.08715575,5.45631108,0.12927247,1885.61717004,2.38771752,1299.19215873
Zr2TaTi2Nb2AlMo,BCC+B2,OTHER,,,1,1273.15000000,579.00000000,646.00000000,,,,,10.1016/j.matdes.2017.11.033,2018,Compositional variation effects on the microstructure and properties of a refractory high-entropy superalloy AlMo0.5NbTa0.5TiZr,S4,Zr2TaTi2Nb2AlMo,1.64226175,1.63330492,2306.36888889,18.42003552,3.32741385,0.22200000,0.11100000,0.22200000,0.22200000,0.11100000,0.11100000,0.00000000,0.00000000,0.00000000,0.00000000,0.00000000,0.00000000,0.00000000,0.00000000,0.00000000,0.00014946,3.10707829,144.37204060,0.03834316,0.00615287,-0.08729445,-0.06317561,-0.08331978,-0.09536591,-0.11551007,0.03000521,0.13601254,0.13461562,85.31824207,4.44444444,1.57888889,0.10600733,142.66666667,49.88888889,129.00000000,0.34666667,2.31333333,2.48455556,0.86600000,3.19903333,0.54877778,0.95689556,0.10171144,1.61855556,7.69131908,0.04732195,0.14002585,0.58167136,0.61097862,0.03531605,0.01145474,0.09841109,0.03266798,0.30388053,0.06252338,0.33910795,0.07907717,14.37610655,6.21445528,8.88205938,4.52743470,0.71978250,2.06122449,0.08715575,5.45631108,0.55201490,1885.61717004,2.38771752,490.52025432
Zr2TaTi2Nb2Cr2Mo,BCC+BCC+Sec.,OTHER,,5.29200000,1,298.15000000,1595.00000000,2046.00000000,5.00000000,,,,10.1016/j.msea.2011.09.033,2011,Microstructure and properties of a refractory NbCrMo0.5Ta0.5TiZr alloy,S4,Zr2TaTi2Nb2Cr2Mo,1.60634341,1.60416801,2418.40000000,17.28601147,3.25767882,0.20000000,0.10000000,0.20000000,0.20000000,0.20000000,0.10000000,0.00000000,0.00000000,0.00000000,0.00000000,0.00000000,0.00000000,0.00000000,0.00000000,0.00000000,0.00015064,3.04465754,170.14132921,0.25512243,0.22615116,0.05366321,0.04780227,0.01071257,0.01883101,-0.01825869,0.03552742,0.21666245,0.24862300,84.48748400,4.90000000,1.59200000,0.18113503,153.20000000,65.30000000,164.90000000,0.31900000,2.42600000,2.81720000,1.09180000,2.95606000,0.78870000,0.89297820,0.18200000,1.72540000,8.11609224,0.07063960,0.20473297,0.55452732,0.55758058,0.05443346,0.01561085,0.15398347,0.04332213,0.37076837,0.08974502,0.39114269,0.09141827,18.42264897,7.59383717,10.67732061,3.57195385,0.60327755,1.93685756,0.23375979,7.62097576,0.12328399,3769.63064698,3.62463761,2882.05918552
Zr2TaTi2Nb2Cr2Mo,BCC+BCC+Sec.,OTHER,,,1,1073.15000000,983.00000000,1100.00000000,5.50000000,,,,10.1016/j.msea.2011.09.033,2011,Microstructure and properties of a refractory NbCrMo0.5Ta0.5TiZr alloy,S4,Zr2TaTi2Nb2Cr2Mo,1.60634341,1.60416801,2418.40000000,17.28601147,3.25767882,0.20000000,0.10000000,0.20000000,0.20000000,0.20000000,0.10000000,0.00000000,0.00000000,0.00000000,0.00000000,0.00000000,0.00000000,0.00000000,0.00000000,0.00000000,0.00015064,3.04465754,170.14132921,0.25512243,0.22615116,0.05366321,0.04780227,0.01071257,0.01883101,-0.01825869,0.03552742,0.21666245,0.24862300,84.48748400,4.90000000,1.59200000,0.18113503,153.20000000,65.30000000,164.90000000,0.31900000,2.42600000,2.81720000,1.09180000,2.95606000,0.78870000,0.89297820,0.18200000,1.72540000,8.11609224,0.07063960,0.20473297,0.55452732,0.55758058,0.05443346,0.01561085,0.15398347,0.04332213,0.37076837,0.08974502,0.39114269,0.09141827,18.42264897,7.59383717,10.67732061,3.57195385,0.60327755,1.93685756,0.23375979,7.62097576,0.44374380,3769.63064698,3.62463761,1784.77116933
Zr2TaTi2Nb2Cr2Mo,BCC+BCC+Laves,OTHER,,,1,1273.15000000,546.00000000,,,,,,10.1016/j.actamat.2019.06.032,2019,High temperature strength of refractory complex concentrated alloys,S4,Zr2TaTi2Nb2Cr2Mo,1.60634341,1.60416801,2418.40000000,17.28601147,3.25767882,0.20000000,0.10000000,0.20000000,0.20000000,0.20000000,0.10000000,0.00000000,0.00000000,0.00000000,0.00000000,0.00000000,0.00000000,0.00000000,0.00000000,0.00000000,0.00015064,3.04465754,170.14132921,0.25512243,0.22615116,0.05366321,0.04780227,0.01071257,0.01883101,-0.01825869,0.03552742,0.21666245,0.24862300,84.48748400,4.90000000,1.59200000,0.18113503,153.20000000,65.30000000,164.90000000,0.31900000,2.42600000,2.81720000,1.09180000,2.95606000,0.78870000,0.89297820,0.18200000,1.72540000,8.11609224,0.07063960,0.20473297,0.55452732,0.55758058,0.05443346,0.01561085,0.15398347,0.04332213,0.37076837,0.08974502,0.39114269,0.09141827,18.42264897,7.59383717,10.67732061,3.57195385,0.60327755,1.93685756,0.23375979,7.62097576,0.52644310,3769.63064698,3.62463761,1552.62319615
Zr2TaTi2Nb2Cr2Mo,BCC+BCC+Laves,OTHER,,,1,1473.15000000,170.00000000,,,,,,10.1016/j.actamat.2019.06.032,2019,High temperature strength of refractory complex concentrated alloys,S4,Zr2TaTi2Nb2Cr2Mo,1.60634341,1.60416801,2418.40000000,17.28601147,3.25767882,0.20000000,0.10000000,0.20000000,0.20000000,0.20000000,0.10000000,0.00000000,0.00000000,0.00000000,0.00000000,0.00000000,0.00000000,0.00000000,0.00000000,0.00000000,0.00015064,3.04465754,170.14132921,0.25512243,0.22615116,0.05366321,0.04780227,0.01071257,0.01883101,-0.01825869,0.03552742,0.21666245,0.24862300,84.48748400,4.90000000,1.59200000,0.18113503,153.20000000,65.30000000,164.90000000,0.31900000,2.42600000,2.81720000,1.09180000,2.95606000,0.78870000,0.89297820,0.18200000,1.72540000,8.11609224,0.07063960,0.20473297,0.55452732,0.55758058,0.05443346,0.01561085,0.15398347,0.04332213,0.37076837,0.08974502,0.39114269,0.09141827,18.42264897,7.59383717,10.67732061,3.57195385,0.60327755,1.93685756,0.23375979,7.62097576,0.60914241,3769.63064698,3.62463761,1350.67107238
Zr83Ti83Nb83Cr250,BCC+Laves,OTHER,,,1,296.15000000,1576.00000000,,,,,,10.1016/j.actamat.2019.06.032,2019,High temperature strength of refractory complex concentrated alloys,S4,Zr83Ti83Nb83Cr250,1.55133261,1.55232881,2226.40681363,15.44952709,3.13796717,0.16600000,0.16600000,0.16600000,0.50100000,0.00000000,0.00000000,0.00000000,0.00000000,0.00000000,0.00000000,0.00000000,0.00000000,0.00000000,0.00000000,0.00000000,0.00010690,2.94002469,183.34670916,0.42433824,0.40024391,0.11761506,0.07192630,0.03922073,0.04783196,0.01512639,0.00053212,0.24162024,0.29239548,64.63889287,5.16833667,1.57517034,0.24108812,142.37274549,76.74348697,187.68336673,0.28152305,2.27588176,2.97223647,1.20931263,2.36141884,0.99544489,0.77703119,0.23038076,1.76292385,6.94749292,0.08716588,0.26631540,0.50121063,0.49388301,0.06727026,0.03316700,0.18778714,0.09222964,0.40223930,0.20034960,0.40550799,0.19920933,20.85549755,9.16369993,11.83006151,2.98583729,0.45690112,1.78366618,0.42911310,3.30907578,0.13301702,5636.28563855,4.29433833,4456.34263214
Zr83Ti83Nb83Cr250,BCC+Laves,OTHER,,,1,1273.15000000,139.00000000,,,,,,10.1016/j.actamat.2019.06.032,2019,High temperature strength of refractory complex concentrated alloys,S4,Zr83Ti83Nb83Cr250,1.55133261,1.55232881,2226.40681363,15.44952709,3.13796717,0.16600000,0.16600000,0.16600000,0.50100000,0.00000000,0.00000000,0.00000000,0.00000000,0.00000000,0.00000000,0.00000000,0.00000000,0.00000000,0.00000000,0.00000000,0.00010690,2.94002469,183.34670916,0.42433824,0.40024391,0.11761506,0.07192630,0.03922073,0.04783196,0.01512639,0.00053212,0.24162024,0.29239548,64.63889287,5.16833667,1.57517034,0.24108812,142.37274549,76.74348697,187.68336673,0.28152305,2.27588176,2.97223647,1.20931263,2.36141884,0.99544489,0.77703119,0.23038076,1.76292385,6.94749292,0.08716588,0.26631540,0.50121063,0.49388301,0.06727026,0.03316700,0.18778714,0.09222964,0.40223930,0.20034960,0.40550799,0.19920933,20.85549755,9.16369993,11.83006151,2.98583729,0.45690112,1.78366618,0.42911310,3.30907578,0.57184069,5636.28563855,4.29433833,2665.85907873
Zr83Ti83Nb83Cr250,BCC+Laves,OTHER,,,1,1473.15000000,32.00000000,,,,,,10.1016/j.actamat.2019.06.032,2019,High temperature strength of refractory complex concentrated alloys,S4,Zr83Ti83Nb83Cr250,1.55133261,1.55232881,2226.40681363,15.44952709,3.13796717,0.16600000,0.16600000,0.16600000,0.50100000,0.00000000,0.00000000,0.00000000,0.00000000,0.00000000,0.00000000,0.00000000,0.00000000,0.00000000,0.00000000,0.00000000,0.00010690,2.94002469,183.34670916,0.42433824,0.40024391,0.11761506,0.07192630,0.03922073,0.04783196,0.01512639,0.00053212,0.24162024,0.29239548,64.63889287,5.16833667,1.57517034,0.24108812,142.37274549,76.74348697,187.68336673,0.28152305,2.27588176,2.97223647,1.20931263,2.36141884,0.99544489,0.77703119,0.23038076,1.76292385,6.94749292,0.08716588,0.26631540,0.50121063,0.49388301,0.06727026,0.03316700,0.18778714,0.09222964,0.40223930,0.20034960,0.40550799,0.19920933,20.85549755,9.16369993,11.83006151,2.98583729,0.45690112,1.78366618,0.42911310,3.30907578,0.66167153,5636.28563855,4.29433833,2370.05400071
Zr99Ta99Ti300(Nb3Al2)100,BCC,OTHER,2000.00000000,3.99840000,1,298.15000000,1280.00000000,1367.00000000,4.00000000,,,105.00000000,10.1007/s11837-014-1066-0,2014,Microstructure and Properties of Aluminum-Containing Refractory High-Entropy Alloys,S4,Zr99Ta99Ti300(Nb3Al2)100,1.62796104,1.61775363,2134.61523046,17.83422416,3.29175931,0.09900000,0.09900000,0.30100000,0.30100000,0.20000000,0.00000000,0.00000000,0.00000000,0.00000000,0.00000000,0.00000000,0.00000000,0.00000000,0.00000000,0.00000000,0.00012948,3.08525542,130.66551407,0.02027028,-0.01123984,-0.10953952,-0.09984547,-0.11310137,-0.13135559,-0.14461149,0.00159981,0.07675449,0.04656918,74.72278341,4.19939880,1.54726453,0.07515468,127.36372745,39.77955912,105.55811623,0.35402806,2.17269539,2.31904309,0.74677956,3.12035972,0.44822044,0.96949128,0.06899860,1.57226353,6.95741988,0.03620619,0.10110561,0.27813989,0.31069976,0.02599531,0.00665148,0.06408255,0.01549688,0.19316360,0.05097426,0.21678349,0.05394248,11.34014661,5.21939093,7.21262461,5.17388962,0.74304915,2.09610970,0.05644004,2.76822277,0.13967388,995.98011259,1.50028353,573.74984396
Zr99Ta99Ti300(Nb3Al2)100,BCC,OTHER,,,1,1073.15000000,728.00000000,1000.00000000,12.00000000,,,105.00000000,10.1007/s11837-014-1066-0,2014,Microstructure and Properties of Aluminum-Containing Refractory High-Entropy Alloys,S4,Zr99Ta99Ti300(Nb3Al2)100,1.62796104,1.61775363,2134.61523046,17.83422416,3.29175931,0.09900000,0.09900000,0.30100000,0.30100000,0.20000000,0.00000000,0.00000000,0.00000000,0.00000000,0.00000000,0.00000000,0.00000000,0.00000000,0.00000000,0.00000000,0.00012948,3.08525542,130.66551407,0.02027028,-0.01123984,-0.10953952,-0.09984547,-0.11310137,-0.13135559,-0.14461149,0.00159981,0.07675449,0.04656918,74.72278341,4.19939880,1.54726453,0.07515468,127.36372745,39.77955912,105.55811623,0.35402806,2.17269539,2.31904309,0.74677956,3.12035972,0.44822044,0.96949128,0.06899860,1.57226353,6.95741988,0.03620619,0.10110561,0.27813989,0.31069976,0.02599531,0.00665148,0.06408255,0.01549688,0.19316360,0.05097426,0.21678349,0.05394248,11.34014661,5.21939093,7.21262461,5.17388962,0.74304915,2.09610970,0.05644004,2.76822277,0.50273697,995.98011259,1.50028353,163.58611855
Zr99Ta99Ti300(Nb3Al2)100,BCC,OTHER,,,1,1273.15000000,403.00000000,415.00000000,50.00000000,,,105.00000000,10.1007/s11837-014-1066-0,2014,Microstructure and Properties of Aluminum-Containing Refractory High-Entropy Alloys,S4,Zr99Ta99Ti300(Nb3Al2)100,1.62796104,1.61775363,2134.61523046,17.83422416,3.29175931,0.09900000,0.09900000,0.30100000,0.30100000,0.20000000,0.00000000,0.00000000,0.00000000,0.00000000,0.00000000,0.00000000,0.00000000,0.00000000,0.00000000,0.00000000,0.00012948,3.08525542,130.66551407,0.02027028,-0.01123984,-0.10953952,-0.09984547,-0.11310137,-0.13135559,-0.14461149,0.00159981,0.07675449,0.04656918,74.72278341,4.19939880,1.54726453,0.07515468,127.36372745,39.77955912,105.55811623,0.35402806,2.17269539,2.31904309,0.74677956,3.12035972,0.44822044,0.96949128,0.06899860,1.57226353,6.95741988,0.03620619,0.10110561,0.27813989,0.31069976,0.02599531,0.00665148,0.06408255,0.01549688,0.19316360,0.05097426,0.21678349,0.05394248,11.34014661,5.21939093,7.21262461,5.17388962,0.74304915,2.09610970,0.05644004,2.76822277,0.59643067,995.98011259,1.50028353,116.82628443
ZrTaTiNbV,BCC+BCC,OTHER,,,1,296.15000000,1395.00000000,,,,,,10.1016/j.actamat.2019.06.032,2019,High temperature strength of refractory complex concentrated alloys,S4,ZrTaTiNbV,1.62554594,1.63146224,2458.40000000,17.98974485,3.30130006,0.20000000,0.20000000,0.20000000,0.20000000,0.20000000,0.00000000,0.00000000,0.00000000,0.00000000,0.00000000,0.00000000,0.00000000,0.00000000,0.00000000,0.00000000,0.00013869,3.08978368,153.25154840,0.21055596,0.18158469,0.04522988,0.03681884,-0.00105183,0.00784757,-0.03002309,0.02693294,0.15505993,0.16287520,92.77735200,4.60000000,1.52000000,0.12812699,145.60000000,45.80000000,120.40000000,0.35400000,2.50540000,2.68480000,0.94780000,3.91820000,0.55160000,0.97444380,0.13800000,1.73700000,8.56379698,0.05495826,0.16604069,0.25440195,0.32101517,0.04165014,0.01160437,0.12225695,0.03415038,0.17890593,0.05185698,0.24125179,0.06671518,13.09426451,5.22641674,7.53843668,4.86729514,0.85178261,2.09597523,0.13977024,9.26039565,0.12046453,2221.62822283,2.42525406,1540.91304959
ZrTaTiNbV,BCC+BCC,OTHER,,,1,1273.15000000,190.00000000,,,,,,10.1016/j.actamat.2019.06.032,2019,High temperature strength of refractory complex concentrated alloys,S4,ZrTaTiNbV,1.62554594,1.63146224,2458.40000000,17.98974485,3.30130006,0.20000000,0.20000000,0.20000000,0.20000000,0.20000000,0.00000000,0.00000000,0.00000000,0.00000000,0.00000000,0.00000000,0.00000000,0.00000000,0.00000000,0.00000000,0.00013869,3.08978368,153.25154840,0.21055596,0.18158469,0.04522988,0.03681884,-0.00105183,0.00784757,-0.03002309,0.02693294,0.15505993,0.16287520,92.77735200,4.60000000,1.52000000,0.12812699,145.60000000,45.80000000,120.40000000,0.35400000,2.50540000,2.68480000,0.94780000,3.91820000,0.55160000,0.97444380,0.13800000,1.73700000,8.56379698,0.05495826,0.16604069,0.25440195,0.32101517,0.04165014,0.01160437,0.12225695,0.03415038,0.17890593,0.05185698,0.24125179,0.06671518,13.09426451,5.22641674,7.53843668,4.86729514,0.85178261,2.09597523,0.13977024,9.26039565,0.51787748,2221.62822283,2.42525406,590.10040565
ZrTaTiNbV,BCC+BCC,OTHER,,,1,1473.15000000,78.00000000,,,,,,10.1016/j.actamat.2019.06.032,2019,High temperature strength of refractory complex concentrated alloys,S4,ZrTaTiNbV,1.62554594,1.63146224,2458.40000000,17.98974485,3.30130006,0.20000000,0.20000000,0.20000000,0.20000000,0.20000000,0.00000000,0.00000000,0.00000000,0.00000000,0.00000000,0.00000000,0.00000000,0.00000000,0.00000000,0.00000000,0.00013869,3.08978368,153.25154840,0.21055596,0.18158469,0.04522988,0.03681884,-0.00105183,0.00784757,-0.03002309,0.02693294,0.15505993,0.16287520,92.77735200,4.60000000,1.52000000,0.12812699,145.60000000,45.80000000,120.40000000,0.35400000,2.50540000,2.68480000,0.94780000,3.91820000,0.55160000,0.97444380,0.13800000,1.73700000,8.56379698,0.05495826,0.16604069,0.25440195,0.32101517,0.04165014,0.01160437,0.12225695,0.03415038,0.17890593,0.05185698,0.24125179,0.06671518,13.09426451,5.22641674,7.53843668,4.86729514,0.85178261,2.09597523,0.13977024,9.26039565,0.59923121,2221.62822283,2.42525406,479.16122367
ZrTiNb,BCC,CAST,,3.64560000,1,298.15000000,1099.00000000,,48.00000000,,,94.00000000,10.1007/s12598-019-01310-6,2019,Microstructure and mechanical properties of NbZrTi and NbHfZrTi alloys,S4,ZrTiNb,1.67033723,1.67074096,2273.00000000,19.53234528,3.39308544,0.33300000,0.33300000,0.33300000,0.00000000,0.00000000,0.00000000,0.00000000,0.00000000,0.00000000,0.00000000,0.00000000,0.00000000,0.00000000,0.00000000,0.00000000,0.00009466,3.16433592,127.55768150,0.15656417,0.10827872,0.00859266,0.04222273,-0.00020750,-0.00606272,-0.04849294,-0.03452792,0.03144140,0.08277997,77.33246000,4.33333333,1.49000000,0.06596931,122.66666667,38.33333333,96.00000000,0.35333333,2.25166667,2.43733333,0.63633333,3.96866667,0.43966667,0.83543500,0.04000000,1.80100000,6.57441064,0.04270519,0.13195565,0.11731076,0.21866731,0.03298867,0.01365102,0.09837209,0.04069781,0.09122105,0.03475053,0.18315418,0.07515776,11.26424307,5.00262461,6.25443813,5.54359363,0.91584615,2.09278351,0.10029337,5.09602178,0.13117026,1366.00192555,1.88900082,869.35913107
ZrTiNb,BCC,CAST,,,1,1073.15000000,462.00000000,,51.00000000,,,94.00000000,10.1007/s12598-019-01310-6,2019,Microstructure and mechanical properties of NbZrTi and NbHfZrTi alloys,S4,ZrTiNb,1.67033723,1.67074096,2273.00000000,19.53234528,3.39308544,0.33300000,0.33300000,0.33300000,0.00000000,0.00000000,0.00000000,0.00000000,0.00000000,0.00000000,0.00000000,0.00000000,0.00000000,0.00000000,0.00000000,0.00000000,0.00009466,3.16433592,127.55768150,0.15656417,0.10827872,0.00859266,0.04222273,-0.00020750,-0.00606272,-0.04849294,-0.03452792,0.03144140,0.08277997,77.33246000,4.33333333,1.49000000,0.06596931,122.66666667,38.33333333,96.00000000,0.35333333,2.25166667,2.43733333,0.63633333,3.96866667,0.43966667,0.83543500,0.04000000,1.80100000,6.57441064,0.04270519,0.13195565,0.11731076,0.21866731,0.03298867,0.01365102,0.09837209,0.04069781,0.09122105,0.03475053,0.18315418,0.07515776,11.26424307,5.00262461,6.25443813,5.54359363,0.91584615,2.09278351,0.10029337,5.09602178,0.47212934,1366.00192555,1.88900082,325.37323916
ZrTiNb,BCC,CAST,,,1,1273.15000000,179.50000000,,51.00000000,,,94.00000000,10.1007/s12598-019-01310-6,2019,Microstructure and mechanical properties of NbZrTi and NbHfZrTi alloys,S4,ZrTiNb,1.67033723,1.67074096,2273.00000000,19.53234528,3.39308544,0.33300000,0.33300000,0.33300000,0.00000000,0.00000000,0.00000000,0.00000000,0.00000000,0.00000000,0.00000000,0.00000000,0.00000000,0.00000000,0.00000000,0.00000000,0.00009466,3.16433592,127.55768150,0.15656417,0.10827872,0.00859266,0.04222273,-0.00020750,-0.00606272,-0.04849294,-0.03452792,0.03144140,0.08277997,77.33246000,4.33333333,1.49000000,0.06596931,122.66666667,38.33333333,96.00000000,0.35333333,2.25166667,2.43733333,0.63633333,3.96866667,0.43966667,0.83543500,0.04000000,1.80100000,6.57441064,0.04270519,0.13195565,0.11731076,0.21866731,0.03298867,0.01365102,0.09837209,0.04069781,0.09122105,0.03475053,0.18315418,0.07515776,11.26424307,5.00262461,6.25443813,5.54359363,0.91584615,2.09278351,0.10029337,5.09602178,0.56011879,1366.00192555,1.88900082,249.03597784
ZrTiNb,BCC,OTHER,,,1,1473.15000000,61.00000000,,,,,94.00000000,10.1016/j.actamat.2019.06.032,2019,High temperature strength of refractory complex concentrated alloys,S4,ZrTiNb,1.67033723,1.67074096,2273.00000000,19.53234528,3.39308544,0.33300000,0.33300000,0.33300000,0.00000000,0.00000000,0.00000000,0.00000000,0.00000000,0.00000000,0.00000000,0.00000000,0.00000000,0.00000000,0.00000000,0.00000000,0.00009466,3.16433592,127.55768150,0.15656417,0.10827872,0.00859266,0.04222273,-0.00020750,-0.00606272,-0.04849294,-0.03452792,0.03144140,0.08277997,77.33246000,4.33333333,1.49000000,0.06596931,122.66666667,38.33333333,96.00000000,0.35333333,2.25166667,2.43733333,0.63633333,3.96866667,0.43966667,0.83543500,0.04000000,1.80100000,6.57441064,0.04270519,0.13195565,0.11731076,0.21866731,0.03298867,0.01365102,0.09837209,0.04069781,0.09122105,0.03475053,0.18315418,0.07515776,11.26424307,5.00262461,6.25443813,5.54359363,0.91584615,2.09278351,0.10029337,5.09602178,0.64810823,1366.00192555,1.88900082,190.60854058
ZrTiNbCr,BCC+Sec.,OTHER,,4.09640000,1,298.15000000,1260.00000000,,6.00000000,,,,10.1016/j.msea.2012.12.018,2013,"Mechanical properties of low-density, refractory multi-principal element alloys of the Cr–Nb–Ti–V–Zr system",S4,ZrTiNbCr,1.61095393,1.61357144,2249.75000000,17.41531554,3.26578142,0.25000000,0.25000000,0.25000000,0.25000000,0.00000000,0.00000000,0.00000000,0.00000000,0.00000000,0.00000000,0.00000000,0.00000000,0.00000000,0.00000000,0.00000000,0.00011946,3.05619311,155.39640630,0.35216099,0.31594691,0.09811678,0.06713152,0.02856177,0.03091743,-0.00765232,-0.00879457,0.14455903,0.18983833,70.99837000,4.75000000,1.53250000,0.15335360,132.50000000,57.50000000,141.75000000,0.31750000,2.26375000,2.70425000,0.92225000,3.16665000,0.71700000,0.80629150,0.13500000,1.78200000,6.76965325,0.07749521,0.22340471,0.58130939,0.57354487,0.06053233,0.02029028,0.17060123,0.05642249,0.34256201,0.12256607,0.36166451,0.12186849,16.26243564,7.18384788,9.12594593,3.77161785,0.66666316,1.93040293,0.30798569,4.00346569,0.13252584,3712.44393330,3.40062722,2800.35998938
ZrTiNbCr,BCC+Sec.,OTHER,,,1,873.15000000,1035.00000000,,50.00000000,,,,10.1016/j.msea.2012.12.018,2013,"Mechanical properties of low-density, refractory multi-principal element alloys of the Cr–Nb–Ti–V–Zr system",S4,ZrTiNbCr,1.61095393,1.61357144,2249.75000000,17.41531554,3.26578142,0.25000000,0.25000000,0.25000000,0.25000000,0.00000000,0.00000000,0.00000000,0.00000000,0.00000000,0.00000000,0.00000000,0.00000000,0.00000000,0.00000000,0.00000000,0.00011946,3.05619311,155.39640630,0.35216099,0.31594691,0.09811678,0.06713152,0.02856177,0.03091743,-0.00765232,-0.00879457,0.14455903,0.18983833,70.99837000,4.75000000,1.53250000,0.15335360,132.50000000,57.50000000,141.75000000,0.31750000,2.26375000,2.70425000,0.92225000,3.16665000,0.71700000,0.80629150,0.13500000,1.78200000,6.76965325,0.07749521,0.22340471,0.58130939,0.57354487,0.06053233,0.02029028,0.17060123,0.05642249,0.34256201,0.12256607,0.36166451,0.12186849,16.26243564,7.18384788,9.12594593,3.77161785,0.66666316,1.93040293,0.30798569,4.00346569,0.38810979,3712.44393330,3.40062722,1941.13802565
ZrTiNbCr,BCC+Sec.,OTHER,,,1,1073.15000000,300.00000000,,50.00000000,,,,10.1016/j.msea.2012.12.018,2013,"Mechanical properties of low-density, refractory multi-principal element alloys of the Cr–Nb–Ti–V–Zr system",S4,ZrTiNbCr,1.61095393,1.61357144,2249.75000000,17.41531554,3.26578142,0.25000000,0.25000000,0.25000000,0.25000000,0.00000000,0.00000000,0.00000000,0.00000000,0.00000000,0.00000000,0.00000000,0.00000000,0.00000000,0.00000000,0.00000000,0.00011946,3.05619311,155.39640630,0.35216099,0.31594691,0.09811678,0.06713152,0.02856177,0.03091743,-0.00765232,-0.00879457,0.14455903,0.18983833,70.99837000,4.75000000,1.53250000,0.15335360,132.50000000,57.50000000,141.75000000,0.31750000,2.26375000,2.70425000,0.92225000,3.16665000,0.71700000,0.80629150,0.13500000,1.78200000,6.76965325,0.07749521,0.22340471,0.58130939,0.57354487,0.06053233,0.02029028,0.17060123,0.05642249,0.34256201,0.12256607,0.36166451,0.12186849,16.26243564,7.18384788,9.12594593,3.77161785,0.66666316,1.93040293,0.30798569,4.00346569,0.47700856,3712.44393330,3.40062722,1673.22185501
ZrTiNbCr,BCC+Sec.,OTHER,,,1,1273.15000000,115.00000000,,50.00000000,,,,10.1016/j.msea.2012.12.018,2013,"Mechanical properties of low-density, refractory multi-principal element alloys of the Cr–Nb–Ti–V–Zr system",S4,ZrTiNbCr,1.61095393,1.61357144,2249.75000000,17.41531554,3.26578142,0.25000000,0.25000000,0.25000000,0.25000000,0.00000000,0.00000000,0.00000000,0.00000000,0.00000000,0.00000000,0.00000000,0.00000000,0.00000000,0.00000000,0.00000000,0.00011946,3.05619311,155.39640630,0.35216099,0.31594691,0.09811678,0.06713152,0.02856177,0.03091743,-0.00765232,-0.00879457,0.14455903,0.18983833,70.99837000,4.75000000,1.53250000,0.15335360,132.50000000,57.50000000,141.75000000,0.31750000,2.26375000,2.70425000,0.92225000,3.16665000,0.71700000,0.80629150,0.13500000,1.78200000,6.76965325,0.07749521,0.22340471,0.58130939,0.57354487,0.06053233,0.02029028,0.17060123,0.05642249,0.34256201,0.12256607,0.36166451,0.12186849,16.26243564,7.18384788,9.12594593,3.77161785,0.66666316,1.93040293,0.30798569,4.00346569,0.56590732,3712.44393330,3.40062722,1442.28351570
ZrTiNbV,BCC,ANNEAL,,,1,298.15000000,1104.50000000,,,50.00000000,,100.00000000,10.1016/j.matdes.2015.06.072,2015,Phase composition and solid solution strengthening effect in TiZrNbMoV high-entropy alloys,S4,ZrTiNbV,1.62572510,1.63091643,2250.50000000,17.98255254,3.30086005,0.25000000,0.25000000,0.25000000,0.25000000,0.00000000,0.00000000,0.00000000,0.00000000,0.00000000,0.00000000,0.00000000,0.00000000,0.00000000,0.00000000,0.00000000,0.00011946,3.08740798,142.32866021,0.24630032,0.21008624,0.05311151,0.03524878,-0.00481785,-0.00096531,-0.04103193,0.01651998,0.12823805,0.12805104,70.73472000,4.50000000,1.52500000,0.11171808,132.00000000,40.50000000,104.00000000,0.35750000,2.34425000,2.58500000,0.80975000,4.08775000,0.50800000,0.82382400,0.09750000,1.77525000,6.53176716,0.06142584,0.18573791,0.13353894,0.21979095,0.04715404,0.01506513,0.13822585,0.04417559,0.10608385,0.03327572,0.18601615,0.06571297,11.57744606,4.93865674,6.52158629,5.08858268,0.90838889,2.11284047,0.17640604,7.62716744,0.13248167,2305.77199736,2.32247386,1575.31150964
ZrTiNbV,BCC,OTHER,,,1,873.15000000,834.00000000,,50.00000000,,,100.00000000,10.1016/j.msea.2012.12.018,2013,"Mechanical properties of low-density, refractory multi-principal element alloys of the Cr–Nb–Ti–V–Zr system",S4,ZrTiNbV,1.62572510,1.63091643,2250.50000000,17.98255254,3.30086005,0.25000000,0.25000000,0.25000000,0.25000000,0.00000000,0.00000000,0.00000000,0.00000000,0.00000000,0.00000000,0.00000000,0.00000000,0.00000000,0.00000000,0.00000000,0.00011946,3.08740798,142.32866021,0.24630032,0.21008624,0.05311151,0.03524878,-0.00481785,-0.00096531,-0.04103193,0.01651998,0.12823805,0.12805104,70.73472000,4.50000000,1.52500000,0.11171808,132.00000000,40.50000000,104.00000000,0.35750000,2.34425000,2.58500000,0.80975000,4.08775000,0.50800000,0.82382400,0.09750000,1.77525000,6.53176716,0.06142584,0.18573791,0.13353894,0.21979095,0.04715404,0.01506513,0.13822585,0.04417559,0.10608385,0.03327572,0.18601615,0.06571297,11.57744606,4.93865674,6.52158629,5.08858268,0.90838889,2.11284047,0.17640604,7.62716744,0.38798045,2305.77199736,2.32247386,892.24709070
ZrTiNbV,BCC,OTHER,,,1,1073.15000000,187.00000000,,50.00000000,,,100.00000000,10.1016/j.msea.2012.12.018,2013,"Mechanical properties of low-density, refractory multi-principal element alloys of the Cr–Nb–Ti–V–Zr system",S4,ZrTiNbV,1.62572510,1.63091643,2250.50000000,17.98255254,3.30086005,0.25000000,0.25000000,0.25000000,0.25000000,0.00000000,0.00000000,0.00000000,0.00000000,0.00000000,0.00000000,0.00000000,0.00000000,0.00000000,0.00000000,0.00000000,0.00011946,3.08740798,142.32866021,0.24630032,0.21008624,0.05311151,0.03524878,-0.00481785,-0.00096531,-0.04103193,0.01651998,0.12823805,0.12805104,70.73472000,4.50000000,1.52500000,0.11171808,132.00000000,40.50000000,104.00000000,0.35750000,2.34425000,2.58500000,0.80975000,4.08775000,0.50800000,0.82382400,0.09750000,1.77525000,6.53176716,0.06142584,0.18573791,0.13353894,0.21979095,0.04715404,0.01506513,0.13822585,0.04417559,0.10608385,0.03327572,0.18601615,0.06571297,11.57744606,4.93865674,6.52158629,5.08858268,0.90838889,2.11284047,0.17640604,7.62716744,0.47684959,2305.77199736,2.32247386,717.85762370
ZrTiNbV,BCC,OTHER,,,1,1273.15000000,58.00000000,,50.00000000,,,100.00000000,10.1016/j.msea.2012.12.018,2013,"Mechanical properties of low-density, refractory multi-principal element alloys of the Cr–Nb–Ti–V–Zr system",S4,ZrTiNbV,1.62572510,1.63091643,2250.50000000,17.98255254,3.30086005,0.25000000,0.25000000,0.25000000,0.25000000,0.00000000,0.00000000,0.00000000,0.00000000,0.00000000,0.00000000,0.00000000,0.00000000,0.00000000,0.00000000,0.00000000,0.00011946,3.08740798,142.32866021,0.24630032,0.21008624,0.05311151,0.03524878,-0.00481785,-0.00096531,-0.04103193,0.01651998,0.12823805,0.12805104,70.73472000,4.50000000,1.52500000,0.11171808,132.00000000,40.50000000,104.00000000,0.35750000,2.34425000,2.58500000,0.80975000,4.08775000,0.50800000,0.82382400,0.09750000,1.77525000,6.53176716,0.06142584,0.18573791,0.13353894,0.21979095,0.04715404,0.01506513,0.13822585,0.04417559,0.10608385,0.03327572,0.18601615,0.06571297,11.57744606,4.93865674,6.52158629,5.08858268,0.90838889,2.11284047,0.17640604,7.62716744,0.56571873,2305.77199736,2.32247386,577.55253367
ZrTiNbV2,BCC,OTHER,550.00000000,2.97920000,1,298.15000000,918.00000000,,50.00000000,,,105.00000000,10.1016/j.msea.2012.12.018,2013,"Mechanical properties of low-density, refractory multi-principal element alloys of the Cr–Nb–Ti–V–Zr system",S4,ZrTiNbV2,1.59895782,1.60518375,2237.00000000,17.09325630,3.24552481,0.20000000,0.20000000,0.20000000,0.40000000,0.00000000,0.00000000,0.00000000,0.00000000,0.00000000,0.00000000,0.00000000,0.00000000,0.00000000,0.00000000,0.00000000,0.00011480,3.03807143,151.19124744,0.27192685,0.24295558,0.06259188,0.02777186,-0.00971866,-0.00119941,-0.03868992,0.01930933,0.15847667,0.15673477,66.77607600,4.60000000,1.54600000,0.13916734,137.60000000,41.80000000,108.80000000,0.36000000,2.39980000,2.67360000,0.91380000,4.15920000,0.54900000,0.81685740,0.13200000,1.75980000,6.48702369,0.06541015,0.20175202,0.13138306,0.20759855,0.05004732,0.02117361,0.14619557,0.06158081,0.10633188,0.04169385,0.17838875,0.06675171,11.74875498,4.89572255,6.67618763,4.86994536,0.90417391,2.12500000,0.19727391,9.24690767,0.13328118,2677.62881503,2.41686247,1851.59719285
ZrTiNbV2,BCC,OTHER,,,1,873.15000000,571.00000000,,50.00000000,,,105.00000000,10.1016/j.msea.2012.12.018,2013,"Mechanical properties of low-density, refractory multi-principal element alloys of the Cr–Nb–Ti–V–Zr system",S4,ZrTiNbV2,1.59895782,1.60518375,2237.00000000,17.09325630,3.24552481,0.20000000,0.20000000,0.20000000,0.40000000,0.00000000,0.00000000,0.00000000,0.00000000,0.00000000,0.00000000,0.00000000,0.00000000,0.00000000,0.00000000,0.00000000,0.00011480,3.03807143,151.19124744,0.27192685,0.24295558,0.06259188,0.02777186,-0.00971866,-0.00119941,-0.03868992,0.01930933,0.15847667,0.15673477,66.77607600,4.60000000,1.54600000,0.13916734,137.60000000,41.80000000,108.80000000,0.36000000,2.39980000,2.67360000,0.91380000,4.15920000,0.54900000,0.81685740,0.13200000,1.75980000,6.48702369,0.06541015,0.20175202,0.13138306,0.20759855,0.05004732,0.02117361,0.14619557,0.06158081,0.10633188,0.04169385,0.17838875,0.06675171,11.74875498,4.89572255,6.67618763,4.86994536,0.90417391,2.12500000,0.19727391,9.24690767,0.39032186,2677.62881503,2.41686247,1075.28209532
ZrTiNbV2,BCC,OTHER,,,1,1073.15000000,240.00000000,,50.00000000,,,105.00000000,10.1016/j.msea.2012.12.018,2013,"Mechanical properties of low-density, refractory multi-principal element alloys of the Cr–Nb–Ti–V–Zr system",S4,ZrTiNbV2,1.59895782,1.60518375,2237.00000000,17.09325630,3.24552481,0.20000000,0.20000000,0.20000000,0.40000000,0.00000000,0.00000000,0.00000000,0.00000000,0.00000000,0.00000000,0.00000000,0.00000000,0.00000000,0.00000000,0.00000000,0.00011480,3.03807143,151.19124744,0.27192685,0.24295558,0.06259188,0.02777186,-0.00971866,-0.00119941,-0.03868992,0.01930933,0.15847667,0.15673477,66.77607600,4.60000000,1.54600000,0.13916734,137.60000000,41.80000000,108.80000000,0.36000000,2.39980000,2.67360000,0.91380000,4.15920000,0.54900000,0.81685740,0.13200000,1.75980000,6.48702369,0.06541015,0.20175202,0.13138306,0.20759855,0.05004732,0.02117361,0.14619557,0.06158081,0.10633188,0.04169385,0.17838875,0.06675171,11.74875498,4.89572255,6.67618763,4.86994536,0.90417391,2.12500000,0.19727391,9.24690767,0.47972731,2677.62881503,2.41686247,872.49738680
ZrTiNbV2,BCC,OTHER,,,1,1273.15000000,72.00000000,,50.00000000,,,105.00000000,10.1016/j.msea.2012.12.018,2013,"Mechanical properties of low-density, refractory multi-principal element alloys of the Cr–Nb–Ti–V–Zr system",S4,ZrTiNbV2,1.59895782,1.60518375,2237.00000000,17.09325630,3.24552481,0.20000000,0.20000000,0.20000000,0.40000000,0.00000000,0.00000000,0.00000000,0.00000000,0.00000000,0.00000000,0.00000000,0.00000000,0.00000000,0.00000000,0.00000000,0.00011480,3.03807143,151.19124744,0.27192685,0.24295558,0.06259188,0.02777186,-0.00971866,-0.00119941,-0.03868992,0.01930933,0.15847667,0.15673477,66.77607600,4.60000000,1.54600000,0.13916734,137.60000000,41.80000000,108.80000000,0.36000000,2.39980000,2.67360000,0.91380000,4.15920000,0.54900000,0.81685740,0.13200000,1.75980000,6.48702369,0.06541015,0.20175202,0.13138306,0.20759855,0.05004732,0.02117361,0.14619557,0.06158081,0.10633188,0.04169385,0.17838875,0.06675171,11.74875498,4.89572255,6.67618763,4.86994536,0.90417391,2.12500000,0.19727391,9.24690767,0.56913277,2677.62881503,2.41686247,707.95532938
ZrTiNbVCr,BCC+Sec.,OTHER,,4.72360000,1,298.15000000,1298.00000000,,3.00000000,,,,10.1016/j.msea.2012.12.018,2013,"Mechanical properties of low-density, refractory multi-principal element alloys of the Cr–Nb–Ti–V–Zr system",S4,ZrTiNbVCr,1.58714088,1.59137367,2236.40000000,16.65368123,3.21746191,0.20000000,0.20000000,0.20000000,0.20000000,0.20000000,0.00000000,0.00000000,0.00000000,0.00000000,0.00000000,0.00000000,0.00000000,0.00000000,0.00000000,0.00000000,0.00013869,3.00969152,161.64544431,0.32207690,0.29310563,0.08097652,0.04213841,0.00381423,0.01316714,-0.02515703,0.01970463,0.19218038,0.20805108,66.98699600,4.80000000,1.55200000,0.17247576,138.00000000,55.40000000,139.00000000,0.32800000,2.33540000,2.76900000,1.00380000,3.42232000,0.71620000,0.80283140,0.16200000,1.76520000,6.67927999,0.07644541,0.22905624,0.54494701,0.52463754,0.05916635,0.01546002,0.16819162,0.04423589,0.30567568,0.09734187,0.32439811,0.09485704,15.43667678,6.60986417,8.74500157,3.86623848,0.71298333,1.97619048,0.26421949,7.36068870,0.13331694,3815.42285910,3.23593861,2846.49802639
ZrTiNbVCr,BCC+Sec.,OTHER,,,1,873.15000000,1230.00000000,,10.00000000,,,,10.1016/j.msea.2012.12.018,2013,"Mechanical properties of low-density, refractory multi-principal element alloys of the Cr–Nb–Ti–V–Zr system",S4,ZrTiNbVCr,1.58714088,1.59137367,2236.40000000,16.65368123,3.21746191,0.20000000,0.20000000,0.20000000,0.20000000,0.20000000,0.00000000,0.00000000,0.00000000,0.00000000,0.00000000,0.00000000,0.00000000,0.00000000,0.00000000,0.00000000,0.00013869,3.00969152,161.64544431,0.32207690,0.29310563,0.08097652,0.04213841,0.00381423,0.01316714,-0.02515703,0.01970463,0.19218038,0.20805108,66.98699600,4.80000000,1.55200000,0.17247576,138.00000000,55.40000000,139.00000000,0.32800000,2.33540000,2.76900000,1.00380000,3.42232000,0.71620000,0.80283140,0.16200000,1.76520000,6.67927999,0.07644541,0.22905624,0.54494701,0.52463754,0.05916635,0.01546002,0.16819162,0.04423589,0.30567568,0.09734187,0.32439811,0.09485704,15.43667678,6.60986417,8.74500157,3.86623848,0.71298333,1.97619048,0.26421949,7.36068870,0.39042658,3815.42285910,3.23593861,1930.22249079
ZrTiNbVCr,BCC+Sec.,OTHER,,,1,1073.15000000,615.00000000,,50.00000000,,,,10.1016/j.msea.2012.12.018,2013,"Mechanical properties of low-density, refractory multi-principal element alloys of the Cr–Nb–Ti–V–Zr system",S4,ZrTiNbVCr,1.58714088,1.59137367,2236.40000000,16.65368123,3.21746191,0.20000000,0.20000000,0.20000000,0.20000000,0.20000000,0.00000000,0.00000000,0.00000000,0.00000000,0.00000000,0.00000000,0.00000000,0.00000000,0.00000000,0.00000000,0.00013869,3.00969152,161.64544431,0.32207690,0.29310563,0.08097652,0.04213841,0.00381423,0.01316714,-0.02515703,0.01970463,0.19218038,0.20805108,66.98699600,4.80000000,1.55200000,0.17247576,138.00000000,55.40000000,139.00000000,0.32800000,2.33540000,2.76900000,1.00380000,3.42232000,0.71620000,0.80283140,0.16200000,1.76520000,6.67927999,0.07644541,0.22905624,0.54494701,0.52463754,0.05916635,0.01546002,0.16819162,0.04423589,0.30567568,0.09734187,0.32439811,0.09485704,15.43667678,6.60986417,8.74500157,3.86623848,0.71298333,1.97619048,0.26421949,7.36068870,0.47985602,3815.42285910,3.23593861,1651.28371469
ZrTiNbVCr,BCC+Sec.,OTHER,,,1,1273.15000000,259.00000000,,50.00000000,,,,10.1016/j.msea.2012.12.018,2013,"Mechanical properties of low-density, refractory multi-principal element alloys of the Cr–Nb–Ti–V–Zr system",S4,ZrTiNbVCr,1.58714088,1.59137367,2236.40000000,16.65368123,3.21746191,0.20000000,0.20000000,0.20000000,0.20000000,0.20000000,0.00000000,0.00000000,0.00000000,0.00000000,0.00000000,0.00000000,0.00000000,0.00000000,0.00000000,0.00000000,0.00013869,3.00969152,161.64544431,0.32207690,0.29310563,0.08097652,0.04213841,0.00381423,0.01316714,-0.02515703,0.01970463,0.19218038,0.20805108,66.98699600,4.80000000,1.55200000,0.17247576,138.00000000,55.40000000,139.00000000,0.32800000,2.33540000,2.76900000,1.00380000,3.42232000,0.71620000,0.80283140,0.16200000,1.76520000,6.67927999,0.07644541,0.22905624,0.54494701,0.52463754,0.05916635,0.01546002,0.16819162,0.04423589,0.30567568,0.09734187,0.32439811,0.09485704,15.43667678,6.60986417,8.74500157,3.86623848,0.71298333,1.97619048,0.26421949,7.36068870,0.56928546,3815.42285910,3.23593861,1412.65471696
ZrTiNbVMo,BCC,CAST,,,1,298.15000000,1757.00000000,3828.00000000,26.00000000,,,141.00000000,10.1007/s11837-012-0366-5,2012,Alloy Design and Properties Optimization of High-Entropy Alloys,S4,ZrTiNbVMo,1.61077476,1.60665423,2379.60000000,17.48583290,3.27018338,0.20000000,0.20000000,0.20000000,0.20000000,0.20000000,0.00000000,0.00000000,0.00000000,0.00000000,0.00000000,0.00000000,0.00000000,0.00000000,0.00000000,0.00000000,0.00013869,3.04975747,166.12271628,0.16208749,0.13311623,-0.00358696,0.01743595,-0.02005066,-0.01153532,-0.04902193,0.03638274,0.20390898,0.23990978,75.77577600,4.80000000,1.65200000,0.16752624,160.00000000,57.60000000,149.00000000,0.34800000,2.47540000,2.75880000,1.05580000,3.46768000,0.69140000,0.83956460,0.16600000,1.70300000,7.19603824,0.05881049,0.18070573,0.59965992,0.61941619,0.04433548,0.01270090,0.13004057,0.03727733,0.32532566,0.10414509,0.35695369,0.10680646,16.31267642,6.58991534,9.57878827,3.99016488,0.72243333,2.06748466,0.16234340,18.92803229,0.12529417,3071.23537057,3.10826416,2270.08246548
ZrTiNbVMo,BCC+Laves,OTHER,,,1,1273.15000000,467.00000000,,,,,,10.1016/j.actamat.2019.06.032,2019,High temperature strength of refractory complex concentrated alloys,S4,ZrTiNbVMo,1.61077476,1.60665423,2379.60000000,17.48583290,3.27018338,0.20000000,0.20000000,0.20000000,0.20000000,0.20000000,0.00000000,0.00000000,0.00000000,0.00000000,0.00000000,0.00000000,0.00000000,0.00000000,0.00000000,0.00000000,0.00013869,3.04975747,166.12271628,0.16208749,0.13311623,-0.00358696,0.01743595,-0.02005066,-0.01153532,-0.04902193,0.03638274,0.20390898,0.23990978,75.77577600,4.80000000,1.65200000,0.16752624,160.00000000,57.60000000,149.00000000,0.34800000,2.47540000,2.75880000,1.05580000,3.46768000,0.69140000,0.83956460,0.16600000,1.70300000,7.19603824,0.05881049,0.18070573,0.59965992,0.61941619,0.04433548,0.01270090,0.13004057,0.03727733,0.32532566,0.10414509,0.35695369,0.10680646,16.31267642,6.58991534,9.57878827,3.99016488,0.72243333,2.06748466,0.16234340,18.92803229,0.53502690,3071.23537057,3.10826416,1091.64634517
ZrTiNbVMo,BCC+Laves,OTHER,,,1,1473.15000000,116.00000000,,,,,,10.1016/j.actamat.2019.06.032,2019,High temperature strength of refractory complex concentrated alloys,S4,ZrTiNbVMo,1.61077476,1.60665423,2379.60000000,17.48583290,3.27018338,0.20000000,0.20000000,0.20000000,0.20000000,0.20000000,0.00000000,0.00000000,0.00000000,0.00000000,0.00000000,0.00000000,0.00000000,0.00000000,0.00000000,0.00000000,0.00013869,3.04975747,166.12271628,0.16208749,0.13311623,-0.00358696,0.01743595,-0.02005066,-0.01153532,-0.04902193,0.03638274,0.20390898,0.23990978,75.77577600,4.80000000,1.65200000,0.16752624,160.00000000,57.60000000,149.00000000,0.34800000,2.47540000,2.75880000,1.05580000,3.46768000,0.69140000,0.83956460,0.16600000,1.70300000,7.19603824,0.05881049,0.18070573,0.59965992,0.61941619,0.04433548,0.01270090,0.13004057,0.03727733,0.32532566,0.10414509,0.35695369,0.10680646,16.31267642,6.58991534,9.57878827,3.99016488,0.72243333,2.06748466,0.16234340,18.92803229,0.61907463,3071.23537057,3.10826416,927.92300156
Al104Fe104Co104Cu104Ni83,FCC+BCC+B2,CAST,,4.11600000,1,298.15000000,1021.00000000,,12.30000000,,,,10.1016/j.jmst.2018.12.014,2019,Composition and phase structure dependence of mechanical and magnetic properties for AlCoCuFeNihigh entropy alloys,S4,Al104Fe104Co104Cu104Ni83,1.43568126,1.41937136,1510.81715431,12.25588302,2.90485773,0.20800000,0.20800000,0.20800000,0.20800000,0.16600000,0.00000000,0.00000000,0.00000000,0.00000000,0.00000000,0.00000000,0.00000000,0.00000000,0.00000000,0.00000000,0.00013827,2.68824321,139.43308849,0.00702826,-0.00808626,-0.11133982,-0.04346659,-0.03278215,-0.05858111,-0.04789667,-0.03633736,-0.04574471,-0.11191152,52.55180059,6.24849699,1.82246493,-0.01778128,147.90380762,60.99398798,162.48496994,0.32042084,2.05320240,2.14505411,0.96198998,2.36134381,0.37791182,1.82492456,-0.03059133,1.18306413,7.12020320,0.04292536,0.17505153,0.35421048,0.34695894,0.03097054,0.01030761,0.11632960,0.03873022,0.31499071,0.09509896,0.30974516,0.09423335,15.34413918,7.47327158,12.96982878,5.67607038,0.37790589,1.94299785,0.08508552,4.80589009,0.19734354,2869.52279297,2.16698930,1917.48813331
Al136Cr121(FeNi)121,BCC+B2,CAST,,,1,298.15000000,1044.00000000,,27.10000000,,,,10.1016/j.msea.2016.11.019,2017,Effects of aluminum on microstructure and compressive properties of Al-Cr-Fe-Ni eutectic multi-component alloys,S4,Al136Cr121(FeNi)121,1.45492609,1.43220054,1641.14332665,12.64090169,2.93496335,0.27300000,0.24200000,0.24200000,0.24200000,0.00000000,0.00000000,0.00000000,0.00000000,0.00000000,0.00000000,0.00000000,0.00000000,0.00000000,0.00000000,0.00000000,0.00011931,2.71471262,171.94448439,-0.04912120,-0.02700569,-0.13046625,-0.17023247,-0.16800651,-0.14811696,-0.14589100,0.02641104,0.12827184,0.17173483,47.73579910,6.63727455,1.74821643,0.10186080,144.86573146,73.28456914,186.39278557,0.29180361,2.03706814,2.35419840,1.24759719,1.72599607,0.74869539,1.47476230,0.08873643,1.10660120,6.27069297,0.04415884,0.18007775,0.44248647,0.41430784,0.03248965,0.01220584,0.12442578,0.04605568,0.39302498,0.14383825,0.37472092,0.13856368,18.62712606,9.14408592,16.83273615,3.14440081,0.26004591,1.82407538,0.10542787,1.15018498,0.18167213,3291.20277457,2.62376811,2329.99206762
Al142Fe285(CoNi)285,FCC+BCC,CAST,,2.07760000,1,298.15000000,346.00000000,,,,,,10.1016/j.jmmm.2014.07.023,2014,Effects of Al and Si addition on the structure and properties of CoFeNi equal atomic ratio alloy,S4,Al142Fe285(CoNi)285,1.41781352,1.40132556,1649.97636911,11.90860595,2.87715752,0.14200000,0.28600000,0.28600000,0.28600000,0.00000000,0.00000000,0.00000000,0.00000000,0.00000000,0.00000000,0.00000000,0.00000000,0.00000000,0.00000000,0.00000000,0.00011644,2.64720209,192.03527965,-0.12609028,-0.15258507,-0.16110041,-0.15322940,-0.14684317,-0.17972419,-0.17333796,0.01522030,0.00145049,0.13457357,53.43107629,8.14543631,1.83582748,-0.01376981,162.32898696,70.59378134,187.20160481,0.30997994,2.26541123,2.35214945,1.09032798,2.77132367,0.45643932,1.63871429,-0.02939307,1.26182146,7.45044806,0.03966282,0.15949169,0.26009587,0.25623914,0.02689206,0.00757745,0.10133205,0.02854160,0.25746941,0.07416358,0.25369265,0.07328619,17.58979254,7.76450310,13.94000105,5.15325774,0.34023023,1.89846646,0.10572168,1.25378733,0.18069956,2844.19534073,2.25521350,1925.33698243
Al151Cr116(FeNi)116,BCC+B2,CAST,,,1,298.15000000,1122.80000000,,24.70000000,,,,10.1016/j.msea.2016.11.019,2017,Effects of aluminum on microstructure and compressive properties of Al-Cr-Fe-Ni eutectic multi-component alloys,S4,Al151Cr116(FeNi)116,1.46019897,1.43280691,1611.89442886,12.74944404,2.94333988,0.30300000,0.23200000,0.23200000,0.23200000,0.00000000,0.00000000,0.00000000,0.00000000,0.00000000,0.00000000,0.00000000,0.00000000,0.00000000,0.00000000,0.00000000,0.00011880,2.72612275,167.96992862,-0.04576640,-0.02555870,-0.13472857,-0.12489791,-0.11891067,-0.10469020,-0.09870296,-0.02536907,0.07119701,-0.00021217,46.87818503,6.48697395,1.74250501,0.09656608,142.02004008,71.33066132,181.58316633,0.29420842,2.00082565,2.30646293,1.21406012,1.68574417,0.72395591,1.46010270,0.08240034,1.09240281,6.10560825,0.04597439,0.18416216,0.46425800,0.43550793,0.03370129,0.01326912,0.12872114,0.05006769,0.40599158,0.15636831,0.38772721,0.15063426,18.18223625,9.08736663,16.64425993,3.18591628,0.25986603,1.83369772,0.10686806,1.53324161,0.18496869,3323.93182845,2.62373055,2353.15318817
Al166Fe166Co166Cu166Ni333,FCC+BCC+B2,CAST,,2.93216000,1,298.15000000,544.00000000,,,,,,10.1016/j.jmst.2018.12.014,2019,Composition and phase structure dependence of mechanical and magnetic properties for AlCoCuFeNihigh entropy alloys,S4,Al166Fe166Co166Cu166Ni333,1.42391256,1.41330471,1554.49753260,12.05784381,2.88912645,0.16600000,0.16600000,0.16600000,0.16600000,0.33400000,0.00000000,0.00000000,0.00000000,0.00000000,0.00000000,0.00000000,0.00000000,0.00000000,0.00000000,0.00000000,0.00013431,2.66836264,152.09741120,-0.01071710,-0.02279175,-0.11053280,-0.03575352,-0.02692061,-0.04782817,-0.03899526,-0.06181176,-0.07020037,-0.19009254,53.78701502,7.00300903,1.84007021,-0.01536945,154.35907723,64.01203611,170.03009027,0.31832497,2.11892879,2.20155868,1.00885356,2.59872000,0.38034303,1.99421798,-0.03797428,1.19270512,7.40725308,0.03998776,0.16665068,0.31596255,0.30926567,0.02834620,0.00856506,0.10835365,0.03260154,0.29095110,0.08295381,0.28522008,0.08084373,16.01617565,7.55861913,13.42844551,5.78835027,0.37108620,1.93394935,0.08462801,5.83976162,0.19179831,2802.86951908,2.15856793,1870.53164769
Al179Cr99Fe99(Co15Ni16)20,FCC+BCC,CAST,,2.99292000,1,298.15000000,1129.40000000,,16.70000000,,,,10.1007/s00339-019-2506-z,2019,Enhancing the mechanical properties of casting eutectic high entropy alloys with Mo addition,S4,Al179Cr99Fe99(Co15Ni16)20,1.42466060,1.40718640,1650.48473420,12.02707172,2.88666663,0.18000000,0.09900000,0.09900000,0.30100000,0.32100000,0.00000000,0.00000000,0.00000000,0.00000000,0.00000000,0.00000000,0.00000000,0.00000000,0.00000000,0.00000000,0.00012863,2.66057258,195.61620663,-0.04310072,-0.09502277,-0.11444767,-0.06738893,-0.06327215,-0.11931098,-0.11519420,-0.03753342,-0.01970355,-0.04060648,52.12418336,7.84653962,1.81434303,0.01782987,158.54764293,71.49147442,188.30491474,0.30526580,2.20784654,2.41826078,1.02265196,2.68873105,0.44896790,1.59319968,-0.00980603,1.39560883,7.19662308,0.04309825,0.17485199,0.33777473,0.31656914,0.03022549,0.00941756,0.11443325,0.03532911,0.30699000,0.09380469,0.29804880,0.09249464,17.87234411,8.09492136,12.80612717,5.38626651,0.34266456,1.87879882,0.09248939,3.15045394,0.18064390,3211.14849060,2.43546015,2225.57889850
Al180Cr100Fe100Co300(Ni103Mo3)3,FCC+BCC,CAST,,3.50154000,1,298.15000000,1159.70000000,,18.20000000,,,,10.1007/s00339-019-2506-z,2019,Enhancing the mechanical properties of casting eutectic high entropy alloys with Mo addition,S4,Al180Cr100Fe100Co300(Ni103Mo3)3,1.42647623,1.41168513,1660.83527054,12.06764172,2.88990878,0.18000000,0.10000000,0.10000000,0.30100000,0.31000000,0.00900000,0.00000000,0.00000000,0.00000000,0.00000000,0.00000000,0.00000000,0.00000000,0.00000000,0.00000000,0.00013237,2.66786913,196.02964705,-0.02079456,-0.06371698,-0.08958826,-0.04821206,-0.04426542,-0.09113448,-0.08718784,-0.04301029,-0.01909298,-0.05085542,52.42531668,7.79959920,1.81606212,0.02182967,159.26653307,71.94188377,189.43987976,0.30519038,2.21234469,2.42739479,1.03075651,2.65939579,0.45975451,1.57363311,-0.00464435,1.39663828,7.21386563,0.04339592,0.17627807,0.34414789,0.32318841,0.03097923,0.00939889,0.11622127,0.03523644,0.31038245,0.09460643,0.30133303,0.09328215,18.00514286,8.13848897,12.89177245,5.27976288,0.34096570,1.87848634,0.13557559,4.55979361,0.17951810,3265.84247389,2.47214951,2273.42819723
Al180Cr99Fe99Co300(Ni15Mo)20,FCC+BCC,CAST,,3.55348000,1,298.15000000,1250.80000000,,14.70000000,,,,10.1007/s00339-019-2506-z,2019,Enhancing the mechanical properties of casting eutectic high entropy alloys with Mo addition,S4,Al180Cr99Fe99Co300(Ni15Mo)20,1.42830190,1.41334590,1673.17294589,12.11077397,2.89334773,0.18000000,0.09900000,0.09900000,0.30100000,0.30100000,0.02000000,0.00000000,0.00000000,0.00000000,0.00000000,0.00000000,0.00000000,0.00000000,0.00000000,0.00000000,0.00013508,2.67367732,196.65246477,-0.00384768,-0.05044187,-0.08783901,-0.03837305,-0.03346734,-0.08496724,-0.08006153,-0.05294367,-0.02540843,-0.08312999,52.84541518,7.76152305,1.81914830,0.02573254,160.30861723,72.44789579,190.77154309,0.30531062,2.21922144,2.43764028,1.03899800,2.63560397,0.46940982,1.55737202,0.00030540,1.39864228,7.24577443,0.04429452,0.17774416,0.34996489,0.32952442,0.03180258,0.00933665,0.11812686,0.03498917,0.31325099,0.09502654,0.30420725,0.09370974,18.15336079,8.18005831,12.97927354,5.19298953,0.33957304,1.87898457,0.13698318,5.89007849,0.17819437,3326.51008842,2.51271374,2326.56897046
Al180Cr99Fe99Co300(Ni29Mo3)10,FCC+BCC,CAST,,3.52506000,1,298.15000000,1198.30000000,,14.50000000,,,,10.1007/s00339-019-2506-z,2019,Enhancing the mechanical properties of casting eutectic high entropy alloys with Mo addition,S4,Al180Cr99Fe99Co300(Ni29Mo3)10,1.43004345,1.41511398,1684.87635271,12.15118761,2.89656252,0.18000000,0.09900000,0.09900000,0.30100000,0.29100000,0.03000000,0.00000000,0.00000000,0.00000000,0.00000000,0.00000000,0.00000000,0.00000000,0.00000000,0.00000000,0.00013722,2.67903597,197.23064193,0.01091961,-0.03927998,-0.08615351,-0.03930933,-0.03578455,-0.08950893,-0.08598415,-0.04789403,-0.01774899,-0.07017918,53.21862760,7.72144289,1.82165331,0.02970597,161.23046092,72.94889780,192.06412826,0.30531062,2.22543387,2.44794088,1.04746493,2.61001078,0.47978056,1.53969527,0.00538857,1.40047595,7.27267765,0.04501922,0.17889297,0.35514487,0.33503929,0.03250905,0.00927643,0.11973193,0.03474468,0.31599965,0.09544354,0.30690029,0.09412600,18.29920715,8.22275935,13.06642011,5.10220939,0.33802112,1.87898457,0.13817532,5.88153768,0.17695661,3378.41007809,2.54945929,2372.64959341
Al181Cr181Fe181Co181Ni181Mo90,BCC+Sec.,CAST,,,1,298.15000000,2757.00000000,3036.00000000,,3.00000000,,,10.1016/j.msea.2010.07.028,2010,Microstructures and compressive properties of multicomponent AlCoCrFeNiMox alloys,S4,Al181Cr181Fe181Co181Ni181Mo90,1.44761933,1.43481815,1793.68635176,12.53324801,2.92660792,0.18200000,0.18200000,0.18200000,0.18200000,0.18200000,0.09000000,0.00000000,0.00000000,0.00000000,0.00000000,0.00000000,0.00000000,0.00000000,0.00000000,0.00000000,0.00015228,2.71733455,196.21488466,0.05383737,0.03555498,-0.06912217,-0.03859563,-0.04032350,-0.05687802,-0.05860589,-0.02627919,0.07348992,0.00345894,54.60091586,7.09145729,1.81255276,0.09976911,164.30954774,79.61306533,206.02914573,0.29544724,2.23725327,2.55627638,1.24196281,2.05987321,0.71482513,1.35744931,0.09160029,1.31431357,7.23411965,0.04606234,0.17547332,0.38736909,0.36693260,0.03461741,0.00855268,0.12240918,0.03187409,0.34531130,0.10190535,0.33165329,0.09951781,20.17806518,9.01912425,15.35255031,3.57608636,0.29047248,1.83868023,0.13860856,7.07699330,0.16622193,3490.96701377,2.79249552,2512.90810309
Al181Fe181Co181Cu181Ni272,FCC+BCC+B2,CAST,,3.17324000,1,298.15000000,680.00000000,,35.90000000,,,,10.1016/j.jmst.2018.12.014,2019,Composition and phase structure dependence of mechanical and magnetic properties for AlCoCuFeNihigh entropy alloys,S4,Al181Fe181Co181Cu181Ni272,1.42818780,1.41645458,1538.62965863,12.12953730,2.89484119,0.18200000,0.18200000,0.18200000,0.18200000,0.27300000,0.00000000,0.00000000,0.00000000,0.00000000,0.00000000,0.00000000,0.00000000,0.00000000,0.00000000,0.00000000,0.00013743,2.67481091,147.58118768,-0.00824013,-0.02141908,-0.11307333,-0.05347262,-0.04474173,-0.06665157,-0.05792068,-0.04052758,-0.04928627,-0.12188235,53.33829576,6.72891566,1.83367470,-0.01624560,152.01405622,62.91566265,167.28915663,0.31908635,2.09505221,2.18103213,0.99182932,2.51248779,0.37945984,1.93271836,-0.03529226,1.18920281,7.30204147,0.04103053,0.17021942,0.33040771,0.32347756,0.02938691,0.00921896,0.11165197,0.03493551,0.30070584,0.08533152,0.29509416,0.08442452,15.77299444,7.52868801,13.26350248,5.74772849,0.37338673,1.93722998,0.08479421,3.95431175,0.19377632,2840.21248725,2.16701962,1897.91103146
Al196Cr196Fe196Co196Ni196Mo19,BCC,CAST,,,1,298.15000000,1804.00000000,2280.00000000,,9.00000000,,188.00000000,10.1016/j.msea.2010.07.028,2010,Microstructures and compressive properties of multicomponent AlCoCrFeNiMox alloys,S4,Al196Cr196Fe196Co196Ni196Mo19,1.43950220,1.42520066,1707.11383383,12.31170764,2.90926152,0.19600000,0.19600000,0.19600000,0.19600000,0.19600000,0.01900000,0.00000000,0.00000000,0.00000000,0.00000000,0.00000000,0.00000000,0.00000000,0.00000000,0.00000000,0.00014411,2.69219525,191.10337161,0.00043575,-0.01881860,-0.08211750,-0.03588417,-0.03176189,-0.05513851,-0.05101623,-0.04052038,0.03462270,-0.04923274,51.35426405,7.17717718,1.78526527,0.07691562,155.85185185,75.96996997,196.37137137,0.29430430,2.17734935,2.48577177,1.17928729,2.14410214,0.65905005,1.39317759,0.06423798,1.30648448,6.92640066,0.04279964,0.17313937,0.38230005,0.35585351,0.03139139,0.00957928,0.11644234,0.03565291,0.34292013,0.10664236,0.32807871,0.10398613,19.14059128,8.79077640,14.65045434,3.77174961,0.29873892,1.83408275,0.12812217,6.85582671,0.17465150,3261.36923184,2.59001967,2300.61526328
Al199Fe266(CoNi)266,FCC+BCC,CAST,,3.77300000,1,298.15000000,794.00000000,,,,,,10.1016/j.jmmm.2014.07.023,2014,Effects of Al and Si addition on the structure and properties of CoFeNi equal atomic ratio alloy,S4,Al199Fe266(CoNi)266,1.42879459,1.40940446,1602.19927783,12.12556781,2.89452537,0.20000000,0.26700000,0.26700000,0.26700000,0.00000000,0.00000000,0.00000000,0.00000000,0.00000000,0.00000000,0.00000000,0.00000000,0.00000000,0.00000000,0.00000000,0.00011889,2.66503581,184.28360999,-0.12789403,-0.15288386,-0.18841282,-0.10665145,-0.08977459,-0.13164129,-0.11476442,-0.05750087,-0.07210412,-0.10691272,51.66777377,7.80240722,1.82077232,-0.01460325,156.57372116,67.62086259,179.38816449,0.31264794,2.19171715,2.27527282,1.04670612,2.63669543,0.43601003,1.60413334,-0.03174000,1.22856670,7.07566167,0.04452111,0.17878014,0.30963535,0.30544342,0.03131442,0.01025902,0.11798551,0.03864217,0.30243117,0.10040927,0.29832744,0.09922137,16.95074139,7.73400043,13.79716819,5.21839559,0.33793358,1.90971705,0.10965377,1.78599400,0.18608796,3197.44750330,2.38291173,2201.70805799
Al227Cr257(FeNi)257,BCC+B2,CAST,,,1,298.15000000,770.00000000,,37.10000000,,,,10.1016/j.msea.2016.11.019,2017,Effects of aluminum on microstructure and compressive properties of Al-Cr-Fe-Ni eutectic multi-component alloys,S4,Al227Cr257(FeNi)257,1.44701678,1.42932103,1685.01667335,12.47924600,2.92239857,0.22700000,0.25800000,0.25800000,0.25800000,0.00000000,0.00000000,0.00000000,0.00000000,0.00000000,0.00000000,0.00000000,0.00000000,0.00000000,0.00000000,0.00000000,0.00011937,2.69759744,177.90631805,-0.05415339,-0.02917617,-0.12081746,-0.15013494,-0.14792058,-0.12515772,-0.12294335,0.01394667,0.12374954,0.13034421,49.02222020,6.86272545,1.75678357,0.10980288,149.13426854,76.21543086,193.60721443,0.28819639,2.09143186,2.42580160,1.29790281,1.78637393,0.78580461,1.49675170,0.09824057,1.12789880,6.52309982,0.04143433,0.17201475,0.40854543,0.38100881,0.03028637,0.01049745,0.11661442,0.03960947,0.36942483,0.12370584,0.35106178,0.11916953,19.28914545,9.22293754,17.10184060,3.08702898,0.26030095,1.80976379,0.10326759,1.33970897,0.17694187,3186.38316931,2.59909770,2249.90601387
Al238Cr238Fe238Ni238Mo47,BCC+B2,CAST,,5.38020000,1,298.15000000,1487.00000000,3222.00000000,,29.00000000,,,10.1016/j.jallcom.2013.03.253,2013,Microstructure and mechanical properties of multi-component AlCrFeNiMox high-entropy alloys,S4,Al238Cr238Fe238Ni238Mo47,1.45567623,1.43931270,1721.08524525,12.69280265,2.93897466,0.23800000,0.23800000,0.23800000,0.23800000,0.04700000,0.00000000,0.00000000,0.00000000,0.00000000,0.00000000,0.00000000,0.00000000,0.00000000,0.00000000,0.00000000,0.00013015,2.72804838,178.98902119,0.00398075,0.02719532,-0.08653469,-0.13164338,-0.13180221,-0.10842881,-0.10858763,0.02833104,0.14756785,0.19002010,50.61661380,6.71471471,1.77167167,0.11923681,152.88088088,77.16116116,196.53953954,0.29094094,2.10827427,2.44005806,1.30884685,1.72001594,0.79819520,1.45831775,0.10979084,1.13121121,6.62193562,0.04418031,0.17632683,0.42645748,0.40426135,0.03320692,0.01057597,0.12327876,0.03994290,0.38253639,0.13036316,0.36567915,0.12584747,19.63926487,9.31532728,17.36127142,3.05696911,0.25615622,1.82063951,0.14211455,1.70151675,0.17323372,3360.93584633,2.73181208,2405.41404566
Al286Cr237(FeNi)237,BCC+B2,CAST,,,1,298.15000000,906.80000000,,31.40000000,,,,10.1016/j.msea.2016.11.019,2017,Effects of aluminum on microstructure and compressive properties of Al-Cr-Fe-Ni eutectic multi-component alloys,S4,Al286Cr237(FeNi)237,1.45743719,1.43248931,1627.21416249,12.69251551,2.93895249,0.28700000,0.23800000,0.23800000,0.23800000,0.00000000,0.00000000,0.00000000,0.00000000,0.00000000,0.00000000,0.00000000,0.00000000,0.00000000,0.00000000,0.00000000,0.00011919,2.72014645,170.05168692,-0.04752355,-0.02631659,-0.13269941,-0.14864285,-0.14462566,-0.12743590,-0.12341870,0.00175186,0.10109117,0.08984874,47.32737868,6.56569709,1.74549649,0.09933930,143.51053159,72.35406219,184.10230692,0.29294885,2.01980843,2.33146540,1.23162588,1.70682696,0.73691374,1.46778098,0.08571900,1.09983952,6.19176039,0.04503923,0.18214200,0.45293383,0.42449626,0.03309122,0.01271992,0.12655898,0.04799543,0.39946666,0.14989636,0.38118050,0.14439963,18.41561032,9.11750347,16.74390674,3.16382402,0.25996127,1.82864965,0.10611373,1.30483468,0.18322726,3310.20884675,2.62524999,2343.81117096
Al2Cr2Fe2Ni2Mo,BCC+B2,CAST,,6.09560000,1,298.15000000,1790.27500000,2644.00000000,,13.00000000,,,10.1016/j.jallcom.2013.03.253,2013,Microstructure and mechanical properties of multi-component AlCrFeNiMox high-entropy alloys,S4,Al2Cr2Fe2Ni2Mo,1.46208277,1.44735449,1800.07111111,12.87527872,2.95299160,0.22200000,0.22200000,0.22200000,0.22200000,0.11100000,0.00000000,0.00000000,0.00000000,0.00000000,0.00000000,0.00000000,0.00000000,0.00000000,0.00000000,0.00000000,0.00013620,2.74733232,184.52246115,0.04318004,0.06483397,-0.07749593,-0.13091237,-0.13561632,-0.10925844,-0.11396239,0.04255697,0.18004736,0.23556867,53.66356413,6.66666667,1.79777778,0.13749040,160.88888889,80.44444444,205.44444444,0.29222222,2.16822222,2.50822222,1.35800000,1.67076444,0.84033333,1.42095367,0.13198978,1.15022222,6.92105449,0.04593577,0.17531781,0.42330593,0.40691484,0.03512539,0.00952815,0.12580029,0.03603674,0.38179801,0.12494371,0.36684862,0.12092888,20.57258664,9.48822793,17.88574959,2.98479439,0.25061467,1.82574568,0.14839740,1.87274940,0.16563235,3490.24691143,2.88334459,2533.03951844
Al2Fe2Co2Cu2Ni,FCC+BCC+B2,CAST,,4.22282000,1,298.15000000,929.00000000,,13.70000000,,,,10.1016/j.jmst.2018.12.014,2019,Composition and phase structure dependence of mechanical and magnetic properties for AlCoCuFeNihigh entropy alloys,S4,Al2Fe2Co2Cu2Ni,1.43955725,1.42143594,1496.43111111,12.32157836,2.91003880,0.22200000,0.22200000,0.22200000,0.22200000,0.11100000,0.00000000,0.00000000,0.00000000,0.00000000,0.00000000,0.00000000,0.00000000,0.00000000,0.00000000,0.00000000,0.00013620,2.69515674,135.11137213,0.01438488,-0.00173081,-0.10478599,-0.02268945,-0.01164546,-0.03880515,-0.02776116,-0.04488642,-0.05462929,-0.14201199,52.14498524,6.00000000,1.81666667,-0.01857561,145.77777778,60.00000000,160.00000000,0.32111111,2.03155556,2.12644444,0.94655556,2.28316444,0.37711111,1.76916811,-0.02815978,1.17988889,7.02741497,0.04368707,0.17690343,0.36582395,0.35845444,0.03167766,0.01084115,0.11822980,0.04053910,0.32106254,0.09983914,0.31608305,0.09901640,15.12100516,7.44306752,12.81561790,5.63877431,0.38052741,1.94599018,0.08523619,8.98262711,0.19924071,2868.52589186,2.16040494,1914.88925928
Al333Cr166Fe166(CoNi)166,BCC+B2,CAST,80.67000000,5.70066000,1,298.15000000,1241.00000000,,9.98000000,,,,10.1016/j.jallcom.2019.07.100,2019,"Effects of Ti-to-Al ratios on the phases, microstructures, mechanical properties, and corrosion resistance of Al2-xCoCrFeNiTix high-entropy alloys",S4,Al333Cr166Fe166(CoNi)166,1.46166049,1.42704109,1558.31249749,12.75381928,2.94367653,0.33400000,0.16600000,0.16600000,0.16600000,0.16600000,0.00000000,0.00000000,0.00000000,0.00000000,0.00000000,0.00000000,0.00000000,0.00000000,0.00000000,0.00000000,0.00013431,2.73065928,170.65013239,-0.02629934,-0.04638013,-0.12479379,-0.08274436,-0.07216680,-0.10282515,-0.09224759,-0.02543083,0.02913520,-0.00041725,46.55214616,6.49648947,1.74985958,0.05456603,140.60180542,66.79237713,173.06318957,0.30338014,1.99366299,2.25460682,1.04089268,1.92957426,0.56142026,1.35533888,0.03659290,1.21371414,6.06106362,0.05063772,0.19445461,0.47568407,0.44727425,0.03660943,0.01502267,0.13696967,0.05589464,0.40570301,0.16426829,0.39202392,0.16010679,17.02737171,8.54074726,14.02914501,4.01589857,0.29701799,1.87100629,0.09983317,2.52953115,0.19132876,3437.60955591,2.58282980,2423.05918450
Al47Cr47Fe47Co47Ni47Mo14,BCC+Sec.,CAST,,,1,298.15000000,2649.00000000,3208.00000000,,3.00000000,,,10.1016/j.msea.2010.07.028,2010,Microstructures and compressive properties of multicomponent AlCoCrFeNiMox alloys,S4,Al47Cr47Fe47Co47Ni47Mo14,1.44373000,1.43013583,1752.20497992,12.42676787,2.91829636,0.18900000,0.18900000,0.18900000,0.18900000,0.18900000,0.05600000,0.00000000,0.00000000,0.00000000,0.00000000,0.00000000,0.00000000,0.00000000,0.00000000,0.00000000,0.00014958,2.70606306,193.76569433,0.03401050,0.01504012,-0.07461000,-0.03885741,-0.03866403,-0.05782779,-0.05763441,-0.03223348,0.05658534,-0.01575953,53.04527702,7.13253012,1.79947791,0.08881882,160.25702811,77.86746988,201.40160643,0.29489960,2.20855020,2.52249398,1.21193173,2.10023165,0.68810040,1.37456857,0.07848959,1.31056225,7.08823210,0.04464601,0.17461954,0.38588037,0.36282638,0.03318108,0.00903974,0.11977670,0.03366712,0.34445867,0.10424628,0.33023780,0.10173237,19.67959194,8.91063827,15.01614437,3.66588069,0.29445815,1.83647548,0.13358399,6.74499550,0.17015703,3386.86880289,2.69711342,2415.73331275
Al5Cr5Fe5Co5Ni5Mo2,BCC+Sec.,CAST,,,1,298.15000000,2670.00000000,3161.00000000,,3.00000000,,,10.1016/j.msea.2010.07.028,2010,Microstructures and compressive properties of multicomponent AlCoCrFeNiMox alloys,S4,Al5Cr5Fe5Co5Ni5Mo2,1.44575824,1.43260381,1773.83703704,12.48222046,2.92263074,0.18500000,0.18500000,0.18500000,0.18500000,0.18500000,0.07400000,0.00000000,0.00000000,0.00000000,0.00000000,0.00000000,0.00000000,0.00000000,0.00000000,0.00000000,0.00015111,2.71211338,195.04291884,0.04557080,0.02695920,-0.07205675,-0.03955814,-0.04065487,-0.05816974,-0.05926647,-0.02819067,0.06633860,-0.00266424,53.85652474,7.11111111,1.80629630,0.09452927,162.37037037,78.77777778,203.81481481,0.29518519,2.22351852,2.54011111,1.22759259,2.07918519,0.70203704,1.36564107,0.08532667,1.31251852,7.16466470,0.04541181,0.17512336,0.38685596,0.36521960,0.03395421,0.00878462,0.12120073,0.03272800,0.34497117,0.10304163,0.33104477,0.10059415,19.93922645,8.96742091,15.19157724,3.61820100,0.29238542,1.83762480,0.13620424,6.77580365,0.16808196,3442.52126752,2.74723514,2467.47100909
Al7Cr10Fe10Co3Ni10,FCC+BCC+B2,POWDER,,6.11520000,1,298.15000000,2033.00000000,2635.00000000,8.00000000,,,,10.1016/j.matdes.2013.04.061,2013,"Alloying behavior, microstructure and mechanical properties in a FeNiCrCo0.3Al0.7 high entropy alloy",S4,Al7Cr10Fe10Co3Ni10,1.43599316,1.41903351,1725.68100000,12.24493080,2.90399219,0.17500000,0.25000000,0.25000000,0.07500000,0.25000000,0.00000000,0.00000000,0.00000000,0.00000000,0.00000000,0.00000000,0.00000000,0.00000000,0.00000000,0.00000000,0.00013262,2.67792592,187.91917717,-0.04603776,-0.03531656,-0.09336700,-0.01486016,-0.00786831,-0.00413895,0.00285290,-0.08346711,0.01914711,-0.19313921,50.77538388,7.20000000,1.77275000,0.10261423,154.80000000,78.50000000,200.42500000,0.28700000,2.16850000,2.50820000,1.29420000,1.98538500,0.76740000,1.48203873,0.09164403,1.21400000,6.88567110,0.03905671,0.16138566,0.36489645,0.33669726,0.02770788,0.00849921,0.10654234,0.03189777,0.33166294,0.09743134,0.31400843,0.09424825,19.74220840,9.10408504,16.26211565,3.26843888,0.27574792,1.80504909,0.08690788,15.40109240,0.17277237,3003.86175406,2.51301418,2100.97993740
Al96Cr96Fe96Co96Ni96Mo19,BCC+Sec.,CAST,,,1,298.15000000,2456.00000000,2953.00000000,,3.00000000,,,10.1016/j.msea.2010.07.028,2010,Microstructures and compressive properties of multicomponent AlCoCrFeNiMox alloys,S4,Al96Cr96Fe96Co96Ni96Mo19,1.44166771,1.42768842,1730.20985972,12.37055322,2.91388924,0.19200000,0.19200000,0.19200000,0.19200000,0.19200000,0.03800000,0.00000000,0.00000000,0.00000000,0.00000000,0.00000000,0.00000000,0.00000000,0.00000000,0.00000000,0.00014723,2.69953829,192.46703343,0.01959934,0.00026416,-0.07802579,-0.03676485,-0.03466049,-0.05610003,-0.05399566,-0.03805564,0.04495689,-0.03464858,52.22041368,7.15430862,1.79254509,0.08301253,158.10821643,76.94188377,198.94789579,0.29460922,2.19333066,2.50458116,1.19600802,2.12163134,0.67392986,1.38364591,0.07153776,1.30857315,7.00971853,0.04379010,0.17397190,0.38440906,0.35978075,0.03233904,0.00930162,0.11821269,0.03463104,0.34378715,0.10543465,0.32926474,0.10285199,19.41630055,8.85242745,14.83776478,3.71638254,0.29655295,1.83530782,0.13091975,6.92879717,0.17232014,3327.24807491,2.64531215,2360.79340205
AlCrCoNi,BCC+B2,CAST,,11.59340000,1,298.15000000,1750.00000000,,16.70000000,,,,10.1016/j.jallcom.2018.11.057,2019,Chemical evolution-induced strengthening on AlCoCrNi dual-phase high-entropy alloy with high specific strength,S4,AlCrCoNi,1.44382984,1.41979770,1652.33000000,12.37411776,2.91416909,0.25000000,0.25000000,0.25000000,0.25000000,0.00000000,0.00000000,0.00000000,0.00000000,0.00000000,0.00000000,0.00000000,0.00000000,0.00000000,0.00000000,0.00000000,0.00011946,2.68411737,191.82006412,0.00638605,-0.04584388,-0.13642882,-0.02786021,-0.02349941,-0.08009013,-0.07572934,-0.06805767,0.01051053,-0.14196884,49.15105840,7.00000000,1.76500000,0.07856820,149.50000000,73.25000000,189.50000000,0.29500000,2.09750000,2.47625000,1.03325000,2.21550000,0.56025000,1.39398775,0.04972825,1.44300000,6.59580828,0.04699101,0.18784673,0.43121081,0.39824211,0.03409752,0.01222786,0.12814833,0.04534927,0.37880450,0.13184334,0.36303974,0.12878221,18.48642816,8.81355336,12.81110753,4.41990183,0.31650000,1.83687943,0.11569424,7.08501429,0.18044216,3512.83981718,2.65283988,2494.40810664
AlCrFeCoNi,BCC,CAST,,,1,298.15000000,1259.66368145,2004.00000000,,33.00000000,,184.00000000,10.1016/j.msea.2008.01.064,2008,Microstructure and compressive properties of AlCrFeCoNi high entropy alloy,S4,AlCrFeCoNi,1.43734103,1.42103148,1684.06400000,12.25316611,2.90464307,0.20000000,0.20000000,0.20000000,0.20000000,0.20000000,0.00000000,0.00000000,0.00000000,0.00000000,0.00000000,0.00000000,0.00000000,0.00000000,0.00000000,0.00000000,0.00013869,2.68073336,189.74243711,-0.03471471,-0.05520610,-0.10824793,-0.06341288,-0.05990963,-0.08390428,-0.08040103,-0.03043777,0.04039313,-0.01704386,50.48984672,7.20000000,1.77800000,0.07083090,153.60000000,75.00000000,193.80000000,0.29400000,2.16140000,2.46700000,1.16260000,2.16652800,0.64420000,1.40269020,0.05695280,1.30440000,6.84234747,0.04193469,0.17214639,0.37956700,0.35111083,0.03037748,0.00985909,0.11454227,0.03668256,0.34189081,0.10780607,0.32672855,0.10507495,18.86621013,8.72869905,14.46351590,3.82955604,0.30090667,1.83286119,0.08988332,3.68322424,0.17704197,3192.29429130,2.53392770,2238.06143267
AlCrFeNi,BCC+B2,CAST,,4.62560000,1,298.15000000,1265.30000000,2927.00000000,,29.00000000,,,10.1016/j.jallcom.2013.03.253,2013,Microstructure and mechanical properties of multi-component AlCrFeNiMox high-entropy alloys,S4,AlCrFeNi,1.45097144,1.43174576,1663.08000000,12.55990046,2.92868096,0.25000000,0.25000000,0.25000000,0.25000000,0.00000000,0.00000000,0.00000000,0.00000000,0.00000000,0.00000000,0.00000000,0.00000000,0.00000000,0.00000000,0.00000000,0.00011946,2.70615503,174.92540122,-0.05163729,-0.02809093,-0.12615752,-0.20423340,-0.20482839,-0.18068703,-0.18128202,0.06524612,0.17107796,0.30069508,48.37900965,6.75000000,1.75250000,0.10583184,147.00000000,74.75000000,190.00000000,0.29000000,2.06425000,2.39000000,1.27275000,1.75618500,0.76725000,1.48575700,0.09348850,1.11725000,6.39617254,0.04270975,0.17635762,0.42572243,0.39789961,0.03144829,0.01136834,0.12073272,0.04289557,0.38186793,0.13396878,0.36353642,0.12905613,18.95893306,9.18441713,16.96928445,3.11502118,0.26017556,1.81690141,0.10434773,0.97278010,0.17927580,3247.75781054,2.61545601,2297.22681864
AlFeCoCuNi,FCC+BCC+B2,CAST,,3.83572000,1,298.15000000,994.00000000,,24.50000000,,,,10.1016/j.jmst.2018.12.014,2019,Composition and phase structure dependence of mechanical and magnetic properties for AlCoCuFeNihigh entropy alloys,S4,AlFeCoCuNi,1.43331815,1.41968469,1519.58800000,12.21594487,2.90169895,0.20000000,0.20000000,0.20000000,0.20000000,0.20000000,0.00000000,0.00000000,0.00000000,0.00000000,0.00000000,0.00000000,0.00000000,0.00000000,0.00000000,0.00000000,0.00013869,2.68403855,141.95992096,0.00234117,-0.01216295,-0.11309552,-0.05287622,-0.04248094,-0.06738034,-0.05698506,-0.03330227,-0.04250507,-0.10064579,52.79982672,6.40000000,1.82600000,-0.01729699,149.20000000,61.60000000,164.00000000,0.32000000,2.06640000,2.15640000,0.97140000,2.40900800,0.37840000,1.85891800,-0.03207380,1.18500000,7.17719634,0.04218783,0.17371205,0.34690157,0.33973868,0.03050274,0.00997233,0.11500044,0.03757521,0.31085687,0.09210344,0.30547460,0.09121901,15.47974125,7.49116398,13.06307279,5.69873150,0.37640750,1.94117647,0.08499365,3.98577296,0.19620450,2864.91892670,2.16888934,1914.96691681
AlFeCoNi,BCC,CAST,,4.46880000,1,298.15000000,964.00000000,,,,,162.00000000,10.1016/j.jmmm.2014.07.023,2014,Effects of Al and Si addition on the structure and properties of CoFeNi equal atomic ratio alloy,S4,AlFeCoNi,1.43847528,1.41766998,1560.08000000,12.31900872,2.90983649,0.25000000,0.25000000,0.25000000,0.25000000,0.00000000,0.00000000,0.00000000,0.00000000,0.00000000,0.00000000,0.00000000,0.00000000,0.00000000,0.00000000,0.00000000,0.00011946,2.68417761,177.44990120,-0.11929435,-0.14346789,-0.20289144,-0.10252593,-0.08520047,-0.12669948,-0.10937401,-0.06990270,-0.08524068,-0.14809564,50.11328340,7.50000000,1.80750000,-0.01533799,151.50000000,65.00000000,172.50000000,0.31500000,2.12675000,2.20750000,1.00825000,2.51801000,0.41800000,1.57364750,-0.03380900,1.19925000,6.75501768,0.04746756,0.19070700,0.34845390,0.34390300,0.03436680,0.01243841,0.12947995,0.04685116,0.33332727,0.12173982,0.32898118,0.12029957,16.37995010,7.70186910,13.65849498,5.28110048,0.33573467,1.91970803,0.11312022,1.81778050,0.19111199,3373.29338137,2.43794163,2338.66075236
AlVCrFeCoCuNi,FCC+BCC,CAST,,,1,298.15000000,1469.00000000,,16.00000000,,,,10.1016/j.msea.2008.08.025,2008,"Effects of Mn, Ti and V on the microstructure and properties of AlCrFeCoNiCu high entropy alloy",S4,AlVCrFeCoCuNi,1.44161192,1.43067458,1708.70571429,12.40574432,2.91664971,0.14300000,0.14300000,0.14300000,0.14300000,0.14300000,0.14300000,0.14300000,0.00000000,0.00000000,0.00000000,0.00000000,0.00000000,0.00000000,0.00000000,0.00000000,0.00016777,2.69500340,162.19339741,0.06404530,0.05208070,-0.05821214,-0.02882563,-0.03136662,-0.04079023,-0.04333122,0.01165531,0.08345517,0.03782214,52.41953337,6.14285714,1.77428571,0.08256941,152.57142857,67.14285714,175.28571429,0.31142857,2.17914286,2.47357143,1.13814286,2.46437714,0.59342857,1.54320600,0.07566157,1.33542857,7.01648689,0.03834562,0.15091405,0.40330235,0.36815812,0.02860655,0.00663694,0.10345348,0.02498171,0.32237985,0.06976362,0.30577868,0.06835424,16.95956558,7.78267727,12.69971748,4.16827155,0.40117767,1.90456432,0.07106010,9.94477850,0.17448879,2523.70498167,2.15827029,1684.15036358
Hf105Zr210Ti421(Nb26V105)2,BCC,CAST,,3.25752000,1,298.15000000,1115.00000000,,50.00000000,,,100.00000000,10.1007/s40195-019-00921-3,2019,A Novel Series of Refractory High-Entropy Alloys Ti2ZrHf0.5VNbx with High Specific Yield Strength and Good Ductility,S4,Hf105Zr210Ti421(Nb26V105)2,1.63638303,1.64006318,2132.86673347,18.34037326,3.32261016,0.10500000,0.21000000,0.42200000,0.05200000,0.21000000,0.00000000,0.00000000,0.00000000,0.00000000,0.00000000,0.00000000,0.00000000,0.00000000,0.00000000,0.00000000,0.00012150,3.09960860,131.99813934,0.23177929,0.17816405,0.02282183,0.06389723,0.02500622,0.01028199,-0.02860902,-0.00890171,0.04113122,0.02502451,73.72679735,4.26252505,1.49262525,0.04760883,118.38376754,40.53106212,103.64328657,0.34415832,2.22750000,2.52606814,0.60723447,4.77267635,0.44857014,0.95967198,-0.00551102,1.91883367,6.67523551,0.06063144,0.18230532,0.15172680,0.22443056,0.04688949,0.01466817,0.13809192,0.04353159,0.12426765,0.04392749,0.18969863,0.06671246,11.66267048,5.23576677,6.07799971,5.63137826,1.11968289,2.04951645,0.17468783,4.05559916,0.13978839,2161.36108862,2.29419132,1471.03360251
Hf173Zr173Ta173Ti173Nb173Al130,BCC,CAST,89.00000000,4.18460000,1,298.15000000,1415.00000000,2050.00000000,30.00000000,,102.00000000,103.00000000,10.1016/j.jallcom.2014.11.064,2015,Effect of Al addition on mechanical properties and microstructure of refractory AlxHfNbTaTiZr alloys,S4,Hf173Zr173Ta173Ti173Nb173Al130,1.66454407,1.65863944,2315.30311558,19.15048729,3.37082812,0.17400000,0.17400000,0.17400000,0.17400000,0.17400000,0.13100000,0.00000000,0.00000000,0.00000000,0.00000000,0.00000000,0.00000000,0.00000000,0.00000000,0.00000000,0.00015405,3.15367304,138.04710147,0.05993587,0.01724837,-0.09725824,-0.03720231,-0.06012461,-0.07988981,-0.10281211,-0.00284937,0.06228855,0.04492685,106.35768844,4.21708543,1.47438191,0.06513792,127.81306533,40.25728643,105.12160804,0.35347739,2.25502915,2.36653266,0.72114573,3.76618593,0.44818593,1.03770868,0.03328883,1.64538693,9.22228320,0.04647897,0.13311210,0.33481500,0.39218192,0.03587549,0.00788850,0.09857571,0.02206705,0.22321293,0.05917390,0.26099749,0.06696436,11.75199878,5.21146203,7.14239218,5.28024756,0.89307793,2.09347262,0.07830787,9.58714734,0.12877364,1451.98647692,1.95680329,936.34792035
Hf173Zr173Ta173Ti173Nb173Mo130,BCC,CAST,,4.82160000,1,298.15000000,1373.00000000,,50.00000000,,109.00000000,130.00000000,10.1016/j.matlet.2016.03.133,2016,Solution strengthening of ductile refractory HfMoxNbTaTiZr high-entropy alloys,S4,Hf173Zr173Ta173Ti173Nb173Mo130,1.66042114,1.65710181,2571.73366834,19.17232179,3.37210872,0.17400000,0.17400000,0.17400000,0.17400000,0.17400000,0.13100000,0.00000000,0.00000000,0.00000000,0.00000000,0.00000000,0.00000000,0.00000000,0.00000000,0.00000000,0.00015405,3.13941523,162.28833942,0.11285217,0.07016467,-0.03383643,0.03875999,-0.00094868,-0.00392751,-0.04363618,0.02866125,0.14828554,0.17164024,115.36733666,4.60904523,1.54624121,0.11962428,153.42110553,53.32261307,138.96080402,0.34825126,2.49543116,2.66115578,0.93071357,3.79695477,0.61476884,1.00929512,0.09921608,1.73044221,9.99211793,0.04599936,0.14058135,0.57649289,0.59958113,0.03543751,0.00782179,0.10603404,0.02323877,0.32279835,0.07081106,0.35586180,0.07227615,15.57197235,6.24019313,8.99883986,4.32870957,0.82380506,2.06866721,0.11254806,10.22100905,0.11593347,2035.82702632,2.66971354,1448.09590089
Hf181Zr181Ta181Ti181Nb181Al90,BCC,CAST,86.00000000,3.88080000,1,298.15000000,1302.00000000,,46.00000000,,97.00000000,104.00000000,10.1016/j.jallcom.2014.11.064,2015,Effect of Al addition on mechanical properties and microstructure of refractory AlxHfNbTaTiZr alloys,S4,Hf181Zr181Ta181Ti181Nb181Al90,1.66833664,1.66433522,2379.20984925,19.33483495,3.38160976,0.18200000,0.18200000,0.18200000,0.18200000,0.18200000,0.09000000,0.00000000,0.00000000,0.00000000,0.00000000,0.00000000,0.00000000,0.00000000,0.00000000,0.00000000,0.00015228,3.16057409,140.92741901,0.07087722,0.02621573,-0.07978567,-0.01467087,-0.04008789,-0.05933236,-0.08474938,-0.00060250,0.06876244,0.05101733,110.02826184,4.27336683,1.46811055,0.06936494,130.20904523,40.91658291,106.74572864,0.35363819,2.30566633,2.42052261,0.73433166,3.90557487,0.46197487,1.03390330,0.03781535,1.68619095,9.44959460,0.04488106,0.13066772,0.32811811,0.38835825,0.03474932,0.00788873,0.09782636,0.02244026,0.21981466,0.06028029,0.26149087,0.06883226,11.98266663,5.19705149,7.10635210,5.23951138,0.91393391,2.09424222,0.07852863,24.69546766,0.12531471,1440.44932781,1.98382311,933.56334691
Hf181Zr181Ta181Ti181Nb181Mo90,BCC,CAST,,4.70400000,1,298.15000000,1317.00000000,,50.00000000,,102.00000000,123.00000000,10.1016/j.matlet.2016.03.133,2016,Solution strengthening of ductile refractory HfMoxNbTaTiZr high-entropy alloys,S4,Hf181Zr181Ta181Ti181Nb181Mo90,1.66548230,1.66315361,2556.73869347,19.35004621,3.38249633,0.18200000,0.18200000,0.18200000,0.18200000,0.18200000,0.09000000,0.00000000,0.00000000,0.00000000,0.00000000,0.00000000,0.00000000,0.00000000,0.00000000,0.00000000,0.00015228,3.14996268,157.70981452,0.11946743,0.07480594,-0.02789579,0.04665538,0.00624423,0.00199389,-0.03841725,0.01893617,0.12602243,0.14749759,116.26571061,4.54472362,1.51785930,0.10708627,147.93768844,49.96180905,130.17286432,0.35002010,2.47209849,2.62449246,0.87941709,3.92687638,0.57730151,1.01423238,0.08345729,1.74507538,9.97743800,0.04451623,0.13620420,0.54193109,0.57053018,0.03443062,0.00783823,0.10322569,0.02331940,0.29426924,0.05702158,0.33136701,0.06561740,14.63545137,5.92025415,8.38671588,4.54613824,0.86405175,2.07701823,0.10634950,8.34497586,0.11661340,1838.58720138,2.47860320,1280.85315809
Hf190Zr190Ta190Ti190Nb190Mo47,BCC,CAST,,3.87100000,1,298.15000000,1112.00000000,,50.00000000,,96.00000000,115.00000000,10.1016/j.matlet.2016.03.133,2016,Solution strengthening of ductile refractory HfMoxNbTaTiZr high-entropy alloys,S4,Hf190Zr190Ta190Ti190Nb190Mo47,1.67093499,1.66992744,2540.58375125,19.54274423,3.39368749,0.19100000,0.19100000,0.19100000,0.19100000,0.19100000,0.04700000,0.00000000,0.00000000,0.00000000,0.00000000,0.00000000,0.00000000,0.00000000,0.00000000,0.00000000,0.00014862,3.16176043,152.77710833,0.12427849,0.07749031,-0.01926269,0.05663404,0.01620908,0.00984586,-0.03057910,0.00905323,0.10263158,0.12044706,117.23358014,4.47542628,1.48728185,0.09357835,142.03009027,46.34102307,120.70511535,0.35192578,2.44696088,2.58499298,0.82415246,4.06684835,0.53693581,1.01955156,0.06647944,1.76084052,9.96129665,0.04263936,0.13084535,0.47257004,0.51111878,0.03314919,0.00780304,0.09963595,0.02325583,0.25781801,0.05944638,0.30046995,0.06870383,13.61971742,5.56597268,7.73478192,4.81434269,0.90870636,2.08606627,0.09967144,6.66715446,0.11735492,1625.86987115,2.26712285,1102.45024143
Hf47Zr47Ta47Ti47Nb47Al14,BCC,CAST,105.00000000,3.45940000,1,298.15000000,1188.00000000,,50.00000000,,63.00000000,105.00000000,10.1016/j.jallcom.2014.11.064,2015,Effect of Al addition on mechanical properties and microstructure of refractory AlxHfNbTaTiZr alloys,S4,Hf47Zr47Ta47Ti47Nb47Al14,1.67156566,1.66916916,2433.62040161,19.49271888,3.39078931,0.18900000,0.18900000,0.18900000,0.18900000,0.18900000,0.05600000,0.00000000,0.00000000,0.00000000,0.00000000,0.00000000,0.00000000,0.00000000,0.00000000,0.00000000,0.00014958,3.16603380,143.37973756,0.08184611,0.03550395,-0.06031209,0.00890519,-0.01841313,-0.03743697,-0.06475529,0.00259592,0.07555977,0.06047129,113.15340868,4.32128514,1.46277108,0.07296385,132.24899598,41.47791165,108.12851406,0.35377510,2.34877912,2.46648996,0.74555823,4.02425141,0.47371486,1.03066338,0.04166924,1.72093173,9.63928044,0.04330964,0.12837670,0.32196221,0.38472222,0.03364211,0.00784916,0.09695128,0.02269727,0.21629699,0.06107182,0.26146183,0.07031878,12.18002891,5.18568512,7.07757822,5.20669747,0.93126264,2.09489777,0.07871659,40.87712921,0.12251294,1426.76992958,2.00411039,928.09165722
Hf95Zr190Ti380(Nb71V95)2,BCC,CAST,,3.12522000,1,298.15000000,1025.00000000,,50.00000000,,,100.00000000,10.1007/s40195-019-00921-3,2019,A Novel Series of Refractory High-Entropy Alloys Ti2ZrHf0.5VNbx with High Specific Yield Strength and Good Ductility,S4,Hf95Zr190Ti380(Nb71V95)2,1.63534922,1.63917043,2191.81544634,18.30622506,3.32054674,0.09500000,0.19100000,0.38100000,0.14200000,0.19100000,0.00000000,0.00000000,0.00000000,0.00000000,0.00000000,0.00000000,0.00000000,0.00000000,0.00000000,0.00000000,0.00012933,3.09934205,136.24786509,0.22727644,0.17386078,0.02238001,0.06014650,0.01826367,0.00673084,-0.03515200,0.00058046,0.06700313,0.05775613,75.57689163,4.33299900,1.50280843,0.06642267,123.30992979,40.28686058,103.76128385,0.34949850,2.26832999,2.54121364,0.66676530,4.53276028,0.47008826,0.91972988,0.02367101,1.87444835,6.85550769,0.05777242,0.17402122,0.14640835,0.21334516,0.04439592,0.01261852,0.13084586,0.03745303,0.11872553,0.03899224,0.17992538,0.05773946,11.58520319,5.10737117,6.18059346,5.40582233,1.04610231,2.07455092,0.16689954,4.71301973,0.13602879,2052.12356147,2.22456996,1383.08104191
HfZr2Ti2Nb2Mo,BCC,CAST,,,1,298.15000000,1169.50000000,1538.00000000,,,,115.00000000,10.1016/j.intermet.2015.09.011,2016,Microstructure and mechanical properties of in-situ MC-carbide particulates-reinforced refractory high-entropy Mo0.5NbHf0.5ZrTi matrix alloy composite,S4,HfZr2Ti2Nb2Mo,1.66518818,1.66003490,2380.00000000,19.33512886,3.38162689,0.12500000,0.25000000,0.25000000,0.25000000,0.12500000,0.00000000,0.00000000,0.00000000,0.00000000,0.00000000,0.00000000,0.00000000,0.00000000,0.00000000,0.00000000,0.00013439,3.14547092,148.00869391,0.12582382,0.07702743,-0.03493660,0.03330960,-0.00843442,-0.01548680,-0.05723082,0.02142129,0.12008164,0.13810023,92.30309500,4.50000000,1.55000000,0.09866036,139.75000000,48.25000000,122.87500000,0.35000000,2.33787500,2.54900000,0.78362500,3.84367500,0.56037500,0.86982687,0.06250000,1.76537500,7.92717757,0.04803045,0.14560484,0.61697205,0.65283886,0.03713648,0.01109807,0.11069738,0.03291908,0.28186729,0.07211924,0.31865032,0.08226873,14.13037339,6.04410988,8.00417667,4.54873968,0.85415000,2.07692308,0.12639820,9.60259053,0.12527311,1940.72483361,2.50058440,1355.46254135
HfZrTaNb,BCC+HCP,ANNEAL,,5.59580000,1,298.15000000,2138.46666667,,0.30000000,,,,10.1016/j.actamat.2016.01.018,2016,Structural-disorder and its effect on mechanical properties in single-phase TaNbHfZr high-entropy alloy,S4,HfZrTaNb,1.69240424,1.69318979,2668.50000000,20.30209624,3.43708516,0.25000000,0.25000000,0.25000000,0.25000000,0.00000000,0.00000000,0.00000000,0.00000000,0.00000000,0.00000000,0.00000000,0.00000000,0.00000000,0.00000000,0.00000000,0.00011946,3.19907352,156.38858644,0.10887002,0.06876784,-0.00030339,0.07725453,0.03600691,0.03715235,-0.00409527,-0.00490812,0.10317516,0.13007271,135.89206500,4.50000000,1.43250000,0.10808328,142.75000000,42.00000000,109.00000000,0.36250000,2.49950000,2.54850000,0.86375000,4.01675000,0.51750000,0.99515975,0.08500000,1.68475000,11.11482451,0.03968691,0.12056349,0.35033188,0.42712310,0.03149123,0.00858743,0.09496634,0.02564496,0.23085955,0.08168124,0.28604418,0.09600362,12.50173286,5.00169348,7.42052700,4.92463768,0.89261111,2.13725490,0.08862862,4.12640232,0.11172944,1364.63693113,2.05417715,895.45697495
HfZrTaTiNbAl,BCC+Sec.,CAST,92.00000000,4.32180000,1,298.15000000,1489.00000000,1900.00000000,21.00000000,,103.00000000,,10.1016/j.jallcom.2014.11.064,2015,Effect of Al addition on mechanical properties and microstructure of refractory AlxHfNbTaTiZr alloys,S4,HfZrTaTiNbAl,1.66114656,1.65352560,2258.05333333,18.98634083,3.36116957,0.16700000,0.16700000,0.16700000,0.16700000,0.16700000,0.16700000,0.00000000,0.00000000,0.00000000,0.00000000,0.00000000,0.00000000,0.00000000,0.00000000,0.00000000,0.00015454,3.14726863,135.46681701,0.05160103,0.01068190,-0.10768610,-0.05411830,-0.07457014,-0.09503744,-0.11548927,-0.00426086,0.05709036,0.04146766,103.06946643,4.16666667,1.48000000,0.06135122,125.66666667,39.66666667,103.66666667,0.35333333,2.20966667,2.31816667,0.70933333,3.64131667,0.43583333,1.04111767,0.02923383,1.60883333,9.01442747,0.04770089,0.13507281,0.34031020,0.39517149,0.03672946,0.00784887,0.09899321,0.02167035,0.22558746,0.05802778,0.26006507,0.06518230,11.54640432,5.22540549,7.17688034,5.31892925,0.87391600,2.09278351,0.07811010,6.44801061,0.13203851,1458.21089195,1.92987020,935.55498543
HfZrTiNbCr,BCC+Laves,ANNEAL,,,1,298.15000000,1411.86333333,1908.00000000,,,,,10.1016/j.ijrmhm.2014.07.009,2014,Experimental and theoretical study of Ti20Zr20Hf20Nb20X20 (X=V or Cr) refractory high-entropy alloys,S4,HfZrTiNbCr,1.63846487,1.64161072,2301.00000000,18.33077269,3.32203030,0.20000000,0.20000000,0.20000000,0.20000000,0.20000000,0.00000000,0.00000000,0.00000000,0.00000000,0.00000000,0.00000000,0.00000000,0.00000000,0.00000000,0.00000000,0.00013869,3.10588909,155.80202938,0.33172580,0.28262284,0.06291820,0.08181798,0.03868025,0.03271502,-0.01042271,-0.00404640,0.11917810,0.13395197,92.49669600,4.60000000,1.48600000,0.12322450,128.00000000,52.00000000,129.00000000,0.32800000,2.24960000,2.62620000,0.82000000,3.72332000,0.65760000,0.85372880,0.07200000,1.80620000,8.37905115,0.07605248,0.21486468,0.61261396,0.59735209,0.06003923,0.01784532,0.17050295,0.04982123,0.33158386,0.10569215,0.34412683,0.10398936,14.96020568,6.65016256,8.28269609,3.99361314,0.80941739,1.97619048,0.28758198,3.90045181,0.12957410,3288.51715334,3.20365916,2447.79950023
HfZrTiNbV,BCC+Laves,ANNEAL,,,1,298.15000000,1176.16666667,1468.00000000,,,,,10.1016/j.ijrmhm.2014.07.009,2014,Experimental and theoretical study of Ti20Zr20Hf20Nb20X20 (X=V or Cr) refractory high-entropy alloys,S4,HfZrTiNbV,1.65028181,1.65451291,2301.60000000,18.79925643,3.35009320,0.20000000,0.20000000,0.20000000,0.20000000,0.20000000,0.00000000,0.00000000,0.00000000,0.00000000,0.00000000,0.00000000,0.00000000,0.00000000,0.00000000,0.00000000,0.00013869,3.13063119,145.34783251,0.24050592,0.19140296,0.02349325,0.06430509,0.02008727,0.01520212,-0.02901570,0.00054800,0.09046409,0.08340717,92.28577600,4.40000000,1.48000000,0.08991608,127.60000000,38.40000000,98.80000000,0.36000000,2.31400000,2.53080000,0.73000000,4.46020000,0.49040000,0.86775480,0.04200000,1.80080000,8.15161182,0.06157526,0.18239490,0.16682935,0.23216779,0.04821883,0.01327323,0.14217207,0.03874206,0.13078180,0.03192217,0.18761209,0.04763597,11.14086073,4.81454656,6.18661746,5.16068515,1.01368182,2.12500000,0.17175433,4.96399803,0.12954032,2150.29661227,2.28307025,1461.27457432
Mn104Al83Cr104(FeNi)104,BCC+B2,CAST,,3.78280000,1,298.15000000,1200.00000000,,55.00000000,,,,10.1016/j.msea.2019.04.104,2019,The microstructure and mechanical properties of novel Al-Cr-Fe-Mn-Ni high-entropy alloys with trimodal distributions of coherent B2 precipitates,S4,Mn104Al83Cr104(FeNi)104,1.44071522,1.43483131,1663.76264529,12.34121172,2.91158361,0.20800000,0.16600000,0.20800000,0.20800000,0.20800000,0.00000000,0.00000000,0.00000000,0.00000000,0.00000000,0.00000000,0.00000000,0.00000000,0.00000000,0.00000000,0.00013827,2.66894636,200.72059056,-0.02336408,-0.01496410,-0.09157744,-0.10415997,-0.10621600,-0.09576000,-0.09781603,-0.01211032,0.06017648,0.04381637,50.64651780,6.95991984,1.71629259,0.07228680,144.36072144,77.89579158,196.71743487,0.27705411,2.00554709,2.58809820,1.25111824,2.19711234,0.84173547,1.32536644,0.06116755,1.33697996,6.81461276,0.03550211,0.15154515,0.34924046,0.32656969,0.02577752,0.00775467,0.09952336,0.02913652,0.31896155,0.09228901,0.30183948,0.08838093,19.64146570,9.79356992,14.69092005,3.07471680,0.31568070,1.76645877,0.07762760,2.20855388,0.17920224,2663.05239218,2.37557344,1832.02565818
Mn175Al122Cr175Fe175(CoNi)175,FCC+BCC,CAST,0.20000000,6.09560000,1,298.15000000,2230.00000000,,,1.69000000,,,10.1016/j.jallcom.2018.10.168,2019,Microstructure and mechanical properties of FeCoCrNiMnAlx high-entropy alloys prepared by mechanical alloying and hot-pressed sintering,S4,Mn175Al122Cr175Fe175(CoNi)175,1.42804050,1.42212732,1695.00004012,12.06230391,2.88948263,0.17600000,0.12200000,0.17600000,0.17600000,0.17600000,0.17600000,0.00000000,0.00000000,0.00000000,0.00000000,0.00000000,0.00000000,0.00000000,0.00000000,0.00000000,0.00015386,2.64824404,211.41064142,-0.00792861,-0.03547109,-0.07338148,-0.06707979,-0.07024989,-0.09462228,-0.09779238,-0.01165545,0.03754754,0.04532687,52.52031315,7.38816449,1.74691073,0.04920299,151.82748245,78.48244734,201.11835507,0.28154463,2.11609328,2.64551454,1.17268506,2.50545266,0.73292377,1.28425549,0.03700393,1.47282949,7.23013546,0.03371304,0.14220596,0.30576330,0.28119841,0.02399503,0.00613229,0.09120702,0.02279305,0.27518836,0.06842200,0.26017029,0.06622746,19.63917574,9.28086485,13.33431731,3.60953574,0.33911706,1.78374983,0.06917557,3.88776116,0.17589970,2497.16097041,2.25685475,1690.80824676
Mn181Al181Cr181Fe181Cu181W90,BCC+Sec.,POWDER,,7.64400000,1,298.15000000,1510.00000000,,,,,,10.1557/jmr.2019.18,2019,"Materials-structure-property correlation study of spark plasma sintered AlCuCrFeMnWx (x = 0, 0.05, 0.1, 0.5) high-entropy alloys",S4,Mn181Al181Cr181Fe181Cu181W90,1.46325019,1.45498612,1753.28657286,12.84297160,2.95051961,0.18200000,0.18200000,0.18200000,0.18200000,0.18200000,0.09000000,0.00000000,0.00000000,0.00000000,0.00000000,0.00000000,0.00000000,0.00000000,0.00000000,0.00000000,0.00015228,2.73459201,168.04395599,0.22034300,0.22567819,0.02319019,-0.00629182,-0.01061663,-0.00095663,-0.00528144,0.05927256,0.14084786,0.12878708,62.70764797,5.27236181,1.76879397,0.09739720,149.55577889,78.41306533,198.71155779,0.28545729,2.02453467,2.57901106,1.27660302,1.72159331,0.87081307,1.34902930,0.10753006,1.30240804,8.10782532,0.04079218,0.15484226,0.49903579,0.48135378,0.03091786,0.00757321,0.10641669,0.02797845,0.38924259,0.09853221,0.36933349,0.09475188,20.03630201,9.89674431,15.38404355,2.96161272,0.32653171,1.79899293,0.10967322,42.43433201,0.17005206,2826.73677945,2.55544318,1986.52491599
Mn181Al90Cr181Fe181(CoNi)181,FCC+BCC,CAST,,5.41940000,1,298.15000000,1932.00000000,,,3.80000000,,,10.1016/j.jallcom.2018.10.168,2019,Microstructure and mechanical properties of FeCoCrNiMnAlx high-entropy alloys prepared by mechanical alloying and hot-pressed sintering,S4,Mn181Al90Cr181Fe181(CoNi)181,1.42242255,1.41837682,1722.69829146,11.94962499,2.88045718,0.18200000,0.09000000,0.18200000,0.18200000,0.18200000,0.18200000,0.00000000,0.00000000,0.00000000,0.00000000,0.00000000,0.00000000,0.00000000,0.00000000,0.00000000,0.00015228,2.63806919,216.34352512,-0.00442650,-0.03266815,-0.06067621,-0.07881475,-0.08672075,-0.10705640,-0.11496239,0.01590126,0.06784885,0.13683486,53.44902253,7.54773869,1.75188945,0.05194759,154.58492462,80.39095477,205.88643216,0.27905528,2.15086131,2.69811658,1.19947437,2.56922004,0.75412161,1.29022859,0.04069861,1.49864221,7.42736702,0.03007028,0.12756719,0.27619358,0.25082139,0.02105252,0.00461459,0.08071068,0.01715195,0.24369584,0.05148810,0.22839243,0.04983669,20.05391835,9.32366875,13.38139163,3.57782691,0.34039600,1.77413779,0.06659290,3.32845092,0.17307151,2197.08727970,2.12248842,1457.99610742
Mn196Al196Cr196Fe196Cu196W19,BCC+Sec.,POWDER,,6.90900000,1,298.15000000,1250.00000000,,,,,,10.1557/jmr.2019.18,2019,"Materials-structure-property correlation study of spark plasma sintered AlCuCrFeMnWx (x = 0, 0.05, 0.1, 0.5) high-entropy alloys",S4,Mn196Al196Cr196Fe196Cu196W19,1.45558727,1.44646998,1600.79003003,12.62452502,2.93369536,0.19600000,0.19600000,0.19600000,0.19600000,0.19600000,0.01900000,0.00000000,0.00000000,0.00000000,0.00000000,0.00000000,0.00000000,0.00000000,0.00000000,0.00000000,0.00014411,2.71041807,157.73543724,0.14394499,0.14946679,0.00112689,-0.01193442,-0.01232287,-0.00641262,-0.00680107,0.02884596,0.08814687,0.04710059,53.19426425,5.21521522,1.72236236,0.07136808,136.95495495,71.92692693,182.03903904,0.28588589,1.89491191,2.46701802,1.17188188,1.80327922,0.79893694,1.37644105,0.07356513,1.29513614,6.99679505,0.03694352,0.15100453,0.45557466,0.42728805,0.02738199,0.00847851,0.09966694,0.03131215,0.37042672,0.10092726,0.34758527,0.09664727,18.27414857,9.64379846,14.10982835,3.08787578,0.34577273,1.80067283,0.09897841,19.33006150,0.18625178,2510.70798834,2.26737163,1702.48972909
Mn196Al19Cr196Fe196(CoNi)196,FCC+BCC,CAST,,4.23360000,1,298.15000000,1631.00000000,,,12.60000000,,,10.1016/j.jallcom.2018.10.168,2019,Microstructure and mechanical properties of FeCoCrNiMnAlx high-entropy alloys prepared by mechanical alloying and hot-pressed sintering,S4,Mn196Al19Cr196Fe196(CoNi)196,1.40984819,1.41439093,1784.69377377,11.69996959,2.86025603,0.19600000,0.01900000,0.19600000,0.19600000,0.19600000,0.19600000,0.00000000,0.00000000,0.00000000,0.00000000,0.00000000,0.00000000,0.00000000,0.00000000,0.00000000,0.00014411,2.62170988,227.38452915,0.03191020,0.00256867,-0.01163491,-0.03856953,-0.04966874,-0.06791106,-0.07901027,0.01808042,0.07467645,0.13854217,55.52770198,7.90490490,1.76303303,0.05809068,160.75675676,84.66266266,216.55855856,0.27348348,2.22868068,2.81585285,1.25943544,2.71194709,0.80156757,1.30359785,0.04896823,1.55641742,7.88087359,0.01789039,0.07516723,0.19804133,0.16726696,0.01219446,0.00274158,0.04976155,0.01070764,0.15071846,0.04174103,0.13249730,0.03533619,20.97140195,9.40978317,13.47415013,3.51293262,0.34307144,1.75286240,0.06081227,6.66836911,0.16705947,1124.77435124,1.52590397,653.29624750
Mn217Al130Cr217(FeNi)217,BCC+B2,CAST,,3.53780000,1,298.15000000,1130.00000000,,53.00000000,,,,10.1016/j.msea.2019.04.104,2019,The microstructure and mechanical properties of novel Al-Cr-Fe-Mn-Ni high-entropy alloys with trimodal distributions of coherent B2 precipitates,S4,Mn217Al130Cr217(FeNi)217,1.43457902,1.43096596,1695.36833667,12.21723125,2.90180080,0.21700000,0.13000000,0.21700000,0.21700000,0.21700000,0.00000000,0.00000000,0.00000000,0.00000000,0.00000000,0.00000000,0.00000000,0.00000000,0.00000000,0.00000000,0.00013714,2.65656540,206.12752904,-0.02306331,-0.01365186,-0.07878163,-0.07391004,-0.07653057,-0.06449859,-0.06711912,-0.02947764,0.04707370,-0.01385555,51.67048325,7.13126253,1.72089178,0.07655134,147.31863727,80.14128257,202.20040080,0.27389780,2.04213327,2.64820341,1.28638778,2.25964557,0.87166633,1.33425249,0.06660929,1.36181563,7.02294267,0.03241023,0.13944945,0.31825562,0.29594096,0.02306224,0.00620293,0.08994859,0.02330618,0.28915489,0.07382160,0.27255147,0.07069554,20.13977048,9.86212350,14.78891123,3.03809303,0.31686473,1.75443317,0.07531078,3.14568601,0.17586149,2429.96198085,2.27858106,1650.30408461
Mn22Al22Cr22Fe22Cu22W,BCC+Sec.,POWDER,,6.66400000,1,298.15000000,1120.00000000,,,,,,10.1557/jmr.2019.18,2019,"Materials-structure-property correlation study of spark plasma sintered AlCuCrFeMnWx (x = 0, 0.05, 0.1, 0.5) high-entropy alloys",S4,Mn22Al22Cr22Fe22Cu22W,1.45451346,1.44489031,1579.42054054,12.59411322,2.93133776,0.19800000,0.19800000,0.19800000,0.19800000,0.19800000,0.00900000,0.00000000,0.00000000,0.00000000,0.00000000,0.00000000,0.00000000,0.00000000,0.00000000,0.00000000,0.00014181,2.70676446,156.30780892,0.12588984,0.13061514,-0.00317199,-0.02093731,-0.02243903,-0.01621201,-0.01771372,0.04033298,0.09035903,0.06455766,51.86114450,5.20720721,1.71585586,0.06772059,135.18918919,71.01801802,179.70270270,0.28594595,1.87674775,2.45132432,1.15720721,1.81472595,0.78886486,1.38028229,0.06880559,1.29411712,6.83791814,0.03629229,0.15027576,0.44592754,0.41536874,0.02680368,0.00860807,0.09856309,0.03178921,0.36737196,0.10117772,0.34408785,0.09682246,18.02872617,9.60636622,13.93129411,3.10740715,0.34850273,1.80090840,0.09747973,10.69786797,0.18877176,2463.47185159,2.22632967,1660.74298692
Mn2AlCr2(FeNi)2,BCC+B2,CAST,,3.45940000,1,298.15000000,1091.00000000,,50.00000000,,,,10.1016/j.msea.2019.04.104,2019,The microstructure and mechanical properties of novel Al-Cr-Fe-Mn-Ni high-entropy alloys with trimodal distributions of coherent B2 precipitates,S4,Mn2AlCr2(FeNi)2,1.43132153,1.42865407,1712.14666667,12.15175317,2.89660746,0.22200000,0.11100000,0.22200000,0.22200000,0.22200000,0.00000000,0.00000000,0.00000000,0.00000000,0.00000000,0.00000000,0.00000000,0.00000000,0.00000000,0.00000000,0.00013620,2.65087145,208.99787909,-0.02028567,-0.01046840,-0.07089387,-0.09324520,-0.09914734,-0.08342793,-0.08933007,0.00176249,0.08057772,0.08988404,52.21406984,7.22222222,1.72333333,0.07881523,148.88888889,81.33333333,205.11111111,0.27222222,2.06155556,2.68011111,1.30511111,2.29284222,0.88755556,1.33896978,0.06949811,1.37500000,7.13506609,0.03047672,0.13177286,0.30088778,0.27863794,0.02142552,0.00534897,0.08421717,0.02009764,0.27134002,0.06467648,0.25500391,0.06096293,20.40275659,9.89677748,14.83836843,3.01965448,0.31747046,1.74809160,0.07408087,2.50083575,0.17413812,2275.76331689,2.20953343,1530.44642091
Mn47Al14Cr47Fe47(CoNi)47,FCC+BCC,CAST,0.20000000,5.00780000,1,298.15000000,1836.00000000,,,4.90000000,,,10.1016/j.jallcom.2018.10.168,2019,Microstructure and mechanical properties of FeCoCrNiMnAlx high-entropy alloys prepared by mechanical alloying and hot-pressed sintering,S4,Mn47Al14Cr47Fe47(CoNi)47,1.41639752,1.41657511,1752.40353414,11.82956366,2.87077776,0.18900000,0.05600000,0.18900000,0.18900000,0.18900000,0.18900000,0.00000000,0.00000000,0.00000000,0.00000000,0.00000000,0.00000000,0.00000000,0.00000000,0.00000000,0.00014958,2.62898753,221.63384132,0.00783481,-0.02119806,-0.04243233,-0.06966807,-0.07982071,-0.09870093,-0.10885357,0.02474289,0.07963396,0.16619540,54.44502538,7.71887550,1.75722892,0.05489106,157.54216867,82.43775100,211.00000000,0.27638554,2.18814859,2.75453012,1.22820482,2.63760795,0.77685542,1.29663449,0.04466101,1.52632530,7.64256028,0.02516467,0.10724159,0.24140013,0.21437861,0.01731442,0.00345465,0.06749486,0.01320371,0.20402477,0.04725339,0.18799146,0.04153582,20.49539726,9.36654728,13.42793522,3.54574358,0.34170883,1.76390276,0.06382310,3.76245217,0.17013775,1773.84222489,1.91184682,1134.06734309
Mn53Al37Cr53(FeNi)53,BCC+B2,CAST,,3.67500000,1,298.15000000,1170.00000000,,55.00000000,,,,10.1016/j.msea.2019.04.104,2019,The microstructure and mechanical properties of novel Al-Cr-Fe-Mn-Ni high-entropy alloys with trimodal distributions of coherent B2 precipitates,S4,Mn53Al37Cr53(FeNi)53,1.43769778,1.43305973,1679.30457831,12.28014068,2.90677297,0.21300000,0.14900000,0.21300000,0.21300000,0.21300000,0.00000000,0.00000000,0.00000000,0.00000000,0.00000000,0.00000000,0.00000000,0.00000000,0.00000000,0.00000000,0.00013799,2.66242136,203.37942421,-0.02451743,-0.01555488,-0.08619868,-0.07169246,-0.07254393,-0.06272991,-0.06358138,-0.04076093,0.03362293,-0.05132415,51.15004744,7.04417671,1.71855422,0.07438386,145.81526104,79.00000000,199.41365462,0.27550201,2.02353815,2.61765462,1.26846185,2.22786273,0.85645382,1.32973611,0.06384350,1.34919277,6.91659096,0.03406110,0.14594394,0.33425901,0.31179644,0.02449773,0.00700100,0.09500147,0.02630476,0.30487871,0.08331950,0.28801137,0.07979125,19.88697994,9.82782554,14.73990994,3.05638736,0.31627014,1.76053215,0.07648831,3.23213204,0.17754373,2557.04738649,2.33265269,1749.34199720
MnAlCrFeCoCuNi,FCC+BCC+Sec.,CAST,,,1,298.15000000,1005.00000000,,15.00000000,,,,10.1016/j.msea.2008.08.025,2008,"Effects of Mn, Ti and V on the microstructure and properties of AlCrFeCoNiCu high entropy alloy",S4,MnAlCrFeCoCuNi,1.43253154,1.42594456,1613.84857143,12.16067166,2.89731592,0.14300000,0.14300000,0.14300000,0.14300000,0.14300000,0.14300000,0.14300000,0.00000000,0.00000000,0.00000000,0.00000000,0.00000000,0.00000000,0.00000000,0.00000000,0.00016777,2.66733415,175.34016484,0.08849387,0.06929336,-0.03930397,-0.02831668,-0.02968592,-0.04751720,-0.04888643,0.00961823,0.04204204,0.01759032,52.99046837,6.42857143,1.76285714,0.03531814,146.85714286,71.85714286,185.28571429,0.29285714,2.03314286,2.48385714,1.09100000,2.35352000,0.63442857,1.52225529,0.02373143,1.39285714,7.23585057,0.03517986,0.14802796,0.36201468,0.33351865,0.02525576,0.00700625,0.09552728,0.02610091,0.31146372,0.07429141,0.29444752,0.07209293,18.03002917,8.86805819,12.94463633,3.91510921,0.36610311,1.82828283,0.06041717,9.56152176,0.18474472,2492.62987028,2.17513010,1667.70342118
MnCrFeCoNi,FCC+BCC,CAST,0.40000000,4.06700000,1,298.15000000,1314.00000000,,,20.30000000,,,10.1016/j.jallcom.2018.10.168,2019,Microstructure and mechanical properties of FeCoCrNiMnAlx high-entropy alloys prepared by mechanical alloying and hot-pressed sintering,S4,MnCrFeCoNi,1.40650029,1.41422145,1801.20000000,11.63409043,2.85487749,0.20000000,0.20000000,0.20000000,0.20000000,0.20000000,0.00000000,0.00000000,0.00000000,0.00000000,0.00000000,0.00000000,0.00000000,0.00000000,0.00000000,0.00000000,0.00013869,2.61954083,230.32418384,0.05505080,0.02435741,0.01085192,-0.02072488,-0.03480299,-0.05141827,-0.06549638,0.01381816,0.07354443,0.12991747,56.08114800,8.00000000,1.76600000,0.05972627,162.40000000,85.80000000,219.40000000,0.27200000,2.24940000,2.84720000,1.27540000,2.74994800,0.81420000,1.30715740,0.05117000,1.57180000,8.00449346,0.01263969,0.04879624,0.17230507,0.13772357,0.00878364,0.00222573,0.03840524,0.00894387,0.11646451,0.03813893,0.09516934,0.03115599,21.21316141,9.43058656,13.49609455,3.49692950,0.34374350,1.74725275,0.01447840,12.05360587,0.16552854,637.99175850,1.15039615,331.56468237
Nb19Al196Cr196Fe196(CoNi)196,BCC,CAST,,5.57620000,1,298.15000000,1641.00000000,3285.00000000,,17.00000000,,182.00000000,10.1016/j.msea.2011.10.110,2012,Effect of Nb addition on the microstructure and properties of AlCoCrFeNi high-entropy alloy,S4,Nb19Al196Cr196Fe196(CoNi)196,1.44091624,1.42712727,1704.33705706,12.34870516,2.91217279,0.01900000,0.19600000,0.19600000,0.19600000,0.19600000,0.19600000,0.00000000,0.00000000,0.00000000,0.00000000,0.00000000,0.00000000,0.00000000,0.00000000,0.00000000,0.00014411,2.69723602,189.48914892,0.00734633,-0.01190802,-0.08721930,-0.04611642,-0.04253228,-0.06537076,-0.06178663,-0.03794586,0.03491210,-0.03921705,51.29656757,7.15815816,1.77461461,0.07413085,153.91191191,74.29629630,192.11111111,0.29601602,2.17078779,2.47114615,1.16388188,2.16822967,0.64476677,1.38632178,0.06157532,1.30726426,6.89789022,0.04517315,0.17968531,0.38554916,0.35644934,0.03290909,0.00961006,0.12007644,0.03566184,0.34472286,0.10490057,0.32912651,0.10227297,18.73764192,8.63172440,14.33347674,3.83262022,0.30290329,1.84097372,0.17452417,5.32598779,0.17493605,3368.10565161,2.61072821,2381.16238198
Nb285Re142(MoW)285,BCC,CAST,,4.63540000,1,298.15000000,896.00000000,,10.40000000,7.08000000,,298.00000000,10.1016/j.jallcom.2018.11.111,2019,"Microstructure evolution, mechanical properties and strengthening mechanism of refractory high-entropy alloy matrix composites with addition of TaC",S4,Nb285Re142(MoW)285,1.57054216,1.56595483,3162.85155466,16.19428163,3.18760056,0.28600000,0.14200000,0.28600000,0.28600000,0.00000000,0.00000000,0.00000000,0.00000000,0.00000000,0.00000000,0.00000000,0.00000000,0.00000000,0.00000000,0.00000000,0.00011644,2.98279124,211.45790989,-0.06746459,-0.06746459,-0.06043031,-0.09903060,-0.10933957,-0.09903060,-0.10933957,0.02849763,0.23125058,0.40313148,133.05618084,5.85656971,2.02006018,0.28191113,267.66298897,118.25576730,307.49348044,0.32572718,3.18349248,3.49992778,1.81899699,1.60806670,1.18177031,0.82955423,0.32022482,1.68093079,13.64340464,0.02382148,0.07174219,0.45451890,0.44065903,0.01816334,0.00679094,0.05412605,0.02009229,0.42417285,0.16122722,0.40849602,0.15531778,32.64501380,10.25446551,19.42079588,2.96159732,0.27457484,1.96615842,0.04956235,3.71875568,0.09426620,1720.61948471,3.08730173,1269.75463583
Nb47Al190Cr190Fe190(CoNi)190,BCC+Sec.,CAST,,6.54640000,1,298.15000000,1959.00000000,3008.00000000,,11.00000000,,,10.1016/j.msea.2011.10.110,2012,Effect of Nb addition on the microstructure and properties of AlCoCrFeNi high-entropy alloy,S4,Nb47Al190Cr190Fe190(CoNi)190,1.44620270,1.43284879,1734.31374122,12.49088173,2.92330658,0.04700000,0.19100000,0.19100000,0.19100000,0.19100000,0.19100000,0.00000000,0.00000000,0.00000000,0.00000000,0.00000000,0.00000000,0.00000000,0.00000000,0.00000000,0.00014862,2.71311946,189.11462525,0.03301263,0.01385967,-0.08751523,-0.03796867,-0.03296994,-0.05712163,-0.05212290,-0.05655037,0.02247049,-0.09585900,52.48942251,7.09628887,1.76960883,0.07901031,154.37311936,73.25576730,189.61384152,0.29899699,2.18466901,2.47727683,1.16577733,2.17074584,0.64560481,1.36211868,0.06841039,1.31149950,6.97795384,0.04961217,0.18919730,0.39414924,0.36409213,0.03625751,0.00924551,0.12754718,0.03417024,0.34845129,0.10065256,0.33225673,0.09817556,18.54585318,8.48909062,14.14095331,3.83714120,0.30589874,1.85305480,0.17672392,6.78870305,0.17191238,3588.53950564,2.70667853,2562.00345760
Nb90Al181Cr181Fe181(CoNi)181,BCC+Sec.,CAST,,7.32060000,1,298.15000000,2473.00000000,3170.00000000,,4.00000000,,,10.1016/j.msea.2011.10.110,2012,Effect of Nb addition on the microstructure and properties of AlCoCrFeNi high-entropy alloy,S4,Nb90Al181Cr181Fe181(CoNi)181,1.45434430,1.44223178,1780.48032161,12.71197328,2.94045354,0.09000000,0.18200000,0.18200000,0.18200000,0.18200000,0.18200000,0.00000000,0.00000000,0.00000000,0.00000000,0.00000000,0.00000000,0.00000000,0.00000000,0.00000000,0.00015228,2.73470495,188.53782772,0.05769835,0.03941596,-0.08648298,-0.07070569,-0.06985867,-0.08898808,-0.08814106,-0.02632136,0.06020373,0.00369627,54.32651807,7.00100503,1.76189950,0.08652509,155.08341709,71.65326633,185.76783920,0.30358794,2.20604724,2.48671859,1.16869648,2.17462094,0.64689548,1.32484389,0.07893697,1.31802211,7.09656677,0.05508298,0.20073094,0.40682109,0.37527679,0.04067407,0.00869273,0.13757568,0.03191493,0.35312571,0.09422442,0.33610948,0.09197345,18.24655778,8.27115461,13.84389354,3.84408097,0.31061554,1.87186296,0.18011171,3.83462787,0.16745481,3849.68748190,2.82167838,2778.57587270
NbVCrFeMo,BCC+Laves,CAST,,8.09480000,1,298.15000000,2663.00000000,,2.70000000,,,,10.1007/s40195-019-00935-x,2019,"Microstructure, Mechanical Properties, and Corrosion Behavior of MoNbFeCrV, MoNbFeCrTi, and MoNbFeVTi High-Entropy Alloys",S4,NbVCrFeMo,1.50247472,1.50110715,2364.00000000,14.11002965,3.04452334,0.20000000,0.20000000,0.20000000,0.20000000,0.20000000,0.00000000,0.00000000,0.00000000,0.00000000,0.00000000,0.00000000,0.00000000,0.00000000,0.00000000,0.00000000,0.00013869,2.84810863,208.94197156,0.14083959,0.16228247,0.02817411,-0.01662924,-0.03641179,0.00481364,-0.01496891,0.06173293,0.32962298,0.33912368,69.52579600,6.00000000,1.77600000,0.26789005,186.80000000,81.60000000,210.40000000,0.31600000,2.59880000,3.02040000,1.61200000,2.08392800,1.06820000,0.87798700,0.30317020,1.40840000,8.18215000,0.05372456,0.16162154,0.43102426,0.40703506,0.04154204,0.01100661,0.11984656,0.03176967,0.34805482,0.08339327,0.32378115,0.07755013,21.51493795,8.27879712,15.27615588,2.82756038,0.34732133,1.92397661,0.16635017,19.71615256,0.12612098,3406.38597254,3.14400870,2524.55444562
Ta10Ti130Nb419V120Cr120Mo199,BCC+Sec.,POWDER,0.07500000,7.26180000,1,298.15000000,2680.00000000,,,,,,10.1016/j.ijrmhm.2019.02.009,2019,"Fabrication, microstructure and mechanical property of a novel Nb-rich refractory high-entropy alloy strengthened by in-situ formation of dispersoids",S4,Ta10Ti130Nb419V120Cr120Mo199,1.56991999,1.56841537,2542.42885772,16.14209653,3.18417293,0.01000000,0.13000000,0.42000000,0.12000000,0.12000000,0.19900000,0.00000000,0.00000000,0.00000000,0.00000000,0.00000000,0.00000000,0.00000000,0.00000000,0.00000000,0.00012976,2.97681694,193.83731373,0.07734498,0.06932898,-0.00077770,-0.01954519,-0.04177478,-0.02756120,-0.04979078,0.15899914,0.33782111,0.36107521,78.56165733,5.18937876,1.71366733,0.25739382,180.26853707,66.95991984,175.59719439,0.34457916,2.60980461,2.96016132,1.35969940,2.45751363,0.89782665,0.75393238,0.28663327,1.60046192,8.08165098,0.04575223,0.12631451,0.56695886,0.53442418,0.03591221,0.01408215,0.10152992,0.03995525,0.36775357,0.14222688,0.34751285,0.13365596,18.46469771,7.07512648,11.53710528,3.29702990,0.47356606,2.05147452,0.11799375,16.87874691,0.11726975,2192.02613150,2.61368997,1550.19033058
Ta210Ti157Nb210(MoW)210,BCC,CAST,,4.85688000,1,298.15000000,1304.00000000,1593.00000000,,,,228.00000000,10.1016/j.msea.2017.12.004,2018,Microstructures and mechanical properties of Ti NbMoTaW refractory high-entropy alloys,S4,Ta210Ti157Nb210(MoW)210,1.59430444,1.58847731,2966.14543631,16.96130376,3.23715188,0.21100000,0.15700000,0.21100000,0.21100000,0.21100000,0.00000000,0.00000000,0.00000000,0.00000000,0.00000000,0.00000000,0.00000000,0.00000000,0.00000000,0.00000000,0.00013821,3.02289218,214.30902532,-0.00547989,-0.01888176,-0.06632776,-0.05973890,-0.08856553,-0.07314076,-0.10196739,0.14117513,0.40010631,0.42532808,124.15076590,5.26379137,1.84752257,0.25893117,217.37111334,89.49648947,235.42828485,0.33053159,2.95937813,3.18243932,1.61194082,2.30108526,1.03342528,1.02753137,0.31705115,1.57049850,12.15456905,0.02188091,0.06199047,0.54151223,0.51465620,0.01710894,0.00417717,0.04939697,0.01219959,0.40386127,0.09790182,0.38936173,0.09356877,25.08994492,8.47811391,15.97578411,3.07950598,0.43715358,1.98744494,0.03502023,6.86239461,0.10051766,1087.18729844,2.23603307,733.95006054
Ta217Ti217Al130(VMo)217,BCC,CAST,,,1,298.15000000,962.00000000,1033.00000000,,,,173.00000000,10.4028/www.scientific.net/MSF.898.638,2017,Microstructure and Mechanical Properties of VTaTiMoAlsubx/sub Refractory High Entropy Alloys,S4,Ta217Ti217Al130(VMo)217,1.57215921,1.56472920,2363.32825651,16.11293043,3.18225401,0.21700000,0.21700000,0.13000000,0.21700000,0.21700000,0.00000000,0.00000000,0.00000000,0.00000000,0.00000000,0.00000000,0.00000000,0.00000000,0.00000000,0.00000000,0.00013714,2.96995968,174.32977131,0.00886457,-0.00964046,-0.11375785,-0.05973054,-0.07581496,-0.07823557,-0.09431999,0.05493938,0.22449353,0.20422897,85.20412272,4.73947896,1.69479960,0.16955415,170.58416834,65.13827655,174.15130261,0.33695391,2.51505411,2.78323046,1.19506513,3.07710501,0.72815932,1.10575976,0.18945129,1.58816533,8.78082802,0.03340070,0.09596761,0.52610188,0.50893579,0.02609385,0.00739567,0.07459746,0.02230051,0.34814669,0.10163425,0.34545107,0.09891881,17.95154111,7.13763614,11.30332010,3.82228228,0.64924964,2.01638155,0.05515365,5.42603231,0.12615683,1444.67823174,2.08901729,953.51705447
Ta235Ti235Nb235Al58V235,BCC,CAST,,,1,298.15000000,1330.00000000,,,,,130.00000000,10.1016/j.proeng.2012.03.043,2012,Microstructure and Compressive Properties of NbTiVTaAlx High Entropy Alloys,S4,Ta235Ti235Nb235Al58V235,1.58880584,1.58935852,2447.56769539,16.72417986,3.22199559,0.23500000,0.23500000,0.23500000,0.05800000,0.23500000,0.00000000,0.00000000,0.00000000,0.00000000,0.00000000,0.00000000,0.00000000,0.00000000,0.00000000,0.00000000,0.00013154,3.01362831,162.52065503,0.07823782,0.05819781,-0.03749373,-0.04250108,-0.06296848,-0.06254109,-0.08300850,0.04749320,0.19881328,0.18004489,89.31931647,4.64829659,1.56996994,0.15132008,154.41182365,47.66332665,130.04509018,0.35706413,2.54621743,2.73356413,1.06729760,3.56869760,0.59927856,1.01969809,0.17755849,1.66626653,8.86849561,0.03597180,0.10007851,0.24874938,0.25985033,0.02831010,0.00961497,0.08042899,0.02828748,0.18300883,0.05719413,0.18846551,0.05974264,13.29964118,5.22329358,7.98170096,4.56142489,0.76774309,2.11073015,0.05560959,7.57500054,0.12181481,1188.19418059,1.68207176,721.45742923
Ta235Ti58Nb235(MoW)235,BCC,CAST,,4.68734000,1,298.15000000,1109.00000000,1197.00000000,,,,242.00000000,10.1016/j.msea.2017.12.004,2018,Microstructures and mechanical properties of Ti NbMoTaW refractory high-entropy alloys,S4,Ta235Ti58Nb235(MoW)235,1.59189541,1.58640157,3087.03707415,16.88015139,3.23198084,0.23500000,0.05800000,0.23500000,0.23500000,0.23500000,0.00000000,0.00000000,0.00000000,0.00000000,0.00000000,0.00000000,0.00000000,0.00000000,0.00000000,0.00000000,0.00013154,3.02255832,226.43452930,-0.02778432,-0.03273036,-0.06109148,-0.08090376,-0.10634776,-0.08584981,-0.11129380,0.15717998,0.45112178,0.48106768,133.14663036,5.41282565,1.88378758,0.29394180,230.38677355,94.86172345,249.51202405,0.33177355,3.06072144,3.26103006,1.75898798,1.97939228,1.10871242,1.01355290,0.36623246,1.50204208,13.09794723,0.02255912,0.06441679,0.51132966,0.48313435,0.01771194,0.00456159,0.05118548,0.01333377,0.40193879,0.11114302,0.38407900,0.10725359,26.55158308,8.67494268,17.67699012,2.94127673,0.36568558,1.99299735,0.03729797,5.01904461,0.09658128,1217.41068725,2.42439960,842.62594701
Ta238Ti238Al47(VMo)238,BCC,CAST,,,1,298.15000000,1021.00000000,1249.00000000,,,,183.00000000,10.4028/www.scientific.net/MSF.898.638,2017,Microstructure and Mechanical Properties of VTaTiMoAlsubx/sub Refractory High Entropy Alloys,S4,Ta238Ti238Al47(VMo)238,1.57116700,1.56822356,2500.14618619,16.17780525,3.18651915,0.23800000,0.23800000,0.04700000,0.23800000,0.23800000,0.00000000,0.00000000,0.00000000,0.00000000,0.00000000,0.00000000,0.00000000,0.00000000,0.00000000,0.00000000,0.00013015,2.97197059,183.76054198,0.03461927,0.01434375,-0.07682989,-0.00409099,-0.02096800,-0.02436652,-0.04124353,0.05146014,0.23975015,0.18672048,90.77464540,4.90590591,1.70291291,0.18829001,179.63363363,68.88288288,184.11611612,0.33570571,2.64470070,2.93480380,1.26768969,3.29957207,0.78347548,1.10439730,0.21375770,1.66711411,9.31739167,0.03456257,0.09922812,0.48718168,0.46942905,0.02715146,0.00834348,0.07825966,0.02450779,0.32178576,0.10301647,0.31823797,0.09987419,19.00896537,7.18756771,11.40231806,3.74587833,0.67257141,2.01071380,0.05897305,79.53703514,0.11925303,1591.34004131,2.26370881,1078.52170942
Ta2Ti2Nb2AlV2,BCC,CAST,,,1,298.15000000,1014.00000000,,,,,127.00000000,10.1016/j.proeng.2012.03.043,2012,Microstructure and Compressive Properties of NbTiVTaAlx High Entropy Alloys,S4,Ta2Ti2Nb2AlV2,1.58845271,1.58595446,2362.36888889,16.65041137,3.21725132,0.22200000,0.22200000,0.22200000,0.11100000,0.22200000,0.00000000,0.00000000,0.00000000,0.00000000,0.00000000,0.00000000,0.00000000,0.00000000,0.00000000,0.00000000,0.00013620,3.01113035,157.63909947,0.05855072,0.03963825,-0.06638701,-0.07139085,-0.08919361,-0.09030332,-0.10810607,0.04082081,0.18214874,0.16135917,85.81189540,4.55555556,1.57222222,0.14132793,150.00000000,46.44444444,126.66666667,0.35666667,2.46822222,2.64722222,1.03177778,3.41021111,0.57400000,1.02534156,0.16393367,1.61544444,8.55799288,0.03550992,0.09809513,0.27028200,0.28124673,0.02798922,0.00888242,0.07798572,0.02645666,0.20208669,0.05859152,0.20734244,0.06100830,12.94045038,5.24282225,8.01045832,4.61188540,0.74858293,2.10880829,0.05340398,4.50687840,0.12620806,1125.94754573,1.60921747,670.41166393
Ta2TiNb2(MoW)2,BCC,CAST,,4.71576000,1,298.15000000,1211.00000000,1578.00000000,,,,234.00000000,10.1016/j.msea.2017.12.004,2018,Microstructures and mechanical properties of Ti NbMoTaW refractory high-entropy alloys,S4,Ta2TiNb2(MoW)2,1.59318035,1.58740094,3022.55555556,16.92340438,3.23473898,0.22200000,0.11100000,0.22200000,0.22200000,0.22200000,0.00000000,0.00000000,0.00000000,0.00000000,0.00000000,0.00000000,0.00000000,0.00000000,0.00000000,0.00000000,0.00013620,3.02255050,219.96699421,-0.01561968,-0.02507591,-0.06517558,-0.06943476,-0.09710842,-0.07889099,-0.10656465,0.14943627,0.42470401,0.45197072,128.34839111,5.33333333,1.86444444,0.27526774,223.44444444,92.00000000,242.00000000,0.33111111,3.00666667,3.21911111,1.68055556,2.15097778,1.06855556,1.02100878,0.34000000,1.53855556,12.59366368,0.02222504,0.06316765,0.52779298,0.50033570,0.01740837,0.00435968,0.05028249,0.01273762,0.40376176,0.10198841,0.38775410,0.09837453,25.77256844,8.57180768,16.75114580,3.01258189,0.40330833,1.99003322,0.03608306,5.92881701,0.09864169,1147.97618255,2.32440548,784.50285820
TaNbVMo,BCC,ANNEAL,200.00000000,4.93920000,1,298.15000000,1525.00000000,2400.00000000,21.00000000,,,186.00000000,10.3390/e18050189,2016,MoNbTaV Medium-Entropy Alloy,S4,TaNbVMo,1.57325327,1.57790369,2779.75000000,16.28921419,3.19381711,0.25000000,0.25000000,0.25000000,0.25000000,0.00000000,0.00000000,0.00000000,0.00000000,0.00000000,0.00000000,0.00000000,0.00000000,0.00000000,0.00000000,0.00000000,0.00011946,2.99839682,205.32711230,0.07391917,0.07391917,-0.03685273,-0.06304367,-0.09283018,-0.06304367,-0.09283018,0.12571561,0.39517179,0.41087947,105.18394000,5.25000000,1.72250000,0.26945618,200.50000000,69.50000000,187.00000000,0.35500000,2.85675000,3.06275000,1.52500000,2.73210000,0.88450000,0.95262425,0.32750000,1.53775000,10.72256517,0.03649748,0.10543039,0.49305513,0.46596231,0.02875402,0.00916877,0.08369820,0.02665721,0.32752484,0.10800722,0.31625867,0.10304423,19.22319093,6.72904207,12.50085575,3.46269079,0.52040000,2.10077519,0.08266877,5.26735437,0.10725785,1845.51251262,2.46555582,1283.70437335
TaNbVW,BCC,CAST,,,1,298.15000000,1530.00000000,1700.00000000,12.00000000,,,206.00000000,10.1016/j.msea.2016.07.102,2016,"NbTaV-(Ti,W) refractory high-entropy alloys: Experiments and modeling",S4,TaNbVW,1.57571513,1.57880639,2979.50000000,16.35533881,3.19813295,0.25000000,0.25000000,0.25000000,0.25000000,0.00000000,0.00000000,0.00000000,0.00000000,0.00000000,0.00000000,0.00000000,0.00000000,0.00000000,0.00000000,0.00000000,0.00011946,3.00486015,214.86274223,0.10226640,0.10226640,-0.01531263,-0.08539142,-0.11185496,-0.08539142,-0.11185496,0.12569989,0.40467178,0.41758356,127.15894000,5.25000000,1.77250000,0.27897189,210.00000000,78.25000000,207.50000000,0.34750000,3.02550000,3.20050000,1.66750000,2.65562500,0.97475000,0.97699250,0.35250000,1.53300000,12.91031229,0.03595027,0.10333228,0.62511316,0.58381420,0.02828990,0.00929376,0.08212607,0.02709501,0.38249272,0.12983271,0.36682703,0.12334922,21.67262376,7.16331970,14.13739319,3.28340600,0.50583333,2.06513410,0.08175054,4.16828545,0.10006713,1977.28095341,2.71894057,1413.36268420
TaTiNbAlV,BCC,CAST,,,1,298.15000000,993.00000000,,,,,122.00000000,10.1016/j.proeng.2012.03.043,2012,Microstructure and Compressive Properties of NbTiVTaAlx High Entropy Alloys,S4,TaTiNbAlV,1.58786041,1.58040615,2219.46400000,16.52716631,3.20929371,0.20000000,0.20000000,0.20000000,0.20000000,0.20000000,0.00000000,0.00000000,0.00000000,0.00000000,0.00000000,0.00000000,0.00000000,0.00000000,0.00000000,0.00000000,0.00013869,3.00586017,149.45121299,0.03360432,0.01658310,-0.09449346,-0.10450658,-0.11636870,-0.12152780,-0.13338992,0.03242460,0.15699260,0.13930039,79.92885972,4.40000000,1.57600000,0.12456800,142.60000000,44.40000000,121.00000000,0.35600000,2.33740000,2.50240000,0.97220000,3.14438000,0.53160000,1.03480740,0.14108060,1.53020000,8.03072240,0.03459657,0.09486544,0.30170094,0.31265458,0.02727716,0.00769634,0.07371088,0.02344542,0.22683477,0.06189677,0.23191809,0.06302354,12.34022465,5.27946635,8.06445213,4.70729872,0.71463182,2.10559006,0.04970450,2.94544924,0.13433424,1027.29952263,1.49177124,590.13673067
TaTiNbV,BCC,CAST,,,1,298.15000000,1092.59000000,,,,,134.00000000,10.1016/j.proeng.2012.03.043,2012,Microstructure and Compressive Properties of NbTiVTaAlx High Entropy Alloys,S4,TaTiNbV,1.58919309,1.59611197,2541.00000000,16.80532736,3.22719834,0.25000000,0.25000000,0.25000000,0.25000000,0.00000000,0.00000000,0.00000000,0.00000000,0.00000000,0.00000000,0.00000000,0.00000000,0.00000000,0.00000000,0.00000000,0.00011946,3.02477135,167.87395756,0.16381953,0.14254301,0.02152685,0.01012169,-0.02704005,-0.01115483,-0.04831657,0.05394908,0.21622693,0.21755193,93.16569000,4.75000000,1.56750000,0.16227785,159.25000000,49.00000000,133.75000000,0.35750000,2.63175000,2.82825000,1.10625000,3.74250000,0.62700000,1.01350925,0.19250000,1.72200000,9.20573400,0.03652723,0.10229805,0.22215858,0.23360000,0.02857712,0.01043945,0.08302676,0.03032528,0.15774659,0.05446287,0.16359645,0.05717816,13.69469515,5.20364592,7.95278464,4.51076555,0.78789474,2.11284047,0.07052821,29.99023465,0.11733569,1259.44672567,1.76440680,780.23410766
TaTiNbVMo,BCC,CAST,,,1,298.15000000,1400.00000000,2450.00000000,,,,171.00000000,10.1016/j.jallcom.2016.11.188,2017,Mechanical properties of refractory high-entropy alloys: Experiments and modeling,S4,TaTiNbVMo,1.58154915,1.58210974,2612.00000000,16.55747024,3.21125401,0.20000000,0.20000000,0.20000000,0.20000000,0.20000000,0.00000000,0.00000000,0.00000000,0.00000000,0.00000000,0.00000000,0.00000000,0.00000000,0.00000000,0.00000000,0.00013869,3.00264717,186.55895416,0.08220898,0.06518776,-0.04188117,-0.02507616,-0.05911743,-0.04209738,-0.07613865,0.09192118,0.29989523,0.31499836,93.72055200,5.00000000,1.68600000,0.20797405,181.80000000,64.40000000,172.80000000,0.34800000,2.70540000,2.95340000,1.29300000,3.19148000,0.78660000,0.99131280,0.24200000,1.66040000,9.39918610,0.03419062,0.09764275,0.50158885,0.48002975,0.02691082,0.00773561,0.07827236,0.02247522,0.30691031,0.09126058,0.30089934,0.08806922,17.90981743,6.62002566,10.78644750,3.75464022,0.63829600,2.06748466,0.06516612,14.44638403,0.11414625,1511.24161449,2.18307006,1012.31533486
TaTiNbVW,BCC,CAST,,,1,298.15000000,1420.00000000,1800.00000000,20.00000000,,,187.00000000,10.1016/j.msea.2016.07.102,2016,"NbTaV-(Ti,W) refractory high-entropy alloys: Experiments and modeling",S4,TaTiNbVW,1.58351864,1.58545023,2771.80000000,16.61093437,3.21470668,0.20000000,0.20000000,0.20000000,0.20000000,0.20000000,0.00000000,0.00000000,0.00000000,0.00000000,0.00000000,0.00000000,0.00000000,0.00000000,0.00000000,0.00000000,0.00013869,3.00842194,194.18745810,0.11196218,0.09494096,-0.02076050,-0.03433885,-0.06508676,-0.05136007,-0.08210798,0.09741425,0.31300087,0.31890537,111.30055200,5.00000000,1.72600000,0.21558662,189.40000000,71.40000000,189.20000000,0.34200000,2.84040000,3.06360000,1.40700000,3.13030000,0.85880000,1.01080740,0.26200000,1.65660000,11.12634827,0.03359385,0.09536824,0.64209844,0.60447557,0.02634246,0.00781161,0.07633544,0.02274168,0.35607643,0.10921817,0.34580288,0.10470298,19.87788603,6.99826997,11.99920683,3.56730321,0.62606000,2.03951368,0.06361750,11.19497718,0.10756548,1594.44807599,2.36871148,1095.92737549
TaTiVMo,BCC,CAST,,,1,298.15000000,1221.00000000,1454.00000000,,,,189.00000000,10.4028/www.scientific.net/MSF.898.638,2017,Microstructure and Mechanical Properties of VTaTiMoAlsubx/sub Refractory High Entropy Alloys,S4,TaTiVMo,1.57060603,1.57034397,2577.50000000,16.21456097,3.18893057,0.25000000,0.25000000,0.25000000,0.25000000,0.00000000,0.00000000,0.00000000,0.00000000,0.00000000,0.00000000,0.00000000,0.00000000,0.00000000,0.00000000,0.00000000,0.00011946,2.97728185,189.09248992,0.08789631,0.06661979,-0.06724485,0.00289983,-0.03090381,-0.01837669,-0.05218033,0.09045360,0.28933645,0.30466542,93.92409500,5.00000000,1.70750000,0.19888285,184.75000000,71.00000000,189.75000000,0.33500000,2.71800000,3.02050000,1.30875000,3.42535000,0.81475000,1.10362700,0.22750000,1.71175000,9.61880718,0.03518242,0.10112830,0.46425492,0.44606864,0.02770746,0.00889476,0.08024723,0.02576133,0.30323811,0.10282403,0.29906052,0.09940248,19.60803366,7.21414042,11.45496343,3.70727217,0.68507000,2.00751880,0.07474389,106.18271205,0.11567410,1678.69998269,2.36583644,1153.41191787
Ti117Al196Cr196Fe196(Ni2Mo)98,BCC+B2,CAST,,7.40978000,1,298.15000000,1314.50000000,1314.50000000,,,,,10.1088/0256-307X/35/3/036102,2018,Microstructures and Mechanical Properties of AlCrFeNiMo 0.5 Ti  x  High Entropy Alloys,S4,Ti117Al196Cr196Fe196(Ni2Mo)98,1.47996068,1.46426152,1816.57629630,13.38432897,2.99140719,0.11700000,0.19600000,0.19600000,0.19600000,0.19600000,0.09800000,0.00000000,0.00000000,0.00000000,0.00000000,0.00000000,0.00000000,0.00000000,0.00000000,0.00000000,0.00015135,2.77445998,175.96867904,0.01202681,0.02156075,-0.11112712,-0.13772820,-0.14316790,-0.12819426,-0.13363396,0.06024149,0.17718429,0.29608630,52.98468725,6.35435435,1.76758759,0.11694280,154.57757758,76.17617618,194.96896897,0.29547548,2.16023223,2.50913313,1.24170270,2.06407131,0.78817718,1.38875973,0.10481980,1.26743043,6.57359838,0.05563061,0.19108943,0.44731919,0.42904604,0.04254669,0.00853133,0.14090189,0.03020348,0.38203028,0.10545417,0.36706926,0.10204385,19.73446390,9.13534369,15.57045138,3.18346332,0.32482786,1.83879401,0.17793035,1.99619705,0.16412743,3742.68966250,3.02038219,2747.53600784
Ti133Al200Cr166Fe166(CoNi)166,BCC+B2,CAST,49.95000000,6.26808000,1,298.15000000,1503.00000000,,7.73000000,,,,10.1016/j.jallcom.2019.07.100,2019,"Effects of Ti-to-Al ratios on the phases, microstructures, mechanical properties, and corrosion resistance of Al2-xCoCrFeNiTix high-entropy alloys",S4,Ti133Al200Cr166Fe166(CoNi)166,1.46595638,1.44599868,1692.73721163,13.00395287,2.96279630,0.13300000,0.20100000,0.16600000,0.16600000,0.16600000,0.16600000,0.00000000,0.00000000,0.00000000,0.00000000,0.00000000,0.00000000,0.00000000,0.00000000,0.00000000,0.00015366,2.73267413,175.41599955,-0.03949528,-0.06807425,-0.14706473,-0.12383328,-0.12154742,-0.15241225,-0.15012639,0.02470746,0.07771496,0.17104017,49.33827090,6.62988967,1.74052156,0.05300750,144.73721163,69.19358074,179.19959880,0.29937813,2.11905918,2.43029488,1.03142126,2.50014026,0.59410331,1.35881623,0.03187014,1.39887362,6.30025217,0.05892748,0.20510464,0.42160305,0.39346719,0.04384812,0.00920844,0.14574656,0.03366257,0.35638870,0.10091068,0.34309075,0.09829719,17.75408242,8.37828533,12.69169863,4.09069407,0.37710134,1.85460688,0.15695189,2.10051057,0.17613484,3778.97423878,2.81034127,2724.71160026
Ti142Al190Cr190Fe190(Ni2Mo)95,BCC+B2,CAST,,7.50876000,1,298.15000000,618.80000000,618.80000000,,,,,10.1088/0256-307X/35/3/036102,2018,Microstructures and Mechanical Properties of AlCrFeNiMo 0.5 Ti  x  High Entropy Alloys,S4,Ti142Al190Cr190Fe190(Ni2Mo)95,1.48382428,1.46801112,1820.14322969,13.49607423,2.99970917,0.14200000,0.19100000,0.19100000,0.19100000,0.19100000,0.09500000,0.00000000,0.00000000,0.00000000,0.00000000,0.00000000,0.00000000,0.00000000,0.00000000,0.00000000,0.00015215,2.78106558,174.12012232,0.01323114,0.02005197,-0.11540817,-0.14007930,-0.14559559,-0.13325846,-0.13877476,0.06271250,0.17521476,0.30249927,52.83797526,6.28686058,1.76106319,0.11250226,153.21364092,75.25376128,192.70511535,0.29617854,2.15850552,2.50932999,1.21656971,2.14906881,0.77690572,1.38180231,0.09894810,1.29276028,6.50111881,0.05707156,0.19296366,0.45193220,0.43324961,0.04374095,0.00860198,0.14326332,0.03013877,0.38119129,0.10138276,0.36626313,0.09809906,19.54960534,9.05700967,15.12237468,3.22990285,0.34183497,1.84162973,0.17828918,1.97693301,0.16380579,3753.50507061,3.03147418,2757.91165228
Ti142Cr285(FeNi)285,BCC,CAST,,6.95408000,1,298.15000000,2380.79000000,,,,,208.00000000,10.1557/jmr.2019.40,2019,Effects of titanium addition on microstructure and mechanical properties of CrFeNiTix (x = 0.2–0.6) compositionally complex alloys,S4,Ti142Cr285(FeNi)285,1.43668858,1.43445640,1911.27081244,12.43727287,2.91911846,0.14200000,0.28600000,0.28600000,0.28600000,0.00000000,0.00000000,0.00000000,0.00000000,0.00000000,0.00000000,0.00000000,0.00000000,0.00000000,0.00000000,0.00000000,0.00011644,2.68661493,194.23705935,0.01873713,0.03726375,-0.04315136,-0.05927795,-0.07004610,-0.04075133,-0.05151948,0.08175973,0.20487518,0.37491400,54.42271464,7.43029087,1.76296891,0.12311545,161.59879639,84.30591775,213.76328987,0.27712136,2.32782849,2.74840221,1.38265296,2.50940562,0.89067703,1.54193028,0.11112040,1.36574925,7.26615122,0.05122959,0.17277458,0.27098871,0.24009788,0.03579898,0.01021910,0.11070900,0.03086422,0.21743635,0.07070542,0.19719029,0.06230406,21.31279519,9.15565529,15.60520368,3.08574501,0.33772643,1.76671615,0.17437138,3.75419914,0.15599569,3433.40637509,2.82800780,2479.54396909
Ti166Cr277(FeNi)277,BCC,CAST,,7.03836000,1,298.15000000,1923.15000000,,,,,204.00000000,10.1557/jmr.2019.40,2019,Effects of titanium addition on microstructure and mechanical properties of CrFeNiTix (x = 0.2–0.6) compositionally complex alloys,S4,Ti166Cr277(FeNi)277,1.44168631,1.43884214,1912.10531595,12.56756512,2.92927658,0.16600000,0.27800000,0.27800000,0.27800000,0.00000000,0.00000000,0.00000000,0.00000000,0.00000000,0.00000000,0.00000000,0.00000000,0.00000000,0.00000000,0.00000000,0.00011769,2.69524435,191.91423162,0.02350692,0.03912455,-0.05063415,-0.06514943,-0.07588531,-0.04953180,-0.06026768,0.08759787,0.20619206,0.39193005,54.23869458,7.33400201,1.75671013,0.11859419,160.06619860,83.17452357,211.01905717,0.27832497,2.32143330,2.74187864,1.35408726,2.58013107,0.87676329,1.53081833,0.10519421,1.38779137,7.16650615,0.05436582,0.18149028,0.28237428,0.25169706,0.03856171,0.01177741,0.11837938,0.03505183,0.22702775,0.07167140,0.20723889,0.06349000,21.09994550,9.08918878,15.20397510,3.12727354,0.35180398,1.77133049,0.17799767,3.45412976,0.15592760,3629.66000850,2.91838836,2642.20310780
Ti200Al133Cr166Fe166(CoNi)166,BCC+B2+Laves,CAST,22.03000000,8.39762000,1,298.15000000,1272.00000000,,3.15000000,,,,10.1016/j.jallcom.2019.07.100,2019,"Effects of Ti-to-Al ratios on the phases, microstructures, mechanical properties, and corrosion resistance of Al2-xCoCrFeNiTix high-entropy alloys",S4,Ti200Al133Cr166Fe166(CoNi)166,1.46812047,1.45468807,1760.45492477,13.13118942,2.97242807,0.20100000,0.13300000,0.16600000,0.16600000,0.16600000,0.16600000,0.00000000,0.00000000,0.00000000,0.00000000,0.00000000,0.00000000,0.00000000,0.00000000,0.00000000,0.00015366,2.73521887,177.81684992,-0.03253092,-0.06585930,-0.14090446,-0.11252378,-0.11241356,-0.14585217,-0.14574195,0.02556713,0.07778951,0.17200622,50.74180743,6.69709127,1.73581745,0.05222238,146.82046138,70.40320963,182.29087262,0.29736209,2.18222869,2.51879940,1.02664995,2.78756824,0.61056770,1.36056797,0.02949100,1.49214945,6.41669298,0.06264315,0.20985247,0.39333063,0.36508207,0.04709249,0.01323276,0.14997004,0.03895640,0.32687024,0.06784719,0.31386479,0.06607194,18.12318169,8.30489573,12.14568803,4.12534005,0.41623567,1.84641628,0.16616624,2.40410416,0.16935963,3940.84244394,2.92320072,2869.90466510
Ti210Nb210Al157(VMo)210,BCC,CAST,,5.06660000,1,298.15000000,1260.00000000,1300.00000000,8.00000000,,,151.00000000,10.3390/e16020870,2014,Microstructures and Crackling Noise of AlxNbTiMoV High Entropy Alloys,S4,Ti210Nb210Al157(VMo)210,1.57258738,1.56248644,2204.84577733,16.08372335,3.18033008,0.21100000,0.21100000,0.15700000,0.21100000,0.21100000,0.00000000,0.00000000,0.00000000,0.00000000,0.00000000,0.00000000,0.00000000,0.00000000,0.00000000,0.00000000,0.00013821,2.96624867,166.92397942,-0.01521500,-0.03314106,-0.11902368,-0.11082011,-0.12522977,-0.12874617,-0.14315583,0.05457617,0.22865641,0.25916965,64.83814078,4.68505517,1.71320963,0.17408024,161.30591775,57.80541625,153.83149448,0.35000000,2.36839519,2.64962187,1.11444534,2.79709358,0.69911735,0.88822930,0.18150278,1.53517653,6.69411783,0.03286411,0.09532442,0.62041962,0.59981965,0.02558097,0.00706561,0.07351276,0.02161268,0.35422524,0.11158140,0.34679056,0.10896747,15.92103735,6.72228919,10.37081863,3.78995294,0.59702468,2.07692308,0.04853271,2.74979334,0.13522488,1321.72061449,1.87890360,839.45726644
Ti230Al153Cr153Fe153(CoNi)153,BCC+Sec.,CAST,,,1,298.15000000,2220.00000000,2720.00000000,6.60000000,5.00000000,160.00000000,,10.1063/1.2734517,2007,Solid solution alloys of AlCoCrFeNiTix with excellent room-temperature mechanical properties,S4,Ti230Al153Cr153Fe153(CoNi)153,1.47834614,1.46461027,1743.45624121,13.38746117,2.99164052,0.23100000,0.15400000,0.15400000,0.15400000,0.15400000,0.15400000,0.00000000,0.00000000,0.00000000,0.00000000,0.00000000,0.00000000,0.00000000,0.00000000,0.00000000,0.00015330,2.75522617,171.65308378,-0.02904717,-0.06417411,-0.14856649,-0.11385621,-0.11404261,-0.14898315,-0.14916955,0.02143121,0.06711575,0.15692322,49.88356054,6.46030151,1.72298492,0.04568454,142.82814070,67.83417085,175.81608040,0.30001005,2.14720704,2.47832663,0.97823015,2.82820494,0.58659598,1.34337026,0.02067225,1.50009648,6.18740600,0.06419294,0.21227246,0.41535959,0.38725261,0.04895212,0.01468886,0.15536493,0.04316150,0.33839006,0.07575907,0.32594674,0.07376242,17.57472585,8.18492375,11.71573033,4.22492945,0.43778219,1.85718388,0.16896437,2.34750111,0.17101089,3885.54180689,2.90477222,2825.17093493
Ti235Nb235Al58(VMo)235,BCC,CAST,,4.50800000,1,298.15000000,1250.00000000,1500.00000000,13.00000000,,,161.00000000,10.3390/e16020870,2014,Microstructures and Crackling Noise of AlxNbTiMoV High Entropy Alloys,S4,Ti235Nb235Al58(VMo)235,1.57141492,1.56645054,2354.79214429,16.16016010,3.18536022,0.23500000,0.23500000,0.05800000,0.23500000,0.23500000,0.00000000,0.00000000,0.00000000,0.00000000,0.00000000,0.00000000,0.00000000,0.00000000,0.00000000,0.00000000,0.00013154,2.96841605,177.67458515,0.01638481,-0.00365520,-0.07695531,-0.06113178,-0.08079605,-0.08117179,-0.10083606,0.06066210,0.25836906,0.27866068,69.30243090,4.88376754,1.72538076,0.19770697,171.36573146,61.55611222,163.71743487,0.35000000,2.51089679,2.82068838,1.19445190,3.03827575,0.76387275,0.86089743,0.21052442,1.62623647,7.12118393,0.03426087,0.09916056,0.58675044,0.56616054,0.02686726,0.00818179,0.07795411,0.02425234,0.34248776,0.11752928,0.33362777,0.11446642,16.98088677,6.76287724,10.44183122,3.69261555,0.62211719,2.07692308,0.05246073,5.06679679,0.12661415,1483.50390578,2.06390357,975.05964349
Ti27Al68Cr68Fe68(Ni2Mo)34,BCC+B2,CAST,,7.17262000,1,298.15000000,2185.10000000,3673.40000000,,14.80000000,,,10.1088/0256-307X/35/3/036102,2018,Microstructures and Mechanical Properties of AlCrFeNiMo 0.5 Ti  x  High Entropy Alloys,S4,Ti27Al68Cr68Fe68(Ni2Mo)34,1.47445979,1.45860676,1811.49777778,13.22629544,2.97958701,0.08100000,0.20400000,0.20400000,0.20400000,0.20400000,0.10200000,0.00000000,0.00000000,0.00000000,0.00000000,0.00000000,0.00000000,0.00000000,0.00000000,0.00000000,0.00014939,2.76537848,178.60061200,0.01130021,0.02469701,-0.10200064,-0.12941912,-0.13428447,-0.11602232,-0.12088767,0.05206918,0.17533432,0.27186654,53.19357245,6.45045045,1.77687688,0.12326514,156.51951952,77.48948949,198.19219219,0.29447447,2.16269069,2.50885285,1.27748649,1.94305381,0.80422523,1.39866556,0.11317980,1.23136637,6.67836779,0.05326703,0.18756789,0.44038316,0.42269181,0.04061357,0.00851930,0.13700788,0.03180542,0.38267314,0.11133816,0.36768713,0.10774507,19.99537268,9.24559983,16.23836189,3.11958985,0.30122762,1.83476632,0.17741946,2.09099059,0.16458756,3703.11159291,2.99437939,2712.78940689
Ti2Nb2Al(VMo)2,BCC,CAST,,4.77260000,1,298.15000000,1625.00000000,1800.00000000,11.00000000,,,156.00000000,10.3390/e16020870,2014,Microstructures and Crackling Noise of AlxNbTiMoV High Entropy Alloys,S4,Ti2Nb2Al(VMo)2,1.57204029,1.56429657,2274.81333333,16.11935999,3.18267723,0.22200000,0.22200000,0.11100000,0.22200000,0.22200000,0.00000000,0.00000000,0.00000000,0.00000000,0.00000000,0.00000000,0.00000000,0.00000000,0.00000000,0.00000000,0.00013620,2.96741847,171.94039711,-0.00207990,-0.02099237,-0.10351293,-0.09202764,-0.10901404,-0.11094011,-0.12792650,0.05791219,0.24301707,0.26991233,66.92125540,4.77777778,1.71888889,0.18510487,166.00000000,59.55555556,158.44444444,0.35000000,2.43488889,2.72944444,1.15177778,2.90963333,0.72933333,0.87547578,0.19504478,1.57766667,6.89391111,0.03353302,0.09709087,0.60500139,0.58442207,0.02619873,0.00758018,0.07562070,0.02284204,0.34958726,0.11459638,0.34150949,0.11177997,16.41517468,6.74165247,10.40471668,3.74238269,0.60899302,2.07692308,0.05036559,3.36665142,0.13106570,1395.48654659,1.96397324,901.11947645
Ti30Cr101(FeNi)101,BCC+FCC,CAST,,5.00094000,1,298.15000000,2364.63000000,,,,,,10.1557/jmr.2019.40,2019,Effects of titanium addition on microstructure and mechanical properties of CrFeNiTix (x = 0.2–0.6) compositionally complex alloys,S4,Ti30Cr101(FeNi)101,1.42582264,1.42084911,1909.45645646,12.15710870,2.89703293,0.09000000,0.30300000,0.30300000,0.30300000,0.00000000,0.00000000,0.00000000,0.00000000,0.00000000,0.00000000,0.00000000,0.00000000,0.00000000,0.00000000,0.00000000,0.00011220,2.66826110,199.28729140,0.00982078,0.03467204,-0.02582306,-0.00452055,-0.01460127,0.02033072,0.01024999,0.02610415,0.15904961,0.19539209,54.82280631,7.63963964,1.77657658,0.13294546,164.93093093,86.76576577,219.72972973,0.27450450,2.34173273,2.76258559,1.44475976,2.35563616,0.92092793,1.56608960,0.12400496,1.31782583,7.48825037,0.04279048,0.14725344,0.24410587,0.21229684,0.02855267,0.00795799,0.09085543,0.02734720,0.19335739,0.06748865,0.17181723,0.05853871,21.76869867,9.29597915,16.51864627,2.99978478,0.30834388,1.75673662,0.16648718,47.39467770,0.15614391,2833.88921006,2.54776720,1989.86034638
Ti31Cr156(FeNi)156,BCC+FCC,CAST,,3.54956000,1,298.15000000,2297.94000000,,5.80000000,,,,10.1557/jmr.2019.40,2019,Effects of titanium addition on microstructure and mechanical properties of CrFeNiTix (x = 0.2–0.6) compositionally complex alloys,S4,Ti31Cr156(FeNi)156,1.42001654,1.41644009,1908.48697395,12.00914571,2.88523175,0.06200000,0.31300000,0.31300000,0.31300000,0.00000000,0.00000000,0.00000000,0.00000000,0.00000000,0.00000000,0.00000000,0.00000000,0.00000000,0.00000000,0.00000000,0.00010885,2.65879566,201.98583110,0.00824804,0.03647881,-0.01257671,0.00155276,-0.00837938,0.02978354,0.01985140,0.01966695,0.15786497,0.17606564,55.03659118,7.75150301,1.78384770,0.13819802,166.71142285,88.08016032,222.91783567,0.27310621,2.34916232,2.77016433,1.47794589,2.27347102,0.93709218,1.57899889,0.13088969,1.29221844,7.61007272,0.03643386,0.12821450,0.22832333,0.19564348,0.02371977,0.00695058,0.07793795,0.02470430,0.17848138,0.06503583,0.15599108,0.05572403,22.00844869,9.36863684,17.03152351,2.95612788,0.29329422,1.75143361,0.16227434,133.78047348,0.15622323,2382.26922585,2.32493271,1628.10688821
Ti33Al299Cr166Fe166(CoNi)166,BCC+B2,CAST,66.93000000,5.93390000,1,298.15000000,1324.00000000,,10.02000000,,,,10.1016/j.jallcom.2019.07.100,2019,"Effects of Ti-to-Al ratios on the phases, microstructures, mechanical properties, and corrosion resistance of Al2-xCoCrFeNiTix high-entropy alloys",S4,Ti33Al299Cr166Fe166(CoNi)166,1.46260611,1.43258801,1592.32698795,12.81310297,2.94823052,0.03300000,0.30000000,0.16700000,0.16700000,0.16700000,0.16700000,0.00000000,0.00000000,0.00000000,0.00000000,0.00000000,0.00000000,0.00000000,0.00000000,0.00000000,0.00014385,2.73215923,171.92909902,-0.03155286,-0.05305025,-0.11881599,-0.08376477,-0.07713474,-0.10526217,-0.09863213,-0.01283424,0.04230684,0.05217042,47.26378355,6.53313253,1.74768072,0.05426010,141.69377510,67.42971888,174.69076305,0.30233936,2.02564458,2.29930221,1.03914759,2.07246781,0.56995080,1.35643883,0.03552151,1.26015462,6.12524638,0.05264188,0.19721274,0.46199997,0.43371368,0.03850154,0.01357871,0.13912767,0.05029758,0.39428434,0.14856174,0.38066720,0.14477658,17.21644256,8.49924155,13.66216678,4.03421172,0.31722421,1.86672327,0.14322197,2.73453967,0.18724169,3525.40942454,2.64027143,2500.09255737
Ti37Mn37Al200V37Cr37Fe37Co37(CuNi)37,BCC+Sec.,CAST,,,1,298.15000000,1461.00000000,1461.00000000,1.00000000,,163.00000000,,10.1016/j.msea.2006.11.049,2007,Microstructure and compressive properties of multicomponent Alx(TiVCrMnFeCoNiCu)100−x high-entropy alloys,S4,Ti37Mn37Al200V37Cr37Fe37Co37(CuNi)37,1.49984476,1.47471174,1457.06842742,13.69520649,3.01439060,0.07500000,0.07500000,0.40300000,0.07500000,0.07500000,0.07500000,0.07500000,0.07500000,0.07500000,0.00000000,0.00000000,0.00000000,0.00000000,0.00000000,0.00000000,0.00016549,2.80369925,138.72756677,0.03427926,0.01537836,-0.07859091,-0.03607014,-0.03353160,-0.05497104,-0.05243249,-0.02384558,0.00187209,-0.03386919,43.90813831,5.01411290,1.68608871,0.02554946,121.57862903,52.85483871,137.95766129,0.31941532,1.79511694,2.10460484,0.83941935,2.18278101,0.46323185,1.30730094,0.00384502,1.26518548,5.32385027,0.05091244,0.18603285,0.53087115,0.49824724,0.03933685,0.01473342,0.13812160,0.05447645,0.37799656,0.15889049,0.36503150,0.15452536,13.79796091,7.68638557,10.90587988,4.54330767,0.43532745,1.93864976,0.10912662,6.68497604,0.20462320,2688.69620157,2.18195421,1800.73858478
Ti39Cr98(FeNi)98,BCC,CAST,,5.88294000,1,298.15000000,2475.41000000,,6.50000000,,,212.00000000,10.1557/jmr.2019.40,2019,Effects of titanium addition on microstructure and mechanical properties of CrFeNiTix (x = 0.2–0.6) compositionally complex alloys,S4,Ti39Cr98(FeNi)98,1.43143383,1.42892565,1910.39339339,12.30125464,2.90843794,0.11700000,0.29400000,0.29400000,0.29400000,0.00000000,0.00000000,0.00000000,0.00000000,0.00000000,0.00000000,0.00000000,0.00000000,0.00000000,0.00000000,0.00000000,0.00011468,2.67763387,196.67934180,0.01405037,0.03563557,-0.03666148,-0.04362251,-0.05425352,-0.02203730,-0.03266831,0.06592016,0.19378938,0.32483957,54.61619820,7.53153153,1.76954955,0.12786922,163.21021021,85.49549550,216.64864865,0.27585586,2.33455255,2.75526126,1.41268769,2.43504300,0.90530631,1.55361368,0.11735135,1.34257357,7.37261323,0.04744581,0.16173745,0.25837926,0.22713620,0.03253438,0.00871040,0.10170902,0.02935800,0.20636820,0.06935421,0.18555805,0.06070286,21.53444418,9.22422764,16.03967530,3.04345749,0.32331313,1.76188106,0.17055859,5.02207759,0.15606733,3176.85787890,2.70946612,2268.71071931
Ti52Al210Cr210Fe210(Ni2Mo)105,BCC+B2,CAST,,6.97760000,1,298.15000000,2161.70000000,3641.50000000,,14.30000000,,,10.1088/0256-307X/35/3/036102,2018,Microstructures and Mechanical Properties of AlCrFeNiMo 0.5 Ti  x  High Entropy Alloys,S4,Ti52Al210Cr210Fe210(Ni2Mo)105,1.47004445,1.45261749,1807.42146439,13.10035232,2.97009944,0.05200000,0.21100000,0.21100000,0.21100000,0.21100000,0.10500000,0.00000000,0.00000000,0.00000000,0.00000000,0.00000000,0.00000000,0.00000000,0.00000000,0.00000000,0.00014680,2.75852671,180.71315397,0.01246744,0.02896479,-0.09048995,-0.10463866,-0.10910982,-0.08814131,-0.09261247,0.02830429,0.15665464,0.19572735,53.36123581,6.52758275,1.78433300,0.12833981,158.07823470,78.54363089,200.77933801,0.29367101,2.16466399,2.50862788,1.30620863,1.84591815,0.81710632,1.40661655,0.11989001,1.20241926,6.76382398,0.05120840,0.18394129,0.43451778,0.41729191,0.03884901,0.00887518,0.13341211,0.03329466,0.38272661,0.11613410,0.36773897,0.11239221,20.20284798,9.33301799,16.80183335,3.07013644,0.28278740,1.83154173,0.17700938,2.53570447,0.16495876,3648.46937880,2.96385956,2666.07345863
Ti57Al77Cr192Fe192(Co3Ni2)96,FCC+BCC,POWDER,,5.04700000,1,298.15000000,2012.00000000,,,17.52000000,,,10.5755/j01.ms.25.3.19452,2019,Enhancement of Mechanical Properties and Corrosion Resistance of Ultra-Fine Grain Al0.4FeCrCo1.5NiTi0.3 High-Entropy Alloy by MA and SPS Technologies,S4,Ti57Al77Cr192Fe192(Co3Ni2)96,1.42549789,1.41636522,1793.32128257,12.06924864,2.89003705,0.05700000,0.07700000,0.19200000,0.19200000,0.28900000,0.19200000,0.00000000,0.00000000,0.00000000,0.00000000,0.00000000,0.00000000,0.00000000,0.00000000,0.00000000,0.00014391,2.65795272,204.10826523,-0.02289107,-0.06502159,-0.08420490,-0.08627295,-0.09125750,-0.12840347,-0.13338801,0.03353836,0.09587792,0.20479516,53.86110384,7.67434870,1.79357715,0.06233956,162.41983968,78.97194389,205.08416834,0.29057114,2.31066533,2.64553808,1.15838978,2.65091160,0.63956814,1.38864631,0.04793698,1.48714830,7.41044706,0.04458288,0.16389289,0.29482168,0.26386504,0.03086299,0.00818862,0.10386501,0.02674932,0.25313454,0.05706773,0.23746541,0.05421088,19.76545744,8.55401134,13.29084496,4.13644446,0.34542496,1.81916922,0.15342327,2.99139878,0.16625576,3116.89441015,2.53070486,2184.40906318
Ti90Al136Cr181Fe181Co181Cu45Ni181,FCC+BCC,CAST,,,1,298.15000000,1900.00000000,2697.00000000,,12.00000000,164.00000000,,10.1016/j.jallcom.2008.11.059,2009,Atomic packing efficiency and phase transition in a high entropy alloy,S4,Ti90Al136Cr181Fe181Co181Cu45Ni181,1.44570530,1.43384256,1726.49388945,12.53239010,2.92654114,0.09000000,0.13700000,0.18200000,0.18200000,0.18200000,0.04500000,0.18200000,0.00000000,0.00000000,0.00000000,0.00000000,0.00000000,0.00000000,0.00000000,0.00000000,0.00016105,2.69816839,178.54026713,0.01377495,-0.00733148,-0.09021168,-0.07197330,-0.07047645,-0.09307973,-0.09158288,0.02154943,0.07336541,0.12276034,51.90627341,6.86532663,1.76958794,0.06104250,152.27939698,73.19095477,189.47638191,0.29589950,2.18592161,2.50548744,1.10800302,2.48067069,0.62482513,1.46450318,0.04454087,1.39748442,6.87757506,0.05224955,0.18884093,0.37295721,0.34329764,0.03790753,0.00667052,0.12709229,0.02457652,0.31918565,0.07192473,0.30432238,0.07012346,18.54994720,8.48609901,13.27381322,4.00990187,0.36133324,1.84050358,0.13435456,3.86328552,0.17269103,3544.10134772,2.69761199,2528.00692106
Ti90Al181Cr181Fe181(CoNi)181,BCC+BCC,CAST,,1.74440000,1,298.15000000,2260.00000000,3140.00000000,24.40000000,23.00000000,178.00000000,,10.1063/1.2734517,2007,Solid solution alloys of AlCoCrFeNiTix with excellent room-temperature mechanical properties,S4,Ti90Al181Cr181Fe181(CoNi)181,1.45338650,1.43821283,1707.30444221,12.68905722,2.93868555,0.09000000,0.18200000,0.18200000,0.18200000,0.18200000,0.18200000,0.00000000,0.00000000,0.00000000,0.00000000,0.00000000,0.00000000,0.00000000,0.00000000,0.00000000,0.00015228,2.70908813,182.66399450,-0.04234492,-0.06832534,-0.13272198,-0.10168621,-0.09906281,-0.12766664,-0.12504323,0.00798204,0.06897306,0.11794491,50.25260430,6.91055276,1.75647236,0.06099102,149.38492462,72.19597990,186.76281407,0.29635176,2.15584623,2.47143216,1.09045528,2.42544507,0.62165930,1.37947805,0.04275606,1.38097688,6.57625450,0.05410457,0.19627657,0.39570772,0.36744201,0.03985473,0.00866187,0.13528005,0.03187410,0.34344381,0.09484487,0.32939130,0.09240826,18.37370605,8.52273497,13.30486141,3.97554122,0.35097700,1.84232928,0.15274719,2.55675646,0.17463201,3685.52163323,2.76629920,2646.44609100
Ti90Al90Cr181Fe181Co181Cu90Ni181,FCC+BCC,CAST,,,1,298.15000000,1580.00000000,2389.00000000,,17.00000000,161.00000000,,10.1016/j.jallcom.2008.11.059,2009,Atomic packing efficiency and phase transition in a high entropy alloy,S4,Ti90Al90Cr181Fe181Co181Cu90Ni181,1.43787871,1.42862537,1746.50060362,12.37415621,2.91417210,0.09100000,0.09100000,0.18200000,0.18200000,0.18200000,0.09100000,0.18200000,0.00000000,0.00000000,0.00000000,0.00000000,0.00000000,0.00000000,0.00000000,0.00000000,0.00016327,2.68548941,175.86317489,0.03873379,0.01797716,-0.06778058,-0.07612722,-0.07787573,-0.09688384,-0.09863235,0.05393036,0.10681161,0.20629511,53.58668136,6.82394366,1.78287726,0.06118188,155.25352113,74.23440644,192.31287726,0.29539235,2.21705936,2.54089135,1.12624447,2.53769109,0.62847183,1.54996042,0.04643726,1.41464688,7.19102273,0.05001527,0.17888486,0.34880409,0.31744055,0.03553398,0.00655292,0.11704172,0.02030110,0.29188144,0.06136054,0.27593079,0.05501115,18.73488660,8.45033154,13.24350751,4.04296776,0.37188043,1.83845912,0.13264018,3.74574173,0.17071280,3339.23497406,2.60378733,2359.01345562
Ti99Al199Cr199Fe199Ni199Mo99,BCC+B2,CAST,,7.36666000,1,298.15000000,2228.70000000,3166.20000000,,10.40000000,,,10.1088/0256-307X/35/3/036102,2018,Microstructures and Mechanical Properties of AlCrFeNiMo 0.5 Ti  x  High Entropy Alloys,S4,Ti99Al199Cr199Fe199Ni199Mo99,1.47724162,1.46163242,1813.55601610,13.30603391,2.98556278,0.10000000,0.20000000,0.20000000,0.20000000,0.20000000,0.10000000,0.00000000,0.00000000,0.00000000,0.00000000,0.00000000,0.00000000,0.00000000,0.00000000,0.00000000,0.00015064,2.76987072,177.20961804,0.01131847,0.02274151,-0.10717443,-0.13597952,-0.14112870,-0.12455648,-0.12970566,0.05838660,0.17827571,0.29125859,53.06497453,6.40140845,1.77192153,0.11988911,155.46579477,76.79175050,196.47384306,0.29497988,2.16100905,2.50852113,1.25875654,2.00558034,0.79568511,1.39383640,0.10872922,1.24976459,6.62229812,0.05451488,0.18953731,0.44401254,0.42598417,0.04163763,0.00846577,0.13908951,0.03088949,0.38241386,0.10834101,0.36742449,0.10483899,19.85506927,9.18786954,15.88704742,3.15265561,0.31330298,1.83679847,0.17767093,2.00903945,0.16440077,3726.72939304,3.00838659,2733.18711069
TiAl3Cr2Fe2(CoNi)2,BCC+B2,CAST,56.27000000,6.28866000,1,298.15000000,1566.00000000,,11.85000000,,,,10.1016/j.jallcom.2019.07.100,2019,"Effects of Ti-to-Al ratios on the phases, microstructures, mechanical properties, and corrosion resistance of Al2-xCoCrFeNiTix high-entropy alloys",S4,TiAl3Cr2Fe2(CoNi)2,1.46422272,1.43738099,1642.91333333,12.90714253,2.95542562,0.08300000,0.25000000,0.16700000,0.16700000,0.16700000,0.16700000,0.00000000,0.00000000,0.00000000,0.00000000,0.00000000,0.00000000,0.00000000,0.00000000,0.00000000,0.00015069,2.73161653,173.72257728,-0.03922969,-0.06427497,-0.13890679,-0.13177071,-0.12751485,-0.15681600,-0.15256014,0.03039606,0.08406966,0.19173681,48.31225048,6.58333333,1.74416667,0.05367360,143.25000000,68.33333333,177.00000000,0.30083333,2.07283333,2.36541667,1.03558333,2.28718167,0.58225000,1.35774742,0.03374425,1.32983333,6.21550695,0.05626052,0.20126759,0.44171264,0.41354363,0.04125118,0.01139523,0.14244670,0.04192984,0.37599184,0.12477528,0.36251191,0.12156951,17.48973672,8.43759912,13.15182608,4.06254473,0.34742000,1.86054827,0.15010525,1.87882980,0.18147640,3654.74713053,2.72608179,2614.23853668
TiAlCrFeCoCuNi,FCC+BCC+BCC,CAST,,,1,298.15000000,1234.00000000,,9.00000000,,,,10.1016/j.msea.2008.08.025,2008,"Effects of Mn, Ti and V on the microstructure and properties of AlCrFeCoNiCu high entropy alloy",S4,TiAlCrFeCoCuNi,1.45916106,1.44754261,1674.13428571,12.87980976,2.95333796,0.14300000,0.14300000,0.14300000,0.14300000,0.14300000,0.14300000,0.14300000,0.00000000,0.00000000,0.00000000,0.00000000,0.00000000,0.00000000,0.00000000,0.00000000,0.00016777,2.72744732,151.45692959,0.04829364,0.02619736,-0.08933450,-0.06617537,-0.06496702,-0.08827165,-0.08706329,0.02839579,0.06603865,0.10847457,51.98031909,6.00000000,1.76142857,0.04158101,145.00000000,66.71428571,173.57142857,0.30428571,2.10457143,2.40042857,1.00028571,2.54780571,0.54800000,1.59421686,0.02280443,1.40014286,6.70160593,0.05736267,0.19936761,0.41094526,0.37973350,0.04257482,0.00964922,0.13862687,0.02838119,0.32756710,0.06932237,0.31372411,0.06768580,17.06328404,8.10772389,12.18681648,4.38034411,0.42463429,1.87474333,0.13749718,4.24424523,0.17809205,3559.19989932,2.65252120,2527.24497092
TiAlCrFeCoNi,BCC+BCC,CAST,,,1,298.15000000,1757.00000000,2580.00000000,10.70000000,9.00000000,90.00000000,,10.1063/1.2734517,2007,Solid solution alloys of AlCoCrFeNiTix with excellent room-temperature mechanical properties,S4,TiAlCrFeCoNi,1.46690630,1.45181143,1726.88666667,13.06426212,2.96736949,0.16700000,0.16700000,0.16700000,0.16700000,0.16700000,0.16700000,0.00000000,0.00000000,0.00000000,0.00000000,0.00000000,0.00000000,0.00000000,0.00000000,0.00000000,0.00015454,2.73347579,176.69975119,-0.03699137,-0.06792615,-0.14645524,-0.11403247,-0.11234077,-0.14496725,-0.14327555,0.01836716,0.07106717,0.14893163,50.05270560,6.66666667,1.73833333,0.05270001,145.83333333,69.83333333,180.83333333,0.29833333,2.15116667,2.47516667,1.02966667,2.64360667,0.60266667,1.35991967,0.03079400,1.44550000,6.36197659,0.06061538,0.20747387,0.40724831,0.37907981,0.04547224,0.01102611,0.14779059,0.03239893,0.34186822,0.08433988,0.32870183,0.08214437,17.94589124,8.34239927,12.41500604,4.10702434,0.39654100,1.85035629,0.16153149,2.34029735,0.17265175,3860.93759489,2.86699192,2798.04496621
TiMnAl2VCrFeCoCuNi,BCC,CAST,,,1,298.15000000,1465.00000000,2016.00000000,2.00000000,,190.00000000,174.00000000,10.1016/j.msea.2006.11.049,2007,Microstructure and compressive properties of multicomponent Alx(TiVCrMnFeCoNiCu)100−x high-entropy alloys,S4,TiMnAl2VCrFeCoCuNi,1.47168719,1.45742418,1635.42600000,13.13091292,2.97240721,0.10000000,0.10000000,0.20000000,0.10000000,0.10000000,0.10000000,0.10000000,0.10000000,0.10000000,0.00000000,0.00000000,0.00000000,0.00000000,0.00000000,0.00000000,0.00018648,2.74175572,160.12693066,0.04026974,0.01800401,-0.08979528,-0.06738636,-0.06934189,-0.08965209,-0.09160762,0.01985929,0.05985541,0.09502140,49.67233172,5.70000000,1.71200000,0.04319655,137.10000000,62.00000000,161.10000000,0.30900000,2.01140000,2.41300000,0.97680000,2.67005400,0.56990000,1.37108450,0.02715230,1.43620000,6.28158180,0.05221582,0.18513437,0.43464675,0.40349950,0.03946181,0.00846107,0.13217457,0.03128459,0.34051271,0.09124720,0.32516561,0.08874041,15.95991694,7.93473051,11.11260057,4.23407615,0.46843053,1.89435601,0.10911101,4.52564114,0.18230724,3038.51625208,2.40871465,2099.04047567
TiMnAlVCrFeCoCuNi,FCC+BCC,CAST,,,1,298.15000000,1862.00000000,2431.00000000,1.00000000,,164.00000000,,10.1016/j.msea.2006.11.049,2007,Microstructure and compressive properties of multicomponent Alx(TiVCrMnFeCoNiCu)100−x high-entropy alloys,S4,TiMnAlVCrFeCoCuNi,1.45937135,1.45317885,1713.43777778,12.88905058,2.95404410,0.11100000,0.11100000,0.11100000,0.11100000,0.11100000,0.11100000,0.11100000,0.11100000,0.11100000,0.00000000,0.00000000,0.00000000,0.00000000,0.00000000,0.00000000,0.00018924,2.71684698,169.50100799,0.04884457,0.02510710,-0.07993504,-0.05814793,-0.06365343,-0.08188541,-0.08739090,0.02858892,0.07558322,0.11535365,52.19353096,6.00000000,1.72333333,0.05091521,143.88888889,66.00000000,171.22222222,0.30444444,2.10600000,2.54788889,1.03688889,2.88318222,0.61655556,1.39898278,0.03734667,1.51100000,6.72427002,0.05139294,0.17847688,0.38536380,0.35383132,0.03825906,0.00732814,0.12386823,0.02146381,0.30455325,0.05343500,0.28786312,0.05196700,16.88462975,8.01739304,11.17447369,4.13245630,0.48053037,1.87539936,0.10910418,5.57627971,0.17400690,3039.36775738,2.43976686,2107.61942141
TiMnVCrFeCoCuNi,FCC+BCC+Sec.,CAST,,,1,298.15000000,1312.00000000,1312.00000000,1.00000000,,74.00000000,,10.1016/j.msea.2006.11.049,2007,Microstructure and compressive properties of multicomponent Alx(TiVCrMnFeCoNiCu)100−x high-entropy alloys,S4,TiMnVCrFeCoCuNi,1.44397656,1.44583259,1810.95250000,12.59092283,2.93109022,0.12500000,0.12500000,0.12500000,0.12500000,0.12500000,0.12500000,0.12500000,0.12500000,0.00000000,0.00000000,0.00000000,0.00000000,0.00000000,0.00000000,0.00000000,0.00017919,2.69168523,181.21860464,0.10924797,0.08368657,-0.02625761,-0.01796460,-0.02936540,-0.04352600,-0.05492680,0.05656905,0.11117347,0.17689778,55.34503000,6.37500000,1.73750000,0.06056354,152.37500000,71.00000000,183.87500000,0.29875000,2.22425000,2.71650000,1.11200000,3.14959250,0.67487500,1.43385563,0.05008962,1.60450000,7.29911925,0.04953939,0.16300655,0.31580405,0.28198173,0.03564822,0.00867349,0.10798362,0.02556746,0.23838373,0.04124563,0.21903144,0.03641758,18.02262998,8.10278970,11.23255219,4.02518985,0.49405373,1.85204991,0.09918262,18.06380093,0.16463712,2849.31410385,2.39342987,1964.59083623
TiNbAlVMo,BCC,CAST,,5.26260000,1,298.15000000,1375.00000000,1400.00000000,3.00000000,,,147.00000000,10.3390/e16020870,2014,Microstructures and Crackling Noise of AlxNbTiMoV High Entropy Alloys,S4,TiNbAlVMo,1.57308923,1.56086791,2140.66400000,16.05107981,3.17817702,0.20000000,0.20000000,0.20000000,0.20000000,0.20000000,0.00000000,0.00000000,0.00000000,0.00000000,0.00000000,0.00000000,0.00000000,0.00000000,0.00000000,0.00000000,0.00013869,2.96515381,162.32238087,-0.02485541,-0.04187662,-0.12777749,-0.12384167,-0.13574367,-0.14086289,-0.15276489,0.05128338,0.21525063,0.24854282,62.92728372,4.60000000,1.70800000,0.16396725,157.00000000,56.20000000,149.60000000,0.35000000,2.30740000,2.57640000,1.08020000,2.69386000,0.67140000,0.89992820,0.16908060,1.49620000,6.51004702,0.03222231,0.09374312,0.63405146,0.61341059,0.02498576,0.00660342,0.07152063,0.02048859,0.35716985,0.10846496,0.35029338,0.10602744,15.46838705,6.70381687,10.33844877,3.83735478,0.58562174,2.07692308,0.04685140,2.39733521,0.13927921,1256.66943593,1.80279666,785.32597977
TiNbCrFeMo,BCC+Laves,CAST,,7.76160000,1,298.15000000,1647.00000000,,0.90000000,,,,10.1007/s40195-019-00935-x,2019,"Microstructure, Mechanical Properties, and Corrosion Behavior of MoNbFeCrV, MoNbFeCrTi, and MoNbFeVTi High-Entropy Alloys",S4,TiNbCrFeMo,1.52704351,1.52240002,2315.60000000,14.83628811,3.09588689,0.20000000,0.20000000,0.20000000,0.20000000,0.20000000,0.00000000,0.00000000,0.00000000,0.00000000,0.00000000,0.00000000,0.00000000,0.00000000,0.00000000,0.00000000,0.00013869,2.88727416,193.91091661,0.15344671,0.15786837,0.01777421,-0.00452589,-0.02392616,-0.00010423,-0.01950450,0.06954098,0.28004726,0.33417354,68.91089600,5.80000000,1.75800000,0.21050628,176.20000000,81.00000000,208.00000000,0.30600000,2.49440000,2.91800000,1.41900000,2.20072800,1.00460000,0.94940220,0.22917020,1.49900000,7.71279933,0.06075515,0.17592712,0.44169244,0.42331724,0.04813219,0.01087905,0.13828718,0.03236397,0.35684264,0.08303694,0.33733050,0.07707430,21.71704520,8.70632024,14.48768859,2.90463866,0.37943586,1.88184438,0.20669971,70.95879563,0.12875713,3676.02688617,3.42153442,2776.57280674
TiNbCrMoW,BCC+Laves,POWDER,,,1,298.15000000,1979.93333333,,10.00000000,,,,10.1007/s11837-019-03432-9,2019,Microstructure and Mechanical Properties of WMoNbCrTi HEAs Sintered from the Powders Milled for Different Durations,S4,TiNbCrMoW,1.55693053,1.55101636,2692.40000000,15.71034586,3.15552710,0.20000000,0.20000000,0.20000000,0.20000000,0.20000000,0.00000000,0.00000000,0.00000000,0.00000000,0.00000000,0.00000000,0.00000000,0.00000000,0.00000000,0.00000000,0.00013869,2.94986341,217.51282286,0.13736138,0.12034016,0.01033185,0.00561215,-0.02638726,-0.01140906,-0.04340847,0.09675851,0.38505279,0.41496405,94.50989600,5.40000000,1.86400000,0.28829428,204.20000000,96.80000000,248.00000000,0.30400000,2.74600000,3.23300000,1.60500000,1.94290000,1.16580000,0.86190220,0.32000000,1.62800000,9.98943518,0.04727160,0.12863757,0.49653020,0.48374998,0.03679496,0.01136449,0.10215948,0.03128997,0.41570526,0.09696389,0.39886909,0.09144336,26.45318096,9.63335068,16.24888265,2.77320295,0.35979630,1.87356322,0.13900151,66.53605528,0.11073763,2876.92530657,3.50389855,2184.07114554
TiNbVFeMo,BCC+B2,CAST,,6.85020000,1,298.15000000,1707.00000000,,1.70000000,,,,10.1007/s40195-019-00935-x,2019,"Microstructure, Mechanical Properties, and Corrosion Behavior of MoNbFeCrV, MoNbFeCrTi, and MoNbFeVTi High-Entropy Alloys",S4,TiNbVFeMo,1.53886045,1.53450579,2316.20000000,15.24341023,3.12394979,0.20000000,0.20000000,0.20000000,0.20000000,0.20000000,0.00000000,0.00000000,0.00000000,0.00000000,0.00000000,0.00000000,0.00000000,0.00000000,0.00000000,0.00000000,0.00013869,2.91093302,183.45671974,0.08875093,0.09317260,-0.03122588,-0.03575962,-0.05500803,-0.03133796,-0.05058636,0.07254494,0.24974280,0.31914638,68.69997600,5.60000000,1.75200000,0.17719786,175.80000000,67.40000000,177.80000000,0.33800000,2.55880000,2.82260000,1.32900000,2.93760800,0.83740000,0.96342820,0.19917020,1.49360000,7.48382876,0.05231073,0.15296430,0.49097016,0.47433068,0.04098527,0.01120327,0.12125482,0.03334721,0.32658795,0.08851762,0.31346415,0.08636560,18.23452995,7.12620367,12.20844266,3.37067112,0.52457286,2.02114804,0.15074892,8.98318175,0.12872377,2792.00259339,2.79469102,2010.18121350
TiNbVMo,BCC,CAST,,4.32180000,1,298.15000000,1200.00000000,2050.00000000,26.00000000,,,167.00000000,10.3390/e16020870,2014,Microstructures and Crackling Noise of AlxNbTiMoV High Entropy Alloys,S4,TiNbVMo,1.57072912,1.56820467,2442.50000000,16.20498216,3.18830248,0.25000000,0.25000000,0.25000000,0.25000000,0.00000000,0.00000000,0.00000000,0.00000000,0.00000000,0.00000000,0.00000000,0.00000000,0.00000000,0.00000000,0.00000000,0.00011946,2.97234691,183.96291742,0.06763625,0.04635973,-0.05221993,-0.02043362,-0.05698045,-0.04171015,-0.07825698,0.06977883,0.28130574,0.31405968,71.91372000,5.00000000,1.73250000,0.21152690,177.25000000,63.75000000,169.50000000,0.35000000,2.59425000,2.92075000,1.24125000,3.17935000,0.80175000,0.84491025,0.22750000,1.67950000,7.36906846,0.03504607,0.10148721,0.56605232,0.54540372,0.02755678,0.00885763,0.08042601,0.02580508,0.33252063,0.12007720,0.32274026,0.11672236,17.60233729,6.78513531,10.48070097,3.64296851,0.63587000,2.07692308,0.06653545,14.27964764,0.12206755,1584.62866937,2.17678839,1060.46816567
Zr101Ti101Nb101V30,BCC,ANNEAL,,,1,298.15000000,866.00000000,,,45.00000000,,96.00000000,10.1016/j.matdes.2015.06.072,2015,Phase composition and solid solution strengthening effect in TiZrNbMoV high-entropy alloys,S4,Zr101Ti101Nb101V30,1.65426079,1.65670385,2264.89189189,18.96400603,3.35985107,0.30300000,0.30300000,0.30300000,0.09000000,0.00000000,0.00000000,0.00000000,0.00000000,0.00000000,0.00000000,0.00000000,0.00000000,0.00000000,0.00000000,0.00000000,0.00011220,3.13683817,132.88055671,0.18786359,0.14392818,0.02897582,0.03837125,-0.00142888,-0.00556415,-0.04536428,0.00417337,0.08662873,0.09787633,74.95489604,4.39339339,1.50261261,0.08245536,126.03003003,39.11411411,98.88288288,0.35483483,2.28503003,2.49054655,0.69882583,4.01157958,0.46429129,0.83125086,0.06072072,1.79172072,6.56325556,0.05172173,0.15589341,0.12669486,0.22269407,0.03956146,0.01480096,0.11687266,0.04372912,0.09875012,0.03488601,0.18635815,0.07267632,11.38109784,4.98072134,6.35204902,5.36418967,0.91309364,2.09998138,0.15415952,6.62296584,0.13163984,1748.75690487,2.09616449,1155.56739729
Zr104Ti104Nb104V31Mo156,BCC,ANNEAL,,,1,298.15000000,1576.00000000,,,8.00000000,,159.00000000,10.1016/j.matdes.2015.06.072,2015,Phase composition and solid solution strengthening effect in TiZrNbMoV high-entropy alloys,S4,Zr104Ti104Nb104V31Mo156,1.62193511,1.61246704,2462.17434870,17.86064761,3.29338421,0.20800000,0.20800000,0.20800000,0.06200000,0.31300000,0.00000000,0.00000000,0.00000000,0.00000000,0.00000000,0.00000000,0.00000000,0.00000000,0.00000000,0.00000000,0.00013062,3.06558604,173.03911993,0.09932623,0.06913573,-0.02588065,0.01141712,-0.02363798,-0.01877338,-0.05382848,0.04106767,0.21994283,0.27868956,81.51012830,4.89579158,1.70815631,0.17887516,171.67134269,66.27855711,170.82965932,0.34082164,2.50862124,2.79186373,1.11824850,3.06623928,0.76468737,0.85352435,0.17933868,1.67361523,7.57815997,0.05362769,0.16448482,0.61083168,0.63350218,0.03983460,0.01215496,0.11734862,0.03583252,0.38966242,0.15441196,0.41748674,0.15982939,18.90366777,7.53548103,11.29510979,3.65098708,0.62630102,2.03408020,0.15564397,28.16899781,0.12109216,3050.49196023,3.39416126,2300.08677135
Zr10Ti10Nb10V3Mo7,BCC,ANNEAL,,,1,298.15000000,1436.00000000,,,27.00000000,,130.00000000,10.1016/j.matdes.2015.06.072,2015,Phase composition and solid solution strengthening effect in TiZrNbMoV high-entropy alloys,S4,Zr10Ti10Nb10V3Mo7,1.63606492,1.62993162,2375.27500000,18.33749426,3.32243629,0.25000000,0.25000000,0.25000000,0.07500000,0.17500000,0.00000000,0.00000000,0.00000000,0.00000000,0.00000000,0.00000000,0.00000000,0.00000000,0.00000000,0.00000000,0.00013262,3.09371186,155.39369545,0.13429757,0.09808349,-0.01164990,0.01723661,-0.02043464,-0.01897747,-0.05664873,0.03219168,0.16872379,0.20251951,78.60945750,4.67500000,1.61775000,0.13653211,151.60000000,54.32500000,139.17500000,0.34700000,2.41040000,2.65955000,0.93400000,3.48267000,0.63260000,0.84369280,0.12725000,1.72555000,7.11842973,0.05375588,0.16342875,0.61328952,0.64442036,0.04052792,0.01359388,0.11950935,0.04010461,0.31300471,0.09468751,0.35109670,0.09800670,15.63100957,6.48481977,9.05856658,4.20415745,0.74495615,2.06278714,0.15133843,18.27579954,0.12552231,2525.70066757,2.87074491,1830.99677018
Zr166Ti166Nb166V166Mo333,BCC,ANNEAL,,,1,298.15000000,1765.00000000,,,12.00000000,,169.00000000,10.1016/j.matdes.2015.06.072,2015,Phase composition and solid solution strengthening effect in TiZrNbMoV high-entropy alloys,S4,Zr166Ti166Nb166V166Mo333,1.60075789,1.59362037,2466.09829488,17.15819620,3.24962970,0.16600000,0.16600000,0.16600000,0.16600000,0.33400000,0.00000000,0.00000000,0.00000000,0.00000000,0.00000000,0.00000000,0.00000000,0.00000000,0.00000000,0.00000000,0.00013431,3.02928832,182.06497251,0.11719805,0.09307955,-0.02073793,0.01435623,-0.02035785,-0.00976228,-0.04447636,0.03673730,0.24165556,0.30994267,79.15333408,5.00100301,1.73709127,0.20491826,178.76028084,69.05717151,179.15045135,0.34163490,2.56327182,2.87524774,1.22065597,3.05222688,0.81427984,0.85011096,0.21189569,1.65459178,7.66032115,0.05602877,0.17388820,0.58742743,0.60142861,0.04154030,0.01172639,0.12188203,0.03445790,0.38930424,0.15868993,0.41166313,0.16274516,19.43449647,7.58191010,11.74579541,3.53103148,0.61032294,2.03782812,0.16485261,23.07245867,0.12089948,3431.34181340,3.52997654,2609.04167850
Zr166Ti166Nb166V333Mo166,BCC,CAST,,,1,298.15000000,1538.00000000,3176.00000000,23.00000000,,,139.00000000,10.1007/s11837-012-0366-5,2012,Alloy Design and Properties Optimization of High-Entropy Alloys,S4,Zr166Ti166Nb166V333Mo166,1.59086105,1.58915176,2346.66900702,16.83314242,3.22897784,0.16600000,0.16600000,0.16600000,0.33400000,0.16600000,0.00000000,0.00000000,0.00000000,0.00000000,0.00000000,0.00000000,0.00000000,0.00000000,0.00000000,0.00000000,0.00013431,3.01434418,169.55968014,0.18488356,0.16076505,0.00598755,0.01593917,-0.01993298,-0.00817934,-0.04405149,0.03721599,0.21838332,0.24582217,71.61597250,4.83350050,1.64831494,0.18116733,160.00000000,55.82447342,145.48244734,0.35168506,2.49995587,2.80389168,1.10172919,3.63138355,0.69501805,0.83109340,0.18342026,1.70216249,7.06470594,0.06123208,0.19079346,0.56897497,0.58133261,0.04608529,0.01641974,0.13476296,0.04775743,0.29574951,0.08650648,0.32552122,0.08785591,15.61062644,6.24436081,9.17105538,4.03427171,0.75129475,2.08492040,0.17180151,19.77471100,0.12705243,3236.18684340,3.02383518,2376.36375418
Zr175Ti175Nb175V175Mo298,BCC,ANNEAL,,,1,298.15000000,1645.00000000,,,15.00000000,,161.00000000,10.1016/j.matdes.2015.06.072,2015,Phase composition and solid solution strengthening effect in TiZrNbMoV high-entropy alloys,S4,Zr175Ti175Nb175V175Mo298,1.60340446,1.59696241,2443.24448898,17.24436005,3.25506021,0.17500000,0.17500000,0.17500000,0.17500000,0.29900000,0.00000000,0.00000000,0.00000000,0.00000000,0.00000000,0.00000000,0.00000000,0.00000000,0.00000000,0.00000000,0.00013625,3.03449835,177.85285214,0.12817412,0.10277346,-0.01748918,0.01520558,-0.02037291,-0.01019508,-0.04577357,0.03673524,0.23177412,0.29163695,78.26094589,4.94789579,1.71460922,0.19503887,173.80360721,66.03006012,171.18436874,0.34331663,2.54005511,2.84448096,1.17709920,3.16199419,0.78181363,0.84732449,0.19976954,1.66738176,7.53611305,0.05685690,0.17599792,0.59654266,0.61182032,0.04235648,0.01140556,0.12426652,0.03348852,0.37654311,0.14559059,0.40086246,0.14931107,18.61364172,7.32804641,11.16339529,3.63831080,0.63905836,2.04560782,0.16418965,21.89204953,0.12203036,3351.09373576,3.42827003,2532.21897285
Zr181Ti181Nb181V181Mo272,BCC,ANNEAL,,,1,298.15000000,1603.00000000,,,20.00000000,,156.00000000,10.1016/j.matdes.2015.06.072,2015,Phase composition and solid solution strengthening effect in TiZrNbMoV high-entropy alloys,S4,Zr181Ti181Nb181V181Mo272,1.60531098,1.59933308,2426.78112450,17.30660896,3.25897222,0.18200000,0.18200000,0.18200000,0.18200000,0.27300000,0.00000000,0.00000000,0.00000000,0.00000000,0.00000000,0.00000000,0.00000000,0.00000000,0.00000000,0.00000000,0.00013743,3.03837962,174.81853597,0.13797097,0.11164668,-0.01426553,0.01579022,-0.02046561,-0.01053408,-0.04678990,0.03684367,0.22476565,0.27832850,77.61808964,4.90963855,1.69841365,0.18792199,170.23293173,63.84939759,165.44578313,0.34452811,2.52333032,2.82231727,1.14572189,3.24106807,0.75842570,0.84531719,0.19103414,1.67659538,7.44732596,0.05741608,0.17737516,0.60098298,0.61727201,0.04290894,0.01174855,0.12587966,0.03449225,0.36559314,0.13555421,0.39150464,0.13901822,18.02055219,7.14157478,10.74830122,3.72128378,0.66014393,2.05123688,0.16371206,21.12082254,0.12285822,3286.29547362,3.35048357,2470.87325913
Zr181Ti181Nb181V272Mo181,BCC,CAST,,,1,298.15000000,1735.00000000,3300.00000000,20.00000000,,,140.00000000,10.1007/s11837-012-0366-5,2012,Alloy Design and Properties Optimization of High-Entropy Alloys,S4,Zr181Ti181Nb181V272Mo181,1.59991268,1.59720179,2361.63755020,17.12776658,3.24770752,0.18200000,0.18200000,0.18200000,0.27300000,0.18200000,0.00000000,0.00000000,0.00000000,0.00000000,0.00000000,0.00000000,0.00000000,0.00000000,0.00000000,0.00000000,0.00013743,3.03064830,167.99743324,0.17638767,0.15006338,0.00189051,0.01717192,-0.01967723,-0.00915238,-0.04600153,0.03804902,0.21301589,0.24306728,73.50678090,4.81827309,1.64998996,0.17496687,160.00000000,56.63152610,147.08132530,0.35001004,2.48879418,2.78339558,1.08085241,3.55697329,0.69337349,0.83494392,0.17550201,1.70254317,7.12649627,0.06045199,0.18705395,0.58388103,0.59955722,0.04557691,0.01402588,0.13343758,0.04079478,0.30959740,0.09451436,0.34028325,0.09641858,15.92816725,6.39995360,9.35551445,4.01428034,0.73822576,2.07697061,0.16750240,18.90004088,0.12624715,3181.21424785,3.07248756,2344.94314767
Zr188Ti188Nb188V188Mo245,BCC,ANNEAL,,,1,298.15000000,1496.00000000,,,30.00000000,,150.00000000,10.1016/j.matdes.2015.06.072,2015,Phase composition and solid solution strengthening effect in TiZrNbMoV high-entropy alloys,S4,Zr188Ti188Nb188V188Mo245,1.60735583,1.60192069,2409.12337011,17.37354023,3.26316805,0.18900000,0.18900000,0.18900000,0.18900000,0.24600000,0.00000000,0.00000000,0.00000000,0.00000000,0.00000000,0.00000000,0.00000000,0.00000000,0.00000000,0.00000000,0.00013826,3.04256420,171.56408517,0.14814099,0.12082606,-0.01068523,0.01641473,-0.02050700,-0.01090020,-0.04782194,0.03689417,0.21718295,0.26403075,76.92859523,4.86860582,1.68104313,0.18028878,166.40320963,61.51053159,159.29087262,0.34582748,2.50539218,2.79854564,1.11206820,3.32587864,0.73334102,0.84316426,0.18166499,1.68647743,7.35273429,0.05797677,0.17872578,0.60328243,0.62075798,0.04346954,0.01211032,0.12751564,0.03555056,0.35212699,0.12424991,0.37995070,0.12742505,17.38279274,6.93815240,10.30716001,3.81615858,0.68312752,2.05729750,0.16319984,20.29258803,0.12375871,3210.70347033,3.26307434,2399.87346752
Zr210Ti210Nb210V157Mo210,BCC,CAST,,,1,298.15000000,1708.00000000,3929.00000000,29.00000000,,,141.00000000,10.1007/s11837-012-0366-5,2012,Alloy Design and Properties Optimization of High-Entropy Alloys,S4,Zr210Ti210Nb210V157Mo210,1.61709468,1.61193453,2390.05115346,17.69644629,3.28326058,0.21100000,0.21100000,0.21100000,0.15700000,0.21100000,0.00000000,0.00000000,0.00000000,0.00000000,0.00000000,0.00000000,0.00000000,0.00000000,0.00000000,0.00000000,0.00013821,3.06041526,165.03194332,0.15113654,0.12062518,-0.00764131,0.01696185,-0.02066029,-0.01354952,-0.05117165,0.03446236,0.19765939,0.23826073,77.09595316,4.78936810,1.65316951,0.16319703,160.00000000,58.16349047,150.11634905,0.34683049,2.46760682,2.74448947,1.04122367,3.41572618,0.69025176,0.84225307,0.16047141,1.70326580,7.23427333,0.05749769,0.17609491,0.60790291,0.63007092,0.04329543,0.01288564,0.12715734,0.03786966,0.33406976,0.10975919,0.36617513,0.11290656,16.53813168,6.70209352,9.70965994,3.97607025,0.71318932,2.06199229,0.15934172,19.47486835,0.12474628,2985.61575426,3.11667886,2208.19976470
Zr217Ti217Nb217V65Mo282,BCC,ANNEAL,,,1,298.15000000,1603.00000000,,,20.00000000,,153.00000000,10.1016/j.matdes.2015.06.072,2015,Phase composition and solid solution strengthening effect in TiZrNbMoV high-entropy alloys,S4,Zr217Ti217Nb217V65Mo282,1.62498678,1.61596723,2443.17635271,17.96291920,3.29965832,0.21700000,0.21700000,0.21700000,0.06500000,0.28300000,0.00000000,0.00000000,0.00000000,0.00000000,0.00000000,0.00000000,0.00000000,0.00000000,0.00000000,0.00000000,0.00013181,3.07139687,169.19644855,0.10777522,0.07627840,-0.02381252,0.01229280,-0.02357316,-0.01920402,-0.05506998,0.03949277,0.20915480,0.26263917,80.87145186,4.84769539,1.68843687,0.16966203,167.29458918,63.66933868,163.92184369,0.34217435,2.48723948,2.76307816,1.07813928,3.15728838,0.73588978,0.85136795,0.16800601,1.68493888,7.47597288,0.05381030,0.16465668,0.61791434,0.64217227,0.04010137,0.01250143,0.11815641,0.03685900,0.37707711,0.14257561,0.40661468,0.14757451,18.19407335,7.31496645,10.79806134,3.75474457,0.65129678,2.04031926,0.15471910,26.19612327,0.12203376,2946.49243151,3.28820251,2206.18197380
Zr232Ti232Nb232V232Mo69,BCC,ANNEAL,,,1,298.15000000,1289.00000000,,,42.00000000,,114.00000000,10.1016/j.matdes.2015.06.072,2015,Phase composition and solid solution strengthening effect in TiZrNbMoV high-entropy alloys,S4,Zr232Ti232Nb232V232Mo69,1.62055171,1.62130423,2295.17352056,17.80961860,3.29024475,0.23300000,0.23300000,0.23300000,0.23300000,0.06900000,0.00000000,0.00000000,0.00000000,0.00000000,0.00000000,0.00000000,0.00000000,0.00000000,0.00000000,0.00000000,0.00013289,3.07147868,150.56231051,0.20241832,0.16871053,0.02510649,0.02391149,-0.01391587,-0.00979631,-0.04762367,0.03062393,0.16165376,0.16804318,72.47911751,4.60381143,1.56894684,0.13102983,141.68906720,46.41725176,119.57171515,0.35421264,2.38963290,2.64514142,0.89489268,3.87318215,0.57146339,0.82927085,0.12120361,1.75024875,6.75783637,0.06068613,0.18461689,0.48083371,0.51196723,0.04634875,0.01428824,0.13589528,0.04191182,0.21041129,0.05015516,0.26144841,0.07455465,13.22629667,5.53486549,7.55680968,4.62871545,0.84129904,2.09699464,0.15989429,12.75575390,0.12990303,2595.23135944,2.61243911,1835.09258188
Zr232Ti232Nb232V69Mo232,BCC,ANNEAL,,,1,298.15000000,1455.00000000,,,25.00000000,,142.00000000,10.1016/j.matdes.2015.06.072,2015,Phase composition and solid solution strengthening effect in TiZrNbMoV high-entropy alloys,S4,Zr232Ti232Nb232V69Mo232,1.63021150,1.62243853,2411.74222668,18.13895206,3.31040195,0.23300000,0.23300000,0.23300000,0.06900000,0.23300000,0.00000000,0.00000000,0.00000000,0.00000000,0.00000000,0.00000000,0.00000000,0.00000000,0.00000000,0.00000000,0.00013289,3.08178297,162.76807491,0.11997429,0.08626650,-0.01869257,0.01388840,-0.02284536,-0.01981940,-0.05655315,0.03627633,0.19048821,0.23508127,79.83594349,4.76730191,1.65559679,0.15421188,160.00000000,59.33299900,152.43329990,0.34440321,2.45143230,2.71478837,1.01097091,3.30789749,0.68786861,0.84783290,0.14899699,1.70381745,7.30862473,0.05387105,0.16433605,0.62307897,0.65031617,0.04037564,0.01303940,0.11900955,0.03845640,0.35134977,0.12143595,0.38429534,0.12569770,17.01013113,6.93885414,9.98354085,3.94666706,0.69387204,2.05065557,0.15311183,23.07681985,0.12362432,2757.20278251,3.10069110,2036.79682066
Zr235Ti235Nb235V58Mo235,BCC,CAST,,,1,298.15000000,1776.00000000,3893.00000000,30.00000000,,,142.00000000,10.1007/s11837-012-0366-5,2012,Alloy Design and Properties Optimization of High-Entropy Alloys,S4,Zr235Ti235Nb235V58Mo235,1.63185976,1.62371972,2414.46793587,18.19507370,3.31381255,0.23500000,0.23500000,0.23500000,0.05800000,0.23500000,0.00000000,0.00000000,0.00000000,0.00000000,0.00000000,0.00000000,0.00000000,0.00000000,0.00000000,0.00000000,0.00013154,3.08439565,162.48359627,0.11550470,0.08139524,-0.02024994,0.01334235,-0.02319551,-0.02076710,-0.05730496,0.03777976,0.19086255,0.23469167,80.18025180,4.76452906,1.65590180,0.15308280,160.00000000,59.47995992,152.72444890,0.34409820,2.44939980,2.71105611,1.00716934,3.29434770,0.68756914,0.84853407,0.14755511,1.70388677,7.31750437,0.05332243,0.16264181,0.62481696,0.65269582,0.03993425,0.01303472,0.11777469,0.03846327,0.35344333,0.12290563,0.38648104,0.12731742,17.06983162,6.96898547,10.01817250,3.94295782,0.69143197,2.04923693,0.15232898,23.80328750,0.12348476,2723.58860156,3.09509306,2011.10759415
Zr263Ti263Nb263V78Mo131,BCC,ANNEAL,,,1,298.15000000,1301.00000000,,,43.00000000,,122.00000000,10.1016/j.matdes.2015.06.072,2015,Phase composition and solid solution strengthening effect in TiZrNbMoV high-entropy alloys,S4,Zr263Ti263Nb263V78Mo131,1.64072236,1.63612375,2347.74248497,18.49654218,3.33201423,0.26400000,0.26400000,0.26400000,0.07800000,0.13100000,0.00000000,0.00000000,0.00000000,0.00000000,0.00000000,0.00000000,0.00000000,0.00000000,0.00000000,0.00000000,0.00013099,3.10354190,149.73067779,0.14522849,0.10705492,-0.00437855,0.01972459,-0.01836510,-0.01844897,-0.05653866,0.02835896,0.15126319,0.17719137,77.71231257,4.60420842,1.58888778,0.12290423,145.18637275,50.51803607,129.08517034,0.34894790,2.37883868,2.61694790,0.87479659,3.61456653,0.59036673,0.84061177,0.11048096,1.74215130,6.97667801,0.05341823,0.16203674,0.58794602,0.62263921,0.04044206,0.01396468,0.11930753,0.04121268,0.27672556,0.07289042,0.32017805,0.09226912,14.57752980,6.12800269,8.36754522,4.43274959,0.78505711,2.07195075,0.14989501,15.59084115,0.12699434,2335.83430266,2.68533578,1664.11077740
Zr277Ti277Nb277(VMo)83,BCC,ANNEAL,,,1,298.15000000,1312.00000000,,,50.00000000,,112.00000000,10.1016/j.matdes.2015.06.072,2015,Phase composition and solid solution strengthening effect in TiZrNbMoV high-entropy alloys,S4,Zr277Ti277Nb277(VMo)83,1.64554443,1.64310382,2317.37211635,18.66212613,3.34192761,0.27800000,0.27800000,0.27800000,0.08300000,0.08300000,0.00000000,0.00000000,0.00000000,0.00000000,0.00000000,0.00000000,0.00000000,0.00000000,0.00000000,0.00000000,0.00012760,3.11424961,143.61032887,0.15509545,0.11484950,0.00523646,0.02397968,-0.01386149,-0.01626626,-0.05410744,0.02352708,0.13176933,0.14872854,76.68449224,4.52758275,1.55743230,0.10824226,138.20661986,46.35305918,118.06118355,0.35111334,2.34479539,2.57114343,0.81093581,3.76013159,0.54445035,0.83715394,0.09244734,1.76020762,6.82332127,0.05298111,0.16035128,0.52782656,0.56727434,0.04028632,0.01432312,0.11889767,0.04228398,0.22758214,0.06099252,0.27944910,0.08733226,13.41547555,5.72138432,7.62153020,4.72245711,0.83049428,2.08220237,0.14844124,12.33159435,0.12865866,2127.53755429,2.47686733,1481.84913479
Zr294Ti294Nb294V88Mo29,BCC,ANNEAL,,,1,298.15000000,932.00000000,,,45.00000000,,102.00000000,10.1016/j.matdes.2015.06.072,2015,Phase composition and solid solution strengthening effect in TiZrNbMoV high-entropy alloys,S4,Zr294Ti294Nb294V88Mo29,1.65115303,1.65172857,2283.15715716,18.85598951,3.35345983,0.29400000,0.29400000,0.29400000,0.08800000,0.02900000,0.00000000,0.00000000,0.00000000,0.00000000,0.00000000,0.00000000,0.00000000,0.00000000,0.00000000,0.00000000,0.00012032,3.12917356,136.64464948,0.13699276,0.10547822,0.01579866,0.02226141,-0.00733871,-0.00925313,-0.03885325,0.02779453,0.10574310,0.11318775,75.54788961,4.44044044,1.52178178,0.09151732,130.29029029,41.64164164,105.58258258,0.35354354,2.30601201,2.51887688,0.73818418,3.92408268,0.49234735,0.83329145,0.07187187,1.78069269,6.65307475,0.05223854,0.15769877,0.36940579,0.41967301,0.03988840,0.01465785,0.11779256,0.04329243,0.15413103,0.04693238,0.22288805,0.07889954,12.09348811,5.24433006,6.79145153,5.11605656,0.88371474,2.09378919,0.14672616,12.34031726,0.13058672,1883.13375211,2.23160661,1270.47731552
Zr2TaTi2Nb2Al,BCC+HCP,WROUGHT,,,1,298.15000000,1543.80000000,,6.00000000,,,,10.1016/j.matlet.2019.03.075,2019,Precipitation strengthening in a hot-worked TiNbTa0.5ZrAl0.5 refractory high entropy alloy,S4,Zr2TaTi2Nb2Al,1.65367280,1.64737034,2232.66500000,18.79610505,3.34990599,0.25000000,0.12500000,0.25000000,0.25000000,0.12500000,0.00000000,0.00000000,0.00000000,0.00000000,0.00000000,0.00000000,0.00000000,0.00000000,0.00000000,0.00000000,0.00013439,3.13347265,129.75617811,0.05016492,0.01395084,-0.08676495,-0.06815112,-0.08835838,-0.10436520,-0.12457246,0.00909291,0.07950630,0.06760666,83.99052233,4.25000000,1.50625000,0.07041339,126.50000000,40.37500000,104.00000000,0.35125000,2.22750000,2.36337500,0.71925000,3.47548750,0.43925000,0.96369163,0.05942537,1.64412500,7.42013510,0.04539585,0.13229013,0.28535085,0.35505385,0.03416431,0.01194859,0.09357854,0.03373745,0.19114704,0.04223568,0.24451888,0.06764082,11.71320615,5.25845394,7.12427957,5.38047809,0.81776176,2.08285164,0.07231055,4.40282471,0.13353996,1434.49344083,1.91177695,917.09949180
Zr2Ti2Nb2V2Mo,BCC,ANNEAL,,,1,298.15000000,1473.00000000,,,32.00000000,,122.00000000,10.1016/j.matdes.2015.06.072,2015,Phase composition and solid solution strengthening effect in TiZrNbMoV high-entropy alloys,S4,Zr2Ti2Nb2V2Mo,1.61741936,1.61627556,2322.22222222,17.70545225,3.28381745,0.22200000,0.22200000,0.22200000,0.22200000,0.11100000,0.00000000,0.00000000,0.00000000,0.00000000,0.00000000,0.00000000,0.00000000,0.00000000,0.00000000,0.00000000,0.00013620,3.06422941,155.54758025,0.19102504,0.15883474,0.01408285,0.02127490,-0.01703671,-0.01091540,-0.04922701,0.03365077,0.17637338,0.19166069,73.53530667,4.66666667,1.59555556,0.14272261,147.55555556,50.00000000,129.00000000,0.35222222,2.41711111,2.68155556,0.94644444,3.74326667,0.60988889,0.83256878,0.13555556,1.73511111,6.89665145,0.06016465,0.18363018,0.54699177,0.57303783,0.04577563,0.01379637,0.13423166,0.04047691,0.25489316,0.06098809,0.29752240,0.07792714,14.21934668,5.88278570,8.19506404,4.39679359,0.80212857,2.08747856,0.16067894,14.86643813,0.12838995,2758.86072250,2.77920588,1983.45282237
Zr2Ti2Nb2VMo2,BCC,CAST,,,1,298.15000000,1647.00000000,3307.00000000,28.00000000,,,142.00000000,10.1007/s11837-012-0366-5,2012,Alloy Design and Properties Optimization of High-Entropy Alloys,S4,Zr2Ti2Nb2VMo2,1.62398432,1.61753484,2401.44444444,17.92796509,3.29751666,0.22200000,0.22200000,0.22200000,0.11100000,0.22200000,0.00000000,0.00000000,0.00000000,0.00000000,0.00000000,0.00000000,0.00000000,0.00000000,0.00000000,0.00000000,0.00013620,3.07180011,163.84284072,0.13687203,0.10468173,-0.01295590,0.01584508,-0.02169516,-0.01634522,-0.05388545,0.03190916,0.19038672,0.23662347,78.53514000,4.77777778,1.65444444,0.15847755,160.00000000,58.77777778,151.33333333,0.34555556,2.45911111,2.72888889,1.02533333,3.35908889,0.68900000,0.84518389,0.15444444,1.70355556,7.27415278,0.05575032,0.17029373,0.61618170,0.64100322,0.04189166,0.01300720,0.12324609,0.03829174,0.34328648,0.11588825,0.37585744,0.11960325,16.78536510,6.82578556,9.85313631,3.96065151,0.70306512,2.05602716,0.15606945,20.64186343,0.12415444,2874.22996448,3.11431216,2125.43828373
Zr53Ti53Nb53V53Mo37,BCC,ANNEAL,,,1,298.15000000,1706.00000000,,,32.00000000,,130.00000000,10.1016/j.matdes.2015.06.072,2015,Phase composition and solid solution strengthening effect in TiZrNbMoV high-entropy alloys,S4,Zr53Ti53Nb53V53Mo37,1.61461742,1.61208784,2346.41767068,17.61261882,3.27806814,0.21300000,0.21300000,0.21300000,0.21300000,0.14900000,0.00000000,0.00000000,0.00000000,0.00000000,0.00000000,0.00000000,0.00000000,0.00000000,0.00000000,0.00000000,0.00013799,3.05798691,160.00697496,0.17893457,0.14810169,0.00603837,0.01962231,-0.01845637,-0.01121056,-0.04928925,0.03489247,0.18807444,0.21213155,74.48008289,4.72289157,1.61935743,0.15318197,152.80321285,53.20481928,137.43373494,0.35044177,2.44169076,2.71412851,0.99255823,3.62705542,0.64426104,0.83551882,0.14839357,1.72157028,7.02207735,0.05963678,0.18253932,0.57923449,0.60219947,0.04520632,0.01334296,0.13257638,0.03915321,0.28795291,0.07982418,0.32515695,0.08186404,15.10426447,6.18598583,8.77353927,4.21277763,0.76797347,2.07901570,0.16138082,16.50016397,0.12706604,2896.73147865,2.92224986,2109.36377058
Zr71Ti71Nb71V214Mo71,BCC,CAST,,,1,298.15000000,1418.00000000,2508.00000000,24.00000000,,,138.00000000,10.1007/s11837-012-0366-5,2012,Alloy Design and Properties Optimization of High-Entropy Alloys,S4,Zr71Ti71Nb71V214Mo71,1.57663680,1.57586560,2323.14658635,16.37701159,3.19954496,0.14300000,0.14300000,0.14300000,0.43000000,0.14300000,0.00000000,0.00000000,0.00000000,0.00000000,0.00000000,0.00000000,0.00000000,0.00000000,0.00000000,0.00000000,0.00012714,2.98732581,172.01468385,0.18894136,0.16828915,0.00942040,0.01204754,-0.02187587,-0.00860467,-0.04252808,0.03968190,0.23059299,0.25095387,68.64464855,4.85742972,1.64568273,0.19091108,160.00000000,54.55622490,142.96987952,0.35431727,2.51749598,2.83610040,1.13453614,3.74831606,0.69760241,0.82504246,0.19586345,1.70156426,6.96019526,0.06138948,0.19364117,0.54172281,0.54907064,0.04590229,0.01954833,0.13402826,0.05685705,0.27243102,0.09153286,0.30049647,0.10055557,15.11691461,6.00474230,8.88412797,4.06549685,0.77166656,2.09749650,0.17855739,24.51657355,0.12833887,3251.73070499,2.91526409,2366.45836502
ZrTaTiNbMo,BCC+BCC,CAST,,,1,298.15000000,1307.77777778,,,,,,10.1016/j.msec.2016.12.057,2017,TiZrNbTaMo high-entropy alloy designed for orthopedic implants: As-cast microstructure and mechanical properties,S4,ZrTaTiNbMo,1.63736288,1.63030910,2601.00000000,18.39587846,3.32595863,0.20000000,0.20000000,0.20000000,0.20000000,0.20000000,0.00000000,0.00000000,0.00000000,0.00000000,0.00000000,0.00000000,0.00000000,0.00000000,0.00000000,0.00000000,0.00013869,3.09806796,168.18301724,0.08864709,0.05967582,-0.02861955,0.00418427,-0.03155809,-0.02478699,-0.06052936,0.05736991,0.21385579,0.25002032,101.77705200,4.80000000,1.62600000,0.15648589,168.00000000,61.60000000,160.60000000,0.34200000,2.58100000,2.77000000,1.08980000,3.22668000,0.69400000,0.99715100,0.17200000,1.68020000,9.18710605,0.04479429,0.13817409,0.55581154,0.57639545,0.03301115,0.01018926,0.09783384,0.03025380,0.34279888,0.09839243,0.37930256,0.10114160,17.74304632,6.87448521,10.56007994,3.99135447,0.67222500,2.03951368,0.10710971,86.21197338,0.11462899,2255.22567784,2.89780860,1638.78521913
ZrTiNbMo,BCC,CAST,,,1,298.15000000,1592.00000000,3450.00000000,34.00000000,,,143.00000000,10.1007/s11837-012-0366-5,2012,Alloy Design and Properties Optimization of High-Entropy Alloys,S4,ZrTiNbMo,1.64049628,1.62899951,2428.75000000,18.49103083,3.33168326,0.25000000,0.25000000,0.25000000,0.25000000,0.00000000,0.00000000,0.00000000,0.00000000,0.00000000,0.00000000,0.00000000,0.00000000,0.00000000,0.00000000,0.00000000,0.00011946,3.09721151,160.99299627,0.10317073,0.06695664,-0.03428846,0.00580864,-0.03260800,-0.03040544,-0.06882209,0.03279305,0.17995975,0.23417480,81.98434500,4.75000000,1.65750000,0.14716670,160.00000000,60.25000000,154.25000000,0.34250000,2.43875000,2.69150000,0.98725000,3.22335000,0.68600000,0.85220800,0.14000000,1.70425000,7.36239650,0.05021298,0.15291693,0.63336141,0.66461437,0.03733847,0.01291212,0.11050628,0.03822741,0.36414683,0.13061503,0.39762169,0.13584932,17.38406708,7.12826943,10.20042076,3.92346939,0.67860000,2.04182510,0.13729327,49.95013365,0.12275862,2528.87582402,3.05047315,1860.89556814
